Type,Release Date,Process Size (nm),TDP (W),Die Size (mm^2),Transistors (million),Freq (GHz),Foundry,Vendor,FP16 GFLOPS,FP32 GFLOPS,FP64 GFLOPS,Release Year,Release Month
CPU,2000-06-05,180.0,54.0,120.0,37.0,1000.0,Unknown,AMD,,,,2000.0,6.0
CPU,2000-10-31,180.0,54.0,120.0,37.0,1000.0,Unknown,AMD,,,,2000.0,10.0
CPU,2000-08-14,180.0,60.0,120.0,37.0,1100.0,Unknown,AMD,,,,2000.0,8.0
CPU,2000-10-31,180.0,63.0,120.0,37.0,1133.0,Unknown,AMD,,,,2000.0,10.0
CPU,2000-10-31,180.0,66.0,120.0,37.0,1200.0,Unknown,AMD,,,,2000.0,10.0
CPU,2000-10-17,180.0,66.0,120.0,37.0,1200.0,Unknown,AMD,,,,2000.0,10.0
CPU,2000-06-05,180.0,38.0,120.0,37.0,600.0,Unknown,AMD,,,,2000.0,6.0
CPU,2000-06-05,180.0,38.0,120.0,37.0,650.0,Unknown,AMD,,,,2000.0,6.0
CPU,2000-06-05,180.0,40.0,120.0,37.0,700.0,Unknown,AMD,,,,2000.0,6.0
CPU,2000-06-05,180.0,43.0,120.0,37.0,750.0,Unknown,AMD,,,,2000.0,6.0
CPU,2000-06-05,180.0,45.0,120.0,37.0,800.0,Unknown,AMD,,,,2000.0,6.0
CPU,2000-06-05,180.0,47.0,120.0,37.0,850.0,Unknown,AMD,,,,2000.0,6.0
CPU,2000-06-05,180.0,50.0,120.0,37.0,900.0,Unknown,AMD,,,,2000.0,6.0
CPU,2000-06-05,180.0,52.0,120.0,37.0,950.0,Unknown,AMD,,,,2000.0,6.0
CPU,,180.0,30.0,129.0,731.0,600.0,Unknown,Intel,,,,,
CPU,,180.0,30.0,129.0,731.0,667.0,Intel,Intel,,,,,
CPU,2000-11-20,180.0,55.0,217.0,42.0,1400.0,Intel,Intel,,,,2000.0,11.0
CPU,2000-11-20,180.0,58.0,217.0,42.0,1500.0,Intel,Intel,,,,2000.0,11.0
CPU,2000-07-31,180.0,29.0,80.0,44.0,1133.0,Intel,Intel,,,,2000.0,7.0
CPU,2000-08-25,180.0,30.0,106.0,28.0,1000.0,Intel,Intel,,,,2000.0,8.0
CPU,2000-08-25,180.0,31.0,106.0,28.0,1000.0,Intel,Intel,,,,2000.0,8.0
CPU,2000-05-22,180.0,29.0,375.0,140.0,700.0,Intel,Intel,,,,2000.0,5.0
CPU,2000-05-22,180.0,30.0,375.0,140.0,700.0,Intel,Intel,,,,2000.0,5.0
CPU,2000-05-22,180.0,30.0,375.0,140.0,700.0,Intel,Intel,,,,2000.0,5.0
CPU,2000-05-22,180.0,30.0,375.0,140.0,700.0,Intel,Intel,,,,2000.0,5.0
CPU,2000-01-12,180.0,25.0,106.0,28.0,800.0,Intel,Intel,,,,2000.0,1.0
CPU,2000-01-12,180.0,25.0,106.0,28.0,800.0,Intel,Intel,,,,2000.0,1.0
CPU,2000-04-10,180.0,25.0,106.0,28.0,866.0,Intel,Intel,,,,2000.0,4.0
CPU,2000-04-10,180.0,25.0,106.0,28.0,866.0,Intel,Intel,,,,2000.0,4.0
CPU,2000-05-24,180.0,29.0,106.0,28.0,933.0,Intel,Intel,,,,2000.0,5.0
CPU,2000-05-24,180.0,30.0,106.0,28.0,933.0,Intel,Intel,,,,2000.0,5.0
CPU,2001-03-21,180.0,68.0,120.0,37.0,1300.0,Unknown,AMD,,,,2001.0,3.0
CPU,2001-03-21,180.0,70.0,120.0,37.0,1333.0,Unknown,AMD,,,,2001.0,3.0
CPU,2001-06-06,180.0,72.0,120.0,37.0,1400.0,Unknown,AMD,,,,2001.0,6.0
CPU,2001-06-06,180.0,72.0,120.0,37.0,1400.0,Unknown,AMD,,,,2001.0,6.0
CPU,2001-01-01,90.0,51.0,84.0,69.0,2000.0,Unknown,AMD,,,,2001.0,1.0
CPU,2001-01-01,90.0,51.0,84.0,69.0,2000.0,Unknown,AMD,,,,2001.0,1.0
CPU,2001-01-01,90.0,59.0,84.0,69.0,2200.0,Unknown,AMD,,,,2001.0,1.0
CPU,2001-01-01,130.0,89.0,193.0,105.0,2200.0,Unknown,AMD,,,,2001.0,1.0
CPU,2001-01-01,90.0,67.0,84.0,69.0,2400.0,Unknown,AMD,,,,2001.0,1.0
CPU,2001-01-01,90.0,67.0,83.0,69.0,2200.0,Unknown,AMD,,,,2001.0,1.0
CPU,2001-01-01,130.0,89.0,193.0,105.0,2400.0,Unknown,AMD,,,,2001.0,1.0
CPU,2001-01-01,90.0,67.0,115.0,105.0,2200.0,Unknown,AMD,,,,2001.0,1.0
CPU,2001-01-01,90.0,89.0,199.0,233.0,2400.0,Unknown,AMD,,,,2001.0,1.0
CPU,2001-01-01,90.0,89.0,156.0,154.0,2000.0,Unknown,AMD,,,,2001.0,1.0
CPU,2001-10-09,180.0,60.0,150.0,63.0,1333.0,Unknown,AMD,,,,2001.0,10.0
CPU,2001-01-01,130.0,49.0,80.0,37.0,1400.0,Unknown,AMD,,,,2001.0,1.0
CPU,2001-10-09,180.0,63.0,150.0,37.0,1400.0,Unknown,AMD,,,,2001.0,10.0
CPU,2001-10-09,180.0,64.0,150.0,37.0,1467.0,Unknown,AMD,,,,2001.0,10.0
CPU,2001-01-01,130.0,50.0,80.0,37.0,1467.0,Unknown,AMD,,,,2001.0,1.0
CPU,2001-01-01,130.0,50.0,80.0,37.0,1467.0,Unknown,AMD,,,,2001.0,1.0
CPU,2001-10-09,180.0,66.0,150.0,37.0,1533.0,Unknown,AMD,,,,2001.0,10.0
CPU,2001-01-01,130.0,51.0,80.0,37.0,1533.0,Unknown,AMD,,,,2001.0,1.0
CPU,2001-01-01,130.0,53.0,80.0,37.0,1600.0,Unknown,AMD,,,,2001.0,1.0
CPU,2001-11-05,180.0,68.0,150.0,37.0,1600.0,Unknown,AMD,,,,2001.0,11.0
CPU,2001-01-01,130.0,62.0,80.0,37.0,1733.0,Unknown,AMD,,,,2001.0,1.0
CPU,2001-01-01,130.0,63.0,80.0,37.0,1800.0,Unknown,AMD,,,,2001.0,1.0
CPU,2001-01-01,130.0,62.0,101.0,63.0,1500.0,Unknown,AMD,,,,2001.0,1.0
CPU,2001-01-01,130.0,62.0,101.0,63.0,1583.0,Unknown,AMD,,,,2001.0,1.0
CPU,2001-01-01,130.0,62.0,101.0,63.0,1667.0,Unknown,AMD,,,,2001.0,1.0
CPU,2001-01-01,130.0,62.0,101.0,63.0,1750.0,Unknown,AMD,,,,2001.0,1.0
CPU,2001-01-01,130.0,62.0,101.0,63.0,1833.0,Unknown,AMD,,,,2001.0,1.0
CPU,2001-01-01,130.0,25.0,144.0,69.0,1600.0,Unknown,AMD,,,,2001.0,1.0
CPU,2001-01-01,130.0,25.0,144.0,69.0,1600.0,Unknown,AMD,,,,2001.0,1.0
CPU,2001-01-01,130.0,62.0,101.0,63.0,2000.0,Unknown,AMD,,,,2001.0,1.0
CPU,2001-01-01,130.0,25.0,144.0,69.0,1800.0,Unknown,AMD,,,,2001.0,1.0
CPU,2001-01-01,130.0,25.0,144.0,69.0,1800.0,Unknown,AMD,,,,2001.0,1.0
CPU,2001-01-01,130.0,62.0,101.0,63.0,2200.0,Unknown,AMD,,,,2001.0,1.0
CPU,2001-01-03,180.0,52.0,217.0,42.0,1300.0,Intel,Intel,,,,2001.0,1.0
CPU,2001-08-27,180.0,55.0,217.0,42.0,1400.0,Intel,Intel,,,,2001.0,8.0
CPU,2001-08-27,180.0,58.0,217.0,42.0,1500.0,Intel,Intel,,,,2001.0,8.0
CPU,2001-08-27,180.0,61.0,217.0,42.0,1600.0,Intel,Intel,,,,2001.0,8.0
CPU,2001-07-02,180.0,61.0,217.0,42.0,1600.0,Intel,Intel,,,,2001.0,7.0
CPU,2001-04-23,180.0,64.0,217.0,42.0,1700.0,Intel,Intel,,,,2001.0,4.0
CPU,2001-08-27,180.0,64.0,217.0,42.0,1700.0,Intel,Intel,,,,2001.0,8.0
CPU,2001-07-02,180.0,67.0,217.0,42.0,1800.0,Intel,Intel,,,,2001.0,7.0
CPU,2001-08-27,180.0,67.0,217.0,42.0,1800.0,Intel,Intel,,,,2001.0,8.0
CPU,2001-07-02,180.0,69.0,217.0,42.0,1800.0,Intel,Intel,,,,2001.0,7.0
CPU,2001-08-27,180.0,69.0,217.0,42.0,1900.0,Intel,Intel,,,,2001.0,8.0
CPU,2001-08-27,180.0,69.0,217.0,42.0,1900.0,Intel,Intel,,,,2001.0,8.0
CPU,2001-01-01,130.0,110.0,146.0,55.0,2000.0,Intel,Intel,,,,2001.0,1.0
CPU,2001-08-27,180.0,72.0,217.0,42.0,2000.0,Intel,Intel,,,,2001.0,8.0
CPU,2001-08-27,180.0,72.0,217.0,42.0,2000.0,Intel,Intel,,,,2001.0,8.0
CPU,2001-01-01,90.0,84.0,109.0,125.0,3060.0,Intel,Intel,,,,2001.0,1.0
CPU,2001-06-01,180.0,38.0,80.0,44.0,800.0,Intel,Intel,,,,2001.0,6.0
CPU,2001-06-01,180.0,38.0,80.0,44.0,866.0,Intel,Intel,,,,2001.0,6.0
CPU,2001-06-01,180.0,27.0,80.0,44.0,933.0,Intel,Intel,,,,2001.0,6.0
CPU,2001-06-01,180.0,29.0,80.0,44.0,1000.0,Intel,Intel,,,,2001.0,6.0
CPU,2001-07-01,130.0,30.0,80.0,44.0,1000.0,Intel,Intel,,,,2001.0,7.0
CPU,2001-06-01,130.0,30.0,80.0,44.0,1000.0,Intel,Intel,,,,2001.0,6.0
CPU,2001-06-01,180.0,29.0,80.0,44.0,1133.0,Intel,Intel,,,,2001.0,6.0
CPU,2001-07-01,130.0,29.0,80.0,44.0,1133.0,Intel,Intel,,,,2001.0,7.0
CPU,2001-06-01,130.0,29.0,80.0,44.0,1133.0,Intel,Intel,,,,2001.0,6.0
CPU,2001-07-01,130.0,30.0,80.0,44.0,1200.0,Intel,Intel,,,,2001.0,7.0
CPU,2001-07-01,130.0,30.0,80.0,44.0,1266.0,Intel,Intel,,,,2001.0,7.0
CPU,2001-12-01,130.0,30.0,80.0,44.0,1333.0,Intel,Intel,,,,2001.0,12.0
CPU,2001-12-01,130.0,31.0,80.0,44.0,1400.0,Intel,Intel,,,,2001.0,12.0
CPU,2001-03-21,180.0,36.0,375.0,140.0,900.0,Intel,Intel,,,,2001.0,3.0
CPU,2001-03-21,180.0,36.0,375.0,140.0,900.0,Intel,Intel,,,,2001.0,3.0
CPU,2001-09-11,130.0,8.0,56.0,16.0,800.0,TSMC,VIA,,,,2001.0,9.0
CPU,2001-09-11,130.0,9.0,56.0,16.0,866.0,TSMC,VIA,,,,2001.0,9.0
CPU,2002-06-10,130.0,51.0,80.0,37.0,1533.0,Unknown,AMD,,,,2002.0,6.0
CPU,2002-01-07,180.0,70.0,150.0,37.0,1667.0,Unknown,AMD,,,,2002.0,1.0
CPU,2002-06-10,130.0,60.0,80.0,37.0,1667.0,Unknown,AMD,,,,2002.0,6.0
CPU,2002-06-10,130.0,60.0,80.0,37.0,1667.0,Unknown,AMD,,,,2002.0,6.0
CPU,2002-03-13,180.0,72.0,150.0,37.0,1733.0,Unknown,AMD,,,,2002.0,3.0
CPU,2002-06-10,130.0,68.0,80.0,37.0,1800.0,Unknown,AMD,,,,2002.0,6.0
CPU,2002-08-21,130.0,65.0,80.0,37.0,2000.0,Unknown,AMD,,,,2002.0,8.0
CPU,2002-08-21,130.0,68.0,80.0,63.0,2000.0,Unknown,AMD,,,,2002.0,8.0
CPU,2002-10-01,130.0,68.0,80.0,37.0,2133.0,Unknown,AMD,,,,2002.0,10.0
CPU,2002-08-21,130.0,68.0,80.0,37.0,2083.0,Unknown,AMD,,,,2002.0,8.0
CPU,2002-10-01,130.0,68.0,80.0,37.0,2167.0,Unknown,AMD,,,,2002.0,10.0
CPU,2002-10-01,130.0,74.0,80.0,37.0,2250.0,Unknown,AMD,,,,2002.0,10.0
CPU,2002-11-11,130.0,45.0,101.0,63.0,1800.0,Unknown,AMD,,,,2002.0,11.0
CPU,2002-09-18,130.0,73.0,146.0,55.0,2000.0,Intel,Intel,,,,2002.0,9.0
CPU,2002-09-18,130.0,73.0,146.0,55.0,2000.0,Intel,Intel,,,,2002.0,9.0
CPU,2002-11-20,130.0,73.0,146.0,55.0,2100.0,Intel,Intel,,,,2002.0,11.0
CPU,2002-11-20,130.0,73.0,146.0,55.0,2200.0,Intel,Intel,,,,2002.0,11.0
CPU,2002-01-07,130.0,92.0,146.0,125.0,2000.0,Intel,Intel,,,,2002.0,1.0
CPU,2002-01-07,130.0,92.0,146.0,55.0,2200.0,Intel,Intel,,,,2002.0,1.0
CPU,2002-01-07,130.0,110.0,146.0,55.0,2261.0,Intel,Intel,,,,2002.0,1.0
CPU,2002-04-02,130.0,110.0,146.0,55.0,2400.0,Intel,Intel,,,,2002.0,4.0
CPU,2002-05-06,130.0,92.0,146.0,55.0,2400.0,Intel,Intel,,,,2002.0,5.0
CPU,2002-05-06,130.0,110.0,146.0,55.0,2527.0,Intel,Intel,,,,2002.0,5.0
CPU,2002-08-25,130.0,92.0,146.0,55.0,2600.0,Intel,Intel,,,,2002.0,8.0
CPU,2002-08-25,130.0,110.0,146.0,55.0,2660.0,Intel,Intel,,,,2002.0,8.0
CPU,2002-08-25,130.0,110.0,146.0,55.0,2793.0,Intel,Intel,,,,2002.0,8.0
CPU,2002-04-23,130.0,21.0,131.0,55.0,1400.0,Intel,Intel,,,,2002.0,4.0
CPU,2002-04-23,130.0,26.0,131.0,55.0,1500.0,Intel,Intel,,,,2002.0,4.0
CPU,2002-03-04,130.0,30.0,131.0,55.0,1600.0,Intel,Intel,,,,2002.0,3.0
CPU,2002-03-04,130.0,30.0,131.0,55.0,1700.0,Intel,Intel,,,,2002.0,3.0
CPU,2002-04-23,130.0,30.0,131.0,55.0,1800.0,Intel,Intel,,,,2002.0,4.0
CPU,2002-06-24,130.0,32.0,131.0,55.0,1900.0,Intel,Intel,,,,2002.0,6.0
CPU,2002-06-24,130.0,32.0,131.0,55.0,2000.0,Intel,Intel,,,,2002.0,6.0
CPU,2002-09-16,130.0,35.0,131.0,55.0,2200.0,Intel,Intel,,,,2002.0,9.0
CPU,2002-01-08,130.0,32.0,80.0,44.0,1400.0,Intel,Intel,,,,2002.0,1.0
CPU,2002-02-25,130.0,89.0,217.0,55.0,2000.0,Intel,Intel,,,,2002.0,2.0
CPU,2002-04-23,130.0,89.0,217.0,55.0,2394.0,Intel,Intel,,,,2002.0,4.0
CPU,2002-11-18,130.0,89.0,217.0,55.0,2660.0,Intel,Intel,,,,2002.0,11.0
CPU,2002-09-11,130.0,89.0,217.0,55.0,2790.0,Intel,Intel,,,,2002.0,9.0
CPU,2002-06-03,130.0,10.0,56.0,16.0,1000.0,TSMC,VIA,,,,2002.0,6.0
CPU,2002-06-03,130.0,10.0,56.0,16.0,1000.0,TSMC,VIA,,,,2002.0,6.0
CPU,2003-12-15,130.0,89.0,193.0,69.0,2000.0,Unknown,AMD,,,,2003.0,12.0
CPU,2003-09-23,130.0,89.0,193.0,105.0,2000.0,Unknown,AMD,,,,2003.0,9.0
CPU,2003-09-23,130.0,89.0,193.0,105.0,2200.0,Unknown,AMD,,,,2003.0,9.0
CPU,2003-05-06,130.0,47.0,101.0,63.0,2000.0,Unknown,AMD,,,,2003.0,5.0
CPU,2003-09-01,130.0,60.0,171.0,63.0,1667.0,Unknown,AMD,,,,2003.0,9.0
CPU,2003-09-01,130.0,60.0,171.0,63.0,1667.0,Unknown,AMD,,,,2003.0,9.0
CPU,2003-09-01,130.0,63.0,171.0,63.0,1800.0,Unknown,AMD,,,,2003.0,9.0
CPU,2003-09-01,130.0,63.0,171.0,63.0,1800.0,Unknown,AMD,,,,2003.0,9.0
CPU,2003-09-01,130.0,68.0,171.0,63.0,2000.0,Unknown,AMD,,,,2003.0,9.0
CPU,2003-09-01,130.0,68.0,171.0,63.0,2000.0,Unknown,AMD,,,,2003.0,9.0
CPU,2003-02-10,130.0,68.0,101.0,63.0,1833.0,Unknown,AMD,,,,2003.0,2.0
CPU,2003-02-10,130.0,55.0,101.0,63.0,1833.0,Unknown,AMD,,,,2003.0,2.0
CPU,2003-09-01,130.0,68.0,171.0,63.0,2083.0,Unknown,AMD,,,,2003.0,9.0
CPU,2003-09-01,130.0,68.0,171.0,63.0,2133.0,Unknown,AMD,,,,2003.0,9.0
CPU,2003-09-13,130.0,68.0,101.0,63.0,1917.0,Unknown,AMD,,,,2003.0,9.0
CPU,2003-02-10,130.0,68.0,101.0,63.0,2083.0,Unknown,AMD,,,,2003.0,2.0
CPU,2003-02-10,130.0,68.0,101.0,63.0,2167.0,Unknown,AMD,,,,2003.0,2.0
CPU,2003-05-13,130.0,68.0,101.0,63.0,2100.0,Unknown,AMD,,,,2003.0,5.0
CPU,2003-12-01,130.0,68.0,171.0,63.0,2200.0,Unknown,AMD,,,,2003.0,12.0
CPU,2003-05-13,130.0,79.0,101.0,63.0,2333.0,Unknown,AMD,,,,2003.0,5.0
CPU,2003-05-13,130.0,77.0,101.0,63.0,2200.0,Unknown,AMD,,,,2003.0,5.0
CPU,2003-03-12,130.0,25.0,101.0,63.0,1400.0,Unknown,AMD,,,,2003.0,3.0
CPU,2003-03-12,130.0,25.0,101.0,63.0,1400.0,Unknown,AMD,,,,2003.0,3.0
CPU,2003-06-17,130.0,25.0,101.0,63.0,1533.0,Unknown,AMD,,,,2003.0,6.0
CPU,2003-06-17,130.0,35.0,101.0,63.0,1533.0,Unknown,AMD,,,,2003.0,6.0
CPU,2003-03-12,130.0,35.0,101.0,63.0,1667.0,Unknown,AMD,,,,2003.0,3.0
CPU,2003-03-12,130.0,45.0,101.0,63.0,1800.0,Unknown,AMD,,,,2003.0,3.0
CPU,2003-03-12,130.0,35.0,101.0,63.0,1800.0,Unknown,AMD,,,,2003.0,3.0
CPU,2003-03-12,130.0,72.0,101.0,63.0,1800.0,Unknown,AMD,,,,2003.0,3.0
CPU,2003-03-12,130.0,45.0,101.0,63.0,1862.0,Unknown,AMD,,,,2003.0,3.0
CPU,2003-03-12,130.0,35.0,101.0,63.0,1867.0,Unknown,AMD,,,,2003.0,3.0
CPU,2003-03-12,130.0,72.0,101.0,63.0,1867.0,Unknown,AMD,,,,2003.0,3.0
CPU,2003-03-12,130.0,45.0,101.0,63.0,2000.0,Unknown,AMD,,,,2003.0,3.0
CPU,2003-03-12,130.0,72.0,101.0,63.0,2000.0,Unknown,AMD,,,,2003.0,3.0
CPU,2003-03-12,130.0,72.0,101.0,63.0,2200.0,Unknown,AMD,,,,2003.0,3.0
CPU,2003-08-01,130.0,82.0,193.0,106.0,1800.0,Unknown,AMD,,,,2003.0,8.0
CPU,2003-08-01,130.0,82.0,193.0,106.0,1800.0,Unknown,AMD,,,,2003.0,8.0
CPU,2003-08-01,130.0,82.0,193.0,106.0,2000.0,Unknown,AMD,,,,2003.0,8.0
CPU,2003-09-09,130.0,82.0,193.0,106.0,1400.0,Unknown,AMD,,,,2003.0,9.0
CPU,2003-06-30,130.0,85.0,193.0,106.0,1400.0,Unknown,AMD,,,,2003.0,6.0
CPU,2003-09-09,130.0,82.0,193.0,106.0,1600.0,Unknown,AMD,,,,2003.0,9.0
CPU,2003-06-30,130.0,85.0,193.0,106.0,1600.0,Unknown,AMD,,,,2003.0,6.0
CPU,2003-06-30,130.0,85.0,193.0,106.0,1800.0,Unknown,AMD,,,,2003.0,6.0
CPU,2003-09-09,130.0,82.0,193.0,106.0,1800.0,Unknown,AMD,,,,2003.0,9.0
CPU,2003-09-09,130.0,89.0,193.0,106.0,2000.0,Unknown,AMD,,,,2003.0,9.0
CPU,2003-11-17,130.0,89.0,193.0,106.0,2200.0,Unknown,AMD,,,,2003.0,11.0
CPU,2003-04-22,130.0,85.0,193.0,106.0,1400.0,Unknown,AMD,,,,2003.0,4.0
CPU,2003-08-05,130.0,82.0,193.0,106.0,1400.0,Unknown,AMD,,,,2003.0,8.0
CPU,2003-04-22,130.0,85.0,193.0,106.0,1600.0,Unknown,AMD,,,,2003.0,4.0
CPU,2003-08-05,130.0,82.0,193.0,106.0,1600.0,Unknown,AMD,,,,2003.0,8.0
CPU,2003-04-22,130.0,85.0,193.0,106.0,1800.0,Unknown,AMD,,,,2003.0,4.0
CPU,2003-08-05,130.0,82.0,193.0,106.0,1800.0,Unknown,AMD,,,,2003.0,8.0
CPU,2003-08-05,130.0,89.0,193.0,106.0,2000.0,Unknown,AMD,,,,2003.0,8.0
CPU,2003-11-17,130.0,89.0,193.0,106.0,2200.0,Unknown,AMD,,,,2003.0,11.0
CPU,2003-06-30,130.0,85.0,193.0,106.0,1400.0,Unknown,AMD,,,,2003.0,6.0
CPU,2003-09-09,130.0,82.0,193.0,106.0,1400.0,Unknown,AMD,,,,2003.0,9.0
CPU,2003-06-30,130.0,85.0,193.0,106.0,1600.0,Unknown,AMD,,,,2003.0,6.0
CPU,2003-09-09,130.0,82.0,193.0,106.0,1600.0,Unknown,AMD,,,,2003.0,9.0
CPU,2003-06-30,130.0,85.0,193.0,106.0,1800.0,Unknown,AMD,,,,2003.0,6.0
CPU,2003-09-09,130.0,82.0,193.0,106.0,1800.0,Unknown,AMD,,,,2003.0,9.0
CPU,2003-09-09,130.0,89.0,193.0,106.0,2000.0,Unknown,AMD,,,,2003.0,9.0
CPU,2003-11-17,130.0,89.0,193.0,106.0,2200.0,Unknown,AMD,,,,2003.0,11.0
CPU,2003-03-31,130.0,73.0,146.0,55.0,2300.0,Intel,Intel,,,,2003.0,3.0
CPU,2003-03-31,130.0,73.0,146.0,55.0,2400.0,Intel,Intel,,,,2003.0,3.0
CPU,2003-06-25,130.0,73.0,146.0,55.0,2600.0,Intel,Intel,,,,2003.0,6.0
CPU,2003-09-24,130.0,73.0,146.0,55.0,2700.0,Intel,Intel,,,,2003.0,9.0
CPU,2003-11-03,130.0,73.0,146.0,55.0,2800.0,Intel,Intel,,,,2003.0,11.0
CPU,2003-06-11,130.0,60.0,131.0,55.0,2400.0,Intel,Intel,,,,2003.0,6.0
CPU,2003-06-11,130.0,66.0,131.0,55.0,2667.0,Intel,Intel,,,,2003.0,6.0
CPU,2003-06-11,130.0,68.0,131.0,55.0,2800.0,Intel,Intel,,,,2003.0,6.0
CPU,2003-06-11,130.0,70.0,131.0,55.0,3067.0,Intel,Intel,,,,2003.0,6.0
CPU,2003-09-23,130.0,66.0,131.0,55.0,2667.0,Intel,Intel,,,,2003.0,9.0
CPU,2003-09-23,130.0,68.0,131.0,55.0,2800.0,Intel,Intel,,,,2003.0,9.0
CPU,2003-09-23,130.0,70.0,131.0,55.0,3067.0,Intel,Intel,,,,2003.0,9.0
CPU,2003-09-23,130.0,76.0,131.0,55.0,3200.0,Intel,Intel,,,,2003.0,9.0
CPU,2003-05-21,130.0,66.0,131.0,55.0,2400.0,Intel,Intel,,,,2003.0,5.0
CPU,2003-05-21,130.0,69.0,131.0,55.0,2600.0,Intel,Intel,,,,2003.0,5.0
CPU,2003-05-21,130.0,70.0,131.0,55.0,2800.0,Intel,Intel,,,,2003.0,5.0
CPU,2003-04-14,130.0,82.0,131.0,55.0,3000.0,Intel,Intel,,,,2003.0,4.0
CPU,2003-06-01,130.0,110.0,146.0,55.0,3060.0,Intel,Intel,,,,2003.0,6.0
CPU,2003-06-23,130.0,82.0,131.0,55.0,3200.0,Intel,Intel,,,,2003.0,6.0
CPU,2003-11-03,130.0,92.0,269.0,178.0,3200.0,Intel,Intel,,,,2003.0,11.0
CPU,2003-01-14,130.0,35.0,131.0,55.0,2400.0,Intel,Intel,,,,2003.0,1.0
CPU,2003-04-16,130.0,35.0,131.0,55.0,2500.0,Intel,Intel,,,,2003.0,4.0
CPU,2003-06-11,130.0,35.0,131.0,55.0,2600.0,Intel,Intel,,,,2003.0,6.0
CPU,2003-03-12,130.0,24.0,100.0,77.0,1300.0,Intel,Intel,,,,2003.0,3.0
CPU,2003-03-12,130.0,24.0,100.0,77.0,1400.0,Intel,Intel,,,,2003.0,3.0
CPU,2003-03-12,130.0,24.0,100.0,77.0,1500.0,Intel,Intel,,,,2003.0,3.0
CPU,2003-03-12,130.0,24.0,100.0,77.0,1600.0,Intel,Intel,,,,2003.0,3.0
CPU,2003-06-02,130.0,24.0,100.0,77.0,1700.0,Intel,Intel,,,,2003.0,6.0
CPU,2003-07-14,130.0,97.0,237.0,286.0,3066.0,Intel,Intel,,,,2003.0,7.0
CPU,2003-03-10,130.0,89.0,217.0,55.0,3066.0,Intel,Intel,,,,2003.0,3.0
CPU,2003-07-14,130.0,97.0,237.0,286.0,3066.0,Intel,Intel,,,,2003.0,7.0
CPU,2003-10-06,130.0,97.0,237.0,286.0,3200.0,Intel,Intel,,,,2003.0,10.0
CPU,2004-10-14,90.0,67.0,84.0,69.0,1800.0,Unknown,AMD,,,,2004.0,10.0
CPU,2004-10-14,90.0,67.0,84.0,69.0,2000.0,Unknown,AMD,,,,2004.0,10.0
CPU,2004-06-01,130.0,89.0,193.0,106.0,2200.0,Unknown,AMD,,,,2004.0,6.0
CPU,2004-06-01,130.0,89.0,144.0,69.0,2200.0,Unknown,AMD,,,,2004.0,6.0
CPU,2004-10-14,90.0,67.0,84.0,69.0,2200.0,Unknown,AMD,,,,2004.0,10.0
CPU,2004-06-01,130.0,89.0,193.0,106.0,2400.0,Unknown,AMD,,,,2004.0,6.0
CPU,2004-06-01,130.0,89.0,193.0,105.0,2400.0,Unknown,AMD,,,,2004.0,6.0
CPU,2004-06-01,130.0,89.0,193.0,106.0,2400.0,Unknown,AMD,,,,2004.0,6.0
CPU,2004-06-01,130.0,89.0,144.0,69.0,2400.0,Unknown,AMD,,,,2004.0,6.0
CPU,2004-10-19,130.0,89.0,193.0,106.0,2400.0,Unknown,AMD,,,,2004.0,10.0
CPU,2004-10-19,90.0,89.0,115.0,105.0,2400.0,Unknown,AMD,,,,2004.0,10.0
CPU,2004-06-01,130.0,89.0,193.0,105.0,2400.0,Unknown,AMD,,,,2004.0,6.0
CPU,2004-10-10,90.0,104.0,115.0,114.0,2600.0,Unknown,AMD,,,,2004.0,10.0
CPU,2004-10-10,130.0,104.0,193.0,105.0,2600.0,Unknown,AMD,,,,2004.0,10.0
CPU,2004-11-19,130.0,55.0,101.0,63.0,1917.0,Unknown,AMD,,,,2004.0,11.0
CPU,2004-12-29,130.0,55.0,101.0,63.0,2083.0,Unknown,AMD,,,,2004.0,12.0
CPU,2004-07-24,130.0,27.0,101.0,63.0,1667.0,Unknown,AMD,,,,2004.0,7.0
CPU,2004-07-13,130.0,55.0,101.0,63.0,2133.0,Unknown,AMD,,,,2004.0,7.0
CPU,2004-07-13,130.0,72.0,101.0,63.0,2133.0,Unknown,AMD,,,,2004.0,7.0
CPU,2004-08-01,130.0,82.0,193.0,106.0,1600.0,Unknown,AMD,,,,2004.0,8.0
CPU,2004-08-01,130.0,62.0,193.0,106.0,1800.0,Unknown,AMD,,,,2004.0,8.0
CPU,2004-08-01,130.0,82.0,193.0,106.0,1800.0,Unknown,AMD,,,,2004.0,8.0
CPU,2004-08-01,130.0,35.0,193.0,106.0,1800.0,Unknown,AMD,,,,2004.0,8.0
CPU,2004-08-01,130.0,62.0,193.0,106.0,1800.0,Unknown,AMD,,,,2004.0,8.0
CPU,2004-08-01,130.0,35.0,193.0,106.0,2000.0,Unknown,AMD,,,,2004.0,8.0
CPU,2004-08-01,130.0,62.0,193.0,106.0,2000.0,Unknown,AMD,,,,2004.0,8.0
CPU,2004-05-18,130.0,82.0,193.0,106.0,1400.0,Unknown,AMD,,,,2004.0,5.0
CPU,2004-12-01,90.0,55.0,171.0,106.0,2200.0,Unknown,AMD,,,,2004.0,12.0
CPU,2004-12-01,90.0,85.0,171.0,106.0,1600.0,Unknown,AMD,,,,2004.0,12.0
CPU,2004-12-01,90.0,85.0,171.0,106.0,1800.0,Unknown,AMD,,,,2004.0,12.0
CPU,2004-12-01,90.0,85.0,171.0,106.0,2000.0,Unknown,AMD,,,,2004.0,12.0
CPU,2004-12-01,90.0,85.0,171.0,106.0,2000.0,Unknown,AMD,,,,2004.0,12.0
CPU,2004-12-01,90.0,85.0,171.0,106.0,2200.0,Unknown,AMD,,,,2004.0,12.0
CPU,2004-12-01,90.0,85.0,171.0,106.0,2200.0,Unknown,AMD,,,,2004.0,12.0
CPU,2004-12-01,90.0,85.0,171.0,106.0,2400.0,Unknown,AMD,,,,2004.0,12.0
CPU,2004-12-01,90.0,85.0,171.0,106.0,1600.0,Unknown,AMD,,,,2004.0,12.0
CPU,2004-12-01,90.0,85.0,171.0,106.0,1800.0,Unknown,AMD,,,,2004.0,12.0
CPU,2004-12-01,90.0,85.0,171.0,106.0,2000.0,Unknown,AMD,,,,2004.0,12.0
CPU,2004-12-01,90.0,85.0,171.0,106.0,2000.0,Unknown,AMD,,,,2004.0,12.0
CPU,2004-12-01,90.0,85.0,171.0,106.0,2200.0,Unknown,AMD,,,,2004.0,12.0
CPU,2004-12-01,90.0,85.0,171.0,106.0,2400.0,Unknown,AMD,,,,2004.0,12.0
CPU,2004-07-28,130.0,62.0,80.0,37.0,1500.0,Unknown,AMD,,,,2004.0,7.0
CPU,2004-08-01,130.0,62.0,80.0,37.0,1500.0,Unknown,AMD,,,,2004.0,8.0
CPU,2004-07-28,130.0,62.0,80.0,37.0,1583.0,Unknown,AMD,,,,2004.0,7.0
CPU,2004-08-01,130.0,62.0,80.0,37.0,1667.0,Unknown,AMD,,,,2004.0,8.0
CPU,2004-07-28,130.0,62.0,80.0,37.0,1667.0,Unknown,AMD,,,,2004.0,7.0
CPU,2004-07-28,130.0,62.0,80.0,37.0,1750.0,Unknown,AMD,,,,2004.0,7.0
CPU,2004-07-28,130.0,62.0,80.0,37.0,1833.0,Unknown,AMD,,,,2004.0,7.0
CPU,2004-07-28,90.0,25.0,171.0,63.0,1600.0,Unknown,AMD,,,,2004.0,7.0
CPU,2004-07-28,90.0,62.0,171.0,63.0,1600.0,Unknown,AMD,,,,2004.0,7.0
CPU,2004-08-01,90.0,62.0,84.0,63.0,1600.0,Unknown,AMD,,,,2004.0,8.0
CPU,2004-07-28,90.0,62.0,171.0,63.0,1600.0,Unknown,AMD,,,,2004.0,7.0
CPU,2004-08-01,130.0,62.0,80.0,37.0,1992.0,Unknown,AMD,,,,2004.0,8.0
CPU,2004-07-28,130.0,62.0,80.0,37.0,1992.0,Unknown,AMD,,,,2004.0,7.0
CPU,2004-08-01,90.0,62.0,84.0,63.0,1600.0,Unknown,AMD,,,,2004.0,8.0
CPU,2004-07-28,90.0,25.0,171.0,63.0,1600.0,Unknown,AMD,,,,2004.0,7.0
CPU,2004-07-28,90.0,62.0,171.0,63.0,1800.0,Unknown,AMD,,,,2004.0,7.0
CPU,2004-11-23,90.0,25.0,171.0,63.0,1800.0,Unknown,AMD,,,,2004.0,11.0
CPU,2004-09-17,130.0,62.0,101.0,63.0,2000.0,Unknown,AMD,,,,2004.0,9.0
CPU,2004-07-28,130.0,62.0,144.0,63.0,1800.0,Unknown,AMD,,,,2004.0,7.0
CPU,2004-06-24,90.0,73.0,109.0,125.0,2533.0,Intel,Intel,,,,2004.0,6.0
CPU,2004-09-22,90.0,73.0,109.0,125.0,2530.0,Intel,Intel,,,,2004.0,9.0
CPU,2004-06-24,90.0,84.0,109.0,125.0,2667.0,Intel,Intel,,,,2004.0,6.0
CPU,2004-06-24,90.0,84.0,109.0,125.0,2800.0,Intel,Intel,,,,2004.0,6.0
CPU,2004-06-24,90.0,84.0,109.0,125.0,2800.0,Intel,Intel,,,,2004.0,6.0
CPU,2004-09-22,90.0,84.0,109.0,125.0,2930.0,Intel,Intel,,,,2004.0,9.0
CPU,2004-09-22,90.0,84.0,109.0,125.0,2930.0,Intel,Intel,,,,2004.0,9.0
CPU,2004-10-01,90.0,73.0,109.0,125.0,3060.0,Intel,Intel,,,,2004.0,10.0
CPU,2004-06-01,90.0,88.0,112.0,125.0,2800.0,Intel,Intel,,,,2004.0,6.0
CPU,2004-06-01,90.0,88.0,112.0,125.0,3067.0,Intel,Intel,,,,2004.0,6.0
CPU,2004-06-01,90.0,88.0,112.0,125.0,3200.0,Intel,Intel,,,,2004.0,6.0
CPU,2004-09-28,90.0,88.0,112.0,125.0,3334.0,Intel,Intel,,,,2004.0,9.0
CPU,2004-12-01,90.0,84.0,109.0,125.0,2660.0,Intel,Intel,,,,2004.0,12.0
CPU,2004-12-01,90.0,84.0,109.0,125.0,2660.0,Intel,Intel,,,,2004.0,12.0
CPU,2004-12-01,90.0,84.0,109.0,125.0,3060.0,Intel,Intel,,,,2004.0,12.0
CPU,2004-08-04,90.0,115.0,109.0,125.0,3600.0,Intel,Intel,,,,2004.0,8.0
CPU,2004-06-21,90.0,84.0,109.0,125.0,2933.0,Intel,Intel,,,,2004.0,6.0
CPU,2004-06-21,90.0,84.0,109.0,125.0,2933.0,Intel,Intel,,,,2004.0,6.0
CPU,2004-06-21,90.0,84.0,109.0,125.0,2933.0,Intel,Intel,,,,2004.0,6.0
CPU,2004-06-21,90.0,84.0,109.0,125.0,2933.0,Intel,Intel,,,,2004.0,6.0
CPU,2004-06-21,90.0,84.0,109.0,125.0,2933.0,Intel,Intel,,,,2004.0,6.0
CPU,2004-06-21,90.0,84.0,109.0,125.0,2933.0,Intel,Intel,,,,2004.0,6.0
CPU,2004-06-21,90.0,84.0,109.0,125.0,2800.0,Intel,Intel,,,,2004.0,6.0
CPU,2004-06-21,90.0,84.0,109.0,125.0,2800.0,Intel,Intel,,,,2004.0,6.0
CPU,2004-06-21,90.0,84.0,109.0,125.0,2800.0,Intel,Intel,,,,2004.0,6.0
CPU,2004-06-21,90.0,84.0,109.0,125.0,2933.0,Intel,Intel,,,,2004.0,6.0
CPU,2004-06-21,90.0,84.0,109.0,125.0,3000.0,Intel,Intel,,,,2004.0,6.0
CPU,2004-06-21,90.0,84.0,109.0,125.0,3200.0,Intel,Intel,,,,2004.0,6.0
CPU,2004-06-21,90.0,115.0,109.0,125.0,3400.0,Intel,Intel,,,,2004.0,6.0
CPU,2004-06-21,90.0,115.0,109.0,125.0,3600.0,Intel,Intel,,,,2004.0,6.0
CPU,2004-06-21,90.0,115.0,109.0,125.0,3800.0,Intel,Intel,,,,2004.0,6.0
CPU,2004-06-21,130.0,103.0,269.0,178.0,3400.0,Intel,Intel,,,,2004.0,6.0
CPU,2004-10-31,130.0,110.0,269.0,178.0,3466.0,Intel,Intel,,,,2004.0,10.0
CPU,2004-06-23,90.0,21.0,84.0,140.0,1500.0,Intel,Intel,,,,2004.0,6.0
CPU,2004-06-23,90.0,21.0,84.0,140.0,1600.0,Intel,Intel,,,,2004.0,6.0
CPU,2004-10-20,90.0,21.0,84.0,140.0,2100.0,Intel,Intel,,,,2004.0,10.0
CPU,2004-06-28,90.0,135.0,135.0,155.0,2800.0,Intel,Intel,,,,2004.0,6.0
CPU,2004-06-28,90.0,135.0,135.0,155.0,3000.0,Intel,Intel,,,,2004.0,6.0
CPU,2004-06-28,90.0,135.0,135.0,155.0,3200.0,Intel,Intel,,,,2004.0,6.0
CPU,2004-06-28,90.0,135.0,135.0,155.0,3400.0,Intel,Intel,,,,2004.0,6.0
CPU,2004-06-28,90.0,135.0,135.0,155.0,3600.0,Intel,Intel,,,,2004.0,6.0
CPU,2005-11-07,90.0,9.0,84.0,69.0,1000.0,Unknown,AMD,,,,2005.0,11.0
CPU,2005-04-14,130.0,62.0,171.0,105.0,1800.0,Unknown,AMD,,,,2005.0,4.0
CPU,2005-05-31,90.0,67.0,156.0,154.0,2000.0,Unknown,AMD,,,,2005.0,5.0
CPU,2005-04-14,130.0,62.0,171.0,105.0,2000.0,Unknown,AMD,,,,2005.0,4.0
CPU,2005-04-14,130.0,83.0,171.0,105.0,2000.0,Unknown,AMD,,,,2005.0,4.0
CPU,2005-04-14,130.0,83.0,171.0,105.0,2200.0,Unknown,AMD,,,,2005.0,4.0
CPU,2005-05-31,90.0,67.0,156.0,154.0,2200.0,Unknown,AMD,,,,2005.0,5.0
CPU,2005-04-14,130.0,83.0,171.0,105.0,2400.0,Unknown,AMD,,,,2005.0,4.0
CPU,2005-05-11,90.0,89.0,199.0,233.0,2200.0,Unknown,AMD,,,,2005.0,5.0
CPU,2005-04-04,90.0,89.0,83.0,69.0,2400.0,Unknown,AMD,,,,2005.0,4.0
CPU,2005-08-16,130.0,62.0,171.0,105.0,2600.0,Unknown,AMD,,,,2005.0,8.0
CPU,2005-06-27,90.0,104.0,115.0,114.0,2800.0,Unknown,AMD,,,,2005.0,6.0
CPU,2005-08-01,90.0,89.0,156.0,154.0,2000.0,Unknown,AMD,,,,2005.0,8.0
CPU,2005-08-01,90.0,89.0,156.0,154.0,2000.0,Unknown,AMD,,,,2005.0,8.0
CPU,2005-05-31,90.0,110.0,199.0,233.0,2200.0,Unknown,AMD,,,,2005.0,5.0
CPU,2005-08-01,130.0,35.0,193.0,106.0,1600.0,Unknown,AMD,,,,2005.0,8.0
CPU,2005-08-01,130.0,35.0,193.0,106.0,1600.0,Unknown,AMD,,,,2005.0,8.0
CPU,2005-08-01,130.0,62.0,193.0,106.0,2200.0,Unknown,AMD,,,,2005.0,8.0
CPU,2005-08-01,130.0,82.0,193.0,106.0,2200.0,Unknown,AMD,,,,2005.0,8.0
CPU,2005-08-01,130.0,82.0,193.0,106.0,2400.0,Unknown,AMD,,,,2005.0,8.0
CPU,2005-08-02,90.0,67.0,171.0,106.0,1800.0,Unknown,AMD,,,,2005.0,8.0
CPU,2005-08-02,90.0,67.0,171.0,106.0,1800.0,Unknown,AMD,,,,2005.0,8.0
CPU,2005-08-02,90.0,67.0,171.0,106.0,2000.0,Unknown,AMD,,,,2005.0,8.0
CPU,2005-08-02,90.0,67.0,171.0,106.0,2000.0,Unknown,AMD,,,,2005.0,8.0
CPU,2005-08-02,90.0,67.0,171.0,106.0,2000.0,Unknown,AMD,,,,2005.0,8.0
CPU,2005-08-02,90.0,85.0,171.0,106.0,2200.0,Unknown,AMD,,,,2005.0,8.0
CPU,2005-08-02,90.0,85.0,171.0,106.0,2200.0,Unknown,AMD,,,,2005.0,8.0
CPU,2005-08-02,90.0,85.0,171.0,106.0,2400.0,Unknown,AMD,,,,2005.0,8.0
CPU,2005-08-02,90.0,85.0,171.0,106.0,2400.0,Unknown,AMD,,,,2005.0,8.0
CPU,2005-08-02,90.0,104.0,171.0,106.0,2600.0,Unknown,AMD,,,,2005.0,8.0
CPU,2005-08-02,90.0,104.0,171.0,106.0,2600.0,Unknown,AMD,,,,2005.0,8.0
CPU,2005-08-02,90.0,104.0,171.0,106.0,2800.0,Unknown,AMD,,,,2005.0,8.0
CPU,2005-05-01,90.0,104.0,171.0,106.0,3000.0,Unknown,AMD,,,,2005.0,5.0
CPU,2005-08-01,90.0,92.0,171.0,106.0,2800.0,Unknown,AMD,,,,2005.0,8.0
CPU,2005-08-01,90.0,92.0,171.0,106.0,2800.0,Unknown,AMD,,,,2005.0,8.0
CPU,2005-08-02,90.0,110.0,171.0,233.0,1800.0,Unknown,AMD,,,,2005.0,8.0
CPU,2005-08-02,90.0,110.0,171.0,233.0,2000.0,Unknown,AMD,,,,2005.0,8.0
CPU,2005-08-02,90.0,110.0,171.0,233.0,2200.0,Unknown,AMD,,,,2005.0,8.0
CPU,2005-09-26,90.0,110.0,171.0,233.0,2400.0,Unknown,AMD,,,,2005.0,9.0
CPU,2005-08-01,90.0,55.0,171.0,233.0,1600.0,Unknown,AMD,,,,2005.0,8.0
CPU,2005-05-31,90.0,95.0,171.0,233.0,1800.0,Unknown,AMD,,,,2005.0,5.0
CPU,2005-08-01,90.0,55.0,171.0,233.0,1800.0,Unknown,AMD,,,,2005.0,8.0
CPU,2005-05-31,90.0,95.0,171.0,233.0,2000.0,Unknown,AMD,,,,2005.0,5.0
CPU,2005-12-01,90.0,55.0,171.0,233.0,2000.0,Unknown,AMD,,,,2005.0,12.0
CPU,2005-05-31,90.0,95.0,171.0,233.0,2200.0,Unknown,AMD,,,,2005.0,5.0
CPU,2005-09-26,90.0,95.0,171.0,233.0,2400.0,Unknown,AMD,,,,2005.0,9.0
CPU,2005-08-01,90.0,55.0,171.0,233.0,1600.0,Unknown,AMD,,,,2005.0,8.0
CPU,2005-09-26,90.0,95.0,171.0,233.0,1800.0,Unknown,AMD,,,,2005.0,9.0
CPU,2005-08-01,90.0,55.0,171.0,233.0,1800.0,Unknown,AMD,,,,2005.0,8.0
CPU,2005-09-26,90.0,95.0,171.0,233.0,2000.0,Unknown,AMD,,,,2005.0,9.0
CPU,2005-12-01,90.0,55.0,171.0,233.0,2000.0,Unknown,AMD,,,,2005.0,12.0
CPU,2005-09-26,90.0,95.0,171.0,233.0,2200.0,Unknown,AMD,,,,2005.0,9.0
CPU,2005-09-26,90.0,95.0,171.0,233.0,2400.0,Unknown,AMD,,,,2005.0,9.0
CPU,2005-07-07,90.0,62.0,84.0,63.0,1400.0,Unknown,AMD,,,,2005.0,7.0
CPU,2005-07-15,90.0,25.0,171.0,69.0,1600.0,Unknown,AMD,,,,2005.0,7.0
CPU,2005-10-01,90.0,62.0,84.0,63.0,1800.0,Unknown,AMD,,,,2005.0,10.0
CPU,2005-07-15,90.0,62.0,171.0,69.0,1800.0,Unknown,AMD,,,,2005.0,7.0
CPU,2005-07-15,90.0,25.0,171.0,69.0,1800.0,Unknown,AMD,,,,2005.0,7.0
CPU,2005-05-03,90.0,62.0,171.0,63.0,1800.0,Unknown,AMD,,,,2005.0,5.0
CPU,2005-07-15,90.0,25.0,171.0,69.0,1800.0,Unknown,AMD,,,,2005.0,7.0
CPU,2005-07-15,90.0,62.0,171.0,69.0,1800.0,Unknown,AMD,,,,2005.0,7.0
CPU,2005-10-01,90.0,62.0,84.0,63.0,1800.0,Unknown,AMD,,,,2005.0,10.0
CPU,2005-08-19,90.0,62.0,171.0,63.0,2000.0,Unknown,AMD,,,,2005.0,8.0
CPU,2005-07-15,90.0,25.0,171.0,69.0,2000.0,Unknown,AMD,,,,2005.0,7.0
CPU,2005-07-15,90.0,62.0,171.0,69.0,2000.0,Unknown,AMD,,,,2005.0,7.0
CPU,2005-08-01,90.0,62.0,84.0,63.0,2000.0,Unknown,AMD,,,,2005.0,8.0
CPU,2005-10-01,90.0,62.0,84.0,63.0,2000.0,Unknown,AMD,,,,2005.0,10.0
CPU,2005-10-01,90.0,62.0,84.0,63.0,2000.0,Unknown,AMD,,,,2005.0,10.0
CPU,2005-06-22,90.0,32.0,125.0,114.0,1600.0,Unknown,AMD,,,,2005.0,6.0
CPU,2005-06-22,90.0,35.0,125.0,114.0,2200.0,Unknown,AMD,,,,2005.0,6.0
CPU,2005-10-04,90.0,35.0,125.0,114.0,2400.0,Unknown,AMD,,,,2005.0,10.0
CPU,2005-06-22,90.0,22.0,125.0,114.0,1600.0,Unknown,AMD,,,,2005.0,6.0
CPU,2005-08-08,90.0,25.0,125.0,114.0,2000.0,Unknown,AMD,,,,2005.0,8.0
CPU,2005-08-08,90.0,25.0,125.0,114.0,2200.0,Unknown,AMD,,,,2005.0,8.0
CPU,2005-06-28,90.0,84.0,109.0,125.0,3200.0,Intel,Intel,,,,2005.0,6.0
CPU,2005-05-01,65.0,31.0,90.0,151.0,1600.0,Intel,Intel,,,,2005.0,5.0
CPU,2005-06-01,90.0,84.0,109.0,125.0,2660.0,Intel,Intel,,,,2005.0,6.0
CPU,2005-06-01,90.0,84.0,109.0,125.0,2660.0,Intel,Intel,,,,2005.0,6.0
CPU,2005-06-01,90.0,84.0,109.0,125.0,2660.0,Intel,Intel,,,,2005.0,6.0
CPU,2005-06-12,90.0,84.0,109.0,125.0,2800.0,Intel,Intel,,,,2005.0,6.0
CPU,2005-06-12,90.0,84.0,109.0,125.0,3000.0,Intel,Intel,,,,2005.0,6.0
CPU,2005-06-12,90.0,84.0,109.0,125.0,3200.0,Intel,Intel,,,,2005.0,6.0
CPU,2005-06-12,90.0,115.0,109.0,125.0,3400.0,Intel,Intel,,,,2005.0,6.0
CPU,2005-06-12,90.0,115.0,109.0,125.0,3600.0,Intel,Intel,,,,2005.0,6.0
CPU,2005-06-12,90.0,115.0,109.0,125.0,3800.0,Intel,Intel,,,,2005.0,6.0
CPU,2005-11-14,90.0,84.0,109.0,169.0,3600.0,Intel,Intel,,,,2005.0,11.0
CPU,2005-05-26,90.0,84.0,109.0,169.0,3800.0,Intel,Intel,,,,2005.0,5.0
CPU,2005-11-14,90.0,84.0,109.0,169.0,3800.0,Intel,Intel,,,,2005.0,11.0
CPU,2005-05-26,90.0,130.0,206.0,169.0,2800.0,Intel,Intel,,,,2005.0,5.0
CPU,2005-05-26,90.0,130.0,206.0,169.0,2800.0,Intel,Intel,,,,2005.0,5.0
CPU,2005-05-26,90.0,130.0,206.0,169.0,3000.0,Intel,Intel,,,,2005.0,5.0
CPU,2005-05-26,90.0,130.0,206.0,169.0,3200.0,Intel,Intel,,,,2005.0,5.0
CPU,2005-04-18,90.0,130.0,206.0,230.0,3200.0,Intel,Intel,,,,2005.0,4.0
CPU,2005-12-27,65.0,130.0,171.0,376.0,3466.0,Intel,Intel,,,,2005.0,12.0
CPU,2005-07-25,90.0,27.0,84.0,140.0,2260.0,Intel,Intel,,,,2005.0,7.0
CPU,2005-10-10,90.0,135.0,213.0,200.0,2800.0,Intel,Intel,,,,2005.0,10.0
CPU,2005-12-01,90.0,135.0,213.0,200.0,2667.0,Intel,Intel,,,,2005.0,12.0
CPU,2005-12-01,90.0,135.0,213.0,200.0,2833.0,Intel,Intel,,,,2005.0,12.0
CPU,2005-12-01,90.0,135.0,213.0,200.0,2800.0,Intel,Intel,,,,2005.0,12.0
CPU,2005-12-01,90.0,135.0,213.0,200.0,3000.0,Intel,Intel,,,,2005.0,12.0
CPU,2005-12-01,90.0,135.0,213.0,200.0,3000.0,Intel,Intel,,,,2005.0,12.0
CPU,2006-11-30,90.0,125.0,235.0,227.0,2600.0,Unknown,AMD,,,,2006.0,11.0
CPU,2006-11-30,90.0,125.0,235.0,227.0,2800.0,Unknown,AMD,,,,2006.0,11.0
CPU,2006-11-30,90.0,125.0,235.0,227.0,3000.0,Unknown,AMD,,,,2006.0,11.0
CPU,,90.0,125.0,235.0,227.0,3200.0,Unknown,AMD,,,,,
CPU,2006-12-05,65.0,65.0,126.0,154.0,1900.0,Unknown,AMD,,,,2006.0,12.0
CPU,2006-08-01,90.0,65.0,220.0,154.0,2000.0,Unknown,AMD,,,,2006.0,8.0
CPU,2006-12-05,65.0,65.0,126.0,154.0,2100.0,Unknown,AMD,,,,2006.0,12.0
CPU,2006-12-01,65.0,65.0,126.0,154.0,2200.0,Unknown,AMD,,,,2006.0,12.0
CPU,2006-12-05,65.0,65.0,126.0,154.0,2300.0,Unknown,AMD,,,,2006.0,12.0
CPU,2006-05-23,90.0,110.0,156.0,154.0,2400.0,Unknown,AMD,,,,2006.0,5.0
CPU,2006-12-05,65.0,65.0,126.0,154.0,2500.0,Unknown,AMD,,,,2006.0,12.0
CPU,2006-12-05,65.0,65.0,126.0,154.0,2600.0,Unknown,AMD,,,,2006.0,12.0
CPU,2006-09-06,90.0,65.0,220.0,154.0,2600.0,Unknown,AMD,,,,2006.0,9.0
CPU,2006-09-06,90.0,89.0,220.0,154.0,2600.0,Unknown,AMD,,,,2006.0,9.0
CPU,2006-09-06,90.0,65.0,220.0,154.0,2600.0,Unknown,AMD,,,,2006.0,9.0
CPU,2006-12-12,90.0,89.0,220.0,154.0,2800.0,Unknown,AMD,,,,2006.0,12.0
CPU,2006-12-12,90.0,89.0,220.0,227.0,2800.0,Unknown,AMD,,,,2006.0,12.0
CPU,2006-08-15,90.0,45.0,235.0,227.0,1800.0,Unknown,AMD,,,,2006.0,8.0
CPU,2006-08-15,90.0,95.0,235.0,227.0,1800.0,Unknown,AMD,,,,2006.0,8.0
CPU,2006-08-15,90.0,95.0,235.0,227.0,1800.0,Unknown,AMD,,,,2006.0,8.0
CPU,2006-08-15,90.0,45.0,235.0,227.0,1800.0,Unknown,AMD,,,,2006.0,8.0
CPU,2006-08-15,90.0,68.0,235.0,227.0,1800.0,Unknown,AMD,,,,2006.0,8.0
CPU,2006-08-15,90.0,68.0,235.0,227.0,1800.0,Unknown,AMD,,,,2006.0,8.0
CPU,2006-08-15,90.0,95.0,235.0,227.0,2000.0,Unknown,AMD,,,,2006.0,8.0
CPU,2006-08-15,90.0,95.0,235.0,227.0,2000.0,Unknown,AMD,,,,2006.0,8.0
CPU,2006-08-15,90.0,68.0,235.0,227.0,2000.0,Unknown,AMD,,,,2006.0,8.0
CPU,2006-08-15,90.0,68.0,235.0,227.0,2000.0,Unknown,AMD,,,,2006.0,8.0
CPU,2006-08-15,90.0,95.0,235.0,227.0,2200.0,Unknown,AMD,,,,2006.0,8.0
CPU,2006-08-15,90.0,95.0,235.0,227.0,2200.0,Unknown,AMD,,,,2006.0,8.0
CPU,2006-08-15,90.0,68.0,235.0,227.0,2200.0,Unknown,AMD,,,,2006.0,8.0
CPU,2006-08-15,90.0,68.0,235.0,227.0,2200.0,Unknown,AMD,,,,2006.0,8.0
CPU,2006-08-15,90.0,95.0,235.0,227.0,2400.0,Unknown,AMD,,,,2006.0,8.0
CPU,2006-08-15,90.0,95.0,235.0,227.0,2400.0,Unknown,AMD,,,,2006.0,8.0
CPU,2006-08-15,90.0,68.0,235.0,227.0,2400.0,Unknown,AMD,,,,2006.0,8.0
CPU,2006-08-15,90.0,68.0,235.0,227.0,2400.0,Unknown,AMD,,,,2006.0,8.0
CPU,2006-08-15,90.0,95.0,235.0,227.0,2600.0,Unknown,AMD,,,,2006.0,8.0
CPU,2006-08-15,90.0,95.0,235.0,227.0,2600.0,Unknown,AMD,,,,2006.0,8.0
CPU,2006-08-15,90.0,119.0,235.0,227.0,2800.0,Unknown,AMD,,,,2006.0,8.0
CPU,2006-08-15,90.0,119.0,235.0,227.0,2800.0,Unknown,AMD,,,,2006.0,8.0
CPU,2006-08-15,90.0,45.0,235.0,227.0,1800.0,Unknown,AMD,,,,2006.0,8.0
CPU,2006-08-15,90.0,95.0,235.0,227.0,2000.0,Unknown,AMD,,,,2006.0,8.0
CPU,2006-08-15,90.0,95.0,235.0,227.0,2000.0,Unknown,AMD,,,,2006.0,8.0
CPU,2006-08-15,90.0,68.0,235.0,227.0,2000.0,Unknown,AMD,,,,2006.0,8.0
CPU,2006-08-15,90.0,68.0,235.0,227.0,2000.0,Unknown,AMD,,,,2006.0,8.0
CPU,2006-08-15,90.0,95.0,235.0,227.0,2200.0,Unknown,AMD,,,,2006.0,8.0
CPU,2006-08-15,90.0,95.0,235.0,227.0,2200.0,Unknown,AMD,,,,2006.0,8.0
CPU,2006-08-15,90.0,68.0,235.0,227.0,2200.0,Unknown,AMD,,,,2006.0,8.0
CPU,2006-08-15,90.0,68.0,235.0,227.0,2200.0,Unknown,AMD,,,,2006.0,8.0
CPU,2006-08-15,90.0,95.0,235.0,227.0,2400.0,Unknown,AMD,,,,2006.0,8.0
CPU,2006-08-15,90.0,95.0,235.0,227.0,2400.0,Unknown,AMD,,,,2006.0,8.0
CPU,2006-08-15,90.0,68.0,235.0,227.0,2400.0,Unknown,AMD,,,,2006.0,8.0
CPU,2006-08-15,90.0,68.0,235.0,227.0,2400.0,Unknown,AMD,,,,2006.0,8.0
CPU,2006-08-15,90.0,95.0,235.0,227.0,2600.0,Unknown,AMD,,,,2006.0,8.0
CPU,2006-08-15,90.0,95.0,235.0,227.0,2600.0,Unknown,AMD,,,,2006.0,8.0
CPU,2006-08-15,90.0,120.0,235.0,227.0,2800.0,Unknown,AMD,,,,2006.0,8.0
CPU,2006-08-15,90.0,120.0,235.0,227.0,2800.0,Unknown,AMD,,,,2006.0,8.0
CPU,2006-05-23,90.0,62.0,103.0,81.0,1600.0,Unknown,AMD,,,,2006.0,5.0
CPU,2006-05-23,90.0,62.0,103.0,81.0,1600.0,Unknown,AMD,,,,2006.0,5.0
CPU,2006-05-23,90.0,62.0,103.0,81.0,1800.0,Unknown,AMD,,,,2006.0,5.0
CPU,2006-10-23,90.0,62.0,103.0,81.0,2200.0,Unknown,AMD,,,,2006.0,10.0
CPU,2006-06-01,65.0,31.0,171.0,731.0,2000.0,Unknown,AMD,,,,2006.0,6.0
CPU,2006-05-28,65.0,84.0,109.0,125.0,3200.0,Intel,Intel,,,,2006.0,5.0
CPU,2006-07-27,65.0,65.0,111.0,167.0,1800.0,Intel,Intel,,,,2006.0,7.0
CPU,2006-07-27,65.0,65.0,143.0,291.0,1866.0,Intel,Intel,,,,2006.0,7.0
CPU,2006-07-27,65.0,65.0,143.0,291.0,2133.0,Intel,Intel,,,,2006.0,7.0
CPU,2006-07-27,65.0,65.0,143.0,291.0,2400.0,Intel,Intel,,,,2006.0,7.0
CPU,2006-07-27,65.0,65.0,143.0,291.0,2667.0,Intel,Intel,,,,2006.0,7.0
CPU,2006-07-27,65.0,35.0,143.0,731.0,1600.0,Intel,Intel,,,,2006.0,7.0
CPU,2006-07-27,65.0,35.0,143.0,731.0,1667.0,Intel,Intel,,,,2006.0,7.0
CPU,2006-07-27,65.0,35.0,143.0,731.0,1833.0,Intel,Intel,,,,2006.0,7.0
CPU,2006-07-27,65.0,35.0,143.0,293.0,2000.0,Intel,Intel,,,,2006.0,7.0
CPU,2006-07-27,65.0,35.0,143.0,293.0,2000.0,Intel,Intel,,,,2006.0,7.0
CPU,2006-07-27,65.0,35.0,143.0,293.0,2166.0,Intel,Intel,,,,2006.0,7.0
CPU,2006-07-27,65.0,35.0,143.0,293.0,2333.0,Intel,Intel,,,,2006.0,7.0
CPU,2006-12-27,65.0,35.0,143.0,293.0,2333.0,Intel,Intel,,,,2006.0,12.0
CPU,2006-11-01,65.0,130.0,171.0,582.0,2666.0,Intel,Intel,,,,2006.0,11.0
CPU,2006-07-27,65.0,75.0,143.0,291.0,2933.0,Intel,Intel,,,,2006.0,7.0
CPU,2006-09-03,65.0,15.0,90.0,151.0,1833.0,Intel,Intel,,,,2006.0,9.0
CPU,2006-06-28,65.0,31.0,90.0,151.0,2333.0,Intel,Intel,,,,2006.0,6.0
CPU,2006-09-03,65.0,9.0,90.0,151.0,1066.0,Intel,Intel,,,,2006.0,9.0
CPU,2006-06-28,65.0,9.0,90.0,151.0,1200.0,Intel,Intel,,,,2006.0,6.0
CPU,,90.0,84.0,109.0,125.0,3060.0,Intel,Intel,,,,,
CPU,2006-07-23,65.0,95.0,171.0,376.0,2800.0,Intel,Intel,,,,2006.0,7.0
CPU,2006-10-01,65.0,95.0,171.0,376.0,3000.0,Intel,Intel,,,,2006.0,10.0
CPU,2006-07-23,65.0,95.0,171.0,376.0,3400.0,Intel,Intel,,,,2006.0,7.0
CPU,2006-06-26,65.0,65.0,171.0,731.0,1600.0,Intel,Intel,,,,2006.0,6.0
CPU,2006-06-26,65.0,65.0,171.0,731.0,1866.0,Intel,Intel,,,,2006.0,6.0
CPU,2006-06-26,65.0,65.0,171.0,731.0,2000.0,Intel,Intel,,,,2006.0,6.0
CPU,2006-06-26,65.0,65.0,171.0,731.0,2333.0,Intel,Intel,,,,2006.0,6.0
CPU,2006-06-26,65.0,40.0,171.0,731.0,2333.0,Intel,Intel,,,,2006.0,6.0
CPU,2006-06-26,65.0,65.0,171.0,731.0,2666.0,Intel,Intel,,,,2006.0,6.0
CPU,2006-06-26,65.0,80.0,171.0,731.0,3000.0,Intel,Intel,,,,2006.0,6.0
CPU,2006-08-27,65.0,95.0,435.0,1328.0,2600.0,Intel,Intel,,,,2006.0,8.0
CPU,2006-08-27,65.0,95.0,435.0,1328.0,2500.0,Intel,Intel,,,,2006.0,8.0
CPU,2006-08-27,65.0,95.0,435.0,1328.0,3000.0,Intel,Intel,,,,2006.0,8.0
CPU,2006-08-27,65.0,95.0,435.0,1328.0,3000.0,Intel,Intel,,,,2006.0,8.0
CPU,2006-08-27,65.0,150.0,435.0,1328.0,3200.0,Intel,Intel,,,,2006.0,8.0
CPU,2006-08-27,65.0,150.0,435.0,1328.0,3166.0,Intel,Intel,,,,2006.0,8.0
CPU,2006-08-27,65.0,150.0,435.0,1328.0,3400.0,Intel,Intel,,,,2006.0,8.0
CPU,2006-08-27,65.0,150.0,435.0,1328.0,3333.0,Intel,Intel,,,,2006.0,8.0
CPU,2006-08-27,65.0,150.0,435.0,1328.0,3500.0,Intel,Intel,,,,2006.0,8.0
CPU,2007-02-20,65.0,45.0,77.0,122.0,2000.0,Unknown,AMD,,,,2007.0,2.0
CPU,2007-02-20,90.0,62.0,230.0,227.0,2200.0,Unknown,AMD,,,,2007.0,2.0
CPU,2007-02-20,65.0,45.0,77.0,122.0,2200.0,Unknown,AMD,,,,2007.0,2.0
CPU,2007-02-20,90.0,59.0,103.1,154.0,2200.0,Unknown,AMD,,,,2007.0,2.0
CPU,2007-02-20,90.0,35.0,183.0,154.0,2200.0,Unknown,AMD,,,,2007.0,2.0
CPU,2007-02-20,65.0,45.0,77.0,122.0,2400.0,Unknown,AMD,,,,2007.0,2.0
CPU,2007-02-20,90.0,62.0,230.0,227.0,2400.0,Unknown,AMD,,,,2007.0,2.0
CPU,2007-02-20,90.0,59.0,103.1,154.0,2400.0,Unknown,AMD,,,,2007.0,2.0
CPU,2007-02-20,90.0,62.0,230.0,227.0,2600.0,Unknown,AMD,,,,2007.0,2.0
CPU,2007-02-20,90.0,59.0,103.1,154.0,2600.0,Unknown,AMD,,,,2007.0,2.0
CPU,2007-10-08,90.0,45.0,230.0,227.0,2200.0,Unknown,AMD,,,,2007.0,10.0
CPU,2007-10-08,90.0,45.0,101.3,154.0,2200.0,Unknown,AMD,,,,2007.0,10.0
CPU,2007-10-08,90.0,45.0,230.0,227.0,2400.0,Unknown,AMD,,,,2007.0,10.0
CPU,2007-10-08,90.0,45.0,101.3,154.0,2400.0,Unknown,AMD,,,,2007.0,10.0
CPU,2007-10-08,90.0,45.0,230.0,227.0,2600.0,Unknown,AMD,,,,2007.0,10.0
CPU,2007-09-25,65.0,65.0,126.0,154.0,2600.0,Unknown,AMD,,,,2007.0,9.0
CPU,2007-02-01,90.0,65.0,220.0,154.0,2600.0,Unknown,AMD,,,,2007.0,2.0
CPU,2007-10-08,65.0,65.0,126.0,154.0,2700.0,Unknown,AMD,,,,2007.0,10.0
CPU,2007-02-20,90.0,125.0,220.0,227.0,3000.0,Unknown,AMD,,,,2007.0,2.0
CPU,2007-08-20,65.0,89.0,126.0,154.0,3100.0,Unknown,AMD,,,,2007.0,8.0
CPU,2007-08-20,90.0,125.0,230.0,227.0,3200.0,Unknown,AMD,,,,2007.0,8.0
CPU,2007-10-08,65.0,45.0,126.0,154.0,1900.0,Unknown,AMD,,,,2007.0,10.0
CPU,2007-10-08,65.0,45.0,126.0,154.0,2100.0,Unknown,AMD,,,,2007.0,10.0
CPU,2007-10-08,65.0,45.0,126.0,154.0,2300.0,Unknown,AMD,,,,2007.0,10.0
CPU,2007-02-11,90.0,68.0,235.0,227.0,2600.0,Unknown,AMD,,,,2007.0,2.0
CPU,2007-02-07,90.0,95.0,235.0,227.0,2800.0,Unknown,AMD,,,,2007.0,2.0
CPU,2007-08-05,90.0,95.0,235.0,227.0,3000.0,Unknown,AMD,,,,2007.0,8.0
CPU,2007-04-23,90.0,119.0,235.0,227.0,3000.0,Unknown,AMD,,,,2007.0,4.0
CPU,2007-08-05,90.0,119.0,235.0,227.0,3200.0,Unknown,AMD,,,,2007.0,8.0
CPU,2007-02-07,90.0,68.0,235.0,227.0,2600.0,Unknown,AMD,,,,2007.0,2.0
CPU,2007-02-07,90.0,95.0,235.0,227.0,2800.0,Unknown,AMD,,,,2007.0,2.0
CPU,2007-08-05,90.0,95.0,235.0,227.0,3000.0,Unknown,AMD,,,,2007.0,8.0
CPU,2007-04-23,90.0,120.0,235.0,227.0,3000.0,Unknown,AMD,,,,2007.0,4.0
CPU,2007-08-05,90.0,120.0,235.0,227.0,3200.0,Unknown,AMD,,,,2007.0,8.0
CPU,2007-11-19,65.0,95.0,285.0,450.0,2200.0,Unknown,AMD,,,,2007.0,11.0
CPU,2007-11-19,65.0,95.0,285.0,450.0,2300.0,Unknown,AMD,,,,2007.0,11.0
CPU,2007-12-19,65.0,95.0,285.0,450.0,2300.0,Unknown,AMD,,,,2007.0,12.0
CPU,2007-08-01,65.0,45.0,171.0,731.0,1900.0,Unknown,AMD,,,,2007.0,8.0
CPU,2007-08-01,65.0,45.0,171.0,731.0,2000.0,Unknown,AMD,,,,2007.0,8.0
CPU,2007-08-01,65.0,45.0,171.0,731.0,2100.0,Unknown,AMD,,,,2007.0,8.0
CPU,2007-10-08,65.0,45.0,171.0,731.0,2200.0,Unknown,AMD,,,,2007.0,10.0
CPU,2007-10-08,65.0,45.0,171.0,731.0,2300.0,Unknown,AMD,,,,2007.0,10.0
CPU,2007-06-01,90.0,3.0,66.0,176.0,600.0,Intel,Intel,,,,2007.0,6.0
CPU,2007-06-01,90.0,3.0,66.0,176.0,800.0,Intel,Intel,,,,2007.0,6.0
CPU,2007-10-21,65.0,19.0,77.0,105.0,1200.0,Intel,Intel,,,,2007.0,10.0
CPU,2007-06-03,65.0,35.0,77.0,105.0,1600.0,Intel,Intel,,,,2007.0,6.0
CPU,2007-06-03,65.0,35.0,77.0,105.0,1800.0,Intel,Intel,,,,2007.0,6.0
CPU,2007-06-03,65.0,35.0,77.0,105.0,2000.0,Intel,Intel,,,,2007.0,6.0
CPU,2007-07-22,65.0,65.0,111.0,167.0,2000.0,Intel,Intel,,,,2007.0,7.0
CPU,2007-07-22,65.0,65.0,111.0,167.0,2200.0,Intel,Intel,,,,2007.0,7.0
CPU,2007-10-21,65.0,65.0,111.0,167.0,2400.0,Intel,Intel,,,,2007.0,10.0
CPU,2007-04-01,65.0,65.0,143.0,291.0,1860.0,Intel,Intel,,,,2007.0,4.0
CPU,2007-04-01,65.0,65.0,111.0,167.0,2133.0,Intel,Intel,,,,2007.0,4.0
CPU,2007-07-01,65.0,65.0,143.0,291.0,2333.0,Intel,Intel,,,,2007.0,7.0
CPU,2007-07-01,65.0,65.0,143.0,291.0,2667.0,Intel,Intel,,,,2007.0,7.0
CPU,2007-07-01,65.0,75.0,143.0,291.0,3000.0,Intel,Intel,,,,2007.0,7.0
CPU,2007-05-27,65.0,35.0,111.0,293.0,1800.0,Intel,Intel,,,,2007.0,5.0
CPU,2007-09-27,65.0,35.0,111.0,293.0,2000.0,Intel,Intel,,,,2007.0,9.0
CPU,2007-05-27,65.0,35.0,143.0,293.0,2200.0,Intel,Intel,,,,2007.0,5.0
CPU,2007-05-27,65.0,35.0,143.0,293.0,2400.0,Intel,Intel,,,,2007.0,5.0
CPU,2007-09-27,65.0,35.0,143.0,293.0,2600.0,Intel,Intel,,,,2007.0,9.0
CPU,2007-04-27,65.0,10.0,111.0,293.0,1073.0,Intel,Intel,,,,2007.0,4.0
CPU,2007-04-27,65.0,10.0,111.0,293.0,1200.0,Intel,Intel,,,,2007.0,4.0
CPU,2007-04-27,65.0,10.0,111.0,293.0,1200.0,Intel,Intel,,,,2007.0,4.0
CPU,2007-12-27,65.0,10.0,111.0,293.0,1333.0,Intel,Intel,,,,2007.0,12.0
CPU,2007-04-09,65.0,130.0,171.0,582.0,2933.0,Intel,Intel,,,,2007.0,4.0
CPU,2007-07-15,65.0,130.0,171.0,582.0,3000.0,Intel,Intel,,,,2007.0,7.0
CPU,2007-11-30,45.0,130.0,171.0,820.0,3000.0,Intel,Intel,,,,2007.0,11.0
CPU,2007-08-01,65.0,44.0,143.0,731.0,2800.0,Intel,Intel,,,,2007.0,8.0
CPU,2007-01-07,65.0,105.0,171.0,582.0,2400.0,Intel,Intel,,,,2007.0,1.0
CPU,2007-07-23,65.0,95.0,171.0,582.0,2400.0,Intel,Intel,,,,2007.0,7.0
CPU,2007-04-20,65.0,95.0,171.0,582.0,2666.0,Intel,Intel,,,,2007.0,4.0
CPU,2007-09-01,65.0,5.0,143.0,291.0,1067.0,Intel,Intel,,,,2007.0,9.0
CPU,2007-09-01,65.0,5.0,143.0,291.0,1200.0,Intel,Intel,,,,2007.0,9.0
CPU,2007-01-01,65.0,95.0,171.0,376.0,3200.0,Intel,Intel,,,,2007.0,1.0
CPU,2007-06-03,65.0,65.0,77.0,105.0,1600.0,Intel,Intel,,,,2007.0,6.0
CPU,2007-06-03,65.0,65.0,77.0,105.0,1800.0,Intel,Intel,,,,2007.0,6.0
CPU,2007-08-26,65.0,65.0,77.0,105.0,2000.0,Intel,Intel,,,,2007.0,8.0
CPU,2007-12-02,65.0,65.0,77.0,105.0,2200.0,Intel,Intel,,,,2007.0,12.0
CPU,2007-08-13,65.0,150.0,171.0,582.0,3000.0,Unknown,Intel,,,,2007.0,8.0
CPU,2008-06-01,65.0,8.0,77.0,122.0,1000.0,Unknown,AMD,,,,2008.0,6.0
CPU,2008-08-01,65.0,22.0,77.0,122.0,1800.0,Unknown,AMD,,,,2008.0,8.0
CPU,2008-04-21,65.0,25.0,77.0,122.0,2000.0,Unknown,AMD,,,,2008.0,4.0
CPU,2008-04-01,65.0,45.0,77.0,122.0,2700.0,Unknown,AMD,,,,2008.0,4.0
CPU,2008-04-28,65.0,45.0,77.0,122.0,2700.0,Unknown,AMD,,,,2008.0,4.0
CPU,2008-05-01,65.0,45.0,77.0,122.0,2800.0,Unknown,AMD,,,,2008.0,5.0
CPU,2008-04-22,65.0,65.0,126.0,154.0,2400.0,Unknown,AMD,,,,2008.0,4.0
CPU,2008-04-01,65.0,89.0,126.0,154.0,3000.0,Unknown,AMD,,,,2008.0,4.0
CPU,2008-04-21,65.0,45.0,126.0,154.0,2100.0,Unknown,AMD,,,,2008.0,4.0
CPU,2008-04-21,65.0,45.0,126.0,154.0,2300.0,Unknown,AMD,,,,2008.0,4.0
CPU,2008-10-21,65.0,45.0,126.0,154.0,2600.0,Unknown,AMD,,,,2008.0,10.0
CPU,2008-09-08,65.0,95.0,285.0,450.0,2300.0,Unknown,AMD,,,,2008.0,9.0
CPU,2008-12-15,65.0,95.0,285.0,450.0,2400.0,Unknown,AMD,,,,2008.0,12.0
CPU,2008-12-15,65.0,95.0,285.0,450.0,2500.0,Unknown,AMD,,,,2008.0,12.0
CPU,2008-12-15,65.0,95.0,285.0,450.0,2700.0,Unknown,AMD,,,,2008.0,12.0
CPU,2008-06-01,65.0,35.0,171.0,731.0,1900.0,Unknown,AMD,,,,2008.0,6.0
CPU,2008-09-01,65.0,25.0,171.0,731.0,2000.0,Unknown,AMD,,,,2008.0,9.0
CPU,2008-12-01,65.0,35.0,171.0,731.0,2100.0,Unknown,AMD,,,,2008.0,12.0
CPU,2008-12-01,65.0,35.0,171.0,731.0,2100.0,Unknown,AMD,,,,2008.0,12.0
CPU,2008-12-01,65.0,35.0,171.0,731.0,2200.0,Unknown,AMD,,,,2008.0,12.0
CPU,2008-06-03,65.0,95.0,285.0,463.0,2100.0,Unknown,AMD,,,,2008.0,6.0
CPU,2008-10-01,65.0,79.0,285.0,463.0,2000.0,Unknown,AMD,,,,2008.0,10.0
CPU,2008-09-08,65.0,65.0,285.0,450.0,1900.0,Unknown,AMD,,,,2008.0,9.0
CPU,2008-04-23,65.0,95.0,285.0,450.0,2100.0,Unknown,AMD,,,,2008.0,4.0
CPU,2008-09-08,65.0,65.0,285.0,450.0,2100.0,Unknown,AMD,,,,2008.0,9.0
CPU,2008-04-23,65.0,95.0,285.0,450.0,2200.0,Unknown,AMD,,,,2008.0,4.0
CPU,2008-04-23,65.0,95.0,285.0,450.0,2300.0,Unknown,AMD,,,,2008.0,4.0
CPU,2008-04-23,65.0,95.0,285.0,450.0,2400.0,Unknown,AMD,,,,2008.0,4.0
CPU,2008-09-08,65.0,95.0,285.0,450.0,2400.0,Unknown,AMD,,,,2008.0,9.0
CPU,2008-10-21,65.0,95.0,285.0,450.0,2500.0,Unknown,AMD,,,,2008.0,10.0
CPU,2008-03-27,65.0,65.0,285.0,450.0,1800.0,Unknown,AMD,,,,2008.0,3.0
CPU,2008-07-01,65.0,65.0,285.0,450.0,1800.0,Unknown,AMD,,,,2008.0,7.0
CPU,2008-07-01,65.0,65.0,285.0,450.0,2000.0,Unknown,AMD,,,,2008.0,7.0
CPU,2008-10-01,65.0,65.0,285.0,450.0,2100.0,Unknown,AMD,,,,2008.0,10.0
CPU,2008-03-27,65.0,95.0,285.0,450.0,2200.0,Unknown,AMD,,,,2008.0,3.0
CPU,2008-04-28,65.0,95.0,285.0,450.0,2300.0,Unknown,AMD,,,,2008.0,4.0
CPU,2008-03-27,65.0,95.0,285.0,450.0,2300.0,Unknown,AMD,,,,2008.0,3.0
CPU,2008-08-15,65.0,95.0,285.0,450.0,2400.0,Unknown,AMD,,,,2008.0,8.0
CPU,2008-07-01,65.0,125.0,285.0,450.0,2500.0,Unknown,AMD,,,,2008.0,7.0
CPU,2008-10-01,65.0,95.0,285.0,450.0,2500.0,Unknown,AMD,,,,2008.0,10.0
CPU,2008-08-15,65.0,95.0,285.0,450.0,2500.0,Unknown,AMD,,,,2008.0,8.0
CPU,2008-10-01,65.0,125.0,285.0,450.0,2600.0,Unknown,AMD,,,,2008.0,10.0
CPU,2008-09-01,65.0,35.0,171.0,731.0,2100.0,Unknown,AMD,,,,2008.0,9.0
CPU,2008-12-01,65.0,35.0,171.0,731.0,2200.0,Unknown,AMD,,,,2008.0,12.0
CPU,2008-12-01,65.0,35.0,171.0,731.0,2200.0,Unknown,AMD,,,,2008.0,12.0
CPU,2008-12-01,65.0,35.0,171.0,731.0,2300.0,Unknown,AMD,,,,2008.0,12.0
CPU,2008-06-01,65.0,32.0,171.0,731.0,2100.0,Unknown,AMD,,,,2008.0,6.0
CPU,2008-06-01,65.0,35.0,171.0,731.0,2200.0,Unknown,AMD,,,,2008.0,6.0
CPU,2008-09-01,65.0,35.0,171.0,731.0,2300.0,Unknown,AMD,,,,2008.0,9.0
CPU,2008-09-01,65.0,35.0,171.0,731.0,2300.0,Unknown,AMD,,,,2008.0,9.0
CPU,2008-06-01,65.0,35.0,171.0,731.0,2400.0,Unknown,AMD,,,,2008.0,6.0
CPU,2008-06-01,65.0,35.0,171.0,731.0,2400.0,Unknown,AMD,,,,2008.0,6.0
CPU,2008-12-01,65.0,35.0,171.0,731.0,2500.0,Unknown,AMD,,,,2008.0,12.0
CPU,2008-06-03,45.0,4.0,25.96,47.0,1600.0,Intel,Intel,,,,2008.0,6.0
CPU,2008-06-03,45.0,8.0,25.96,47.0,1600.0,Intel,Intel,,,,2008.0,6.0
CPU,2008-06-03,45.0,3.0,26.0,47.0,1600.0,Intel,Intel,,,,2008.0,6.0
CPU,2008-06-03,45.0,3.0,26.0,47.0,1667.0,Intel,Intel,,,,2008.0,6.0
CPU,2008-04-02,45.0,1.0,26.0,47.0,800.0,Intel,Intel,,,,2008.0,4.0
CPU,2008-04-02,45.0,2.0,26.0,47.0,1100.0,Intel,Intel,,,,2008.0,4.0
CPU,2008-04-02,45.0,2.0,26.0,47.0,1334.0,Intel,Intel,,,,2008.0,4.0
CPU,2008-04-02,45.0,2.0,26.0,47.0,1600.0,Intel,Intel,,,,2008.0,4.0
CPU,2008-04-02,45.0,2.0,26.0,47.0,1867.0,Intel,Intel,,,,2008.0,4.0
CPU,2008-05-01,65.0,65.0,76.0,105.0,1866.0,Intel,Intel,,,,2008.0,5.0
CPU,2008-08-31,65.0,35.0,77.0,105.0,2200.0,Intel,Intel,,,,2008.0,8.0
CPU,2008-04-20,65.0,65.0,77.0,105.0,2000.0,Intel,Intel,,,,2008.0,4.0
CPU,2008-11-30,65.0,65.0,77.0,105.0,2200.0,Intel,Intel,,,,2008.0,11.0
CPU,2008-04-20,45.0,65.0,82.0,228.0,2533.0,Intel,Intel,,,,2008.0,4.0
CPU,2008-08-10,45.0,65.0,107.0,420.0,2667.0,Intel,Intel,,,,2008.0,8.0
CPU,2008-10-10,45.0,65.0,82.0,228.0,2800.0,Intel,Intel,,,,2008.0,10.0
CPU,2008-04-01,45.0,65.0,107.0,410.0,2833.0,Intel,Intel,,,,2008.0,4.0
CPU,2008-08-08,45.0,65.0,107.0,410.0,3333.0,Intel,Intel,,,,2008.0,8.0
CPU,2008-06-13,45.0,25.0,81.0,274.0,2267.0,Intel,Intel,,,,2008.0,6.0
CPU,2008-06-13,45.0,25.0,81.0,274.0,2400.0,Intel,Intel,,,,2008.0,6.0
CPU,2008-12-28,45.0,25.0,81.0,274.0,2533.0,Intel,Intel,,,,2008.0,12.0
CPU,2008-12-28,45.0,25.0,81.0,274.0,2667.0,Intel,Intel,,,,2008.0,12.0
CPU,2008-07-15,45.0,25.0,107.0,410.0,2533.0,Intel,Intel,,,,2008.0,7.0
CPU,2008-12-28,45.0,25.0,107.0,410.0,2667.0,Intel,Intel,,,,2008.0,12.0
CPU,2008-07-15,45.0,35.0,107.0,410.0,2533.0,Intel,Intel,,,,2008.0,7.0
CPU,2008-12-28,45.0,35.0,107.0,410.0,2667.0,Intel,Intel,,,,2008.0,12.0
CPU,2008-07-15,45.0,35.0,107.0,410.0,2800.0,Intel,Intel,,,,2008.0,7.0
CPU,2008-12-28,45.0,35.0,107.0,410.0,2933.0,Intel,Intel,,,,2008.0,12.0
CPU,2008-08-01,45.0,45.0,171.0,731.0,2534.0,Intel,Intel,,,,2008.0,8.0
CPU,2008-07-01,45.0,44.0,107.0,731.0,3067.0,Intel,Intel,,,,2008.0,7.0
CPU,2008-08-31,45.0,95.0,171.0,456.0,2333.0,Intel,Intel,,,,2008.0,8.0
CPU,2008-11-30,45.0,95.0,171.0,456.0,2500.0,Intel,Intel,,,,2008.0,11.0
CPU,2008-08-01,45.0,45.0,171.0,731.0,2267.0,Intel,Intel,,,,2008.0,8.0
CPU,2008-08-10,45.0,95.0,171.0,456.0,2666.0,Intel,Intel,,,,2008.0,8.0
CPU,2008-08-10,45.0,95.0,171.0,820.0,3000.0,Intel,Intel,,,,2008.0,8.0
CPU,2008-05-01,45.0,5.0,107.0,410.0,1200.0,Intel,Intel,,,,2008.0,5.0
CPU,2008-11-17,45.0,130.0,263.0,731.0,2666.0,Intel,Intel,,,,2008.0,11.0
CPU,2008-11-17,45.0,130.0,263.0,731.0,2933.0,Intel,Intel,,,,2008.0,11.0
CPU,2008-11-17,45.0,130.0,263.0,731.0,3200.0,Intel,Intel,,,,2008.0,11.0
CPU,2008-08-31,45.0,65.0,82.0,228.0,2500.0,Intel,Intel,,,,2008.0,8.0
CPU,2008-11-30,45.0,65.0,82.0,228.0,2600.0,Intel,Intel,,,,2008.0,11.0
CPU,2008-09-08,45.0,150.0,171.0,820.0,3400.0,Intel,Intel,,,,2008.0,9.0
CPU,2008-05-29,65.0,25.0,63.0,94.0,1800.0,Fujitsu,VIA,,,,2008.0,5.0
CPU,2008-05-29,65.0,17.0,63.0,94.0,1600.0,Fujitsu,VIA,,,,2008.0,5.0
CPU,2008-05-29,65.0,5.0,63.0,94.0,1000.0,Fujitsu,VIA,,,,2008.0,5.0
CPU,2008-05-29,65.0,8.0,63.0,94.0,1300.0,Fujitsu,VIA,,,,2008.0,5.0
CPU,2008-05-29,65.0,8.0,63.0,94.0,1300.0,Fujitsu,VIA,,,,2008.0,5.0
CPU,2008-05-29,65.0,7.0,63.0,94.0,1200.0,Fujitsu,VIA,,,,2008.0,5.0
CPU,2009-10-20,45.0,65.0,117.0,410.0,2700.0,Unknown,AMD,,,,2009.0,10.0
CPU,2009-10-20,45.0,45.0,117.0,410.0,2700.0,Unknown,AMD,,,,2009.0,10.0
CPU,2009-07-23,45.0,65.0,117.0,410.0,2800.0,Unknown,AMD,,,,2009.0,7.0
CPU,2009-10-20,45.0,45.0,117.0,410.0,2800.0,Unknown,AMD,,,,2009.0,10.0
CPU,2009-07-23,45.0,65.0,117.0,410.0,2900.0,Unknown,AMD,,,,2009.0,7.0
CPU,2009-06-02,45.0,65.0,117.0,410.0,3000.0,Unknown,AMD,,,,2009.0,6.0
CPU,2009-10-20,45.0,25.0,117.0,410.0,1600.0,Unknown,AMD,,,,2009.0,10.0
CPU,2009-10-20,45.0,25.0,117.0,410.0,1800.0,Unknown,AMD,,,,2009.0,10.0
CPU,2009-10-20,45.0,45.0,169.0,300.0,2200.0,Unknown,AMD,,,,2009.0,10.0
CPU,2009-10-20,45.0,45.0,169.0,300.0,2300.0,Unknown,AMD,,,,2009.0,10.0
CPU,2009-10-20,45.0,95.0,169.0,300.0,2700.0,Unknown,AMD,,,,2009.0,10.0
CPU,2009-10-09,45.0,95.0,169.0,300.0,2900.0,Unknown,AMD,,,,2009.0,10.0
CPU,2009-10-20,45.0,45.0,169.0,300.0,2200.0,Unknown,AMD,,,,2009.0,10.0
CPU,2009-10-20,45.0,45.0,169.0,300.0,2300.0,Unknown,AMD,,,,2009.0,10.0
CPU,2009-09-16,45.0,95.0,169.0,300.0,2600.0,Unknown,AMD,,,,2009.0,9.0
CPU,2009-09-16,45.0,95.0,169.0,300.0,2800.0,Unknown,AMD,,,,2009.0,9.0
CPU,2009-04-28,65.0,95.0,285.0,450.0,2800.0,Unknown,AMD,,,,2009.0,4.0
CPU,2009-06-01,45.0,125.0,258.0,758.0,2000.0,GlobalFoundries,AMD,,,,2009.0,6.0
CPU,2009-06-01,45.0,80.0,258.0,758.0,3000.0,GlobalFoundries,AMD,,,,2009.0,6.0
CPU,2009-11-04,45.0,80.0,258.0,758.0,3100.0,GlobalFoundries,AMD,,,,2009.0,11.0
CPU,2009-06-01,45.0,80.0,258.0,758.0,3100.0,Unknown,AMD,,,,2009.0,6.0
CPU,2009-10-01,45.0,80.0,258.0,758.0,2800.0,GlobalFoundries,AMD,,,,2009.0,10.0
CPU,2009-10-01,45.0,80.0,258.0,758.0,3000.0,GlobalFoundries,AMD,,,,2009.0,10.0
CPU,2009-06-02,45.0,65.0,258.0,758.0,2400.0,GlobalFoundries,AMD,,,,2009.0,6.0
CPU,2009-06-02,45.0,65.0,258.0,758.0,2500.0,GlobalFoundries,AMD,,,,2009.0,6.0
CPU,2009-09-01,45.0,95.0,258.0,758.0,3000.0,GlobalFoundries,AMD,,,,2009.0,9.0
CPU,2009-10-01,45.0,95.0,258.0,758.0,2800.0,GlobalFoundries,AMD,,,,2009.0,10.0
CPU,2009-10-01,45.0,95.0,258.0,758.0,3000.0,GlobalFoundries,AMD,,,,2009.0,10.0
CPU,2009-09-01,45.0,95.0,258.0,758.0,2800.0,GlobalFoundries,AMD,,,,2009.0,9.0
CPU,2009-09-01,45.0,95.0,258.0,758.0,2800.0,GlobalFoundries,AMD,,,,2009.0,9.0
CPU,2009-06-02,45.0,65.0,258.0,758.0,2400.0,GlobalFoundries,AMD,,,,2009.0,6.0
CPU,2009-06-02,45.0,65.0,258.0,758.0,2500.0,GlobalFoundries,AMD,,,,2009.0,6.0
CPU,2009-05-11,45.0,95.0,258.0,758.0,2800.0,Unknown,AMD,,,,2009.0,5.0
CPU,2009-04-23,45.0,125.0,258.0,758.0,3000.0,Unknown,AMD,,,,2009.0,4.0
CPU,2009-07-22,45.0,95.0,258.0,758.0,3000.0,GlobalFoundries,AMD,,,,2009.0,7.0
CPU,2009-04-01,45.0,125.0,258.0,758.0,3200.0,Unknown,AMD,,,,2009.0,4.0
CPU,2009-04-01,45.0,95.0,258.0,758.0,3200.0,Unknown,AMD,,,,2009.0,4.0
CPU,2009-04-23,45.0,125.0,258.0,758.0,3200.0,Unknown,AMD,,,,2009.0,4.0
CPU,2009-11-07,45.0,125.0,258.0,758.0,3400.0,GlobalFoundries,AMD,,,,2009.0,11.0
CPU,2009-08-13,45.0,140.0,258.0,758.0,3400.0,GlobalFoundries,AMD,,,,2009.0,8.0
CPU,2009-10-01,45.0,95.0,258.0,758.0,2800.0,GlobalFoundries,AMD,,,,2009.0,10.0
CPU,2009-10-01,45.0,95.0,258.0,758.0,3000.0,GlobalFoundries,AMD,,,,2009.0,10.0
CPU,2009-07-22,45.0,45.0,117.0,234.0,2700.0,Unknown,AMD,,,,2009.0,7.0
CPU,2009-09-24,45.0,7.0,96.0,47.0,1200.0,Intel,Intel,,,,2009.0,9.0
CPU,2009-09-24,45.0,7.0,96.0,47.0,1200.0,Intel,Intel,,,,2009.0,9.0
CPU,2009-09-24,45.0,7.0,96.0,47.0,1200.0,Intel,Intel,,,,2009.0,9.0
CPU,2009-12-21,45.0,13.0,66.0,176.0,1667.0,Intel,Intel,,,,2009.0,12.0
CPU,2009-12-21,45.0,6.0,66.0,123.0,1667.0,Intel,Intel,,,,2009.0,12.0
CPU,2009-04-08,45.0,1.0,26.0,47.0,1200.0,Intel,Intel,,,,2009.0,4.0
CPU,2009-04-08,45.0,2.0,26.0,47.0,2000.0,Intel,Intel,,,,2009.0,4.0
CPU,2009-05-31,65.0,65.0,77.0,105.0,2400.0,Intel,Intel,,,,2009.0,5.0
CPU,2009-08-30,45.0,65.0,82.0,228.0,2400.0,Intel,Intel,,,,2009.0,8.0
CPU,2009-08-30,45.0,65.0,82.0,228.0,2500.0,Intel,Intel,,,,2009.0,8.0
CPU,2009-05-10,45.0,65.0,82.0,228.0,3067.0,Intel,Intel,,,,2009.0,5.0
CPU,2009-06-02,45.0,28.0,107.0,410.0,2800.0,Intel,Intel,,,,2009.0,6.0
CPU,2009-06-02,45.0,35.0,107.0,410.0,3067.0,Intel,Intel,,,,2009.0,6.0
CPU,2009-08-31,45.0,95.0,171.0,456.0,2700.0,Intel,Intel,,,,2009.0,8.0
CPU,2009-04-19,45.0,95.0,171.0,456.0,2666.0,Intel,Intel,,,,2009.0,4.0
CPU,2009-04-19,45.0,65.0,171.0,456.0,2666.0,Intel,Intel,,,,2009.0,4.0
CPU,2009-03-29,45.0,5.0,107.0,410.0,1400.0,Intel,Intel,,,,2009.0,3.0
CPU,2009-09-08,45.0,95.0,296.0,774.0,2666.0,Intel,Intel,,,,2009.0,9.0
CPU,2009-09-23,45.0,45.0,296.0,774.0,1600.0,Intel,Intel,,,,2009.0,9.0
CPU,2009-09-23,45.0,45.0,296.0,774.0,1733.0,Intel,Intel,,,,2009.0,9.0
CPU,2009-09-08,45.0,95.0,296.0,774.0,2800.0,Intel,Intel,,,,2009.0,9.0
CPU,2009-09-08,45.0,95.0,296.0,774.0,2933.0,Intel,Intel,,,,2009.0,9.0
CPU,2009-09-23,45.0,55.0,296.0,774.0,2000.0,Intel,Intel,,,,2009.0,9.0
CPU,2009-06-02,45.0,130.0,263.0,731.0,3066.0,Intel,Intel,,,,2009.0,6.0
CPU,2009-10-20,45.0,130.0,263.0,731.0,3200.0,Intel,Intel,,,,2009.0,10.0
CPU,2009-06-02,45.0,130.0,263.0,731.0,3333.0,Intel,Intel,,,,2009.0,6.0
CPU,2009-06-01,45.0,65.0,82.0,228.0,2200.0,Intel,Intel,,,,2009.0,6.0
CPU,2009-04-01,45.0,35.0,107.0,410.0,2100.0,Intel,Intel,,,,2009.0,4.0
CPU,2009-12-01,45.0,35.0,107.0,410.0,2200.0,Intel,Intel,,,,2009.0,12.0
CPU,2009-05-09,45.0,65.0,82.0,228.0,2800.0,Intel,Intel,,,,2009.0,5.0
CPU,2009-08-09,45.0,65.0,82.0,228.0,2933.0,Intel,Intel,,,,2009.0,8.0
CPU,2009-08-09,45.0,65.0,82.0,228.0,2933.0,Intel,Intel,,,,2009.0,8.0
CPU,2009-06-02,45.0,10.0,107.0,410.0,1300.0,Intel,Intel,,,,2009.0,6.0
CPU,2009-09-01,45.0,10.0,107.0,410.0,1300.0,Intel,Intel,,,,2009.0,9.0
CPU,2009-03-30,45.0,80.0,263.0,731.0,1866.0,Intel,Intel,,,,2009.0,3.0
CPU,2009-03-30,45.0,80.0,263.0,731.0,2000.0,Intel,Intel,,,,2009.0,3.0
CPU,2009-03-30,45.0,80.0,263.0,731.0,2133.0,Intel,Intel,,,,2009.0,3.0
CPU,2009-03-30,45.0,80.0,263.0,731.0,2266.0,Intel,Intel,,,,2009.0,3.0
CPU,2009-03-30,45.0,80.0,263.0,731.0,2400.0,Intel,Intel,,,,2009.0,3.0
CPU,2009-03-30,45.0,80.0,263.0,731.0,2533.0,Intel,Intel,,,,2009.0,3.0
CPU,2009-03-30,45.0,60.0,263.0,731.0,2133.0,Intel,Intel,,,,2009.0,3.0
CPU,2009-03-30,45.0,38.0,263.0,731.0,2000.0,Intel,Intel,,,,2009.0,3.0
CPU,2009-03-30,45.0,60.0,263.0,731.0,2133.0,Intel,Intel,,,,2009.0,3.0
CPU,2009-03-30,45.0,60.0,263.0,731.0,2266.0,Intel,Intel,,,,2009.0,3.0
CPU,2009-08-09,45.0,60.0,263.0,731.0,2400.0,Intel,Intel,,,,2009.0,8.0
CPU,2009-03-30,45.0,130.0,263.0,731.0,2400.0,Intel,Intel,,,,2009.0,3.0
CPU,2009-03-30,45.0,130.0,263.0,731.0,2533.0,Intel,Intel,,,,2009.0,3.0
CPU,2009-03-30,45.0,130.0,263.0,731.0,2666.0,Intel,Intel,,,,2009.0,3.0
CPU,2009-03-30,45.0,130.0,263.0,731.0,2933.0,Intel,Intel,,,,2009.0,3.0
CPU,2009-08-09,45.0,130.0,263.0,731.0,3066.0,Intel,Intel,,,,2009.0,8.0
CPU,2009-11-01,45.0,130.0,263.0,731.0,3200.0,Intel,Intel,,,,2009.0,11.0
CPU,2009-03-30,45.0,130.0,263.0,731.0,3200.0,Intel,Intel,,,,2009.0,3.0
CPU,2009-08-09,45.0,130.0,263.0,731.0,3333.0,Intel,Intel,,,,2009.0,8.0
CPU,2009-03-30,45.0,130.0,263.0,731.0,3200.0,Intel,Intel,,,,2009.0,3.0
CPU,2009-08-09,45.0,130.0,263.0,731.0,3333.0,Intel,Intel,,,,2009.0,8.0
CPU,2009-03-30,45.0,95.0,263.0,731.0,2666.0,Intel,Intel,,,,2009.0,3.0
CPU,2009-03-30,45.0,95.0,263.0,731.0,2800.0,Intel,Intel,,,,2009.0,3.0
CPU,2009-03-30,45.0,95.0,263.0,731.0,2933.0,Intel,Intel,,,,2009.0,3.0
CPU,2010-09-21,45.0,45.0,117.0,410.0,2600.0,Unknown,AMD,,,,2010.0,9.0
CPU,2010-09-21,45.0,65.0,117.0,410.0,2800.0,Unknown,AMD,,,,2010.0,9.0
CPU,2010-05-11,45.0,45.0,117.0,410.0,2900.0,Unknown,AMD,,,,2010.0,5.0
CPU,2010-09-21,45.0,45.0,117.0,410.0,3000.0,Unknown,AMD,,,,2010.0,9.0
CPU,2010-05-11,45.0,65.0,117.0,410.0,3200.0,Unknown,AMD,,,,2010.0,5.0
CPU,2010-09-21,45.0,65.0,117.0,410.0,3300.0,Unknown,AMD,,,,2010.0,9.0
CPU,2010-09-21,45.0,25.0,117.0,410.0,2000.0,Unknown,AMD,,,,2010.0,9.0
CPU,2010-05-11,45.0,45.0,169.0,300.0,2500.0,Unknown,AMD,,,,2010.0,5.0
CPU,2010-09-21,45.0,45.0,169.0,300.0,2600.0,Unknown,AMD,,,,2010.0,9.0
CPU,2010-05-11,45.0,95.0,169.0,300.0,3100.0,Unknown,AMD,,,,2010.0,5.0
CPU,2010-09-21,45.0,95.0,169.0,300.0,3200.0,Unknown,AMD,,,,2010.0,9.0
CPU,2010-12-07,45.0,95.0,169.0,300.0,3300.0,Unknown,AMD,,,,2010.0,12.0
CPU,2010-05-11,45.0,45.0,169.0,300.0,2400.0,Unknown,AMD,,,,2010.0,5.0
CPU,2010-09-21,45.0,45.0,169.0,300.0,2500.0,Unknown,AMD,,,,2010.0,9.0
CPU,2010-05-11,45.0,95.0,169.0,300.0,3000.0,Unknown,AMD,,,,2010.0,5.0
CPU,2010-09-21,45.0,95.0,169.0,300.0,3100.0,Unknown,AMD,,,,2010.0,9.0
CPU,2010-09-21,45.0,80.0,258.0,758.0,3300.0,GlobalFoundries,AMD,,,,2010.0,9.0
CPU,2010-12-07,45.0,80.0,258.0,758.0,3400.0,GlobalFoundries,AMD,,,,2010.0,12.0
CPU,2010-05-03,45.0,80.0,258.0,758.0,3500.0,GlobalFoundries,AMD,,,,2010.0,5.0
CPU,2010-05-11,45.0,80.0,258.0,758.0,3200.0,Unknown,AMD,,,,2010.0,5.0
CPU,2010-10-01,45.0,95.0,258.0,758.0,2800.0,GlobalFoundries,AMD,,,,2010.0,10.0
CPU,2010-05-11,45.0,95.0,258.0,758.0,3200.0,GlobalFoundries,AMD,,,,2010.0,5.0
CPU,2010-09-01,45.0,95.0,346.0,904.0,2900.0,GlobalFoundries,AMD,,,,2010.0,9.0
CPU,2010-06-01,45.0,95.0,346.0,904.0,3000.0,GlobalFoundries,AMD,,,,2010.0,6.0
CPU,2010-10-01,45.0,125.0,346.0,904.0,3500.0,GlobalFoundries,AMD,,,,2010.0,10.0
CPU,2010-09-21,45.0,125.0,258.0,758.0,3500.0,GlobalFoundries,AMD,,,,2010.0,9.0
CPU,2010-05-11,45.0,95.0,258.0,758.0,3200.0,GlobalFoundries,AMD,,,,2010.0,5.0
CPU,2010-04-27,45.0,95.0,346.0,904.0,2600.0,GlobalFoundries,AMD,,,,2010.0,4.0
CPU,2010-09-01,45.0,95.0,346.0,904.0,2700.0,GlobalFoundries,AMD,,,,2010.0,9.0
CPU,2010-04-27,45.0,125.0,346.0,904.0,2800.0,GlobalFoundries,AMD,,,,2010.0,4.0
CPU,2010-05-01,45.0,95.0,346.0,904.0,2800.0,Unknown,AMD,,,,2010.0,5.0
CPU,2010-12-07,45.0,125.0,346.0,904.0,2900.0,GlobalFoundries,AMD,,,,2010.0,12.0
CPU,2010-09-21,45.0,125.0,346.0,904.0,3000.0,GlobalFoundries,AMD,,,,2010.0,9.0
CPU,2010-04-27,45.0,125.0,346.0,904.0,3200.0,GlobalFoundries,AMD,,,,2010.0,4.0
CPU,2010-12-07,45.0,125.0,346.0,904.0,3300.0,GlobalFoundries,AMD,,,,2010.0,12.0
CPU,2010-09-01,45.0,45.0,117.0,234.0,2800.0,Unknown,AMD,,,,2010.0,9.0
CPU,2010-12-07,45.0,45.0,117.0,234.0,2900.0,Unknown,AMD,,,,2010.0,12.0
CPU,2010-09-01,45.0,45.0,117.0,234.0,2400.0,Unknown,AMD,,,,2010.0,9.0
CPU,2010-06-21,45.0,10.0,66.0,123.0,1834.0,Intel,Intel,,,,2010.0,6.0
CPU,2010-06-21,45.0,13.0,66.0,176.0,1834.0,Intel,Intel,,,,2010.0,6.0
CPU,2010-09-14,45.0,3.0,26.0,47.0,600.0,Intel,Intel,,,,2010.0,9.0
CPU,2010-09-14,45.0,3.0,26.0,47.0,600.0,Intel,Intel,,,,2010.0,9.0
CPU,2010-11-22,45.0,3.0,26.0,47.0,600.0,Intel,Intel,,,,2010.0,11.0
CPU,2010-11-22,45.0,3.0,26.0,47.0,600.0,Intel,Intel,,,,2010.0,11.0
CPU,2010-09-14,45.0,3.0,26.0,47.0,1000.0,Intel,Intel,,,,2010.0,9.0
CPU,2010-09-14,45.0,3.0,26.0,47.0,1000.0,Intel,Intel,,,,2010.0,9.0
CPU,2010-11-22,45.0,4.0,26.0,47.0,1000.0,Intel,Intel,,,,2010.0,11.0
CPU,2010-11-22,45.0,4.0,26.0,47.0,1000.0,Intel,Intel,,,,2010.0,11.0
CPU,2010-09-14,45.0,3.0,26.0,47.0,1300.0,Intel,Intel,,,,2010.0,9.0
CPU,2010-09-14,45.0,3.0,26.0,47.0,1300.0,Intel,Intel,,,,2010.0,9.0
CPU,2010-11-22,45.0,4.0,26.0,47.0,1300.0,Intel,Intel,,,,2010.0,11.0
CPU,2010-11-22,45.0,7.0,26.0,47.0,1300.0,Intel,Intel,,,,2010.0,11.0
CPU,2010-09-14,45.0,4.0,26.0,47.0,1600.0,Intel,Intel,,,,2010.0,9.0
CPU,2010-09-14,45.0,4.0,26.0,47.0,1600.0,Intel,Intel,,,,2010.0,9.0
CPU,2010-06-01,45.0,7.0,66.0,123.0,1667.0,Intel,Intel,,,,2010.0,6.0
CPU,2010-06-01,45.0,7.0,66.0,123.0,1834.0,Intel,Intel,,,,2010.0,6.0
CPU,2010-08-23,45.0,9.0,87.0,176.0,1500.0,Intel,Intel,,,,2010.0,8.0
CPU,2010-06-01,45.0,2.0,26.0,47.0,2133.0,Intel,Intel,,,,2010.0,6.0
CPU,2010-05-04,45.0,1.0,65.0,140.0,1200.0,Intel,Intel,,,,2010.0,5.0
CPU,2010-05-04,45.0,2.0,65.0,140.0,1000.0,Intel,Intel,,,,2010.0,5.0
CPU,2010-05-04,45.0,1.0,65.0,140.0,800.0,Intel,Intel,,,,2010.0,5.0
CPU,2010-05-04,45.0,1.0,65.0,140.0,900.0,Intel,Intel,,,,2010.0,5.0
CPU,2010-05-04,45.0,2.0,65.0,140.0,1600.0,Intel,Intel,,,,2010.0,5.0
CPU,2010-05-04,45.0,1.0,65.0,140.0,900.0,Intel,Intel,,,,2010.0,5.0
CPU,2010-05-04,45.0,2.0,65.0,140.0,1900.0,Intel,Intel,,,,2010.0,5.0
CPU,2010-05-31,45.0,300.0,684.0,2300.0,1200.0,Intel,Intel,,,,2010.0,5.0
CPU,2010-08-29,45.0,65.0,82.0,228.0,2700.0,Intel,Intel,,,,2010.0,8.0
CPU,2010-06-20,32.0,35.0,81.0,382.0,2400.0,Intel,Intel,,,,2010.0,6.0
CPU,2010-10-26,32.0,35.0,81.0,382.0,2534.0,Intel,Intel,,,,2010.0,10.0
CPU,2010-05-30,32.0,73.0,81.0,382.0,3200.0,Intel,Intel,,,,2010.0,5.0
CPU,2010-08-29,32.0,73.0,81.0,382.0,3333.0,Intel,Intel,,,,2010.0,8.0
CPU,2010-09-26,32.0,35.0,81.0,382.0,2400.0,Intel,Intel,,,,2010.0,9.0
CPU,2010-09-26,32.0,35.0,81.0,382.0,2534.0,Intel,Intel,,,,2010.0,9.0
CPU,2010-09-26,32.0,35.0,81.0,382.0,2667.0,Intel,Intel,,,,2010.0,9.0
CPU,2010-09-26,32.0,35.0,81.0,382.0,2667.0,Intel,Intel,,,,2010.0,9.0
CPU,2010-05-30,32.0,73.0,81.0,382.0,3200.0,Intel,Intel,,,,2010.0,5.0
CPU,2010-04-19,32.0,73.0,81.0,382.0,3600.0,Intel,Intel,,,,2010.0,4.0
CPU,2010-07-18,45.0,95.0,296.0,774.0,2800.0,Intel,Intel,,,,2010.0,7.0
CPU,2010-09-26,32.0,35.0,81.0,382.0,2800.0,Intel,Intel,,,,2010.0,9.0
CPU,2010-09-26,32.0,35.0,81.0,382.0,2800.0,Intel,Intel,,,,2010.0,9.0
CPU,2010-08-02,32.0,18.0,81.0,382.0,1333.0,Intel,Intel,,,,2010.0,8.0
CPU,2010-05-24,32.0,18.0,81.0,382.0,1333.0,Intel,Intel,,,,2010.0,5.0
CPU,2010-09-26,32.0,18.0,81.0,382.0,1467.0,Intel,Intel,,,,2010.0,9.0
CPU,2010-06-20,45.0,45.0,296.0,774.0,1733.0,Intel,Intel,,,,2010.0,6.0
CPU,2010-06-20,45.0,45.0,296.0,774.0,1867.0,Intel,Intel,,,,2010.0,6.0
CPU,2010-07-19,45.0,82.0,296.0,774.0,2666.0,Intel,Intel,,,,2010.0,7.0
CPU,2010-05-30,45.0,95.0,296.0,774.0,2933.0,Intel,Intel,,,,2010.0,5.0
CPU,2010-05-30,45.0,95.0,296.0,774.0,3066.0,Intel,Intel,,,,2010.0,5.0
CPU,2010-06-20,45.0,55.0,296.0,774.0,2133.0,Intel,Intel,,,,2010.0,6.0
CPU,2010-07-19,32.0,130.0,239.0,1170.0,3200.0,Intel,Intel,,,,2010.0,7.0
CPU,2010-04-18,45.0,65.0,82.0,228.0,2800.0,Intel,Intel,,,,2010.0,4.0
CPU,2010-08-08,45.0,65.0,82.0,228.0,3000.0,Intel,Intel,,,,2010.0,8.0
CPU,2010-11-28,45.0,65.0,82.0,228.0,3200.0,Intel,Intel,,,,2010.0,11.0
CPU,2010-05-30,45.0,65.0,82.0,228.0,3200.0,Intel,Intel,,,,2010.0,5.0
CPU,2010-08-29,45.0,65.0,82.0,228.0,3333.0,Intel,Intel,,,,2010.0,8.0
CPU,2010-09-01,32.0,73.0,81.0,382.0,2800.0,Intel,Intel,,,,2010.0,9.0
CPU,2010-06-20,32.0,35.0,81.0,384.0,1877.0,Intel,Intel,,,,2010.0,6.0
CPU,2010-09-26,32.0,35.0,81.0,384.0,2000.0,Intel,Intel,,,,2010.0,9.0
CPU,2010-09-26,32.0,35.0,81.0,384.0,2133.0,Intel,Intel,,,,2010.0,9.0
CPU,2010-05-25,32.0,18.0,81.0,384.0,1200.0,Intel,Intel,,,,2010.0,5.0
CPU,2010-08-29,32.0,130.0,239.0,1170.0,3200.0,Intel,Intel,,,,2010.0,8.0
CPU,2011-09-07,32.0,65.0,228.0,1178.0,2500.0,Unknown,AMD,,,,2011.0,9.0
CPU,2011-06-14,32.0,35.0,228.0,1178.0,1900.0,Unknown,AMD,,,,2011.0,6.0
CPU,2011-06-14,32.0,35.0,228.0,1178.0,1900.0,Unknown,AMD,,,,2011.0,6.0
CPU,2011-06-14,32.0,35.0,228.0,1178.0,2100.0,Unknown,AMD,,,,2011.0,6.0
CPU,2011-12-20,32.0,35.0,228.0,1178.0,2000.0,Unknown,AMD,,,,2011.0,12.0
CPU,2011-12-20,32.0,45.0,228.0,1178.0,2200.0,Unknown,AMD,,,,2011.0,12.0
CPU,2011-09-07,32.0,65.0,228.0,1178.0,2700.0,Unknown,AMD,,,,2011.0,9.0
CPU,2011-12-20,32.0,65.0,228.0,1178.0,2800.0,Unknown,AMD,,,,2011.0,12.0
CPU,2011-06-14,32.0,35.0,228.0,1178.0,1400.0,Unknown,AMD,,,,2011.0,6.0
CPU,2011-06-14,32.0,45.0,228.0,1178.0,1600.0,Unknown,AMD,,,,2011.0,6.0
CPU,2011-12-20,32.0,35.0,228.0,1178.0,1500.0,Unknown,AMD,,,,2011.0,12.0
CPU,2011-12-20,32.0,45.0,228.0,1178.0,1700.0,Unknown,AMD,,,,2011.0,12.0
CPU,2011-08-17,32.0,65.0,228.0,1178.0,2100.0,Unknown,AMD,,,,2011.0,8.0
CPU,2011-06-30,32.0,65.0,228.0,1178.0,2100.0,GlobalFoundries,AMD,,,,2011.0,6.0
CPU,2011-12-20,32.0,65.0,228.0,1178.0,2200.0,GlobalFoundries,AMD,,,,2011.0,12.0
CPU,2011-06-30,32.0,100.0,228.0,1178.0,2600.0,GlobalFoundries,AMD,,,,2011.0,6.0
CPU,2011-12-20,32.0,100.0,228.0,1178.0,2700.0,GlobalFoundries,AMD,,,,2011.0,12.0
CPU,2011-06-14,32.0,35.0,228.0,1178.0,1500.0,Unknown,AMD,,,,2011.0,6.0
CPU,2011-06-14,32.0,45.0,228.0,1178.0,1800.0,Unknown,AMD,,,,2011.0,6.0
CPU,2011-12-20,32.0,35.0,228.0,1178.0,1600.0,Unknown,AMD,,,,2011.0,12.0
CPU,2011-06-14,32.0,45.0,228.0,1178.0,1900.0,Unknown,AMD,,,,2011.0,6.0
CPU,2011-12-20,32.0,45.0,228.0,1178.0,2000.0,Unknown,AMD,,,,2011.0,12.0
CPU,2011-06-30,32.0,65.0,228.0,1178.0,2400.0,GlobalFoundries,AMD,,,,2011.0,6.0
CPU,2011-12-20,32.0,65.0,228.0,1178.0,2500.0,GlobalFoundries,AMD,,,,2011.0,12.0
CPU,2011-06-30,32.0,100.0,228.0,1178.0,2900.0,GlobalFoundries,AMD,,,,2011.0,6.0
CPU,2011-12-20,32.0,100.0,228.0,1178.0,3000.0,GlobalFoundries,AMD,,,,2011.0,12.0
CPU,2011-07-01,45.0,65.0,117.0,410.0,3400.0,Unknown,AMD,,,,2011.0,7.0
CPU,2011-08-17,32.0,100.0,228.0,1178.0,2600.0,GlobalFoundries,AMD,,,,2011.0,8.0
CPU,2011-11-14,32.0,100.0,228.0,1178.0,3000.0,GlobalFoundries,AMD,,,,2011.0,11.0
CPU,2011-11-14,32.0,100.0,228.0,1178.0,3000.0,GlobalFoundries,AMD,,,,2011.0,11.0
CPU,2011-08-22,40.0,9.0,75.0,731.0,1000.0,Unknown,AMD,,,,2011.0,8.0
CPU,2011-08-22,40.0,18.0,75.0,731.0,1300.0,Unknown,AMD,,,,2011.0,8.0
CPU,2011-08-22,40.0,18.0,75.0,731.0,1650.0,Unknown,AMD,,,,2011.0,8.0
CPU,2011-12-20,32.0,35.0,228.0,1178.0,1800.0,Unknown,AMD,,,,2011.0,12.0
CPU,2011-09-07,32.0,65.0,228.0,1178.0,2400.0,Unknown,AMD,,,,2011.0,9.0
CPU,2011-10-12,32.0,95.0,315.0,1200.0,3600.0,Unknown,AMD,,,,2011.0,10.0
CPU,2011-10-12,32.0,95.0,315.0,1200.0,3300.0,Unknown,AMD,,,,2011.0,10.0
CPU,2011-10-12,32.0,95.0,315.0,1200.0,2800.0,Unknown,AMD,,,,2011.0,10.0
CPU,2011-10-12,32.0,125.0,315.0,1200.0,3100.0,Unknown,AMD,,,,2011.0,10.0
CPU,2011-10-12,32.0,125.0,315.0,1200.0,3600.0,Unknown,AMD,,,,2011.0,10.0
CPU,2011-11-14,32.0,85.0,316.0,2400.0,1600.0,Unknown,AMD,,,,2011.0,11.0
CPU,2011-11-14,32.0,115.0,316.0,2400.0,2100.0,Unknown,AMD,,,,2011.0,11.0
CPU,2011-11-14,32.0,115.0,316.0,2400.0,2200.0,Unknown,AMD,,,,2011.0,11.0
CPU,2011-11-14,32.0,115.0,316.0,2400.0,2300.0,Unknown,AMD,,,,2011.0,11.0
CPU,2011-11-14,32.0,140.0,316.0,2400.0,2600.0,Unknown,AMD,,,,2011.0,11.0
CPU,2011-07-01,45.0,95.0,346.0,904.0,2700.0,GlobalFoundries,AMD,,,,2011.0,7.0
CPU,2011-08-01,45.0,45.0,117.0,234.0,2600.0,Unknown,AMD,,,,2011.0,8.0
CPU,2011-11-01,32.0,10.0,66.0,176.0,1867.0,Intel,Intel,,,,2011.0,11.0
CPU,2011-11-01,32.0,10.0,66.0,176.0,1867.0,Intel,Intel,,,,2011.0,11.0
CPU,2011-11-01,32.0,10.0,66.0,176.0,2133.0,Intel,Intel,,,,2011.0,11.0
CPU,2011-12-01,32.0,4.0,66.0,176.0,1600.0,Intel,Intel,,,,2011.0,12.0
CPU,2011-12-01,32.0,7.0,66.0,176.0,1867.0,Intel,Intel,,,,2011.0,12.0
CPU,2011-07-01,32.0,17.0,131.0,504.0,1300.0,Intel,Intel,,,,2011.0,7.0
CPU,2011-07-01,32.0,17.0,131.0,504.0,1300.0,Intel,Intel,,,,2011.0,7.0
CPU,2011-06-19,32.0,17.0,131.0,504.0,1100.0,Intel,Intel,,,,2011.0,6.0
CPU,2011-07-01,32.0,17.0,131.0,504.0,1200.0,Intel,Intel,,,,2011.0,7.0
CPU,2011-06-19,32.0,35.0,131.0,504.0,1600.0,Intel,Intel,,,,2011.0,6.0
CPU,2011-06-19,32.0,35.0,131.0,504.0,1500.0,Intel,Intel,,,,2011.0,6.0
CPU,2011-07-01,32.0,35.0,131.0,504.0,1900.0,Intel,Intel,,,,2011.0,7.0
CPU,2011-09-04,32.0,35.0,131.0,504.0,1600.0,Intel,Intel,,,,2011.0,9.0
CPU,2011-12-12,32.0,35.0,131.0,504.0,1800.0,Intel,Intel,,,,2011.0,12.0
CPU,2011-09-04,32.0,65.0,131.0,504.0,2400.0,Intel,Intel,,,,2011.0,9.0
CPU,2011-09-04,32.0,35.0,131.0,504.0,2000.0,Intel,Intel,,,,2011.0,9.0
CPU,2011-09-04,32.0,65.0,131.0,504.0,2500.0,Intel,Intel,,,,2011.0,9.0
CPU,2011-09-04,32.0,35.0,131.0,504.0,2100.0,Intel,Intel,,,,2011.0,9.0
CPU,2011-09-04,32.0,35.0,131.0,504.0,2200.0,Intel,Intel,,,,2011.0,9.0
CPU,2011-06-01,32.0,65.0,131.0,504.0,3100.0,Intel,Intel,,,,2011.0,6.0
CPU,2011-09-04,32.0,35.0,131.0,504.0,2600.0,Intel,Intel,,,,2011.0,9.0
CPU,2011-09-04,32.0,65.0,131.0,504.0,3300.0,Intel,Intel,,,,2011.0,9.0
CPU,2011-09-04,32.0,65.0,131.0,504.0,3400.0,Intel,Intel,,,,2011.0,9.0
CPU,2011-09-01,32.0,35.0,149.0,624.0,2100.0,Intel,Intel,,,,2011.0,9.0
CPU,2011-09-01,32.0,35.0,149.0,624.0,2200.0,Intel,Intel,,,,2011.0,9.0
CPU,2011-10-01,32.0,35.0,149.0,624.0,2300.0,Intel,Intel,,,,2011.0,10.0
CPU,2011-10-01,32.0,17.0,149.0,624.0,1400.0,Intel,Intel,,,,2011.0,10.0
CPU,2011-09-04,32.0,95.0,216.0,1160.0,3000.0,Intel,Intel,,,,2011.0,9.0
CPU,2011-09-01,32.0,35.0,149.0,624.0,2300.0,Intel,Intel,,,,2011.0,9.0
CPU,2011-10-01,32.0,35.0,149.0,624.0,2400.0,Intel,Intel,,,,2011.0,10.0
CPU,2011-10-01,32.0,35.0,149.0,624.0,2400.0,Intel,Intel,,,,2011.0,10.0
CPU,2011-09-01,32.0,35.0,149.0,624.0,2400.0,Intel,Intel,,,,2011.0,9.0
CPU,2011-09-01,32.0,35.0,149.0,624.0,2400.0,Intel,Intel,,,,2011.0,9.0
CPU,2011-10-12,32.0,45.0,216.0,1160.0,2200.0,Intel,Intel,,,,2011.0,10.0
CPU,2011-10-12,32.0,45.0,216.0,1160.0,2200.0,Intel,Intel,,,,2011.0,10.0
CPU,2011-10-24,32.0,95.0,216.0,1160.0,3500.0,Intel,Intel,,,,2011.0,10.0
CPU,2011-09-04,32.0,45.0,216.0,1160.0,2400.0,Intel,Intel,,,,2011.0,9.0
CPU,2011-09-04,32.0,45.0,216.0,1160.0,2400.0,Intel,Intel,,,,2011.0,9.0
CPU,2011-09-04,32.0,45.0,216.0,1160.0,2500.0,Intel,Intel,,,,2011.0,9.0
CPU,2011-09-04,32.0,45.0,216.0,1160.0,2500.0,Intel,Intel,,,,2011.0,9.0
CPU,2011-09-04,32.0,55.0,216.0,1160.0,2700.0,Intel,Intel,,,,2011.0,9.0
CPU,2011-11-14,32.0,130.0,435.0,2270.0,3200.0,Intel,Intel,,,,2011.0,11.0
CPU,2011-11-14,32.0,130.0,435.0,2270.0,3300.0,Intel,Intel,,,,2011.0,11.0
CPU,2011-06-26,32.0,130.0,239.0,1170.0,3333.0,Intel,Intel,,,,2011.0,6.0
CPU,2011-11-21,32.0,15.0,131.0,504.0,1200.0,Intel,Intel,,,,2011.0,11.0
CPU,2011-06-19,32.0,17.0,131.0,504.0,1200.0,Intel,Intel,,,,2011.0,6.0
CPU,2011-10-02,32.0,17.0,131.0,504.0,1300.0,Intel,Intel,,,,2011.0,10.0
CPU,2011-06-19,32.0,35.0,131.0,504.0,2000.0,Intel,Intel,,,,2011.0,6.0
CPU,2011-06-19,32.0,35.0,131.0,504.0,2100.0,Intel,Intel,,,,2011.0,6.0
CPU,2011-10-02,32.0,35.0,131.0,504.0,2200.0,Intel,Intel,,,,2011.0,10.0
CPU,2011-09-04,32.0,65.0,131.0,504.0,2700.0,Intel,Intel,,,,2011.0,9.0
CPU,2011-09-04,32.0,35.0,131.0,504.0,2300.0,Intel,Intel,,,,2011.0,9.0
CPU,2011-09-04,32.0,65.0,131.0,504.0,2700.0,Intel,Intel,,,,2011.0,9.0
CPU,2011-09-04,32.0,65.0,131.0,504.0,3000.0,Intel,Intel,,,,2011.0,9.0
CPU,2012-10-02,32.0,65.0,246.0,1303.0,3400.0,GlobalFoundries,AMD,,,,2012.0,10.0
CPU,2012-10-02,32.0,100.0,246.0,1303.0,3800.0,GlobalFoundries,AMD,,,,2012.0,10.0
CPU,2012-10-02,32.0,100.0,246.0,1303.0,3800.0,GlobalFoundries,AMD,,,,2012.0,10.0
CPU,2012-09-27,32.0,17.0,246.0,1303.0,1900.0,GlobalFoundries,AMD,,,,2012.0,9.0
CPU,2012-10-02,32.0,65.0,246.0,1303.0,3400.0,GlobalFoundries,AMD,,,,2012.0,10.0
CPU,2012-10-02,32.0,65.0,246.0,1303.0,3400.0,GlobalFoundries,AMD,,,,2012.0,10.0
CPU,2012-10-02,32.0,65.0,246.0,1303.0,3600.0,GlobalFoundries,AMD,,,,2012.0,10.0
CPU,2012-10-02,32.0,65.0,246.0,1303.0,3600.0,GlobalFoundries,AMD,,,,2012.0,10.0
CPU,2012-09-27,32.0,19.0,246.0,1303.0,1600.0,GlobalFoundries,AMD,,,,2012.0,9.0
CPU,2012-10-02,32.0,65.0,246.0,1303.0,3200.0,GlobalFoundries,AMD,,,,2012.0,10.0
CPU,2012-10-02,32.0,65.0,246.0,1303.0,3200.0,GlobalFoundries,AMD,,,,2012.0,10.0
CPU,2012-10-02,32.0,100.0,246.0,1303.0,3600.0,GlobalFoundries,AMD,,,,2012.0,10.0
CPU,2012-10-02,32.0,65.0,246.0,1303.0,3200.0,GlobalFoundries,AMD,,,,2012.0,10.0
CPU,2012-10-02,32.0,65.0,246.0,1303.0,2800.0,GlobalFoundries,AMD,,,,2012.0,10.0
CPU,2012-10-02,32.0,65.0,246.0,1303.0,3200.0,GlobalFoundries,AMD,,,,2012.0,10.0
CPU,2012-10-02,32.0,100.0,246.0,1303.0,3400.0,GlobalFoundries,AMD,,,,2012.0,10.0
CPU,2012-09-01,40.0,9.0,75.0,731.0,1000.0,Unknown,AMD,,,,2012.0,9.0
CPU,2012-10-23,32.0,95.0,315.0,1200.0,3900.0,Unknown,AMD,,,,2012.0,10.0
CPU,2012-10-23,32.0,95.0,315.0,1200.0,3800.0,Unknown,AMD,,,,2012.0,10.0
CPU,2012-10-23,32.0,95.0,315.0,1200.0,3800.0,GlobalFoundries,AMD,,,,2012.0,10.0
CPU,2012-10-23,32.0,95.0,315.0,1200.0,4000.0,Unknown,AMD,,,,2012.0,10.0
CPU,2012-10-23,32.0,95.0,315.0,1200.0,3600.0,Unknown,AMD,,,,2012.0,10.0
CPU,2012-10-23,32.0,95.0,315.0,1200.0,3600.0,Unknown,AMD,,,,2012.0,10.0
CPU,2012-10-23,32.0,95.0,315.0,1200.0,3500.0,GlobalFoundries,AMD,,,,2012.0,10.0
CPU,2012-10-23,32.0,95.0,315.0,1200.0,3200.0,Unknown,AMD,,,,2012.0,10.0
CPU,2012-10-23,32.0,125.0,315.0,1200.0,3900.0,Unknown,AMD,,,,2012.0,10.0
CPU,2012-10-23,32.0,95.0,315.0,1200.0,3300.0,Unknown,AMD,,,,2012.0,10.0
CPU,2012-10-23,32.0,125.0,315.0,1200.0,3500.0,GlobalFoundries,AMD,,,,2012.0,10.0
CPU,2012-10-23,32.0,125.0,315.0,1200.0,4000.0,GlobalFoundries,AMD,,,,2012.0,10.0
CPU,2012-08-07,32.0,100.0,246.0,1303.0,3800.0,GlobalFoundries,AMD,,,,2012.0,8.0
CPU,2012-12-04,32.0,25.0,315.0,1200.0,1900.0,Unknown,AMD,,,,2012.0,12.0
CPU,2012-12-04,32.0,45.0,315.0,1200.0,2800.0,Unknown,AMD,,,,2012.0,12.0
CPU,2012-12-04,32.0,65.0,315.0,1200.0,2600.0,Unknown,AMD,,,,2012.0,12.0
CPU,2012-12-04,32.0,35.0,315.0,1200.0,2200.0,Unknown,AMD,,,,2012.0,12.0
CPU,2012-12-04,32.0,65.0,315.0,1200.0,3000.0,Unknown,AMD,,,,2012.0,12.0
CPU,2012-12-04,32.0,95.0,315.0,1200.0,3100.0,Unknown,AMD,,,,2012.0,12.0
CPU,2012-12-04,32.0,95.0,315.0,1200.0,3500.0,Unknown,AMD,,,,2012.0,12.0
CPU,2012-12-04,32.0,65.0,315.0,1200.0,2600.0,Unknown,AMD,,,,2012.0,12.0
CPU,2012-12-04,32.0,95.0,315.0,1200.0,3100.0,Unknown,AMD,,,,2012.0,12.0
CPU,2012-12-04,32.0,35.0,315.0,1200.0,2200.0,Unknown,AMD,,,,2012.0,12.0
CPU,2012-12-04,32.0,65.0,315.0,1200.0,2600.0,Unknown,AMD,,,,2012.0,12.0
CPU,2012-11-05,32.0,115.0,171.0,2400.0,2800.0,GlobalFoundries,AMD,,,,2012.0,11.0
CPU,2012-11-05,32.0,85.0,315.0,2400.0,1800.0,Unknown,AMD,,,,2012.0,11.0
CPU,2012-11-05,32.0,115.0,315.0,2400.0,2300.0,Unknown,AMD,,,,2012.0,11.0
CPU,2012-11-05,32.0,115.0,315.0,2400.0,2400.0,Unknown,AMD,,,,2012.0,11.0
CPU,2012-11-05,32.0,115.0,315.0,2400.0,2500.0,Unknown,AMD,,,,2012.0,11.0
CPU,2012-11-05,32.0,140.0,315.0,2400.0,2800.0,Unknown,AMD,,,,2012.0,11.0
CPU,,32.0,65.0,246.0,1303.0,2900.0,GlobalFoundries,AMD,,,,,
CPU,2012-10-09,40.0,5.0,171.0,731.0,1000.0,Unknown,AMD,,,,2012.0,10.0
CPU,2012-12-11,32.0,8.0,171.0,731.0,1600.0,Intel,Intel,,,,2012.0,12.0
CPU,2012-12-11,32.0,6.0,171.0,731.0,1600.0,Intel,Intel,,,,2012.0,12.0
CPU,2012-12-11,32.0,9.0,171.0,731.0,2000.0,Intel,Intel,,,,2012.0,12.0
CPU,2012-09-27,32.0,3.0,65.0,140.0,1800.0,Intel,Intel,,,,2012.0,9.0
CPU,2012-09-01,32.0,17.0,131.0,504.0,1500.0,Intel,Intel,,,,2012.0,9.0
CPU,2012-09-01,32.0,35.0,131.0,504.0,1800.0,Intel,Intel,,,,2012.0,9.0
CPU,2012-12-03,22.0,55.0,94.0,731.0,2600.0,Intel,Intel,,,,2012.0,12.0
CPU,2012-12-03,22.0,35.0,94.0,731.0,2300.0,Intel,Intel,,,,2012.0,12.0
CPU,2012-12-03,22.0,55.0,94.0,731.0,2700.0,Intel,Intel,,,,2012.0,12.0
CPU,2012-09-01,32.0,35.0,131.0,504.0,1900.0,Intel,Intel,,,,2012.0,9.0
CPU,2012-09-01,32.0,65.0,131.0,504.0,2700.0,Intel,Intel,,,,2012.0,9.0
CPU,2012-09-01,32.0,35.0,149.0,624.0,2200.0,Intel,Intel,,,,2012.0,9.0
CPU,2012-09-01,32.0,17.0,149.0,624.0,1500.0,Intel,Intel,,,,2012.0,9.0
CPU,2012-09-30,22.0,35.0,118.0,731.0,2500.0,Intel,Intel,,,,2012.0,9.0
CPU,2012-09-30,22.0,35.0,118.0,731.0,2500.0,Intel,Intel,,,,2012.0,9.0
CPU,2012-09-03,22.0,55.0,94.0,731.0,3300.0,Intel,Intel,,,,2012.0,9.0
CPU,2012-09-03,22.0,35.0,94.0,731.0,2800.0,Intel,Intel,,,,2012.0,9.0
CPU,2012-09-03,22.0,55.0,118.0,731.0,3300.0,Intel,Intel,,,,2012.0,9.0
CPU,2012-09-03,22.0,55.0,94.0,731.0,3400.0,Intel,Intel,,,,2012.0,9.0
CPU,2012-09-03,22.0,35.0,94.0,731.0,3000.0,Intel,Intel,,,,2012.0,9.0
CPU,2012-09-03,22.0,77.0,133.0,731.0,3000.0,Intel,Intel,,,,2012.0,9.0
CPU,2012-09-03,22.0,77.0,133.0,731.0,2700.0,Intel,Intel,,,,2012.0,9.0
CPU,2012-11-01,22.0,65.0,160.0,1480.0,2700.0,Intel,Intel,,,,2012.0,11.0
CPU,2012-09-03,22.0,69.0,133.0,731.0,3100.0,Intel,Intel,,,,2012.0,9.0
CPU,2012-11-01,22.0,35.0,160.0,731.0,2800.0,Intel,Intel,,,,2012.0,11.0
CPU,2012-11-01,22.0,35.0,160.0,1480.0,2900.0,Intel,Intel,,,,2012.0,11.0
CPU,2012-09-30,22.0,45.0,160.0,1480.0,2400.0,Intel,Intel,,,,2012.0,9.0
CPU,2012-10-19,22.0,35.0,160.0,1480.0,2200.0,Intel,Intel,,,,2012.0,10.0
CPU,2012-10-19,22.0,35.0,160.0,1480.0,2200.0,Intel,Intel,,,,2012.0,10.0
CPU,2012-09-01,22.0,45.0,160.0,1480.0,2400.0,Intel,Intel,,,,2012.0,9.0
CPU,2012-09-03,22.0,45.0,160.0,1400.0,2700.0,Intel,Intel,,,,2012.0,9.0
CPU,2012-09-03,22.0,45.0,160.0,1400.0,2700.0,Intel,Intel,,,,2012.0,9.0
CPU,2012-09-03,22.0,45.0,160.0,1400.0,2800.0,Intel,Intel,,,,2012.0,9.0
CPU,2012-09-03,22.0,45.0,160.0,1400.0,2800.0,Intel,Intel,,,,2012.0,9.0
CPU,2012-09-03,22.0,55.0,160.0,1400.0,3000.0,Intel,Intel,,,,2012.0,9.0
CPU,2012-11-01,32.0,150.0,435.0,2270.0,3500.0,Intel,Intel,,,,2012.0,11.0
CPU,2012-09-01,22.0,35.0,118.0,1400.0,2400.0,Intel,Intel,,,,2012.0,9.0
CPU,2012-09-01,22.0,17.0,118.0,1400.0,1800.0,Intel,Intel,,,,2012.0,9.0
CPU,2012-09-01,22.0,17.0,118.0,1400.0,1800.0,Intel,Intel,,,,2012.0,9.0
CPU,2012-09-01,22.0,10.0,118.0,1400.0,1100.0,Intel,Intel,,,,2012.0,9.0
CPU,2012-09-01,32.0,17.0,131.0,504.0,1600.0,Intel,Intel,,,,2012.0,9.0
CPU,2012-09-01,32.0,35.0,131.0,504.0,2400.0,Intel,Intel,,,,2012.0,9.0
CPU,2012-09-03,22.0,35.0,94.0,731.0,2600.0,Intel,Intel,,,,2012.0,9.0
CPU,2012-09-03,22.0,55.0,94.0,731.0,3100.0,Intel,Intel,,,,2012.0,9.0
CPU,2012-09-02,32.0,65.0,131.0,504.0,2900.0,Intel,Intel,,,,2012.0,9.0
CPU,2012-09-02,32.0,35.0,131.0,504.0,2500.0,Intel,Intel,,,,2012.0,9.0
CPU,2012-11-12,22.0,300.0,350.0,5000.0,1053.0,Intel,Intel,,,,2012.0,11.0
CPU,2012-11-12,22.0,225.0,350.0,5000.0,1053.0,Intel,Intel,,,,2012.0,11.0
CPU,2012-11-12,22.0,300.0,350.0,5000.0,1250.0,Intel,Intel,,,,2012.0,11.0
CPU,2012-11-12,22.0,300.0,350.0,5000.0,1250.0,Intel,Intel,,,,2012.0,11.0
CPU,2012-11-12,22.0,300.0,350.0,5000.0,1100.0,Intel,Intel,,,,2012.0,11.0
CPU,2012-11-12,22.0,300.0,350.0,5000.0,1100.0,Intel,Intel,,,,2012.0,11.0
CPU,2013-09-16,32.0,45.0,246.0,1303.0,2500.0,GlobalFoundries,AMD,,,,2013.0,9.0
CPU,2013-10-28,32.0,100.0,246.0,1303.0,4000.0,GlobalFoundries,AMD,,,,2013.0,10.0
CPU,2013-10-28,32.0,100.0,246.0,1303.0,4000.0,GlobalFoundries,AMD,,,,2013.0,10.0
CPU,2013-10-18,28.0,8.0,107.0,731.0,1000.0,Unknown,AMD,,,,2013.0,10.0
CPU,,32.0,65.0,246.0,1303.0,3800.0,GlobalFoundries,AMD,,,,,
CPU,2013-09-16,32.0,45.0,246.0,1303.0,2100.0,GlobalFoundries,AMD,,,,2013.0,9.0
CPU,,32.0,65.0,246.0,1303.0,3400.0,GlobalFoundries,AMD,,,,,
CPU,2013-10-08,22.0,5.0,171.0,731.0,1467.0,Intel,Intel,,,,2013.0,10.0
CPU,2013-10-08,22.0,6.0,171.0,731.0,1333.0,Intel,Intel,,,,2013.0,10.0
CPU,2013-10-08,22.0,7.0,171.0,731.0,1467.0,Intel,Intel,,,,2013.0,10.0
CPU,2013-10-08,22.0,8.0,171.0,731.0,1750.0,Intel,Intel,,,,2013.0,10.0
CPU,2013-10-08,22.0,10.0,171.0,731.0,1910.0,Intel,Intel,,,,2013.0,10.0
CPU,2013-09-27,22.0,2.0,100.0,731.0,1333.0,Intel,Intel,,,,2013.0,9.0
CPU,2013-09-27,22.0,8.0,100.0,731.0,1467.0,Intel,Intel,,,,2013.0,9.0
CPU,2013-09-01,22.0,37.0,118.0,1400.0,2000.0,Intel,Intel,,,,2013.0,9.0
CPU,2013-09-01,22.0,37.0,118.0,1400.0,2000.0,Intel,Intel,,,,2013.0,9.0
CPU,2013-09-01,22.0,15.0,118.0,1400.0,1400.0,Intel,Intel,,,,2013.0,9.0
CPU,2013-09-01,22.0,15.0,118.0,1400.0,1400.0,Intel,Intel,,,,2013.0,9.0
CPU,2013-12-01,22.0,12.0,118.0,1400.0,1100.0,Intel,Intel,,,,2013.0,12.0
CPU,2013-09-01,22.0,15.0,118.0,1400.0,1600.0,Intel,Intel,,,,2013.0,9.0
CPU,2013-09-01,22.0,35.0,94.0,731.0,2400.0,Intel,Intel,,,,2013.0,9.0
CPU,2013-09-01,22.0,55.0,94.0,731.0,2800.0,Intel,Intel,,,,2013.0,9.0
CPU,2013-12-01,22.0,54.0,177.0,1400.0,2700.0,Intel,Intel,,,,2013.0,12.0
CPU,2013-12-01,22.0,54.0,177.0,1400.0,2400.0,Intel,Intel,,,,2013.0,12.0
CPU,2013-12-01,22.0,54.0,177.0,1400.0,2200.0,Intel,Intel,,,,2013.0,12.0
CPU,2013-12-01,22.0,54.0,177.0,1400.0,2800.0,Intel,Intel,,,,2013.0,12.0
CPU,2013-09-11,22.0,4.0,171.0,731.0,1463.0,Intel,Intel,,,,2013.0,9.0
CPU,2013-12-01,22.0,4.0,171.0,731.0,1580.0,Intel,Intel,,,,2013.0,12.0
CPU,2013-09-11,22.0,7.0,171.0,731.0,2000.0,Intel,Intel,,,,2013.0,9.0
CPU,2013-12-01,22.0,7.0,171.0,731.0,2170.0,Intel,Intel,,,,2013.0,12.0
CPU,2013-09-11,22.0,7.0,171.0,731.0,1600.0,Intel,Intel,,,,2013.0,9.0
CPU,2013-12-01,22.0,7.0,171.0,731.0,1860.0,Intel,Intel,,,,2013.0,12.0
CPU,2013-09-04,22.0,37.0,118.0,1400.0,2400.0,Intel,Intel,,,,2013.0,9.0
CPU,2013-09-04,22.0,15.0,118.0,1400.0,1700.0,Intel,Intel,,,,2013.0,9.0
CPU,2013-09-04,22.0,37.0,118.0,1400.0,2400.0,Intel,Intel,,,,2013.0,9.0
CPU,2013-09-04,22.0,25.0,118.0,1400.0,1600.0,Intel,Intel,,,,2013.0,9.0
CPU,2013-09-01,22.0,54.0,177.0,1400.0,3400.0,Intel,Intel,,,,2013.0,9.0
CPU,2013-09-01,22.0,35.0,177.0,1400.0,2900.0,Intel,Intel,,,,2013.0,9.0
CPU,2013-09-01,22.0,54.0,177.0,1400.0,3500.0,Intel,Intel,,,,2013.0,9.0
CPU,2013-09-01,22.0,35.0,177.0,1400.0,3000.0,Intel,Intel,,,,2013.0,9.0
CPU,2013-09-01,22.0,54.0,177.0,1400.0,3600.0,Intel,Intel,,,,2013.0,9.0
CPU,2013-09-01,22.0,37.0,118.0,1400.0,2600.0,Intel,Intel,,,,2013.0,9.0
CPU,2013-09-01,22.0,37.0,118.0,1400.0,2800.0,Intel,Intel,,,,2013.0,9.0
CPU,2013-09-01,22.0,84.0,177.0,1400.0,3100.0,Intel,Intel,,,,2013.0,9.0
CPU,2013-09-01,22.0,65.0,177.0,1400.0,2800.0,Intel,Intel,,,,2013.0,9.0
CPU,2013-07-24,32.0,130.0,435.0,2270.0,3000.0,Intel,Intel,,,,2013.0,7.0
CPU,2013-09-01,22.0,37.0,131.0,960.0,2900.0,Intel,Intel,,,,2013.0,9.0
CPU,2013-09-01,22.0,15.0,118.0,1300.0,2100.0,Intel,Intel,,,,2013.0,9.0
CPU,2013-09-01,22.0,84.0,177.0,1400.0,3500.0,Intel,Intel,,,,2013.0,9.0
CPU,2013-09-01,22.0,130.0,257.0,1860.0,3700.0,Intel,Intel,,,,2013.0,9.0
CPU,2013-08-29,22.0,47.0,264.0,1400.0,1600.0,Intel,Intel,,,,2013.0,8.0
CPU,2013-08-29,22.0,47.0,264.0,1400.0,1800.0,Intel,Intel,,,,2013.0,8.0
CPU,2013-09-01,22.0,130.0,257.0,1860.0,3400.0,Intel,Intel,,,,2013.0,9.0
CPU,2013-09-01,22.0,47.0,264.0,1400.0,2600.0,Intel,Intel,,,,2013.0,9.0
CPU,2013-09-03,22.0,130.0,257.0,1860.0,3600.0,Intel,Intel,,,,2013.0,9.0
CPU,2013-09-01,22.0,47.0,264.0,1400.0,2800.0,Intel,Intel,,,,2013.0,9.0
CPU,2013-09-01,22.0,37.0,118.0,1400.0,2300.0,Intel,Intel,,,,2013.0,9.0
CPU,2013-09-01,22.0,15.0,118.0,1400.0,1700.0,Intel,Intel,,,,2013.0,9.0
CPU,2013-09-01,22.0,12.0,118.0,1400.0,1200.0,Intel,Intel,,,,2013.0,9.0
CPU,2013-09-01,22.0,54.0,177.0,1400.0,3000.0,Intel,Intel,,,,2013.0,9.0
CPU,2013-09-01,22.0,35.0,177.0,1400.0,2600.0,Intel,Intel,,,,2013.0,9.0
CPU,2013-09-01,22.0,54.0,177.0,1400.0,3200.0,Intel,Intel,,,,2013.0,9.0
CPU,2013-09-01,22.0,35.0,177.0,1400.0,2700.0,Intel,Intel,,,,2013.0,9.0
CPU,2013-09-01,22.0,54.0,177.0,1400.0,3300.0,Intel,Intel,,,,2013.0,9.0
CPU,2013-09-01,22.0,13.0,160.0,1400.0,1100.0,Intel,Intel,,,,2013.0,9.0
CPU,2013-09-10,22.0,130.0,257.0,1860.0,3000.0,Intel,Intel,,,,2013.0,9.0
CPU,2013-09-10,22.0,130.0,257.0,1860.0,3700.0,Intel,Intel,,,,2013.0,9.0
CPU,2013-09-10,22.0,130.0,257.0,1860.0,3500.0,Intel,Intel,,,,2013.0,9.0
CPU,2013-09-10,22.0,130.0,257.0,1860.0,3700.0,Intel,Intel,,,,2013.0,9.0
CPU,2013-09-10,22.0,130.0,341.0,2800.0,3000.0,Intel,Intel,,,,2013.0,9.0
CPU,2013-09-01,22.0,80.0,160.0,1400.0,1800.0,Intel,Intel,,,,2013.0,9.0
CPU,2013-09-01,22.0,80.0,160.0,1400.0,2400.0,Intel,Intel,,,,2013.0,9.0
CPU,2013-09-01,22.0,80.0,160.0,1400.0,2200.0,Intel,Intel,,,,2013.0,9.0
CPU,2013-09-01,22.0,80.0,160.0,1400.0,2500.0,Intel,Intel,,,,2013.0,9.0
CPU,2013-09-01,22.0,95.0,160.0,1400.0,1900.0,Intel,Intel,,,,2013.0,9.0
CPU,2013-09-01,22.0,95.0,160.0,1400.0,2500.0,Intel,Intel,,,,2013.0,9.0
CPU,2013-09-01,22.0,95.0,160.0,1400.0,2400.0,Intel,Intel,,,,2013.0,9.0
CPU,2013-09-01,22.0,80.0,160.0,1400.0,1800.0,Intel,Intel,,,,2013.0,9.0
CPU,2013-09-01,22.0,80.0,160.0,1400.0,2500.0,Intel,Intel,,,,2013.0,9.0
CPU,2013-09-01,22.0,80.0,160.0,1400.0,2100.0,Intel,Intel,,,,2013.0,9.0
CPU,2013-09-01,22.0,80.0,160.0,1400.0,2600.0,Intel,Intel,,,,2013.0,9.0
CPU,2013-09-01,22.0,60.0,160.0,1400.0,2400.0,Intel,Intel,,,,2013.0,9.0
CPU,2013-09-01,22.0,130.0,160.0,1400.0,3500.0,Intel,Intel,,,,2013.0,9.0
CPU,2013-09-01,22.0,95.0,160.0,1400.0,2000.0,Intel,Intel,,,,2013.0,9.0
CPU,2013-09-01,22.0,130.0,160.0,1400.0,3500.0,Intel,Intel,,,,2013.0,9.0
CPU,2013-09-01,22.0,95.0,160.0,1400.0,2600.0,Intel,Intel,,,,2013.0,9.0
CPU,2013-09-01,22.0,70.0,160.0,1400.0,1700.0,Intel,Intel,,,,2013.0,9.0
CPU,2013-09-01,22.0,95.0,160.0,1400.0,2200.0,Intel,Intel,,,,2013.0,9.0
CPU,2013-09-01,22.0,130.0,160.0,1400.0,3300.0,Intel,Intel,,,,2013.0,9.0
CPU,2013-09-01,22.0,115.0,160.0,1400.0,2500.0,Intel,Intel,,,,2013.0,9.0
CPU,2013-09-01,22.0,115.0,160.0,1400.0,2800.0,Intel,Intel,,,,2013.0,9.0
CPU,2013-09-01,22.0,130.0,160.0,1400.0,3400.0,Intel,Intel,,,,2013.0,9.0
CPU,2013-09-01,22.0,130.0,160.0,1400.0,3000.0,Intel,Intel,,,,2013.0,9.0
CPU,2013-09-01,22.0,100.0,160.0,1400.0,2200.0,Intel,Intel,,,,2013.0,9.0
CPU,2013-09-01,22.0,115.0,160.0,1400.0,2400.0,Intel,Intel,,,,2013.0,9.0
CPU,2013-09-01,22.0,130.0,160.0,1400.0,2700.0,Intel,Intel,,,,2013.0,9.0
CPU,2013-06-17,22.0,300.0,350.0,5000.0,1100.0,Intel,Intel,,,,2013.0,6.0
CPU,2013-06-17,22.0,300.0,350.0,5000.0,1100.0,Intel,Intel,,,,2013.0,6.0
CPU,2013-06-17,22.0,270.0,350.0,5000.0,1100.0,Intel,Intel,,,,2013.0,6.0
CPU,2013-06-17,22.0,245.0,350.0,5000.0,1053.0,Intel,Intel,,,,2013.0,6.0
CPU,2013-06-17,22.0,300.0,350.0,5000.0,1238.0,Intel,Intel,,,,2013.0,6.0
CPU,2014-07-31,28.0,65.0,245.0,2411.0,3500.0,GlobalFoundries,AMD,,,,2014.0,7.0
CPU,2014-07-31,28.0,95.0,245.0,2411.0,3700.0,GlobalFoundries,AMD,,,,2014.0,7.0
CPU,2014-07-31,28.0,65.0,245.0,2411.0,3500.0,GlobalFoundries,AMD,,,,2014.0,7.0
CPU,,32.0,65.0,246.0,1303.0,3800.0,GlobalFoundries,AMD,,,,,
CPU,2014-07-31,28.0,65.0,245.0,2411.0,3400.0,GlobalFoundries,AMD,,,,2014.0,7.0
CPU,,32.0,65.0,246.0,1303.0,3800.0,GlobalFoundries,AMD,,,,,
CPU,2014-07-31,28.0,65.0,245.0,2411.0,3500.0,GlobalFoundries,AMD,,,,2014.0,7.0
CPU,2014-07-31,28.0,65.0,245.0,2411.0,3500.0,GlobalFoundries,AMD,,,,2014.0,7.0
CPU,2014-07-31,28.0,65.0,245.0,2411.0,3100.0,GlobalFoundries,AMD,,,,2014.0,7.0
CPU,2014-07-31,28.0,65.0,245.0,2411.0,3100.0,GlobalFoundries,AMD,,,,2014.0,7.0
CPU,2014-07-31,28.0,65.0,245.0,2411.0,3500.0,GlobalFoundries,AMD,,,,2014.0,7.0
CPU,2014-08-12,28.0,65.0,245.0,2411.0,3100.0,GlobalFoundries,AMD,,,,2014.0,8.0
CPU,2014-08-12,28.0,95.0,245.0,2411.0,3700.0,GlobalFoundries,AMD,,,,2014.0,8.0
CPU,,28.0,65.0,245.0,2411.0,3500.0,GlobalFoundries,AMD,,,,,
CPU,2014-09-02,32.0,95.0,315.0,1200.0,3200.0,Unknown,AMD,,,,2014.0,9.0
CPU,2014-09-02,32.0,125.0,315.0,1200.0,4000.0,Unknown,AMD,,,,2014.0,9.0
CPU,2014-09-02,32.0,95.0,315.0,1200.0,3300.0,Unknown,AMD,,,,2014.0,9.0
CPU,2014-08-30,14.0,7.0,171.0,731.0,1300.0,Intel,Intel,,,,2014.0,8.0
CPU,2014-08-30,14.0,10.0,171.0,731.0,1600.0,Intel,Intel,,,,2014.0,8.0
CPU,2014-08-30,14.0,12.0,171.0,731.0,1600.0,Intel,Intel,,,,2014.0,8.0
CPU,2014-05-22,22.0,4.0,171.0,731.0,1580.0,Intel,Intel,,,,2014.0,5.0
CPU,2014-05-22,22.0,7.0,171.0,731.0,2160.0,Intel,Intel,,,,2014.0,5.0
CPU,2014-05-22,22.0,7.0,171.0,731.0,1830.0,Intel,Intel,,,,2014.0,5.0
CPU,2014-09-05,14.0,5.0,50.0,731.0,800.0,Intel,Intel,,,,2014.0,9.0
CPU,2014-09-05,14.0,5.0,50.0,731.0,800.0,Intel,Intel,,,,2014.0,9.0
CPU,2014-10-27,14.0,5.0,50.0,731.0,800.0,Intel,Intel,,,,2014.0,10.0
CPU,2014-10-27,14.0,5.0,50.0,731.0,900.0,Intel,Intel,,,,2014.0,10.0
CPU,2014-10-27,14.0,5.0,50.0,731.0,1100.0,Intel,Intel,,,,2014.0,10.0
CPU,2014-09-05,14.0,5.0,50.0,731.0,1100.0,Intel,Intel,,,,2014.0,9.0
CPU,2014-10-27,14.0,5.0,50.0,731.0,1200.0,Intel,Intel,,,,2014.0,10.0
CPU,2014-07-21,22.0,54.0,177.0,1400.0,3600.0,Intel,Intel,,,,2014.0,7.0
CPU,2014-07-21,22.0,35.0,177.0,1400.0,3100.0,Intel,Intel,,,,2014.0,7.0
CPU,2014-07-21,22.0,35.0,177.0,1400.0,3200.0,Intel,Intel,,,,2014.0,7.0
CPU,2014-07-21,22.0,54.0,177.0,1400.0,3800.0,Intel,Intel,,,,2014.0,7.0
CPU,2014-06-02,22.0,88.0,177.0,1400.0,3500.0,Intel,Intel,,,,2014.0,6.0
CPU,2014-07-01,22.0,47.0,264.0,1400.0,2200.0,Intel,Intel,,,,2014.0,7.0
CPU,2014-07-01,22.0,47.0,264.0,1400.0,2500.0,Intel,Intel,,,,2014.0,7.0
CPU,2014-09-01,22.0,140.0,356.0,2600.0,3300.0,Intel,Intel,,,,2014.0,9.0
CPU,2014-09-01,22.0,140.0,356.0,2600.0,3500.0,Intel,Intel,,,,2014.0,9.0
CPU,2014-09-01,22.0,140.0,356.0,2600.0,3000.0,Intel,Intel,,,,2014.0,9.0
CPU,2014-07-21,22.0,54.0,177.0,1400.0,3200.0,Intel,Intel,,,,2014.0,7.0
CPU,2014-07-21,22.0,35.0,177.0,1400.0,2800.0,Intel,Intel,,,,2014.0,7.0
CPU,2014-06-02,22.0,54.0,131.0,960.0,3200.0,Intel,Intel,,,,2014.0,6.0
CPU,2014-07-21,22.0,35.0,177.0,1400.0,2900.0,Intel,Intel,,,,2014.0,7.0
CPU,2014-07-21,22.0,54.0,177.0,1400.0,3500.0,Intel,Intel,,,,2014.0,7.0
CPU,2014-05-11,22.0,84.0,160.0,1400.0,3300.0,Intel,Intel,,,,2014.0,5.0
CPU,2014-05-11,22.0,80.0,160.0,1400.0,3400.0,Intel,Intel,,,,2014.0,5.0
CPU,2014-05-11,22.0,25.0,160.0,1400.0,2000.0,Intel,Intel,,,,2014.0,5.0
CPU,2014-05-11,22.0,80.0,160.0,1400.0,3500.0,Intel,Intel,,,,2014.0,5.0
CPU,2014-09-08,22.0,140.0,356.0,2600.0,2800.0,Intel,Intel,,,,2014.0,9.0
CPU,2014-09-08,22.0,140.0,356.0,2600.0,3100.0,Intel,Intel,,,,2014.0,9.0
CPU,2014-09-08,22.0,140.0,356.0,2600.0,3500.0,Intel,Intel,,,,2014.0,9.0
CPU,2014-09-08,22.0,140.0,356.0,2600.0,3700.0,Intel,Intel,,,,2014.0,9.0
CPU,2014-09-08,22.0,140.0,356.0,2600.0,3500.0,Intel,Intel,,,,2014.0,9.0
CPU,2014-09-08,22.0,140.0,356.0,2600.0,3000.0,Intel,Intel,,,,2014.0,9.0
CPU,2014-09-08,22.0,140.0,356.0,2600.0,3200.0,Intel,Intel,,,,2014.0,9.0
CPU,2014-09-08,22.0,135.0,356.0,2600.0,2900.0,Intel,Intel,,,,2014.0,9.0
CPU,2014-09-08,22.0,135.0,356.0,2600.0,2600.0,Intel,Intel,,,,2014.0,9.0
CPU,2014-09-08,22.0,135.0,356.0,2600.0,2500.0,Intel,Intel,,,,2014.0,9.0
CPU,2014-09-08,22.0,85.0,356.0,2600.0,1600.0,Intel,Intel,,,,2014.0,9.0
CPU,2014-09-08,22.0,52.0,356.0,2600.0,2000.0,Intel,Intel,,,,2014.0,9.0
CPU,2014-09-08,22.0,85.0,356.0,2600.0,1900.0,Intel,Intel,,,,2014.0,9.0
CPU,2014-09-08,22.0,75.0,356.0,2600.0,2300.0,Intel,Intel,,,,2014.0,9.0
CPU,2014-09-08,22.0,85.0,356.0,2600.0,2400.0,Intel,Intel,,,,2014.0,9.0
CPU,2014-09-08,22.0,85.0,356.0,2600.0,2400.0,Intel,Intel,,,,2014.0,9.0
CPU,2014-09-08,22.0,105.0,356.0,2600.0,3000.0,Intel,Intel,,,,2014.0,9.0
CPU,2014-09-08,22.0,85.0,356.0,2600.0,2500.0,Intel,Intel,,,,2014.0,9.0
CPU,2014-09-08,22.0,75.0,356.0,2600.0,2000.0,Intel,Intel,,,,2014.0,9.0
CPU,2014-09-08,22.0,85.0,356.0,2600.0,2400.0,Intel,Intel,,,,2014.0,9.0
CPU,2014-09-08,22.0,85.0,356.0,2600.0,2400.0,Intel,Intel,,,,2014.0,9.0
CPU,2014-09-08,22.0,55.0,356.0,2600.0,1800.0,Intel,Intel,,,,2014.0,9.0
CPU,2014-09-08,22.0,135.0,356.0,2600.0,3500.0,Intel,Intel,,,,2014.0,9.0
CPU,2014-09-08,22.0,90.0,356.0,2600.0,2600.0,Intel,Intel,,,,2014.0,9.0
CPU,2014-09-08,22.0,135.0,356.0,2600.0,3400.0,Intel,Intel,,,,2014.0,9.0
CPU,2014-09-08,22.0,75.0,356.0,2600.0,1800.0,Intel,Intel,,,,2014.0,9.0
CPU,2014-09-08,22.0,105.0,356.0,2600.0,2300.0,Intel,Intel,,,,2014.0,9.0
CPU,2014-09-08,22.0,105.0,356.0,2600.0,2300.0,Intel,Intel,,,,2014.0,9.0
CPU,2014-09-08,22.0,65.0,356.0,2600.0,1800.0,Intel,Intel,,,,2014.0,9.0
CPU,2014-09-08,22.0,105.0,356.0,2600.0,2300.0,Intel,Intel,,,,2014.0,9.0
CPU,2014-09-08,22.0,105.0,356.0,2600.0,2200.0,Intel,Intel,,,,2014.0,9.0
CPU,2014-09-08,22.0,105.0,356.0,2600.0,2600.0,Intel,Intel,,,,2014.0,9.0
CPU,2014-09-08,22.0,105.0,356.0,2600.0,2800.0,Intel,Intel,,,,2014.0,9.0
CPU,2014-11-13,22.0,135.0,356.0,2600.0,2900.0,Intel,Intel,,,,2014.0,11.0
CPU,2014-09-08,22.0,135.0,356.0,2600.0,3200.0,Intel,Intel,,,,2014.0,9.0
CPU,2014-09-08,22.0,120.0,356.0,2600.0,2300.0,Intel,Intel,,,,2014.0,9.0
CPU,2014-09-08,22.0,105.0,356.0,2600.0,2400.0,Intel,Intel,,,,2014.0,9.0
CPU,2014-09-08,22.0,110.0,356.0,2600.0,1800.0,Intel,Intel,,,,2014.0,9.0
CPU,2014-09-08,22.0,120.0,356.0,2600.0,2500.0,Intel,Intel,,,,2014.0,9.0
CPU,2014-09-08,22.0,120.0,356.0,2600.0,2000.0,Intel,Intel,,,,2014.0,9.0
CPU,2014-09-08,22.0,120.0,356.0,2600.0,2600.0,Intel,Intel,,,,2014.0,9.0
CPU,2014-09-08,22.0,120.0,356.0,2600.0,2000.0,Intel,Intel,,,,2014.0,9.0
CPU,2014-09-08,22.0,160.0,356.0,2600.0,3100.0,Intel,Intel,,,,2014.0,9.0
CPU,2014-09-08,22.0,135.0,356.0,2600.0,2600.0,Intel,Intel,,,,2014.0,9.0
CPU,2014-09-08,22.0,165.0,356.0,2600.0,3000.0,Intel,Intel,,,,2014.0,9.0
CPU,,22.0,160.0,356.0,2600.0,2800.0,Intel,Intel,,,,,
CPU,2014-09-08,22.0,120.0,356.0,2600.0,2300.0,Intel,Intel,,,,2014.0,9.0
CPU,2014-09-08,22.0,145.0,622.0,5690.0,2300.0,Intel,Intel,,,,2014.0,9.0
CPU,2014-09-08,22.0,145.0,356.0,2600.0,2600.0,Intel,Intel,,,,2014.0,9.0
CPU,2014-09-08,22.0,135.0,356.0,2600.0,2300.0,Intel,Intel,,,,2014.0,9.0
CPU,2014-11-18,22.0,165.0,356.0,2600.0,2800.0,Intel,Intel,,,,2014.0,11.0
CPU,2014-09-08,22.0,145.0,356.0,2600.0,2300.0,Intel,Intel,,,,2014.0,9.0
CPU,2015-05-28,28.0,95.0,245.0,2411.0,3900.0,GlobalFoundries,AMD,,,,2015.0,5.0
CPU,2015-07-20,28.0,95.0,245.0,2411.0,3600.0,GlobalFoundries,AMD,,,,2015.0,7.0
CPU,,28.0,65.0,245.0,2411.0,3200.0,GlobalFoundries,AMD,,,,,
CPU,,28.0,95.0,245.0,2411.0,3900.0,GlobalFoundries,AMD,,,,,
CPU,,28.0,95.0,245.0,2411.0,4000.0,GlobalFoundries,AMD,,,,,
CPU,2015-12-15,32.0,125.0,315.0,1200.0,3600.0,Unknown,AMD,,,,2015.0,12.0
CPU,2015-09-29,28.0,95.0,245.0,2411.0,3600.0,GlobalFoundries,AMD,,,,2015.0,9.0
CPU,2015-09-29,28.0,95.0,245.0,2411.0,3900.0,GlobalFoundries,AMD,,,,2015.0,9.0
CPU,2015-09-29,28.0,65.0,245.0,2411.0,3500.0,GlobalFoundries,AMD,,,,2015.0,9.0
CPU,2015-09-29,28.0,65.0,245.0,2411.0,3500.0,GlobalFoundries,AMD,,,,2015.0,9.0
CPU,2015-09-29,28.0,65.0,245.0,2411.0,3200.0,GlobalFoundries,AMD,,,,2015.0,9.0
CPU,2015-03-02,28.0,2.0,171.0,731.0,1200.0,TSMC,Intel,,,,2015.0,3.0
CPU,2015-03-01,14.0,15.0,82.0,1300.0,1500.0,Intel,Intel,,,,2015.0,3.0
CPU,2015-03-01,14.0,15.0,82.0,1300.0,1700.0,Intel,Intel,,,,2015.0,3.0
CPU,2015-09-01,14.0,51.0,150.0,1400.0,2800.0,Intel,Intel,,,,2015.0,9.0
CPU,2015-09-01,14.0,51.0,150.0,1400.0,2900.0,Intel,Intel,,,,2015.0,9.0
CPU,2015-03-01,14.0,15.0,82.0,1300.0,2000.0,Intel,Intel,,,,2015.0,3.0
CPU,2015-09-01,14.0,51.0,150.0,1400.0,3700.0,Intel,Intel,,,,2015.0,9.0
CPU,2015-09-01,14.0,51.0,150.0,1400.0,3800.0,Intel,Intel,,,,2015.0,9.0
CPU,2015-09-01,14.0,51.0,150.0,1400.0,3900.0,Intel,Intel,,,,2015.0,9.0
CPU,2015-05-15,14.0,65.0,182.0,731.0,2800.0,Intel,Intel,,,,2015.0,5.0
CPU,2015-05-15,14.0,65.0,182.0,731.0,3100.0,Intel,Intel,,,,2015.0,5.0
CPU,2015-05-15,14.0,65.0,182.0,731.0,3100.0,Intel,Intel,,,,2015.0,5.0
CPU,2015-07-02,14.0,65.0,177.0,731.0,2700.0,Intel,Intel,,,,2015.0,7.0
CPU,2015-07-02,14.0,65.0,177.0,731.0,3200.0,Intel,Intel,,,,2015.0,7.0
CPU,2015-07-01,14.0,35.0,177.0,731.0,3300.0,Intel,Intel,,,,2015.0,7.0
CPU,2015-07-02,14.0,95.0,171.0,731.0,3500.0,Intel,Intel,,,,2015.0,7.0
CPU,2015-07-02,14.0,35.0,177.0,731.0,2700.0,Intel,Intel,,,,2015.0,7.0
CPU,2015-06-02,14.0,47.0,182.0,731.0,2700.0,Intel,Intel,,,,2015.0,6.0
CPU,2015-06-02,14.0,47.0,182.0,731.0,2500.0,Intel,Intel,,,,2015.0,6.0
CPU,2015-05-15,14.0,65.0,182.0,731.0,3300.0,Intel,Intel,,,,2015.0,5.0
CPU,2015-05-15,14.0,65.0,182.0,731.0,3300.0,Intel,Intel,,,,2015.0,5.0
CPU,2015-06-02,14.0,47.0,182.0,731.0,2700.0,Intel,Intel,,,,2015.0,6.0
CPU,2015-06-02,14.0,47.0,182.0,731.0,2900.0,Intel,Intel,,,,2015.0,6.0
CPU,2015-07-01,14.0,65.0,171.0,731.0,3400.0,Intel,Intel,,,,2015.0,7.0
CPU,2015-08-01,14.0,95.0,171.0,731.0,4000.0,Intel,Intel,,,,2015.0,8.0
CPU,2015-09-01,14.0,35.0,171.0,731.0,2800.0,Intel,Intel,,,,2015.0,9.0
CPU,2015-09-01,14.0,35.0,171.0,731.0,2400.0,Intel,Intel,,,,2015.0,9.0
CPU,2015-03-01,14.0,15.0,82.0,1300.0,1900.0,Intel,Intel,,,,2015.0,3.0
CPU,2015-09-01,14.0,51.0,150.0,1400.0,3300.0,Intel,Intel,,,,2015.0,9.0
CPU,2015-09-01,14.0,51.0,150.0,1400.0,3500.0,Intel,Intel,,,,2015.0,9.0
CPU,2015-09-01,14.0,51.0,150.0,1400.0,3600.0,Intel,Intel,,,,2015.0,9.0
CPU,2015-03-09,14.0,35.0,246.0,3200.0,2200.0,Intel,Intel,,,,2015.0,3.0
CPU,2015-03-09,14.0,45.0,246.0,3200.0,2200.0,Intel,Intel,,,,2015.0,3.0
CPU,2015-11-01,14.0,45.0,246.0,3200.0,2400.0,Intel,Intel,,,,2015.0,11.0
CPU,2015-11-01,14.0,35.0,246.0,3200.0,2200.0,Intel,Intel,,,,2015.0,11.0
CPU,2015-11-01,14.0,35.0,246.0,3200.0,1900.0,Intel,Intel,,,,2015.0,11.0
CPU,2015-11-01,14.0,35.0,246.0,3200.0,2200.0,Intel,Intel,,,,2015.0,11.0
CPU,2015-11-01,14.0,35.0,246.0,3200.0,1700.0,Intel,Intel,,,,2015.0,11.0
CPU,2015-03-09,14.0,45.0,246.0,3200.0,2000.0,Intel,Intel,,,,2015.0,3.0
CPU,2015-11-01,14.0,45.0,246.0,3200.0,2100.0,Intel,Intel,,,,2015.0,11.0
CPU,2015-11-01,14.0,45.0,246.0,3200.0,2000.0,Intel,Intel,,,,2015.0,11.0
CPU,2015-10-19,14.0,80.0,122.0,1750.0,3000.0,Intel,Intel,,,,2015.0,10.0
CPU,2015-10-19,14.0,80.0,122.0,1750.0,3300.0,Intel,Intel,,,,2015.0,10.0
CPU,2015-10-19,14.0,80.0,122.0,1750.0,3400.0,Intel,Intel,,,,2015.0,10.0
CPU,2015-10-19,14.0,25.0,122.0,1750.0,2000.0,Intel,Intel,,,,2015.0,10.0
CPU,2015-10-19,14.0,80.0,122.0,1750.0,3500.0,Intel,Intel,,,,2015.0,10.0
CPU,2015-10-19,14.0,25.0,122.0,1750.0,2100.0,Intel,Intel,,,,2015.0,10.0
CPU,2015-10-19,14.0,80.0,122.0,1750.0,3500.0,Intel,Intel,,,,2015.0,10.0
CPU,2015-06-02,14.0,47.0,182.0,731.0,1800.0,Intel,Intel,,,,2015.0,6.0
CPU,2015-10-19,14.0,45.0,122.0,1750.0,2900.0,Intel,Intel,,,,2015.0,10.0
CPU,2015-06-02,14.0,35.0,182.0,731.0,2300.0,Intel,Intel,,,,2015.0,6.0
CPU,2015-10-19,14.0,35.0,122.0,1750.0,2400.0,Intel,Intel,,,,2015.0,10.0
CPU,2015-10-19,14.0,80.0,122.0,1750.0,3600.0,Intel,Intel,,,,2015.0,10.0
CPU,2015-06-02,14.0,45.0,182.0,731.0,3000.0,Intel,Intel,,,,2015.0,6.0
CPU,2015-10-19,14.0,80.0,122.0,1750.0,3600.0,Intel,Intel,,,,2015.0,10.0
CPU,2015-06-02,14.0,47.0,182.0,731.0,2000.0,Intel,Intel,,,,2015.0,6.0
CPU,2015-10-19,14.0,80.0,122.0,1750.0,3700.0,Intel,Intel,,,,2015.0,10.0
CPU,2015-06-02,14.0,47.0,182.0,731.0,2900.0,Intel,Intel,,,,2015.0,6.0
CPU,2015-06-02,14.0,47.0,182.0,731.0,2900.0,Intel,Intel,,,,2015.0,6.0
CPU,2015-06-02,14.0,95.0,182.0,731.0,3500.0,Intel,Intel,,,,2015.0,6.0
CPU,2015-06-02,14.0,65.0,160.0,1400.0,3400.0,Intel,Intel,,,,2015.0,6.0
CPU,2015-10-27,14.0,25.0,122.0,2300.0,2000.0,Intel,Intel,,,,2015.0,10.0
CPU,2015-10-27,14.0,45.0,122.0,2300.0,2800.0,Intel,Intel,,,,2015.0,10.0
CPU,2015-10-27,14.0,45.0,122.0,2300.0,2900.0,Intel,Intel,,,,2015.0,10.0
CPU,,22.0,120.0,356.0,2600.0,2400.0,Intel,Intel,,,,,
CPU,,22.0,120.0,356.0,2600.0,2500.0,Intel,Intel,,,,,
CPU,2015-06-01,22.0,105.0,356.0,2600.0,1700.0,Intel,Intel,,,,2015.0,6.0
CPU,2015-06-01,22.0,105.0,356.0,2600.0,2000.0,Intel,Intel,,,,2015.0,6.0
CPU,2015-06-01,22.0,135.0,356.0,2600.0,2600.0,Intel,Intel,,,,2015.0,6.0
CPU,2015-06-01,22.0,105.0,356.0,2600.0,1900.0,Intel,Intel,,,,2015.0,6.0
CPU,2015-06-01,22.0,105.0,356.0,2600.0,1700.0,Intel,Intel,,,,2015.0,6.0
CPU,2015-06-01,22.0,105.0,356.0,2600.0,2100.0,Intel,Intel,,,,2015.0,6.0
CPU,2015-06-01,22.0,135.0,356.0,2600.0,2900.0,Intel,Intel,,,,2015.0,6.0
CPU,2015-06-01,22.0,120.0,356.0,2600.0,2100.0,Intel,Intel,,,,2015.0,6.0
CPU,2015-06-01,22.0,135.0,356.0,2600.0,2000.0,Intel,Intel,,,,2015.0,6.0
CPU,2015-06-01,22.0,135.0,356.0,2600.0,2100.0,Intel,Intel,,,,2015.0,6.0
CPU,2015-06-01,22.0,115.0,356.0,2600.0,2000.0,Intel,Intel,,,,2015.0,6.0
CPU,2015-06-01,22.0,115.0,622.0,5960.0,1900.0,Intel,Intel,,,,2015.0,6.0
CPU,2015-06-01,22.0,115.0,160.0,1400.0,2100.0,Intel,Intel,,,,2015.0,6.0
CPU,2015-06-01,22.0,115.0,160.0,1400.0,2200.0,Intel,Intel,,,,2015.0,6.0
CPU,2015-06-01,22.0,140.0,160.0,1400.0,2200.0,Intel,Intel,,,,2015.0,6.0
CPU,2015-06-01,22.0,165.0,160.0,1400.0,2500.0,Intel,Intel,,,,2015.0,6.0
CPU,2015-06-01,22.0,140.0,160.0,1400.0,2100.0,Intel,Intel,,,,2015.0,6.0
CPU,2015-06-01,22.0,150.0,160.0,1400.0,2300.0,Intel,Intel,,,,2015.0,6.0
CPU,2015-06-01,22.0,115.0,160.0,1400.0,2000.0,Intel,Intel,,,,2015.0,6.0
CPU,2015-06-01,22.0,165.0,160.0,1400.0,2500.0,Intel,Intel,,,,2015.0,6.0
CPU,2015-06-01,22.0,165.0,160.0,1400.0,2800.0,Intel,Intel,,,,2015.0,6.0
CPU,2015-06-01,22.0,140.0,160.0,1400.0,3200.0,Intel,Intel,,,,2015.0,6.0
CPU,,28.0,18.0,46.0,731.0,1333.0,TSMC,VIA,,,,,
CPU,,28.0,18.0,46.0,731.0,2000.0,TSMC,VIA,,,,,
CPU,2016-02-02,28.0,65.0,245.0,2411.0,3600.0,GlobalFoundries,AMD,,,,2016.0,2.0
CPU,2016-01-11,28.0,95.0,245.0,2411.0,4000.0,GlobalFoundries,AMD,,,,2016.0,1.0
CPU,2016-02-02,28.0,65.0,245.0,2411.0,3700.0,GlobalFoundries,AMD,,,,2016.0,2.0
CPU,2016-09-05,28.0,65.0,250.0,3100.0,3500.0,GlobalFoundries,AMD,,,,2016.0,9.0
CPU,2016-09-05,28.0,35.0,250.0,3100.0,3000.0,Unknown,AMD,,,,2016.0,9.0
CPU,2016-05-31,28.0,10.0,124.0,1200.0,2400.0,Unknown,AMD,,,,2016.0,5.0
CPU,2016-05-31,28.0,25.0,124.0,1200.0,2900.0,Unknown,AMD,,,,2016.0,5.0
CPU,2016-05-31,28.0,15.0,124.0,1200.0,3000.0,Unknown,AMD,,,,2016.0,5.0
CPU,2016-05-31,28.0,15.0,124.0,1200.0,3100.0,Unknown,AMD,,,,2016.0,5.0
CPU,2016-02-02,28.0,65.0,250.0,3100.0,3500.0,GlobalFoundries,AMD,,,,2016.0,2.0
CPU,2016-01-14,28.0,25.0,182.0,731.0,1700.0,GlobalFoundries,AMD,,,,2016.0,1.0
CPU,2016-01-14,28.0,32.0,182.0,731.0,1700.0,GlobalFoundries,AMD,,,,2016.0,1.0
CPU,2016-01-14,28.0,32.0,182.0,731.0,2000.0,GlobalFoundries,AMD,,,,2016.0,1.0
CPU,2016-09-01,28.0,25.0,171.0,731.0,2400.0,Unknown,AMD,,,,2016.0,9.0
CPU,,28.0,65.0,250.0,3100.0,3500.0,GlobalFoundries,AMD,,,,,
CPU,,28.0,35.0,250.0,3100.0,2800.0,GlobalFoundries,AMD,,,,,
CPU,2016-10-03,28.0,35.0,250.0,3100.0,3000.0,GlobalFoundries,AMD,,,,2016.0,10.0
CPU,,28.0,65.0,250.0,3100.0,3700.0,GlobalFoundries,AMD,,,,,
CPU,,28.0,35.0,250.0,3100.0,2900.0,GlobalFoundries,AMD,,,,,
CPU,2016-10-03,28.0,65.0,250.0,3100.0,3800.0,GlobalFoundries,AMD,,,,2016.0,10.0
CPU,2016-10-03,28.0,65.0,250.0,3100.0,3500.0,GlobalFoundries,AMD,,,,2016.0,10.0
CPU,2016-10-03,28.0,35.0,250.0,3100.0,3000.0,GlobalFoundries,AMD,,,,2016.0,10.0
CPU,2016-10-03,28.0,65.0,250.0,3100.0,3100.0,GlobalFoundries,AMD,,,,2016.0,10.0
CPU,2016-01-24,14.0,45.0,171.0,2300.0,2300.0,Intel,Intel,,,,2016.0,1.0
CPU,2016-05-31,14.0,140.0,246.0,3400.0,3400.0,Intel,Intel,,,,2016.0,5.0
CPU,2016-05-31,14.0,140.0,246.0,3400.0,3600.0,Intel,Intel,,,,2016.0,5.0
CPU,2016-05-31,14.0,140.0,246.0,3400.0,3200.0,Intel,Intel,,,,2016.0,5.0
CPU,2016-05-31,14.0,140.0,246.0,3400.0,3000.0,Intel,Intel,,,,2016.0,5.0
CPU,2016-02-24,14.0,45.0,246.0,3200.0,1500.0,Intel,Intel,,,,2016.0,2.0
CPU,2016-02-24,14.0,65.0,246.0,3200.0,2100.0,Intel,Intel,,,,2016.0,2.0
CPU,2016-02-24,14.0,45.0,246.0,3200.0,1300.0,Intel,Intel,,,,2016.0,2.0
CPU,2016-02-24,14.0,45.0,246.0,3200.0,1300.0,Intel,Intel,,,,2016.0,2.0
CPU,2016-02-24,14.0,65.0,246.0,3200.0,1800.0,Intel,Intel,,,,2016.0,2.0
CPU,2016-02-24,14.0,65.0,246.0,3200.0,1700.0,Intel,Intel,,,,2016.0,2.0
CPU,2016-01-24,14.0,45.0,171.0,2300.0,2800.0,Intel,Intel,,,,2016.0,1.0
CPU,2016-01-24,14.0,45.0,171.0,2300.0,2900.0,Intel,Intel,,,,2016.0,1.0
CPU,2016-05-31,14.0,45.0,171.0,2300.0,1900.0,Intel,Intel,,,,2016.0,5.0
CPU,2016-05-31,14.0,35.0,171.0,2300.0,2500.0,Intel,Intel,,,,2016.0,5.0
CPU,2016-01-24,14.0,45.0,171.0,2300.0,3000.0,Intel,Intel,,,,2016.0,1.0
CPU,2016-05-31,14.0,45.0,171.0,2300.0,2000.0,Intel,Intel,,,,2016.0,5.0
CPU,2016-05-31,14.0,65.0,171.0,2300.0,3500.0,Intel,Intel,,,,2016.0,5.0
CPU,2016-05-31,14.0,45.0,171.0,2300.0,3000.0,Intel,Intel,,,,2016.0,5.0
CPU,2016-06-20,14.0,140.0,246.0,3400.0,3500.0,Intel,Intel,,,,2016.0,6.0
CPU,2016-06-20,14.0,140.0,246.0,3400.0,3700.0,Intel,Intel,,,,2016.0,6.0
CPU,2016-06-20,14.0,140.0,246.0,3400.0,3600.0,Intel,Intel,,,,2016.0,6.0
CPU,2016-06-20,14.0,140.0,246.0,3400.0,3200.0,Intel,Intel,,,,2016.0,6.0
CPU,2016-06-20,14.0,140.0,246.0,3400.0,3400.0,Intel,Intel,,,,2016.0,6.0
CPU,2016-10-25,14.0,145.0,456.0,7200.0,2400.0,Intel,Intel,,,,2016.0,10.0
CPU,2016-06-20,14.0,215.0,171.0,8000.0,1300.0,Intel,Intel,,,,2016.0,6.0
CPU,2016-06-20,14.0,230.0,171.0,8000.0,1300.0,Intel,Intel,,,,2016.0,6.0
CPU,2016-06-20,14.0,215.0,171.0,8000.0,1300.0,Intel,Intel,,,,2016.0,6.0
CPU,2016-06-20,14.0,230.0,171.0,8000.0,1300.0,Intel,Intel,,,,2016.0,6.0
CPU,2016-06-20,14.0,215.0,171.0,8000.0,1400.0,Intel,Intel,,,,2016.0,6.0
CPU,2016-06-20,14.0,230.0,171.0,8000.0,1400.0,Intel,Intel,,,,2016.0,6.0
CPU,2016-06-20,14.0,245.0,171.0,8000.0,1500.0,Intel,Intel,,,,2016.0,6.0
CPU,2016-06-20,14.0,260.0,171.0,8000.0,1500.0,Intel,Intel,,,,2016.0,6.0
CPU,2017-07-27,28.0,65.0,250.0,3100.0,3500.0,GlobalFoundries,AMD,,,,2017.0,7.0
CPU,2017-07-27,28.0,35.0,250.0,3100.0,3000.0,GlobalFoundries,AMD,,,,2017.0,7.0
CPU,2017-07-27,28.0,65.0,250.0,3100.0,3800.0,GlobalFoundries,AMD,,,,2017.0,7.0
CPU,2017-07-27,28.0,35.0,250.0,3100.0,3100.0,GlobalFoundries,AMD,,,,2017.0,7.0
CPU,2017-07-27,28.0,65.0,250.0,3100.0,3800.0,GlobalFoundries,AMD,,,,2017.0,7.0
CPU,2017-07-27,28.0,65.0,250.0,3100.0,3100.0,GlobalFoundries,AMD,,,,2017.0,7.0
CPU,2017-07-27,28.0,65.0,250.0,3100.0,3200.0,GlobalFoundries,AMD,,,,2017.0,7.0
CPU,2017-07-27,28.0,65.0,250.0,3100.0,3500.0,GlobalFoundries,AMD,,,,2017.0,7.0
CPU,2017-07-27,28.0,65.0,250.0,3100.0,3800.0,GlobalFoundries,AMD,,,,2017.0,7.0
CPU,2017-06-29,14.0,120.0,213.0,4800.0,2100.0,GlobalFoundries,AMD,,,,2017.0,6.0
CPU,2017-06-29,14.0,170.0,213.0,4800.0,2100.0,GlobalFoundries,AMD,,,,2017.0,6.0
CPU,2017-06-29,14.0,170.0,213.0,4800.0,2200.0,GlobalFoundries,AMD,,,,2017.0,6.0
CPU,2017-06-29,14.0,170.0,213.0,4800.0,2400.0,GlobalFoundries,AMD,,,,2017.0,6.0
CPU,2017-06-29,14.0,170.0,213.0,4800.0,2400.0,GlobalFoundries,AMD,,,,2017.0,6.0
CPU,2017-06-29,14.0,170.0,213.0,4800.0,2000.0,GlobalFoundries,AMD,,,,2017.0,6.0
CPU,2017-06-29,14.0,170.0,213.0,4800.0,2000.0,GlobalFoundries,AMD,,,,2017.0,6.0
CPU,2017-06-29,14.0,180.0,213.0,4800.0,2300.0,GlobalFoundries,AMD,,,,2017.0,6.0
CPU,2017-06-29,14.0,170.0,213.0,4800.0,2000.0,GlobalFoundries,AMD,,,,2017.0,6.0
CPU,2017-06-29,14.0,180.0,213.0,4800.0,2000.0,GlobalFoundries,AMD,,,,2017.0,6.0
CPU,2017-06-29,14.0,180.0,213.0,4800.0,2000.0,GlobalFoundries,AMD,,,,2017.0,6.0
CPU,2017-06-29,14.0,180.0,213.0,4800.0,2200.0,GlobalFoundries,AMD,,,,2017.0,6.0
CPU,2017-06-10,28.0,15.0,250.0,3100.0,1600.0,GlobalFoundries,AMD,,,,2017.0,6.0
CPU,2017-07-27,28.0,65.0,250.0,3100.0,3500.0,GlobalFoundries,AMD,,,,2017.0,7.0
CPU,2017-07-27,28.0,35.0,250.0,3100.0,3100.0,GlobalFoundries,AMD,,,,2017.0,7.0
CPU,2017-07-27,14.0,65.0,213.0,4800.0,3100.0,GlobalFoundries,AMD,,,,2017.0,7.0
CPU,2017-07-27,14.0,65.0,213.0,4800.0,3400.0,GlobalFoundries,AMD,,,,2017.0,7.0
CPU,2017-06-29,14.0,65.0,213.0,4800.0,3100.0,GlobalFoundries,AMD,,,,2017.0,6.0
CPU,2017-06-29,14.0,65.0,213.0,4800.0,3500.0,GlobalFoundries,AMD,,,,2017.0,6.0
CPU,2017-04-11,14.0,65.0,213.0,4800.0,3200.0,GlobalFoundries,AMD,,,,2017.0,4.0
CPU,2017-04-11,14.0,65.0,213.0,4800.0,3500.0,GlobalFoundries,AMD,,,,2017.0,4.0
CPU,2017-04-11,14.0,65.0,213.0,4800.0,3200.0,GlobalFoundries,AMD,,,,2017.0,4.0
CPU,2017-04-11,14.0,95.0,213.0,4800.0,3600.0,GlobalFoundries,AMD,,,,2017.0,4.0
CPU,2017-10-26,14.0,15.0,246.0,731.0,2000.0,GlobalFoundries,AMD,,,,2017.0,10.0
CPU,2017-06-29,14.0,65.0,192.0,4800.0,3500.0,GlobalFoundries,AMD,,,,2017.0,6.0
CPU,2017-06-29,14.0,65.0,192.0,4800.0,3200.0,GlobalFoundries,AMD,,,,2017.0,6.0
CPU,2017-03-02,14.0,65.0,213.0,4800.0,3000.0,GlobalFoundries,AMD,,,,2017.0,3.0
CPU,2017-03-02,14.0,95.0,213.0,4800.0,3400.0,GlobalFoundries,AMD,,,,2017.0,3.0
CPU,2017-03-02,14.0,95.0,213.0,4800.0,3600.0,GlobalFoundries,AMD,,,,2017.0,3.0
CPU,2017-10-26,14.0,15.0,246.0,731.0,2200.0,GlobalFoundries,AMD,,,,2017.0,10.0
CPU,2017-06-29,14.0,65.0,213.0,4800.0,3000.0,GlobalFoundries,AMD,,,,2017.0,6.0
CPU,2017-06-29,14.0,95.0,213.0,4800.0,3400.0,GlobalFoundries,AMD,,,,2017.0,6.0
CPU,2017-10-26,14.0,15.0,246.0,731.0,2200.0,GlobalFoundries,AMD,,,,2017.0,10.0
CPU,,14.0,125.0,171.0,9600.0,3100.0,GlobalFoundries,AMD,,,,,
CPU,2017-08-31,14.0,180.0,171.0,9600.0,3800.0,GlobalFoundries,AMD,,,,2017.0,8.0
CPU,,14.0,140.0,171.0,9600.0,3200.0,GlobalFoundries,AMD,,,,,
CPU,2017-08-10,14.0,180.0,171.0,9600.0,3500.0,GlobalFoundries,AMD,,,,2017.0,8.0
CPU,,14.0,180.0,213.0,9600.0,3200.0,GlobalFoundries,AMD,,,,,
CPU,,14.0,180.0,171.0,9600.0,3500.0,GlobalFoundries,AMD,,,,,
CPU,,14.0,180.0,171.0,9600.0,3200.0,GlobalFoundries,AMD,,,,,
CPU,2017-08-10,14.0,180.0,171.0,9600.0,3400.0,GlobalFoundries,AMD,,,,2017.0,8.0
CPU,2017-12-11,14.0,10.0,93.0,731.0,2000.0,Intel,Intel,,,,2017.0,12.0
CPU,2017-12-11,14.0,10.0,93.0,731.0,1500.0,Intel,Intel,,,,2017.0,12.0
CPU,2017-07-17,14.0,51.0,171.0,731.0,4000.0,Intel,Intel,,,,2017.0,7.0
CPU,2017-07-17,14.0,35.0,171.0,731.0,3600.0,Intel,Intel,,,,2017.0,7.0
CPU,2017-07-17,14.0,35.0,171.0,731.0,3600.0,Intel,Intel,,,,2017.0,7.0
CPU,2017-07-17,14.0,51.0,171.0,731.0,4200.0,Intel,Intel,,,,2017.0,7.0
CPU,2017-10-03,14.0,112.0,171.0,731.0,4300.0,Intel,Intel,,,,2017.0,10.0
CPU,2017-10-05,14.0,65.0,126.0,731.0,3600.0,Intel,Intel,,,,2017.0,10.0
CPU,2017-10-05,14.0,91.0,126.0,731.0,4000.0,Intel,Intel,,,,2017.0,10.0
CPU,2017-06-26,14.0,112.0,171.0,731.0,3900.0,Intel,Intel,,,,2017.0,6.0
CPU,2017-08-21,14.0,15.0,123.0,731.0,1600.0,Intel,Intel,,,,2017.0,8.0
CPU,2017-08-21,14.0,15.0,123.0,731.0,1700.0,Intel,Intel,,,,2017.0,8.0
CPU,2017-10-05,14.0,65.0,171.0,731.0,2800.0,Intel,Intel,,,,2017.0,10.0
CPU,2017-10-05,14.0,95.0,171.0,731.0,3600.0,Intel,Intel,,,,2017.0,10.0
CPU,2017-01-03,14.0,45.0,126.0,731.0,2800.0,Intel,Intel,,,,2017.0,1.0
CPU,2017-06-26,14.0,112.0,171.0,731.0,4300.0,Intel,Intel,,,,2017.0,6.0
CPU,2017-06-26,14.0,140.0,171.0,731.0,3500.0,Intel,Intel,,,,2017.0,6.0
CPU,2017-06-26,14.0,140.0,171.0,731.0,3600.0,Intel,Intel,,,,2017.0,6.0
CPU,2017-08-21,14.0,15.0,123.0,731.0,1800.0,Intel,Intel,,,,2017.0,8.0
CPU,2017-08-21,14.0,15.0,123.0,731.0,1900.0,Intel,Intel,,,,2017.0,8.0
CPU,2017-10-05,14.0,95.0,154.0,731.0,3700.0,Intel,Intel,,,,2017.0,10.0
CPU,2017-06-26,14.0,140.0,171.0,731.0,3300.0,Intel,Intel,,,,2017.0,6.0
CPU,2017-09-10,14.0,140.0,171.0,731.0,2900.0,Intel,Intel,,,,2017.0,9.0
CPU,2017-09-01,14.0,165.0,171.0,731.0,3100.0,Intel,Intel,,,,2017.0,9.0
CPU,2017-09-01,14.0,165.0,171.0,731.0,2800.0,Intel,Intel,,,,2017.0,9.0
CPU,2017-09-01,14.0,165.0,171.0,731.0,2600.0,Intel,Intel,,,,2017.0,9.0
CPU,2017-12-11,14.0,10.0,93.0,731.0,1500.0,Intel,Intel,,,,2017.0,12.0
CPU,2017-12-11,14.0,6.0,93.0,731.0,1100.0,Intel,Intel,,,,2017.0,12.0
CPU,2017-07-11,14.0,85.0,171.0,8000.0,2100.0,Intel,Intel,,,,2017.0,7.0
CPU,2017-08-01,14.0,79.0,160.0,1400.0,4100.0,Intel,Intel,,,,2017.0,8.0
CPU,2017-07-11,14.0,200.0,171.0,8000.0,3000.0,Intel,Intel,,,,2017.0,7.0
CPU,2017-12-01,14.0,250.0,171.0,8000.0,1300.0,Intel,Intel,,,,2017.0,12.0
CPU,2017-12-01,14.0,250.0,171.0,8000.0,1300.0,Intel,Intel,,,,2017.0,12.0
CPU,2017-12-01,14.0,320.0,171.0,8000.0,1500.0,Intel,Intel,,,,2017.0,12.0
CPU,2017-07-11,14.0,205.0,171.0,8000.0,2500.0,Intel,Intel,,,,2017.0,7.0
CPU,2017-07-11,14.0,205.0,171.0,8000.0,2500.0,Intel,Intel,,,,2017.0,7.0
CPU,2017-07-11,14.0,85.0,171.0,8000.0,2100.0,Intel,Intel,,,,2017.0,7.0
CPU,2017-08-29,14.0,120.0,484.0,731.0,2900.0,Intel,Intel,,,,2017.0,8.0
CPU,2017-08-29,14.0,120.0,484.0,731.0,3200.0,Intel,Intel,,,,2017.0,8.0
CPU,2017-08-29,14.0,120.0,484.0,731.0,3600.0,Intel,Intel,,,,2017.0,8.0
CPU,2017-08-29,14.0,120.0,484.0,731.0,4000.0,Intel,Intel,,,,2017.0,8.0
CPU,2017-08-29,14.0,140.0,484.0,731.0,3600.0,Intel,Intel,,,,2017.0,8.0
CPU,2017-08-29,14.0,140.0,484.0,731.0,3700.0,Intel,Intel,,,,2017.0,8.0
CPU,2017-12-21,14.0,120.0,484.0,731.0,3200.0,Intel,Intel,,,,2017.0,12.0
CPU,2017-08-29,14.0,140.0,484.0,731.0,3700.0,Intel,Intel,,,,2017.0,8.0
CPU,2017-12-21,14.0,120.0,484.0,731.0,3000.0,Intel,Intel,,,,2017.0,12.0
CPU,2017-08-29,14.0,140.0,484.0,731.0,3300.0,Intel,Intel,,,,2017.0,8.0
CPU,2017-12-21,14.0,140.0,484.0,731.0,2500.0,Intel,Intel,,,,2017.0,12.0
CPU,2017-10-15,14.0,140.0,484.0,731.0,2500.0,Intel,Intel,,,,2017.0,10.0
CPU,2017-12-21,14.0,140.0,484.0,731.0,2300.0,Intel,Intel,,,,2017.0,12.0
CPU,2017-08-29,14.0,140.0,484.0,731.0,2300.0,Intel,Intel,,,,2017.0,8.0
CPU,2018-10-26,28.0,45.0,250.0,3100.0,3500.0,GlobalFoundries,AMD,,,,2018.0,10.0
CPU,2018-10-26,28.0,45.0,250.0,3100.0,3500.0,GlobalFoundries,AMD,,,,2018.0,10.0
CPU,2018-09-06,14.0,35.0,209.8,4950.0,3200.0,GlobalFoundries,AMD,,,,2018.0,9.0
CPU,2018-12-21,14.0,35.0,209.8,4950.0,3400.0,GlobalFoundries,AMD,,,,2018.0,12.0
CPU,2018-12-21,14.0,35.0,209.8,4950.0,3500.0,GlobalFoundries,AMD,,,,2018.0,12.0
CPU,2018-06-01,14.0,35.0,192.0,4800.0,3200.0,Unknown,AMD,,,,2018.0,6.0
CPU,2018-06-14,14.0,170.0,213.0,4800.0,2500.0,GlobalFoundries,AMD,,,,2018.0,6.0
CPU,2018-11-16,14.0,170.0,213.0,4800.0,3100.0,GlobalFoundries,AMD,,,,2018.0,11.0
CPU,,28.0,65.0,250.0,3100.0,3500.0,GlobalFoundries,AMD,,,,,
CPU,,28.0,65.0,250.0,3100.0,3000.0,GlobalFoundries,AMD,,,,,
CPU,2018-04-19,14.0,35.0,210.0,4950.0,3200.0,GlobalFoundries,AMD,,,,2018.0,4.0
CPU,2018-09-10,12.0,65.0,213.0,4800.0,3500.0,GlobalFoundries,AMD,,,,2018.0,9.0
CPU,2018-05-10,14.0,35.0,210.0,4950.0,3200.0,GlobalFoundries,AMD,,,,2018.0,5.0
CPU,2018-04-19,14.0,35.0,210.0,4950.0,3200.0,GlobalFoundries,AMD,,,,2018.0,4.0
CPU,2018-09-10,12.0,65.0,213.0,4800.0,3600.0,GlobalFoundries,AMD,,,,2018.0,9.0
CPU,2018-04-19,12.0,65.0,213.0,4800.0,3400.0,GlobalFoundries,AMD,,,,2018.0,4.0
CPU,2018-09-19,12.0,65.0,192.0,4800.0,3100.0,GlobalFoundries,AMD,,,,2018.0,9.0
CPU,2018-05-30,14.0,15.0,246.0,731.0,3300.0,GlobalFoundries,AMD,,,,2018.0,5.0
CPU,2018-04-19,12.0,95.0,213.0,4800.0,3600.0,GlobalFoundries,AMD,,,,2018.0,4.0
CPU,2018-05-10,14.0,65.0,210.0,4950.0,3600.0,GlobalFoundries,AMD,,,,2018.0,5.0
CPU,2018-05-10,14.0,35.0,210.0,4950.0,3200.0,GlobalFoundries,AMD,,,,2018.0,5.0
CPU,2018-09-19,12.0,65.0,192.0,4800.0,3400.0,GlobalFoundries,AMD,,,,2018.0,9.0
CPU,2018-04-19,12.0,65.0,213.0,4800.0,3200.0,GlobalFoundries,AMD,,,,2018.0,4.0
CPU,2018-09-19,12.0,65.0,192.0,4800.0,2800.0,GlobalFoundries,AMD,,,,2018.0,9.0
CPU,2018-04-19,12.0,105.0,213.0,4800.0,3700.0,GlobalFoundries,AMD,,,,2018.0,4.0
CPU,2018-05-30,14.0,15.0,246.0,731.0,3400.0,GlobalFoundries,AMD,,,,2018.0,5.0
CPU,2018-09-19,12.0,65.0,192.0,4800.0,3200.0,GlobalFoundries,AMD,,,,2018.0,9.0
CPU,2018-09-19,12.0,95.0,192.0,4800.0,3600.0,GlobalFoundries,AMD,,,,2018.0,9.0
CPU,2018-10-03,12.0,180.0,171.0,9600.0,3500.0,GlobalFoundries,AMD,,,,2018.0,10.0
CPU,2018-08-31,12.0,180.0,171.0,9600.0,3500.0,GlobalFoundries,AMD,,,,2018.0,8.0
CPU,2018-10-02,12.0,250.0,171.0,19200.0,3000.0,GlobalFoundries,AMD,,,,2018.0,10.0
CPU,2018-08-13,12.0,250.0,171.0,19200.0,3000.0,GlobalFoundries,AMD,,,,2018.0,8.0
CPU,2018-04-03,14.0,54.0,126.0,731.0,3100.0,Intel,Intel,,,,2018.0,4.0
CPU,2018-04-03,14.0,35.0,126.0,731.0,2900.0,Intel,Intel,,,,2018.0,4.0
CPU,2018-04-03,14.0,54.0,126.0,731.0,3200.0,Intel,Intel,,,,2018.0,4.0
CPU,2018-09-01,14.0,51.0,126.0,731.0,3700.0,Intel,Intel,,,,2018.0,9.0
CPU,2018-09-01,14.0,65.0,126.0,731.0,3600.0,Intel,Intel,,,,2018.0,9.0
CPU,2018-04-02,14.0,35.0,126.0,731.0,3100.0,Intel,Intel,,,,2018.0,4.0
CPU,2018-04-05,14.0,28.0,123.0,731.0,3000.0,Intel,Intel,,,,2018.0,4.0
CPU,2018-09-01,14.0,65.0,126.0,731.0,3700.0,Intel,Intel,,,,2018.0,9.0
CPU,2018-05-05,10.0,15.0,70.52,731.0,2200.0,Intel,Intel,,,,2018.0,5.0
CPU,2018-10-01,10.0,28.0,123.0,731.0,2100.0,Intel,Intel,,,,2018.0,10.0
CPU,2018-04-02,14.0,35.0,126.0,731.0,3200.0,Intel,Intel,,,,2018.0,4.0
CPU,2018-09-01,14.0,65.0,171.0,731.0,3700.0,Intel,Intel,,,,2018.0,9.0
CPU,2018-09-01,14.0,65.0,126.0,731.0,3600.0,Intel,Intel,,,,2018.0,9.0
CPU,2018-09-01,14.0,65.0,126.0,731.0,3100.0,Intel,Intel,,,,2018.0,9.0
CPU,2018-09-01,14.0,35.0,126.0,731.0,3100.0,Intel,Intel,,,,2018.0,9.0
CPU,2018-04-05,14.0,28.0,126.0,731.0,2300.0,Intel,Intel,,,,2018.0,4.0
CPU,2018-10-01,14.0,28.0,123.0,731.0,1600.0,Intel,Intel,,,,2018.0,10.0
CPU,2018-04-05,14.0,28.0,123.0,731.0,2600.0,Intel,Intel,,,,2018.0,4.0
CPU,2018-04-02,14.0,45.0,126.0,731.0,2300.0,Intel,Intel,,,,2018.0,4.0
CPU,2018-04-02,14.0,45.0,126.0,731.0,2500.0,Intel,Intel,,,,2018.0,4.0
CPU,2018-04-02,14.0,35.0,171.0,731.0,1700.0,Intel,Intel,,,,2018.0,4.0
CPU,2018-09-01,14.0,65.0,171.0,731.0,2900.0,Intel,Intel,,,,2018.0,9.0
CPU,2018-09-01,14.0,35.0,171.0,731.0,1800.0,Intel,Intel,,,,2018.0,9.0
CPU,2018-04-03,14.0,65.0,154.0,731.0,3000.0,Intel,Intel,,,,2018.0,4.0
CPU,2018-09-01,14.0,65.0,171.0,731.0,3000.0,Intel,Intel,,,,2018.0,9.0
CPU,2018-09-01,14.0,65.0,171.0,731.0,3100.0,Intel,Intel,,,,2018.0,9.0
CPU,2018-09-01,14.0,95.0,171.0,731.0,3700.0,Intel,Intel,,,,2018.0,9.0
CPU,2018-10-19,14.0,65.0,171.0,731.0,2900.0,Intel,Intel,,,,2018.0,10.0
CPU,2018-09-01,14.0,35.0,171.0,731.0,1800.0,Intel,Intel,,,,2018.0,9.0
CPU,2018-10-19,14.0,65.0,171.0,731.0,3000.0,Intel,Intel,,,,2018.0,10.0
CPU,2018-10-19,14.0,65.0,171.0,731.0,3100.0,Intel,Intel,,,,2018.0,10.0
CPU,2018-10-19,14.0,95.0,171.0,731.0,3700.0,Intel,Intel,,,,2018.0,10.0
CPU,2018-06-05,14.0,95.0,171.0,731.0,4000.0,Intel,Intel,,,,2018.0,6.0
CPU,2018-04-05,14.0,28.0,123.0,731.0,2700.0,Intel,Intel,,,,2018.0,4.0
CPU,2018-10-01,14.0,28.0,123.0,731.0,1800.0,Intel,Intel,,,,2018.0,10.0
CPU,2018-09-01,14.0,35.0,171.0,731.0,2300.0,Intel,Intel,,,,2018.0,9.0
CPU,2018-04-03,14.0,65.0,154.0,731.0,3200.0,Intel,Intel,,,,2018.0,4.0
CPU,2018-04-02,14.0,45.0,149.0,731.0,2200.0,Intel,Intel,,,,2018.0,4.0
CPU,2018-04-02,14.0,45.0,149.0,731.0,2700.0,Intel,Intel,,,,2018.0,4.0
CPU,2018-10-19,14.0,95.0,180.3,731.0,3600.0,Intel,Intel,,,,2018.0,10.0
CPU,2018-10-19,14.0,165.0,171.0,731.0,3800.0,Intel,Intel,,,,2018.0,10.0
CPU,2018-04-02,14.0,95.0,149.0,731.0,2900.0,Intel,Intel,,,,2018.0,4.0
CPU,2018-10-19,14.0,165.0,171.0,731.0,3300.0,Intel,Intel,,,,2018.0,10.0
CPU,2018-10-19,14.0,95.0,180.3,731.0,3600.0,Intel,Intel,,,,2018.0,10.0
CPU,2018-10-19,14.0,165.0,171.0,731.0,3500.0,Intel,Intel,,,,2018.0,10.0
CPU,2018-10-19,14.0,165.0,171.0,731.0,3500.0,Intel,Intel,,,,2018.0,10.0
CPU,2018-10-19,14.0,165.0,171.0,731.0,3300.0,Intel,Intel,,,,2018.0,10.0
CPU,2018-10-19,14.0,165.0,171.0,731.0,3100.0,Intel,Intel,,,,2018.0,10.0
CPU,2018-10-19,14.0,165.0,171.0,731.0,3000.0,Intel,Intel,,,,2018.0,10.0
CPU,2018-10-19,14.0,255.0,171.0,731.0,4000.0,Intel,Intel,,,,2018.0,10.0
CPU,2018-05-05,10.0,5.0,70.52,731.0,1500.0,Intel,Intel,,,,2018.0,5.0
CPU,2018-04-02,14.0,58.0,126.0,731.0,3700.0,Intel,Intel,,,,2018.0,4.0
CPU,2018-04-02,14.0,35.0,126.0,731.0,3100.0,Intel,Intel,,,,2018.0,4.0
CPU,2018-04-02,14.0,54.0,126.0,731.0,3800.0,Intel,Intel,,,,2018.0,4.0
CPU,2018-04-02,14.0,35.0,126.0,731.0,3200.0,Intel,Intel,,,,2018.0,4.0
CPU,2018-04-02,14.0,54.0,126.0,731.0,3900.0,Intel,Intel,,,,2018.0,4.0
CPU,2018-07-12,14.0,65.0,126.0,731.0,3200.0,Intel,Intel,,,,2018.0,7.0
CPU,2018-07-12,14.0,71.0,126.0,731.0,3300.0,Intel,Intel,,,,2018.0,7.0
CPU,2018-07-12,14.0,71.0,126.0,731.0,3400.0,Intel,Intel,,,,2018.0,7.0
CPU,2018-05-31,14.0,95.0,154.0,731.0,3800.0,Intel,Intel,,,,2018.0,5.0
CPU,2018-12-11,14.0,125.0,171.0,8000.0,2200.0,Intel,Intel,,,,2018.0,12.0
CPU,2018-12-11,14.0,105.0,171.0,8000.0,3800.0,Intel,Intel,,,,2018.0,12.0
CPU,2018-12-11,14.0,165.0,171.0,8000.0,2400.0,Intel,Intel,,,,2018.0,12.0
CPU,2018-12-11,14.0,165.0,171.0,8000.0,2400.0,Intel,Intel,,,,2018.0,12.0
CPU,2018-12-11,14.0,205.0,171.0,8000.0,2900.0,Intel,Intel,,,,2018.0,12.0
CPU,2018-12-11,14.0,205.0,171.0,8000.0,2700.0,Intel,Intel,,,,2018.0,12.0
CPU,2018-12-11,14.0,165.0,171.0,8000.0,2200.0,Intel,Intel,,,,2018.0,12.0
CPU,2018-12-11,14.0,205.0,171.0,8000.0,2700.0,Intel,Intel,,,,2018.0,12.0
CPU,2018-12-11,14.0,205.0,171.0,8000.0,2700.0,Intel,Intel,,,,2018.0,12.0
CPU,2019-03-16,28.0,65.0,250.0,3100.0,3400.0,GlobalFoundries,AMD,,,,2019.0,3.0
CPU,2019-11-20,14.0,35.0,148.0,4800.0,3500.0,Unknown,AMD,,,,2019.0,11.0
CPU,2019-04-08,14.0,15.0,171.0,731.0,2400.0,GlobalFoundries,AMD,,,,2019.0,4.0
CPU,2019-08-07,7.0,120.0,74.0,3800.0,3100.0,TSMC,AMD,,,,2019.0,8.0
CPU,2019-08-07,7.0,120.0,74.0,3800.0,2800.0,TSMC,AMD,,,,2019.0,8.0
CPU,2019-08-07,7.0,155.0,74.0,3800.0,3100.0,TSMC,AMD,,,,2019.0,8.0
CPU,2019-08-07,7.0,120.0,74.0,3800.0,2600.0,TSMC,AMD,,,,2019.0,8.0
CPU,2019-08-07,7.0,120.0,74.0,3800.0,2800.0,TSMC,AMD,,,,2019.0,8.0
CPU,2019-08-07,7.0,155.0,74.0,3800.0,3000.0,TSMC,AMD,,,,2019.0,8.0
CPU,2019-08-07,7.0,155.0,74.0,3800.0,3000.0,TSMC,AMD,,,,2019.0,8.0
CPU,2019-08-07,7.0,155.0,74.0,3800.0,2400.0,TSMC,AMD,,,,2019.0,8.0
CPU,2019-08-07,7.0,180.0,74.0,3800.0,2800.0,TSMC,AMD,,,,2019.0,8.0
CPU,2019-08-07,7.0,180.0,74.0,3800.0,2800.0,TSMC,AMD,,,,2019.0,8.0
CPU,2019-08-07,7.0,155.0,74.0,3800.0,2200.0,TSMC,AMD,,,,2019.0,8.0
CPU,2019-08-07,7.0,180.0,74.0,3800.0,2500.0,TSMC,AMD,,,,2019.0,8.0
CPU,2019-08-07,7.0,180.0,74.0,3800.0,2500.0,TSMC,AMD,,,,2019.0,8.0
CPU,2019-08-07,7.0,225.0,74.0,3800.0,2900.0,TSMC,AMD,,,,2019.0,8.0
CPU,2019-08-07,7.0,200.0,74.0,3800.0,2200.0,TSMC,AMD,,,,2019.0,8.0
CPU,2019-08-07,7.0,225.0,74.0,3800.0,2400.0,TSMC,AMD,,,,2019.0,8.0
CPU,2019-08-07,7.0,200.0,74.0,3800.0,2000.0,TSMC,AMD,,,,2019.0,8.0
CPU,2019-08-07,7.0,200.0,74.0,3800.0,2000.0,TSMC,AMD,,,,2019.0,8.0
CPU,2019-08-07,7.0,225.0,74.0,3800.0,2250.0,TSMC,AMD,,,,2019.0,8.0
CPU,2019-09-18,7.0,280.0,74.0,3800.0,2600.0,TSMC,AMD,,,,2019.0,9.0
CPU,2019-07-07,12.0,65.0,210.0,4940.0,3600.0,GlobalFoundries,AMD,,,,2019.0,7.0
CPU,2019-07-07,12.0,35.0,210.0,4940.0,3300.0,GlobalFoundries,AMD,,,,2019.0,7.0
CPU,2019-09-30,12.0,35.0,210.0,4940.0,3300.0,GlobalFoundries,AMD,,,,2019.0,9.0
CPU,2019-04-08,12.0,15.0,210.0,4940.0,2100.0,GlobalFoundries,AMD,,,,2019.0,4.0
CPU,2019-10-11,12.0,65.0,192.0,4800.0,3200.0,GlobalFoundries,AMD,,,,2019.0,10.0
CPU,2019-07-07,12.0,65.0,210.0,4940.0,3700.0,GlobalFoundries,AMD,,,,2019.0,7.0
CPU,2019-07-07,12.0,35.0,210.0,4940.0,3300.0,GlobalFoundries,AMD,,,,2019.0,7.0
CPU,2019-09-24,7.0,65.0,74.0,3800.0,3600.0,TSMC,AMD,,,,2019.0,9.0
CPU,2019-10-22,12.0,15.0,210.0,4940.0,2100.0,GlobalFoundries,AMD,,,,2019.0,10.0
CPU,2019-07-07,7.0,65.0,74.0,3800.0,3600.0,TSMC,AMD,,,,2019.0,7.0
CPU,2019-07-07,7.0,95.0,74.0,3800.0,3800.0,TSMC,AMD,,,,2019.0,7.0
CPU,2019-07-07,7.0,95.0,74.0,3800.0,3800.0,TSMC,AMD,,,,2019.0,7.0
CPU,2019-09-30,12.0,35.0,210.0,4940.0,3300.0,GlobalFoundries,AMD,,,,2019.0,9.0
CPU,2019-04-08,12.0,15.0,210.0,4940.0,2100.0,GlobalFoundries,AMD,,,,2019.0,4.0
CPU,2019-04-29,12.0,105.0,213.0,4800.0,3700.0,GlobalFoundries,AMD,,,,2019.0,4.0
CPU,2019-07-07,7.0,65.0,74.0,3800.0,3600.0,TSMC,AMD,,,,2019.0,7.0
CPU,2019-10-22,12.0,15.0,210.0,4940.0,2300.0,GlobalFoundries,AMD,,,,2019.0,10.0
CPU,2019-07-07,7.0,105.0,74.0,3800.0,3900.0,TSMC,AMD,,,,2019.0,7.0
CPU,2019-04-08,12.0,15.0,210.0,4940.0,2300.0,GlobalFoundries,AMD,,,,2019.0,4.0
CPU,2019-07-07,7.0,105.0,171.0,7600.0,3800.0,TSMC,AMD,,,,2019.0,7.0
CPU,2019-11-25,7.0,105.0,171.0,7600.0,3500.0,TSMC,AMD,,,,2019.0,11.0
CPU,2019-11-25,7.0,280.0,171.0,15200.0,3800.0,TSMC,AMD,,,,2019.0,11.0
CPU,2019-11-25,7.0,280.0,171.0,15200.0,3700.0,TSMC,AMD,,,,2019.0,11.0
CPU,2019-11-04,14.0,10.0,93.0,731.0,2000.0,Intel,Intel,,,,2019.0,11.0
CPU,2019-11-04,14.0,10.0,93.0,731.0,2000.0,Intel,Intel,,,,2019.0,11.0
CPU,2019-08-01,10.0,9.0,123.0,731.0,1100.0,Intel,Intel,,,,2019.0,8.0
CPU,2019-08-01,10.0,9.0,123.0,731.0,1100.0,Intel,Intel,,,,2019.0,8.0
CPU,2019-08-01,10.0,15.0,123.0,731.0,1200.0,Intel,Intel,,,,2019.0,8.0
CPU,2019-08-21,14.0,25.0,171.0,731.0,2100.0,Intel,Intel,,,,2019.0,8.0
CPU,2019-08-21,14.0,9.0,171.0,731.0,1000.0,Intel,Intel,,,,2019.0,8.0
CPU,2019-04-23,14.0,65.0,126.0,731.0,3600.0,Intel,Intel,,,,2019.0,4.0
CPU,2019-04-01,14.0,25.0,126.0,731.0,1600.0,Intel,Intel,,,,2019.0,4.0
CPU,2019-04-01,14.0,35.0,126.0,731.0,2200.0,Intel,Intel,,,,2019.0,4.0
CPU,2019-04-23,14.0,62.0,126.0,731.0,3700.0,Intel,Intel,,,,2019.0,4.0
CPU,2019-04-23,14.0,62.0,126.0,731.0,3700.0,Intel,Intel,,,,2019.0,4.0
CPU,2019-04-23,14.0,91.0,126.0,731.0,4000.0,Intel,Intel,,,,2019.0,4.0
CPU,2019-08-21,14.0,25.0,171.0,731.0,1600.0,Intel,Intel,,,,2019.0,8.0
CPU,2019-08-21,14.0,9.0,171.0,731.0,1000.0,Intel,Intel,,,,2019.0,8.0
CPU,2019-08-01,10.0,9.0,123.0,731.0,700.0,Intel,Intel,,,,2019.0,8.0
CPU,2019-08-01,10.0,9.0,123.0,731.0,800.0,Intel,Intel,,,,2019.0,8.0
CPU,2019-08-21,14.0,9.0,171.0,731.0,1100.0,Intel,Intel,,,,2019.0,8.0
CPU,2019-08-01,10.0,15.0,123.0,731.0,1000.0,Intel,Intel,,,,2019.0,8.0
CPU,2019-08-01,10.0,15.0,123.0,731.0,1100.0,Intel,Intel,,,,2019.0,8.0
CPU,2019-08-01,10.0,15.0,123.0,731.0,1200.0,Intel,Intel,,,,2019.0,8.0
CPU,2019-04-03,14.0,28.0,126.0,2300.0,2400.0,Intel,Intel,,,,2019.0,4.0
CPU,2019-04-23,14.0,65.0,171.0,731.0,3000.0,Intel,Intel,,,,2019.0,4.0
CPU,2019-08-21,14.0,25.0,171.0,731.0,1800.0,Intel,Intel,,,,2019.0,8.0
CPU,2019-08-21,14.0,9.0,171.0,731.0,1200.0,Intel,Intel,,,,2019.0,8.0
CPU,2019-08-01,10.0,9.0,123.0,731.0,1000.0,Intel,Intel,,,,2019.0,8.0
CPU,2019-08-01,10.0,15.0,123.0,731.0,1300.0,Intel,Intel,,,,2019.0,8.0
CPU,2019-08-01,10.0,28.0,123.0,731.0,2300.0,Intel,Intel,,,,2019.0,8.0
CPU,2019-08-21,14.0,25.0,171.0,731.0,1100.0,Intel,Intel,,,,2019.0,8.0
CPU,2019-04-23,14.0,65.0,180.3,731.0,3000.0,Intel,Intel,,,,2019.0,4.0
CPU,2019-04-23,14.0,65.0,180.3,731.0,2600.0,Intel,Intel,,,,2019.0,4.0
CPU,2019-04-23,14.0,65.0,180.3,731.0,3000.0,Intel,Intel,,,,2019.0,4.0
CPU,2019-04-23,14.0,35.0,180.3,731.0,2000.0,Intel,Intel,,,,2019.0,4.0
CPU,2019-04-23,14.0,45.0,149.0,731.0,2600.0,Intel,Intel,,,,2019.0,4.0
CPU,2019-04-23,14.0,45.0,149.0,731.0,2600.0,Intel,Intel,,,,2019.0,4.0
CPU,2019-04-23,14.0,45.0,149.0,731.0,2600.0,Intel,Intel,,,,2019.0,4.0
CPU,,14.0,45.0,149.0,731.0,2700.0,Intel,Intel,,,,,
CPU,,14.0,25.0,149.0,731.0,1900.0,Intel,Intel,,,,,
CPU,2019-10-19,14.0,165.0,171.0,731.0,3700.0,Intel,Intel,,,,2019.0,10.0
CPU,2019-10-19,14.0,165.0,171.0,731.0,3500.0,Intel,Intel,,,,2019.0,10.0
CPU,2019-10-19,14.0,165.0,171.0,731.0,3300.0,Intel,Intel,,,,2019.0,10.0
CPU,2019-10-19,14.0,165.0,171.0,731.0,3000.0,Intel,Intel,,,,2019.0,10.0
CPU,2019-04-23,14.0,45.0,149.0,731.0,2300.0,Intel,Intel,,,,2019.0,4.0
CPU,2019-04-23,14.0,65.0,180.3,731.0,3100.0,Intel,Intel,,,,2019.0,4.0
CPU,2019-10-28,14.0,127.0,180.0,731.0,4000.0,Intel,Intel,,,,2019.0,10.0
CPU,2019-04-23,14.0,35.0,180.3,731.0,2100.0,Intel,Intel,,,,2019.0,4.0
CPU,2019-04-23,14.0,45.0,149.0,731.0,2400.0,Intel,Intel,,,,2019.0,4.0
CPU,2019-11-04,14.0,10.0,93.0,731.0,2000.0,Intel,Intel,,,,2019.0,11.0
CPU,2019-06-11,14.0,80.0,154.0,731.0,3400.0,Intel,Intel,,,,2019.0,6.0
CPU,2019-06-11,14.0,80.0,180.0,731.0,3300.0,Intel,Intel,,,,2019.0,6.0
CPU,2019-06-11,14.0,35.0,180.0,731.0,2000.0,Intel,Intel,,,,2019.0,6.0
CPU,2019-04-02,14.0,250.0,171.0,8000.0,2100.0,Intel,Intel,,,,2019.0,4.0
CPU,2019-04-02,14.0,250.0,171.0,8000.0,2300.0,Intel,Intel,,,,2019.0,4.0
CPU,2019-04-02,14.0,350.0,171.0,8000.0,2300.0,Intel,Intel,,,,2019.0,4.0
CPU,2019-04-02,14.0,400.0,171.0,8000.0,2600.0,Intel,Intel,,,,2019.0,4.0
CPU,2020-07-21,12.0,65.0,171.0,731.0,3500.0,GlobalFoundries,AMD,,,,2020.0,7.0
CPU,2020-07-21,12.0,35.0,171.0,731.0,3500.0,GlobalFoundries,AMD,,,,2020.0,7.0
CPU,2020-07-21,12.0,65.0,171.0,731.0,3500.0,GlobalFoundries,AMD,,,,2020.0,7.0
CPU,2020-07-21,12.0,35.0,171.0,731.0,3500.0,GlobalFoundries,AMD,,,,2020.0,7.0
CPU,2020-07-21,12.0,35.0,171.0,731.0,3400.0,GlobalFoundries,AMD,,,,2020.0,7.0
CPU,2020-07-21,12.0,35.0,171.0,731.0,3400.0,GlobalFoundries,AMD,,,,2020.0,7.0
CPU,2020-04-14,7.0,180.0,74.0,3800.0,3700.0,TSMC,AMD,,,,2020.0,4.0
CPU,2020-04-14,7.0,155.0,74.0,3800.0,3500.0,TSMC,AMD,,,,2020.0,4.0
CPU,2020-04-14,7.0,240.0,74.0,3800.0,3200.0,TSMC,AMD,,,,2020.0,4.0
CPU,2020-04-24,7.0,65.0,74.0,3800.0,3600.0,TSMC,AMD,,,,2020.0,4.0
CPU,2020-04-24,7.0,65.0,74.0,3800.0,3800.0,TSMC,AMD,,,,2020.0,4.0
CPU,2020-07-21,7.0,65.0,156.0,9800.0,3800.0,TSMC,AMD,,,,2020.0,7.0
CPU,2020-07-21,7.0,35.0,156.0,9800.0,3500.0,TSMC,AMD,,,,2020.0,7.0
CPU,2020-07-21,7.0,65.0,156.0,9800.0,3800.0,TSMC,AMD,,,,2020.0,7.0
CPU,2020-07-21,7.0,35.0,156.0,9800.0,3500.0,TSMC,AMD,,,,2020.0,7.0
CPU,2020-05-07,7.0,15.0,156.0,9800.0,2400.0,TSMC,AMD,,,,2020.0,5.0
CPU,2020-07-21,7.0,65.0,156.0,9800.0,3700.0,TSMC,AMD,,,,2020.0,7.0
CPU,2020-07-21,7.0,35.0,156.0,9800.0,3300.0,TSMC,AMD,,,,2020.0,7.0
CPU,2020-11-05,7.0,65.0,74.0,4150.0,3700.0,TSMC,AMD,,,,2020.0,11.0
CPU,2020-07-21,7.0,65.0,156.0,9800.0,3700.0,TSMC,AMD,,,,2020.0,7.0
CPU,2020-07-21,7.0,35.0,156.0,9800.0,3300.0,TSMC,AMD,,,,2020.0,7.0
CPU,2020-05-07,7.0,15.0,156.0,9800.0,2100.0,TSMC,AMD,,,,2020.0,5.0
CPU,2020-07-07,7.0,105.0,74.0,3800.0,3800.0,TSMC,AMD,,,,2020.0,7.0
CPU,2020-07-21,7.0,65.0,156.0,9800.0,3600.0,TSMC,AMD,,,,2020.0,7.0
CPU,2020-07-21,7.0,35.0,156.0,9800.0,3100.0,TSMC,AMD,,,,2020.0,7.0
CPU,2020-05-07,7.0,15.0,156.0,9800.0,1700.0,TSMC,AMD,,,,2020.0,5.0
CPU,2020-11-05,7.0,105.0,74.0,4150.0,3800.0,TSMC,AMD,,,,2020.0,11.0
CPU,2020-07-21,7.0,65.0,156.0,9800.0,3600.0,TSMC,AMD,,,,2020.0,7.0
CPU,2020-07-21,7.0,35.0,156.0,9800.0,3100.0,TSMC,AMD,,,,2020.0,7.0
CPU,2020-07-07,7.0,105.0,171.0,7600.0,3900.0,TSMC,AMD,,,,2020.0,7.0
CPU,2020-03-16,7.0,54.0,156.0,9800.0,3300.0,TSMC,AMD,,,,2020.0,3.0
CPU,2020-03-07,7.0,35.0,156.0,9800.0,3000.0,TSMC,AMD,,,,2020.0,3.0
CPU,2020-11-05,7.0,105.0,171.0,8300.0,3700.0,TSMC,AMD,,,,2020.0,11.0
CPU,2020-11-05,7.0,105.0,171.0,8300.0,3400.0,TSMC,AMD,,,,2020.0,11.0
CPU,2020-02-25,14.0,6.0,209.8,4950.0,1200.0,GlobalFoundries,AMD,,,,2020.0,2.0
CPU,2020-02-25,14.0,10.0,209.8,4950.0,1500.0,GlobalFoundries,AMD,,,,2020.0,2.0
CPU,2020-02-25,14.0,25.0,209.8,4950.0,2400.0,GlobalFoundries,AMD,,,,2020.0,2.0
CPU,2020-02-25,14.0,25.0,209.8,4950.0,2600.0,GlobalFoundries,AMD,,,,2020.0,2.0
CPU,2020-02-25,14.0,25.0,209.8,4950.0,2600.0,GlobalFoundries,AMD,,,,2020.0,2.0
CPU,2020-11-10,7.0,10.0,156.0,9800.0,2100.0,TSMC,AMD,,,,2020.0,11.0
CPU,2020-11-10,7.0,35.0,156.0,9800.0,3000.0,TSMC,AMD,,,,2020.0,11.0
CPU,2020-11-10,7.0,10.0,156.0,9800.0,1700.0,TSMC,AMD,,,,2020.0,11.0
CPU,2020-11-10,7.0,35.0,156.0,9800.0,2900.0,TSMC,AMD,,,,2020.0,11.0
CPU,2020-02-07,7.0,280.0,171.0,30400.0,2900.0,TSMC,AMD,,,,2020.0,2.0
CPU,2020-07-14,7.0,280.0,171.0,3800.0,4000.0,TSMC,AMD,,,,2020.0,7.0
CPU,2020-07-14,7.0,280.0,171.0,15200.0,3900.0,TSMC,AMD,,,,2020.0,7.0
CPU,2020-07-14,7.0,280.0,171.0,15200.0,3500.0,TSMC,AMD,,,,2020.0,7.0
CPU,2020-07-14,7.0,280.0,171.0,30400.0,2700.0,TSMC,AMD,,,,2020.0,7.0
CPU,2020-04-30,14.0,58.0,171.0,731.0,3400.0,Intel,Intel,,,,2020.0,4.0
CPU,2020-04-30,14.0,58.0,171.0,731.0,3500.0,Intel,Intel,,,,2020.0,4.0
CPU,2020-04-30,14.0,65.0,171.0,731.0,3600.0,Intel,Intel,,,,2020.0,4.0
CPU,2020-04-30,14.0,62.0,171.0,731.0,3700.0,Intel,Intel,,,,2020.0,4.0
CPU,2020-04-30,14.0,91.0,171.0,731.0,3800.0,Intel,Intel,,,,2020.0,4.0
CPU,2020-04-30,14.0,91.0,171.0,731.0,4100.0,Intel,Intel,,,,2020.0,4.0
CPU,2020-09-02,10.0,15.0,171.0,731.0,1800.0,Intel,Intel,,,,2020.0,9.0
CPU,2020-09-02,10.0,28.0,171.0,731.0,3000.0,Intel,Intel,,,,2020.0,9.0
CPU,2020-09-02,10.0,15.0,171.0,731.0,1100.0,Intel,Intel,,,,2020.0,9.0
CPU,2020-09-02,10.0,28.0,171.0,731.0,2000.0,Intel,Intel,,,,2020.0,9.0
CPU,,10.0,7.0,82.0,4050.0,800.0,Intel,Intel,,,,,
CPU,2020-09-17,14.0,45.0,171.0,731.0,2400.0,Intel,Intel,,,,2020.0,9.0
CPU,2020-09-17,14.0,45.0,171.0,731.0,2500.0,Intel,Intel,,,,2020.0,9.0
CPU,2020-05-04,10.0,28.0,123.0,731.0,2000.0,Intel,Intel,,,,2020.0,5.0
CPU,2020-04-30,14.0,65.0,171.0,731.0,2900.0,Intel,Intel,,,,2020.0,4.0
CPU,2020-04-30,14.0,65.0,171.0,731.0,2900.0,Intel,Intel,,,,2020.0,4.0
CPU,2020-04-02,14.0,45.0,171.0,731.0,2600.0,Intel,Intel,,,,2020.0,4.0
CPU,2020-04-30,14.0,65.0,171.0,731.0,3100.0,Intel,Intel,,,,2020.0,4.0
CPU,2020-04-30,14.0,65.0,171.0,731.0,3300.0,Intel,Intel,,,,2020.0,4.0
CPU,2020-04-30,14.0,125.0,171.0,731.0,4100.0,Intel,Intel,,,,2020.0,4.0
CPU,2020-04-30,14.0,95.0,171.0,731.0,4100.0,Intel,Intel,,,,2020.0,4.0
CPU,2020-09-02,10.0,15.0,171.0,731.0,1100.0,Intel,Intel,,,,2020.0,9.0
CPU,2020-09-02,10.0,28.0,171.0,731.0,2400.0,Intel,Intel,,,,2020.0,9.0
CPU,2020-09-02,10.0,28.0,171.0,731.0,2600.0,Intel,Intel,,,,2020.0,9.0
CPU,,10.0,7.0,82.0,4050.0,1400.0,Intel,Intel,,,,,
CPU,2020-04-02,14.0,25.0,171.0,731.0,1800.0,Intel,Intel,,,,2020.0,4.0
CPU,2020-04-30,14.0,65.0,171.0,731.0,2900.0,Intel,Intel,,,,2020.0,4.0
CPU,2020-04-30,14.0,65.0,171.0,731.0,2900.0,Intel,Intel,,,,2020.0,4.0
CPU,2020-04-30,14.0,125.0,171.0,731.0,3800.0,Intel,Intel,,,,2020.0,4.0
CPU,2020-04-30,14.0,125.0,171.0,731.0,3800.0,Intel,Intel,,,,2020.0,4.0
CPU,2020-04-02,14.0,45.0,171.0,731.0,2600.0,Intel,Intel,,,,2020.0,4.0
CPU,2020-04-02,14.0,25.0,171.0,731.0,1100.0,Intel,Intel,,,,2020.0,4.0
CPU,2020-04-02,14.0,45.0,171.0,731.0,2700.0,Intel,Intel,,,,2020.0,4.0
CPU,2020-09-17,14.0,45.0,171.0,731.0,2200.0,Intel,Intel,,,,2020.0,9.0
CPU,2020-04-02,14.0,45.0,177.5,731.0,2300.0,Intel,Intel,,,,2020.0,4.0
CPU,2020-09-02,10.0,15.0,171.0,731.0,1200.0,Intel,Intel,,,,2020.0,9.0
CPU,2020-09-02,10.0,28.0,171.0,731.0,2800.0,Intel,Intel,,,,2020.0,9.0
CPU,2020-09-02,10.0,28.0,171.0,731.0,3000.0,Intel,Intel,,,,2020.0,9.0
CPU,2020-04-30,14.0,65.0,171.0,731.0,2700.0,Intel,Intel,,,,2020.0,4.0
CPU,2020-07-27,14.0,125.0,206.0,731.0,3600.0,Intel,Intel,,,,2020.0,7.0
CPU,2020-04-02,14.0,45.0,206.0,731.0,2400.0,Intel,Intel,,,,2020.0,4.0
CPU,2020-04-30,14.0,65.0,171.0,731.0,2800.0,Intel,Intel,,,,2020.0,4.0
CPU,2020-04-30,14.0,65.0,171.0,731.0,2800.0,Intel,Intel,,,,2020.0,4.0
CPU,2020-04-30,14.0,125.0,206.0,731.0,3700.0,Intel,Intel,,,,2020.0,4.0
CPU,2020-04-30,14.0,125.0,171.0,731.0,3700.0,Intel,Intel,,,,2020.0,4.0
CPU,2020-04-02,14.0,45.0,171.0,731.0,2400.0,Intel,Intel,,,,2020.0,4.0
CPU,,14.0,380.0,171.0,731.0,4000.0,Intel,Intel,,,,,
CPU,2020-04-30,14.0,58.0,171.0,731.0,4000.0,Intel,Intel,,,,2020.0,4.0
CPU,2020-04-30,14.0,58.0,171.0,731.0,4100.0,Intel,Intel,,,,2020.0,4.0
CPU,2020-04-30,14.0,58.0,171.0,731.0,4200.0,Intel,Intel,,,,2020.0,4.0
CPU,2020-05-13,14.0,80.0,206.0,731.0,3200.0,Intel,Intel,,,,2020.0,5.0
CPU,2020-05-13,10.0,125.0,206.0,731.0,3700.0,Intel,Intel,,,,2020.0,5.0
CPU,,16.0,70.0,195.0,731.0,1200.0,TSMC,VIA,,,,,
CPU,2021-04-13,7.0,65.0,180.0,10700.0,4000.0,TSMC,AMD,,,,2021.0,4.0
CPU,2021-06-01,7.0,65.0,180.0,10700.0,4000.0,TSMC,AMD,,,,2021.0,6.0
CPU,2021-06-01,7.0,35.0,180.0,10700.0,3600.0,TSMC,AMD,,,,2021.0,6.0
CPU,2021-06-26,7.0,65.0,308.0,10600.0,3600.0,TSMC,AMD,,,,2021.0,6.0
CPU,2021-04-13,7.0,65.0,180.0,10700.0,3900.0,TSMC,AMD,,,,2021.0,4.0
CPU,2021-06-01,7.0,65.0,180.0,10700.0,3900.0,TSMC,AMD,,,,2021.0,6.0
CPU,2021-06-01,7.0,35.0,180.0,10700.0,3400.0,TSMC,AMD,,,,2021.0,6.0
CPU,2021-04-13,7.0,65.0,180.0,10700.0,3800.0,TSMC,AMD,,,,2021.0,4.0
CPU,,7.0,65.0,180.0,10700.0,3800.0,TSMC,AMD,,,,,
CPU,2021-06-01,7.0,65.0,180.0,10700.0,3800.0,TSMC,AMD,,,,2021.0,6.0
CPU,2021-06-01,7.0,35.0,180.0,10700.0,3200.0,TSMC,AMD,,,,2021.0,6.0
CPU,2021-05-11,10.0,35.0,190.0,731.0,2100.0,Intel,Intel,,,,2021.0,5.0
CPU,2021-06-21,10.0,28.0,146.1,731.0,2500.0,Intel,Intel,,,,2021.0,6.0
CPU,2021-05-11,10.0,35.0,190.0,731.0,2200.0,Intel,Intel,,,,2021.0,5.0
CPU,2021-05-11,10.0,35.0,190.0,731.0,2400.0,Intel,Intel,,,,2021.0,5.0
CPU,2021-05-31,10.0,28.0,171.0,731.0,2500.0,Intel,Intel,,,,2021.0,5.0
CPU,2021-11-04,10.0,125.0,215.0,731.0,3700.0,Intel,Intel,,,,2021.0,11.0
CPU,2021-11-04,10.0,125.0,215.0,731.0,3700.0,Intel,Intel,,,,2021.0,11.0
CPU,2021-06-21,10.0,28.0,146.1,731.0,2900.0,Intel,Intel,,,,2021.0,6.0
CPU,2021-05-11,10.0,35.0,190.0,731.0,2500.0,Intel,Intel,,,,2021.0,5.0
CPU,2021-03-16,14.0,125.0,171.0,731.0,3600.0,Intel,Intel,,,,2021.0,3.0
CPU,2021-05-11,10.0,35.0,190.0,731.0,1900.0,Intel,Intel,,,,2021.0,5.0
CPU,2021-05-11,10.0,35.0,190.0,731.0,2100.0,Intel,Intel,,,,2021.0,5.0
CPU,2021-05-31,10.0,28.0,146.1,731.0,2900.0,Intel,Intel,,,,2021.0,5.0
CPU,2021-11-04,10.0,125.0,215.0,731.0,3600.0,Intel,Intel,,,,2021.0,11.0
CPU,2021-11-04,10.0,125.0,215.0,731.0,3600.0,Intel,Intel,,,,2021.0,11.0
CPU,2021-05-11,10.0,35.0,190.0,731.0,2100.0,Intel,Intel,,,,2021.0,5.0
CPU,2021-03-16,14.0,125.0,276.0,731.0,3500.0,Intel,Intel,,,,2021.0,3.0
CPU,,10.0,65.0,190.0,731.0,3300.0,Intel,Intel,,,,,
CPU,2021-03-16,14.0,125.0,276.0,731.0,3500.0,Intel,Intel,,,,2021.0,3.0
CPU,2021-05-11,10.0,35.0,190.0,731.0,2100.0,Intel,Intel,,,,2021.0,5.0
CPU,2021-05-11,10.0,45.0,190.0,731.0,2600.0,Intel,Intel,,,,2021.0,5.0
CPU,2021-11-04,10.0,125.0,215.0,731.0,3200.0,Intel,Intel,,,,2021.0,11.0
CPU,2021-11-04,10.0,125.0,215.0,731.0,3200.0,Intel,Intel,,,,2021.0,11.0
CPU,2021-09-08,14.0,65.0,276.0,731.0,2800.0,Intel,Intel,,,,2021.0,9.0
CPU,2021-09-08,14.0,65.0,276.0,731.0,3100.0,Intel,Intel,,,,2021.0,9.0
CPU,2021-09-08,14.0,65.0,276.0,731.0,3400.0,Intel,Intel,,,,2021.0,9.0
CPU,2021-09-08,14.0,65.0,276.0,731.0,2900.0,Intel,Intel,,,,2021.0,9.0
CPU,2021-09-08,14.0,80.0,276.0,731.0,3200.0,Intel,Intel,,,,2021.0,9.0
CPU,2021-09-08,14.0,80.0,276.0,731.0,3700.0,Intel,Intel,,,,2021.0,9.0
CPU,2021-09-08,14.0,65.0,276.0,731.0,2600.0,Intel,Intel,,,,2021.0,9.0
CPU,2021-09-08,14.0,80.0,276.0,731.0,2800.0,Intel,Intel,,,,2021.0,9.0
CPU,2021-09-08,14.0,95.0,276.0,731.0,3500.0,Intel,Intel,,,,2021.0,9.0
CPU,2021-09-08,14.0,95.0,276.0,731.0,3200.0,Intel,Intel,,,,2021.0,9.0
CPU,2021-04-06,10.0,140.0,171.0,731.0,3200.0,Intel,Intel,,,,2021.0,4.0
CPU,2021-04-06,10.0,150.0,171.0,731.0,3000.0,Intel,Intel,,,,2021.0,4.0
CPU,2021-04-06,14.0,150.0,171.0,731.0,2500.0,Intel,Intel,,,,2021.0,4.0
CPU,2021-04-06,10.0,150.0,171.0,731.0,2100.0,Intel,Intel,,,,2021.0,4.0
CPU,2021-04-06,10.0,165.0,171.0,731.0,2100.0,Intel,Intel,,,,2021.0,4.0
CPU,2021-04-06,10.0,165.0,171.0,731.0,2100.0,Intel,Intel,,,,2021.0,4.0
CPU,2021-04-06,10.0,185.0,171.0,731.0,2200.0,Intel,Intel,,,,2021.0,4.0
CPU,2021-04-06,14.0,150.0,171.0,731.0,2400.0,Intel,Intel,,,,2021.0,4.0
CPU,2021-04-06,10.0,150.0,171.0,731.0,2300.0,Intel,Intel,,,,2021.0,4.0
CPU,2021-04-06,10.0,185.0,171.0,731.0,2400.0,Intel,Intel,,,,2021.0,4.0
CPU,2021-04-06,10.0,205.0,171.0,731.0,2300.0,Intel,Intel,,,,2021.0,4.0
CPU,2021-04-06,10.0,185.0,171.0,731.0,2900.0,Intel,Intel,,,,2021.0,4.0
CPU,2021-04-06,14.0,165.0,171.0,731.0,2800.0,Intel,Intel,,,,2021.0,4.0
CPU,2021-04-06,14.0,165.0,171.0,731.0,2800.0,Intel,Intel,,,,2021.0,4.0
CPU,2021-04-06,10.0,205.0,171.0,731.0,2000.0,Intel,Intel,,,,2021.0,4.0
CPU,2021-04-06,14.0,150.0,171.0,731.0,2000.0,Intel,Intel,,,,2021.0,4.0
CPU,2021-04-06,10.0,165.0,171.0,731.0,3600.0,Intel,Intel,,,,2021.0,4.0
CPU,2021-04-06,10.0,185.0,171.0,731.0,2400.0,Intel,Intel,,,,2021.0,4.0
CPU,2021-04-06,10.0,185.0,171.0,731.0,2200.0,Intel,Intel,,,,2021.0,4.0
CPU,2021-04-06,10.0,165.0,171.0,731.0,2100.0,Intel,Intel,,,,2021.0,4.0
CPU,2021-04-06,10.0,230.0,171.0,731.0,2800.0,Intel,Intel,,,,2021.0,4.0
CPU,2021-04-06,10.0,205.0,171.0,731.0,3100.0,Intel,Intel,,,,2021.0,4.0
CPU,2021-04-06,10.0,235.0,171.0,731.0,2600.0,Intel,Intel,,,,2021.0,4.0
CPU,2021-04-06,14.0,165.0,171.0,731.0,2300.0,Intel,Intel,,,,2021.0,4.0
CPU,2021-04-06,10.0,205.0,171.0,731.0,3000.0,Intel,Intel,,,,2021.0,4.0
CPU,2021-04-06,10.0,225.0,171.0,731.0,2400.0,Intel,Intel,,,,2021.0,4.0
CPU,2021-04-06,10.0,185.0,171.0,731.0,2300.0,Intel,Intel,,,,2021.0,4.0
CPU,2021-04-06,10.0,205.0,171.0,731.0,2200.0,Intel,Intel,,,,2021.0,4.0
CPU,2021-04-06,10.0,195.0,171.0,731.0,2500.0,Intel,Intel,,,,2021.0,4.0
CPU,2021-04-06,14.0,150.0,171.0,731.0,2500.0,Intel,Intel,,,,2021.0,4.0
CPU,2021-04-06,14.0,205.0,171.0,731.0,3100.0,Intel,Intel,,,,2021.0,4.0
CPU,2021-04-06,14.0,190.0,171.0,731.0,3900.0,Intel,Intel,,,,2021.0,4.0
CPU,2021-04-06,10.0,250.0,171.0,731.0,2600.0,Intel,Intel,,,,2021.0,4.0
CPU,2021-04-06,10.0,240.0,171.0,731.0,2600.0,Intel,Intel,,,,2021.0,4.0
CPU,2021-04-06,14.0,225.0,171.0,731.0,3000.0,Intel,Intel,,,,2021.0,4.0
CPU,2021-04-06,14.0,225.0,171.0,731.0,3000.0,Intel,Intel,,,,2021.0,4.0
CPU,2021-04-06,10.0,250.0,171.0,731.0,2400.0,Intel,Intel,,,,2021.0,4.0
CPU,2021-04-06,10.0,265.0,171.0,731.0,2800.0,Intel,Intel,,,,2021.0,4.0
CPU,2021-04-06,10.0,270.0,171.0,731.0,2400.0,Intel,Intel,,,,2021.0,4.0
CPU,2021-04-06,10.0,270.0,171.0,731.0,2600.0,Intel,Intel,,,,2021.0,4.0
CPU,2021-04-06,14.0,205.0,171.0,731.0,2600.0,Intel,Intel,,,,2021.0,4.0
CPU,2021-04-06,14.0,205.0,171.0,731.0,2600.0,Intel,Intel,,,,2021.0,4.0
CPU,2021-04-06,10.0,270.0,171.0,731.0,2300.0,Intel,Intel,,,,2021.0,4.0
CPU,2021-04-06,14.0,250.0,171.0,731.0,2900.0,Intel,Intel,,,,2021.0,4.0
CPU,2021-04-06,14.0,250.0,171.0,731.0,2900.0,Intel,Intel,,,,2021.0,4.0
CPU,2021-04-06,10.0,105.0,171.0,731.0,2800.0,Intel,Intel,,,,2021.0,4.0
CPU,2021-04-06,10.0,120.0,171.0,731.0,2100.0,Intel,Intel,,,,2021.0,4.0
CPU,2021-04-06,10.0,105.0,171.0,731.0,2300.0,Intel,Intel,,,,2021.0,4.0
CPU,2021-04-06,10.0,135.0,171.0,731.0,2400.0,Intel,Intel,,,,2021.0,4.0
CPU,2021-04-06,10.0,150.0,171.0,731.0,2300.0,Intel,Intel,,,,2021.0,4.0
CPU,2021-05-11,10.0,35.0,190.0,731.0,3200.0,Intel,Intel,,,,2021.0,5.0
CPU,2021-05-11,10.0,35.0,190.0,731.0,2100.0,Intel,Intel,,,,2021.0,5.0
CPU,2021-07-29,10.0,220.0,171.0,731.0,3500.0,Intel,Intel,,,,2021.0,7.0
CPU,2021-07-29,10.0,250.0,171.0,731.0,3400.0,Intel,Intel,,,,2021.0,7.0
CPU,2021-07-29,10.0,250.0,171.0,731.0,3000.0,Intel,Intel,,,,2021.0,7.0
CPU,2021-07-29,10.0,270.0,171.0,731.0,2700.0,Intel,Intel,,,,2021.0,7.0
CPU,2021-07-29,10.0,270.0,171.0,731.0,2500.0,Intel,Intel,,,,2021.0,7.0
CPU,2022-09-20,6.0,15.0,100.0,731.0,2400.0,TSMC,AMD,,,,2022.0,9.0
CPU,2022-09-20,6.0,15.0,100.0,731.0,2400.0,TSMC,AMD,,,,2022.0,9.0
CPU,2022-03-22,7.0,240.0,171.0,33200.0,3050.0,TSMC,AMD,,,,2022.0,3.0
CPU,2022-03-22,7.0,240.0,171.0,33200.0,2800.0,TSMC,AMD,,,,2022.0,3.0
CPU,2022-03-22,7.0,280.0,171.0,33200.0,2800.0,TSMC,AMD,,,,2022.0,3.0
CPU,2022-03-22,7.0,280.0,171.0,33200.0,2200.0,TSMC,AMD,,,,2022.0,3.0
CPU,2022-11-10,5.0,200.0,171.0,26280.0,3000.0,TSMC,AMD,,,,2022.0,11.0
CPU,2022-11-10,5.0,320.0,171.0,52560.0,4100.0,TSMC,AMD,,,,2022.0,11.0
CPU,2022-11-10,5.0,200.0,171.0,26280.0,2500.0,TSMC,AMD,,,,2022.0,11.0
CPU,2022-11-10,5.0,200.0,171.0,26280.0,2900.0,TSMC,AMD,,,,2022.0,11.0
CPU,2022-11-10,5.0,320.0,171.0,52560.0,4050.0,TSMC,AMD,,,,2022.0,11.0
CPU,2022-11-10,5.0,210.0,171.0,52560.0,2700.0,TSMC,AMD,,,,2022.0,11.0
CPU,2022-11-10,5.0,280.0,171.0,52560.0,3250.0,TSMC,AMD,,,,2022.0,11.0
CPU,2022-11-10,5.0,280.0,171.0,52560.0,3250.0,TSMC,AMD,,,,2022.0,11.0
CPU,2022-11-10,5.0,320.0,171.0,52560.0,3850.0,TSMC,AMD,,,,2022.0,11.0
CPU,2022-11-10,5.0,290.0,171.0,52560.0,2750.0,TSMC,AMD,,,,2022.0,11.0
CPU,2022-11-10,5.0,290.0,171.0,52560.0,2750.0,TSMC,AMD,,,,2022.0,11.0
CPU,2022-11-10,5.0,360.0,171.0,52560.0,3600.0,TSMC,AMD,,,,2022.0,11.0
CPU,2022-11-10,5.0,280.0,171.0,52560.0,2450.0,TSMC,AMD,,,,2022.0,11.0
CPU,2022-11-10,5.0,360.0,171.0,52560.0,3100.0,TSMC,AMD,,,,2022.0,11.0
CPU,2022-11-10,5.0,360.0,171.0,52560.0,3100.0,TSMC,AMD,,,,2022.0,11.0
CPU,2022-11-10,5.0,290.0,171.0,78840.0,2250.0,TSMC,AMD,,,,2022.0,11.0
CPU,2022-11-10,5.0,360.0,171.0,78840.0,2400.0,TSMC,AMD,,,,2022.0,11.0
CPU,2022-11-10,5.0,360.0,171.0,78840.0,2400.0,TSMC,AMD,,,,2022.0,11.0
CPU,2022-04-04,7.0,65.0,156.0,9800.0,3800.0,TSMC,AMD,,,,2022.0,4.0
CPU,2022-05-05,7.0,15.0,180.0,10700.0,3000.0,TSMC,AMD,,,,2022.0,5.0
CPU,2022-05-05,7.0,15.0,180.0,10700.0,2700.0,TSMC,AMD,,,,2022.0,5.0
CPU,2022-09-20,6.0,15.0,100.0,731.0,2400.0,TSMC,AMD,,,,2022.0,9.0
CPU,2022-04-19,7.0,15.0,180.0,10700.0,2700.0,TSMC,AMD,,,,2022.0,4.0
CPU,2022-04-04,7.0,65.0,156.0,9800.0,3600.0,TSMC,AMD,,,,2022.0,4.0
CPU,2022-04-04,7.0,65.0,180.0,10700.0,3600.0,TSMC,AMD,,,,2022.0,4.0
CPU,2022-04-20,7.0,65.0,74.0,4150.0,3500.0,TSMC,AMD,,,,2022.0,4.0
CPU,2022-05-05,7.0,15.0,180.0,10700.0,2300.0,TSMC,AMD,,,,2022.0,5.0
CPU,2022-09-20,6.0,15.0,100.0,731.0,2800.0,TSMC,AMD,,,,2022.0,9.0
CPU,2022-09-27,5.0,105.0,71.0,6570.0,4700.0,TSMC,AMD,,,,2022.0,9.0
CPU,2022-11-11,7.0,65.0,156.0,9800.0,3700.0,TSMC,AMD,,,,2022.0,11.0
CPU,2022-11-11,7.0,35.0,156.0,9800.0,3300.0,TSMC,AMD,,,,2022.0,11.0
CPU,2022-04-19,7.0,15.0,180.0,10700.0,2300.0,TSMC,AMD,,,,2022.0,4.0
CPU,2022-04-19,6.0,45.0,208.0,731.0,3300.0,TSMC,AMD,,,,2022.0,4.0
CPU,2022-04-19,6.0,35.0,208.0,731.0,3300.0,TSMC,AMD,,,,2022.0,4.0
CPU,2022-04-19,6.0,15.0,208.0,731.0,2900.0,TSMC,AMD,,,,2022.0,4.0
CPU,2022-04-04,7.0,65.0,180.0,10700.0,3700.0,TSMC,AMD,,,,2022.0,4.0
CPU,2022-04-04,7.0,65.0,74.0,4150.0,3400.0,TSMC,AMD,,,,2022.0,4.0
CPU,2022-04-20,7.0,105.0,74.0,8850.0,3400.0,TSMC,AMD,,,,2022.0,4.0
CPU,2022-05-05,7.0,15.0,180.0,10700.0,2000.0,TSMC,AMD,,,,2022.0,5.0
CPU,2022-09-27,5.0,105.0,71.0,6570.0,4500.0,TSMC,AMD,,,,2022.0,9.0
CPU,2022-04-19,7.0,15.0,180.0,10700.0,2000.0,TSMC,AMD,,,,2022.0,4.0
CPU,2022-04-19,6.0,45.0,208.0,731.0,3200.0,TSMC,AMD,,,,2022.0,4.0
CPU,2022-04-19,6.0,35.0,208.0,731.0,3200.0,TSMC,AMD,,,,2022.0,4.0
CPU,2022-04-19,6.0,15.0,208.0,731.0,2700.0,TSMC,AMD,,,,2022.0,4.0
CPU,2022-09-27,5.0,170.0,171.0,13140.0,4700.0,TSMC,AMD,,,,2022.0,9.0
CPU,2022-09-27,5.0,170.0,171.0,13140.0,4500.0,TSMC,AMD,,,,2022.0,9.0
CPU,2022-04-19,6.0,45.0,208.0,731.0,3300.0,TSMC,AMD,,,,2022.0,4.0
CPU,2022-04-19,6.0,35.0,208.0,731.0,3300.0,TSMC,AMD,,,,2022.0,4.0
CPU,2022-06-21,12.0,15.0,210.0,4940.0,2700.0,GlobalFoundries,AMD,,,,2022.0,6.0
CPU,2022-06-21,12.0,15.0,210.0,4940.0,2100.0,GlobalFoundries,AMD,,,,2022.0,6.0
CPU,2022-09-30,12.0,15.0,210.0,4940.0,2100.0,GlobalFoundries,AMD,,,,2022.0,9.0
CPU,2022-09-30,12.0,45.0,210.0,4940.0,3350.0,GlobalFoundries,AMD,,,,2022.0,9.0
CPU,2022-09-27,6.0,15.0,171.0,731.0,2300.0,TSMC,AMD,,,,2022.0,9.0
CPU,2022-09-27,6.0,15.0,171.0,731.0,2000.0,TSMC,AMD,,,,2022.0,9.0
CPU,2022-09-27,6.0,15.0,171.0,731.0,1900.0,TSMC,AMD,,,,2022.0,9.0
CPU,2022-09-27,6.0,45.0,171.0,731.0,3500.0,TSMC,AMD,,,,2022.0,9.0
CPU,2022-09-27,6.0,45.0,171.0,731.0,3300.0,TSMC,AMD,,,,2022.0,9.0
CPU,,7.0,280.0,171.0,33200.0,2500.0,TSMC,AMD,,,,,
CPU,2022-03-08,7.0,280.0,171.0,16600.0,4100.0,TSMC,AMD,,,,2022.0,3.0
CPU,2022-03-08,7.0,280.0,171.0,16600.0,4000.0,TSMC,AMD,,,,2022.0,3.0
CPU,2022-03-08,7.0,280.0,171.0,16600.0,3800.0,TSMC,AMD,,,,2022.0,3.0
CPU,2022-03-08,7.0,280.0,171.0,16600.0,3600.0,TSMC,AMD,,,,2022.0,3.0
CPU,2022-03-08,7.0,280.0,171.0,33200.0,2700.0,TSMC,AMD,,,,2022.0,3.0
CPU,2022-02-25,7.0,15.0,163.0,2400.0,2400.0,TSMC,AMD,,,,2022.0,2.0
CPU,2022-02-23,10.0,9.0,171.0,731.0,1000.0,Intel,Intel,,,,2022.0,2.0
CPU,2022-02-23,10.0,15.0,171.0,731.0,1200.0,Intel,Intel,,,,2022.0,2.0
CPU,2022-02-23,10.0,28.0,171.0,731.0,1500.0,Intel,Intel,,,,2022.0,2.0
CPU,2022-02-23,10.0,9.0,171.0,731.0,1000.0,Intel,Intel,,,,2022.0,2.0
CPU,2022-02-23,10.0,15.0,171.0,731.0,1300.0,Intel,Intel,,,,2022.0,2.0
CPU,2022-02-23,10.0,28.0,217.0,731.0,1700.0,Intel,Intel,,,,2022.0,2.0
CPU,2022-02-23,10.0,9.0,171.0,731.0,1100.0,Intel,Intel,,,,2022.0,2.0
CPU,2022-05-10,10.0,55.0,215.0,731.0,2400.0,Intel,Intel,,,,2022.0,5.0
CPU,2022-02-23,10.0,15.0,171.0,731.0,1600.0,Intel,Intel,,,,2022.0,2.0
CPU,,10.0,65.0,163.0,731.0,3000.0,Intel,Intel,,,,,
CPU,2022-02-23,10.0,28.0,217.0,731.0,1700.0,Intel,Intel,,,,2022.0,2.0
CPU,2022-05-10,10.0,55.0,215.0,731.0,2500.0,Intel,Intel,,,,2022.0,5.0
CPU,2022-09-27,10.0,125.0,257.0,731.0,3500.0,Intel,Intel,,,,2022.0,9.0
CPU,2022-09-27,10.0,125.0,257.0,731.0,3500.0,Intel,Intel,,,,2022.0,9.0
CPU,2022-02-23,10.0,9.0,171.0,731.0,1100.0,Intel,Intel,,,,2022.0,2.0
CPU,2022-02-23,10.0,15.0,171.0,731.0,1700.0,Intel,Intel,,,,2022.0,2.0
CPU,2022-02-23,10.0,28.0,217.0,731.0,2100.0,Intel,Intel,,,,2022.0,2.0
CPU,2022-02-23,10.0,9.0,171.0,731.0,1100.0,Intel,Intel,,,,2022.0,2.0
CPU,2022-05-10,10.0,55.0,215.0,731.0,2000.0,Intel,Intel,,,,2022.0,5.0
CPU,2022-02-23,10.0,15.0,171.0,731.0,1800.0,Intel,Intel,,,,2022.0,2.0
CPU,2022-02-23,10.0,28.0,217.0,731.0,2200.0,Intel,Intel,,,,2022.0,2.0
CPU,2022-05-10,10.0,55.0,215.0,731.0,2000.0,Intel,Intel,,,,2022.0,5.0
CPU,2022-02-23,10.0,28.0,217.0,731.0,1800.0,Intel,Intel,,,,2022.0,2.0
CPU,2022-05-10,10.0,55.0,215.0,731.0,2100.0,Intel,Intel,,,,2022.0,5.0
CPU,2022-09-27,10.0,125.0,257.0,731.0,3400.0,Intel,Intel,,,,2022.0,9.0
CPU,2022-09-27,10.0,125.0,257.0,731.0,3400.0,Intel,Intel,,,,2022.0,9.0
CPU,2022-05-10,10.0,55.0,215.0,731.0,2300.0,Intel,Intel,,,,2022.0,5.0
CPU,2022-04-05,10.0,150.0,215.0,731.0,3400.0,Intel,Intel,,,,2022.0,4.0
CPU,2022-05-10,10.0,55.0,215.0,731.0,2300.0,Intel,Intel,,,,2022.0,5.0
CPU,2022-09-27,10.0,125.0,257.0,731.0,3000.0,Intel,Intel,,,,2022.0,9.0
CPU,2022-09-27,10.0,125.0,257.0,731.0,3000.0,Intel,Intel,,,,2022.0,9.0
CPU,2023-09-05,7.0,120.0,171.0,8300.0,2800.0,TSMC,AMD,,,,2023.0,9.0
CPU,2023-09-05,7.0,120.0,171.0,8300.0,2800.0,TSMC,AMD,,,,2023.0,9.0
CPU,2023-09-05,7.0,130.0,171.0,8300.0,2400.0,TSMC,AMD,,,,2023.0,9.0
CPU,2023-09-05,7.0,130.0,171.0,8300.0,2400.0,TSMC,AMD,,,,2023.0,9.0
CPU,2023-09-05,7.0,225.0,171.0,33200.0,2300.0,TSMC,AMD,,,,2023.0,9.0
CPU,2023-09-05,7.0,240.0,171.0,33200.0,2000.0,TSMC,AMD,,,,2023.0,9.0
CPU,2023-09-18,5.0,90.0,73.0,8875.0,2400.0,TSMC,AMD,,,,2023.0,9.0
CPU,2023-09-18,5.0,80.0,73.0,8875.0,2050.0,TSMC,AMD,,,,2023.0,9.0
CPU,2023-09-18,5.0,125.0,171.0,17750.0,2450.0,TSMC,AMD,,,,2023.0,9.0
CPU,2023-09-18,5.0,100.0,171.0,17750.0,2000.0,TSMC,AMD,,,,2023.0,9.0
CPU,2023-09-18,5.0,160.0,171.0,17750.0,2550.0,TSMC,AMD,,,,2023.0,9.0
CPU,2023-09-18,5.0,120.0,171.0,17750.0,2000.0,TSMC,AMD,,,,2023.0,9.0
CPU,2023-09-18,5.0,180.0,171.0,35500.0,2650.0,TSMC,AMD,,,,2023.0,9.0
CPU,2023-09-18,5.0,130.0,171.0,35500.0,2050.0,TSMC,AMD,,,,2023.0,9.0
CPU,2023-09-18,5.0,200.0,171.0,35500.0,2500.0,TSMC,AMD,,,,2023.0,9.0
CPU,2023-09-18,5.0,155.0,171.0,35500.0,2000.0,TSMC,AMD,,,,2023.0,9.0
CPU,2023-09-18,5.0,200.0,171.0,35500.0,2300.0,TSMC,AMD,,,,2023.0,9.0
CPU,2023-09-18,5.0,175.0,171.0,35500.0,2000.0,TSMC,AMD,,,,2023.0,9.0
CPU,2023-06-13,5.0,320.0,171.0,90160.0,3550.0,TSMC,AMD,,,,2023.0,6.0
CPU,2023-06-13,5.0,320.0,171.0,90160.0,3100.0,TSMC,AMD,,,,2023.0,6.0
CPU,2023-06-13,5.0,400.0,171.0,135240.0,2550.0,TSMC,AMD,,,,2023.0,6.0
CPU,2023-06-13,5.0,340.0,171.0,71000.0,2200.0,TSMC,AMD,,,,2023.0,6.0
CPU,2023-06-13,5.0,360.0,171.0,71000.0,2250.0,TSMC,AMD,,,,2023.0,6.0
CPU,2023-06-13,5.0,360.0,171.0,71000.0,2250.0,TSMC,AMD,,,,2023.0,6.0
CPU,2023-05-03,4.0,28.0,137.0,20900.0,3000.0,TSMC,AMD,,,,2023.0,5.0
CPU,2023-12-06,4.0,28.0,137.0,20900.0,3000.0,TSMC,AMD,,,,2023.0,12.0
CPU,2023-07-07,7.0,105.0,74.0,731.0,3300.0,TSMC,AMD,,,,2023.0,7.0
CPU,2023-07-22,5.0,65.0,71.0,6570.0,3700.0,TSMC,AMD,,,,2023.0,7.0
CPU,2023-05-03,4.0,28.0,178.0,25000.0,3200.0,TSMC,AMD,,,,2023.0,5.0
CPU,2023-11-02,4.0,28.0,137.0,20900.0,3200.0,TSMC,AMD,,,,2023.0,11.0
CPU,2023-05-03,4.0,15.0,178.0,25000.0,3500.0,TSMC,AMD,,,,2023.0,5.0
CPU,2023-12-06,4.0,28.0,137.0,20900.0,3200.0,TSMC,AMD,,,,2023.0,12.0
CPU,2023-12-06,4.0,28.0,178.0,25000.0,3500.0,TSMC,AMD,,,,2023.0,12.0
CPU,2023-12-06,4.0,28.0,178.0,25000.0,3500.0,TSMC,AMD,,,,2023.0,12.0
CPU,2023-12-06,4.0,45.0,178.0,25000.0,4300.0,TSMC,AMD,,,,2023.0,12.0
CPU,2023-06-13,5.0,65.0,71.0,6570.0,3800.0,TSMC,AMD,,,,2023.0,6.0
CPU,,4.0,28.0,178.0,25000.0,3300.0,TSMC,AMD,,,,,
CPU,2023-12-06,4.0,28.0,178.0,25000.0,3300.0,TSMC,AMD,,,,2023.0,12.0
CPU,2023-12-06,4.0,28.0,178.0,25000.0,3300.0,TSMC,AMD,,,,2023.0,12.0
CPU,2023-12-06,4.0,45.0,178.0,25000.0,3800.0,TSMC,AMD,,,,2023.0,12.0
CPU,2023-06-13,5.0,65.0,71.0,6570.0,3800.0,TSMC,AMD,,,,2023.0,6.0
CPU,2023-07-27,5.0,55.0,171.0,17840.0,2300.0,TSMC,AMD,,,,2023.0,7.0
CPU,2023-12-06,4.0,45.0,178.0,25000.0,4000.0,TSMC,AMD,,,,2023.0,12.0
CPU,2023-06-13,5.0,65.0,171.0,13140.0,3700.0,TSMC,AMD,,,,2023.0,6.0
CPU,2023-04-20,7.0,105.0,171.0,8300.0,3350.0,TSMC,AMD,,,,2023.0,4.0
CPU,2023-04-20,7.0,105.0,171.0,8300.0,3050.0,TSMC,AMD,,,,2023.0,4.0
CPU,2023-10-19,5.0,350.0,171.0,26280.0,4200.0,TSMC,AMD,,,,2023.0,10.0
CPU,2023-10-19,5.0,350.0,171.0,26280.0,4000.0,TSMC,AMD,,,,2023.0,10.0
CPU,2023-10-19,5.0,350.0,171.0,52560.0,3200.0,TSMC,AMD,,,,2023.0,10.0
CPU,2023-10-19,5.0,350.0,171.0,26280.0,4200.0,TSMC,AMD,,,,2023.0,10.0
CPU,2023-10-19,5.0,350.0,171.0,26280.0,4000.0,TSMC,AMD,,,,2023.0,10.0
CPU,2023-10-19,5.0,350.0,171.0,52560.0,3200.0,TSMC,AMD,,,,2023.0,10.0
CPU,2023-10-19,5.0,350.0,171.0,78840.0,2500.0,TSMC,AMD,,,,2023.0,10.0
CPU,,4.0,15.0,137.0,731.0,3200.0,TSMC,AMD,,,,,
CPU,,4.0,15.0,178.0,25000.0,3300.0,TSMC,AMD,,,,,
CPU,2023-11-09,6.0,15.0,131.0,2400.0,2400.0,TSMC,AMD,,,,2023.0,11.0
CPU,2023-10-19,5.0,350.0,171.0,13140.0,4700.0,TSMC,AMD,,,,2023.0,10.0
CPU,2023-10-19,5.0,350.0,171.0,13140.0,4500.0,TSMC,AMD,,,,2023.0,10.0
CPU,2023-12-14,7.0,28.0,171.0,731.0,3600.0,Intel,Intel,,,,2023.0,12.0
CPU,2023-12-14,7.0,28.0,171.0,731.0,3600.0,Intel,Intel,,,,2023.0,12.0
CPU,2023-12-14,7.0,28.0,171.0,731.0,3800.0,Intel,Intel,,,,2023.0,12.0
CPU,2023-12-14,7.0,28.0,171.0,731.0,3800.0,Intel,Intel,,,,2023.0,12.0
CPU,2023-12-14,7.0,45.0,171.0,731.0,3900.0,Intel,Intel,,,,2023.0,12.0
CPU,2023-10-17,10.0,125.0,257.0,731.0,3500.0,Intel,Intel,,,,2023.0,10.0
CPU,2023-10-17,10.0,125.0,257.0,731.0,3500.0,Intel,Intel,,,,2023.0,10.0
CPU,2023-10-17,10.0,125.0,257.0,731.0,3400.0,Intel,Intel,,,,2023.0,10.0
CPU,2023-10-17,10.0,125.0,257.0,731.0,3400.0,Intel,Intel,,,,2023.0,10.0
CPU,2023-10-17,10.0,125.0,257.0,731.0,3200.0,Intel,Intel,,,,2023.0,10.0
CPU,2023-10-17,10.0,125.0,257.0,731.0,3200.0,Intel,Intel,,,,2023.0,10.0
CPU,2023-12-14,10.0,55.0,163.0,731.0,2600.0,Intel,Intel,,,,2023.0,12.0
CPU,2023-12-14,10.0,55.0,163.0,731.0,3400.0,Intel,Intel,,,,2023.0,12.0
CPU,2023-12-14,10.0,65.0,163.0,731.0,2900.0,Intel,Intel,,,,2023.0,12.0
CPU,2023-12-14,10.0,80.0,163.0,731.0,3300.0,Intel,Intel,,,,2023.0,12.0
CPU,2023-12-14,10.0,65.0,257.0,731.0,2600.0,Intel,Intel,,,,2023.0,12.0
CPU,2023-12-14,10.0,80.0,257.0,731.0,2800.0,Intel,Intel,,,,2023.0,12.0
CPU,2023-12-14,10.0,95.0,163.0,731.0,3500.0,Intel,Intel,,,,2023.0,12.0
CPU,2023-12-14,10.0,95.0,257.0,731.0,3200.0,Intel,Intel,,,,2023.0,12.0
CPU,2023-12-14,10.0,185.0,171.0,731.0,2100.0,Intel,Intel,,,,2023.0,12.0
CPU,2023-12-14,10.0,165.0,171.0,731.0,3200.0,Intel,Intel,,,,2023.0,12.0
CPU,2023-12-14,10.0,205.0,171.0,731.0,2200.0,Intel,Intel,,,,2023.0,12.0
CPU,2023-12-14,10.0,195.0,171.0,731.0,2800.0,Intel,Intel,,,,2023.0,12.0
CPU,2023-12-14,10.0,270.0,171.0,731.0,2100.0,Intel,Intel,,,,2023.0,12.0
CPU,2023-12-14,10.0,195.0,171.0,731.0,3900.0,Intel,Intel,,,,2023.0,12.0
CPU,2023-12-14,10.0,270.0,171.0,731.0,2100.0,Intel,Intel,,,,2023.0,12.0
CPU,2023-12-14,10.0,250.0,171.0,731.0,2900.0,Intel,Intel,,,,2023.0,12.0
CPU,2023-12-14,10.0,270.0,171.0,731.0,3600.0,Intel,Intel,,,,2023.0,12.0
CPU,2023-12-14,10.0,270.0,171.0,731.0,2800.0,Intel,Intel,,,,2023.0,12.0
CPU,2023-12-14,10.0,250.0,171.0,731.0,2500.0,Intel,Intel,,,,2023.0,12.0
CPU,2023-12-14,10.0,270.0,171.0,731.0,2200.0,Intel,Intel,,,,2023.0,12.0
CPU,2023-12-14,10.0,330.0,171.0,731.0,2100.0,Intel,Intel,,,,2023.0,12.0
CPU,2023-12-14,10.0,350.0,171.0,731.0,2700.0,Intel,Intel,,,,2023.0,12.0
CPU,2023-12-14,10.0,300.0,171.0,731.0,2000.0,Intel,Intel,,,,2023.0,12.0
CPU,2023-12-14,10.0,300.0,171.0,731.0,2800.0,Intel,Intel,,,,2023.0,12.0
CPU,2023-12-14,10.0,350.0,171.0,731.0,2300.0,Intel,Intel,,,,2023.0,12.0
CPU,2023-12-14,10.0,350.0,171.0,731.0,2100.0,Intel,Intel,,,,2023.0,12.0
CPU,2023-12-14,10.0,300.0,171.0,731.0,2400.0,Intel,Intel,,,,2023.0,12.0
CPU,2023-12-14,10.0,350.0,171.0,731.0,2000.0,Intel,Intel,,,,2023.0,12.0
CPU,2023-12-14,10.0,270.0,171.0,731.0,2000.0,Intel,Intel,,,,2023.0,12.0
CPU,2023-12-14,10.0,350.0,171.0,731.0,1900.0,Intel,Intel,,,,2023.0,12.0
CPU,2023-12-14,10.0,330.0,171.0,731.0,2000.0,Intel,Intel,,,,2023.0,12.0
CPU,2023-12-14,10.0,385.0,171.0,731.0,2200.0,Intel,Intel,,,,2023.0,12.0
CPU,2024-01-08,7.0,65.0,180.0,10700.0,3600.0,TSMC,AMD,,,,2024.0,1.0
CPU,2024-01-08,7.0,65.0,180.0,10700.0,3600.0,TSMC,AMD,,,,2024.0,1.0
CPU,2024-01-08,4.0,65.0,137.0,20900.0,3400.0,TSMC,AMD,,,,2024.0,1.0
CPU,2024-01-08,4.0,65.0,137.0,20900.0,3500.0,TSMC,AMD,,,,2024.0,1.0
CPU,2024-01-08,4.0,65.0,178.0,25000.0,4300.0,TSMC,AMD,,,,2024.0,1.0
CPU,2024-01-08,7.0,105.0,74.0,8850.0,3000.0,TSMC,AMD,,,,2024.0,1.0
CPU,2024-01-08,4.0,65.0,178.0,25000.0,4200.0,TSMC,AMD,,,,2024.0,1.0
CPU,2024-01-08,10.0,15.0,171.0,731.0,1200.0,Intel,Intel,,,,2024.0,1.0
CPU,,10.0,15.0,171.0,731.0,1200.0,Intel,Intel,,,,,
CPU,2024-01-08,10.0,15.0,171.0,731.0,1400.0,Intel,Intel,,,,2024.0,1.0
CPU,,10.0,15.0,171.0,731.0,1400.0,Intel,Intel,,,,,
CPU,,10.0,15.0,171.0,731.0,1400.0,Intel,Intel,,,,,
CPU,,10.0,15.0,171.0,731.0,1500.0,Intel,Intel,,,,,
CPU,2024-01-08,10.0,15.0,171.0,731.0,1800.0,Intel,Intel,,,,2024.0,1.0
CPU,,10.0,15.0,171.0,731.0,1800.0,Intel,Intel,,,,,
CPU,,10.0,15.0,171.0,731.0,1800.0,Intel,Intel,,,,,
CPU,,10.0,15.0,171.0,731.0,1900.0,Intel,Intel,,,,,
CPU,2024-01-08,10.0,60.0,163.0,731.0,3500.0,Intel,Intel,,,,2024.0,1.0
CPU,2024-01-08,10.0,58.0,163.0,731.0,3500.0,Intel,Intel,,,,2024.0,1.0
CPU,2024-01-08,10.0,35.0,163.0,731.0,2700.0,Intel,Intel,,,,2024.0,1.0
CPU,2024-01-08,10.0,65.0,215.0,731.0,2500.0,Intel,Intel,,,,2024.0,1.0
CPU,2024-01-08,10.0,65.0,215.0,731.0,2500.0,Intel,Intel,,,,2024.0,1.0
CPU,2024-01-08,10.0,35.0,215.0,731.0,1500.0,Intel,Intel,,,,2024.0,1.0
CPU,2024-01-08,10.0,55.0,257.0,731.0,2400.0,Intel,Intel,,,,2024.0,1.0
CPU,,10.0,65.0,257.0,731.0,2500.0,Intel,Intel,,,,,
CPU,2024-01-08,10.0,65.0,257.0,731.0,2600.0,Intel,Intel,,,,2024.0,1.0
CPU,2024-01-08,10.0,55.0,257.0,731.0,2600.0,Intel,Intel,,,,2024.0,1.0
CPU,2024-01-08,10.0,35.0,257.0,731.0,1700.0,Intel,Intel,,,,2024.0,1.0
CPU,2024-01-08,10.0,65.0,257.0,731.0,2700.0,Intel,Intel,,,,2024.0,1.0
CPU,2024-01-08,10.0,35.0,257.0,731.0,1800.0,Intel,Intel,,,,2024.0,1.0
CPU,2024-01-08,10.0,55.0,257.0,731.0,2200.0,Intel,Intel,,,,2024.0,1.0
CPU,2024-01-08,10.0,65.0,257.0,731.0,2100.0,Intel,Intel,,,,2024.0,1.0
CPU,2024-01-08,10.0,65.0,257.0,731.0,2100.0,Intel,Intel,,,,2024.0,1.0
CPU,2024-01-08,10.0,55.0,257.0,731.0,2100.0,Intel,Intel,,,,2024.0,1.0
CPU,2024-01-08,10.0,35.0,257.0,731.0,1300.0,Intel,Intel,,,,2024.0,1.0
CPU,2024-01-08,10.0,65.0,257.0,731.0,2000.0,Intel,Intel,,,,2024.0,1.0
CPU,2024-01-08,10.0,65.0,257.0,731.0,2000.0,Intel,Intel,,,,2024.0,1.0
CPU,2024-01-08,10.0,55.0,257.0,731.0,2200.0,Intel,Intel,,,,2024.0,1.0
CPU,2024-01-08,10.0,35.0,257.0,731.0,1100.0,Intel,Intel,,,,2024.0,1.0
CPU,2024-01-08,10.0,46.0,163.0,731.0,3900.0,Intel,Intel,,,,2024.0,1.0
CPU,2024-01-08,10.0,35.0,163.0,731.0,3400.0,Intel,Intel,,,,2024.0,1.0
GPU,,250.0,15.0,112.0,14.0,166.0,TSMC,3dfx,,,,,
GPU,2000-06-22,250.0,65.0,112.0,14.0,650.0,TSMC,3dfx,,,,2000.0,6.0
GPU,2000-10-13,250.0,15.0,112.0,14.0,166.0,TSMC,3dfx,,,,2000.0,10.0
GPU,2000-10-13,250.0,15.0,112.0,14.0,166.0,TSMC,3dfx,,,,2000.0,10.0
GPU,,250.0,15.0,112.0,14.0,166.0,TSMC,3dfx,,,,,
GPU,,180.0,15.0,112.0,14.0,166.0,TSMC,3dfx,,,,,
GPU,,180.0,65.0,112.0,14.0,650.0,TSMC,3dfx,,,,,
GPU,,180.0,15.0,112.0,14.0,143.0,TSMC,3dfx,,,,,
GPU,,180.0,15.0,112.0,14.0,166.0,TSMC,3dfx,,,,,
GPU,,180.0,15.0,112.0,14.0,166.0,TSMC,3dfx,,,,,
GPU,,180.0,15.0,112.0,14.0,166.0,TSMC,3dfx,,,,,
GPU,,250.0,30.0,112.0,14.0,166.0,TSMC,3dfx,,,,,
GPU,,250.0,30.0,112.0,14.0,166.0,TSMC,3dfx,,,,,
GPU,2000-06-22,250.0,30.0,112.0,14.0,166.0,TSMC,3dfx,,,,2000.0,6.0
GPU,2000-06-22,250.0,30.0,112.0,14.0,166.0,TSMC,3dfx,,,,2000.0,6.0
GPU,,250.0,60.0,112.0,14.0,166.0,TSMC,3dfx,,,,,
GPU,2000-07-31,180.0,65.0,111.0,30.0,166.0,TSMC,ATI,,,,2000.0,7.0
GPU,2000-04-01,180.0,65.0,111.0,30.0,650.0,TSMC,ATI,,,,2000.0,4.0
GPU,2000-06-01,180.0,65.0,100.0,1170.0,120.0,IBM,ATI,,,,2000.0,6.0
GPU,2000-06-01,180.0,65.0,156.0,1170.0,650.0,IBM,ATI,,,,2000.0,6.0
GPU,2000-06-01,180.0,65.0,100.0,1170.0,120.0,IBM,ATI,,,,2000.0,6.0
GPU,2000-08-24,180.0,45.0,120.0,51.0,162.0,NEC,ATI,,,,2000.0,8.0
GPU,2000-08-24,180.0,65.0,120.0,51.0,650.0,NEC,ATI,,,,2000.0,8.0
GPU,2000-06-01,180.0,23.0,111.0,30.0,143.0,TSMC,ATI,,,,2000.0,6.0
GPU,2000-04-01,180.0,23.0,111.0,30.0,166.0,TSMC,ATI,,,,2000.0,4.0
GPU,2000-04-01,180.0,23.0,111.0,30.0,166.0,TSMC,ATI,,,,2000.0,4.0
GPU,2000-04-01,180.0,23.0,115.0,30.0,166.0,TSMC,ATI,,,,2000.0,4.0
GPU,2000-04-01,180.0,65.0,115.0,30.0,650.0,TSMC,ATI,,,,2000.0,4.0
GPU,2000-06-01,180.0,65.0,115.0,30.0,148.0,TSMC,ATI,,,,2000.0,6.0
GPU,2000-06-01,180.0,23.0,115.0,30.0,166.0,TSMC,ATI,,,,2000.0,6.0
GPU,2000-06-01,180.0,23.0,115.0,30.0,166.0,TSMC,ATI,,,,2000.0,6.0
GPU,,150.0,65.0,169.0,1170.0,133.0,Intel,Intel,,,,,
GPU,,150.0,65.0,169.0,1170.0,650.0,Intel,Intel,,,,,
GPU,,180.0,65.0,169.0,10.0,125.0,UMC,Matrox,,,,,
GPU,,180.0,65.0,169.0,10.0,650.0,UMC,Matrox,,,,,
GPU,,180.0,65.0,169.0,10.0,125.0,UMC,Matrox,,,,,
GPU,2000-04-26,180.0,65.0,88.0,25.0,200.0,TSMC,NVIDIA,,,,2000.0,4.0
GPU,2000-04-26,180.0,65.0,88.0,25.0,650.0,TSMC,NVIDIA,,,,2000.0,4.0
GPU,2000-04-26,180.0,65.0,88.0,25.0,200.0,TSMC,NVIDIA,,,,2000.0,4.0
GPU,2000-11-11,180.0,2.0,64.0,20.0,143.0,TSMC,NVIDIA,,,,2000.0,11.0
GPU,2000-07-25,180.0,65.0,64.0,20.0,650.0,TSMC,NVIDIA,,,,2000.0,7.0
GPU,2000-11-11,180.0,2.0,64.0,20.0,143.0,TSMC,NVIDIA,,,,2000.0,11.0
GPU,2000-06-28,180.0,65.0,64.0,20.0,175.0,TSMC,NVIDIA,,,,2000.0,6.0
GPU,2000-06-28,180.0,65.0,64.0,20.0,650.0,TSMC,NVIDIA,,,,2000.0,6.0
GPU,2000-06-28,180.0,65.0,64.0,20.0,175.0,TSMC,NVIDIA,,,,2000.0,6.0
GPU,2000-06-28,180.0,65.0,64.0,20.0,175.0,TSMC,NVIDIA,,,,2000.0,6.0
GPU,2000-06-28,180.0,65.0,64.0,20.0,175.0,TSMC,NVIDIA,,,,2000.0,6.0
GPU,2000-12-05,180.0,65.0,88.0,25.0,200.0,TSMC,NVIDIA,,,,2000.0,12.0
GPU,2000-08-14,180.0,65.0,88.0,25.0,250.0,TSMC,NVIDIA,,,,2000.0,8.0
GPU,2000-07-25,180.0,65.0,64.0,20.0,200.0,TSMC,NVIDIA,,,,2000.0,7.0
GPU,2000-07-25,180.0,65.0,64.0,20.0,200.0,TSMC,NVIDIA,,,,2000.0,7.0
GPU,2000-03-01,250.0,65.0,63.0,15.0,105.0,TSMC,NVIDIA,,,,2000.0,3.0
GPU,1999-03-15,250.0,65.0,63.0,15.0,650.0,TSMC,NVIDIA,,,,1999.0,3.0
GPU,2000-03-04,250.0,79.0,279.0,54.0,147.0,Sony,Sony,,,,2000.0,3.0
GPU,2000-03-04,250.0,65.0,279.0,54.0,650.0,Sony,Sony,,,,2000.0,3.0
GPU,,180.0,30.0,131.0,30.0,200.0,TSMC,3dfx,,,,,
GPU,,180.0,65.0,131.0,30.0,650.0,TSMC,3dfx,,,,,
GPU,,180.0,30.0,169.0,25.0,200.0,TSMC,3dfx,,,,,
GPU,,180.0,60.0,169.0,25.0,200.0,TSMC,3dfx,,,,,
GPU,2001-11-14,150.0,65.0,120.0,60.0,275.0,TSMC,ATI,,,,2001.0,11.0
GPU,2001-08-14,150.0,65.0,120.0,60.0,650.0,TSMC,ATI,,,,2001.0,8.0
GPU,2001-08-30,150.0,65.0,120.0,60.0,230.0,TSMC,ATI,,,,2001.0,8.0
GPU,2001-03-14,180.0,65.0,100.0,1170.0,150.0,IBM,ATI,,,,2001.0,3.0
GPU,2001-08-14,150.0,65.0,120.0,60.0,250.0,TSMC,ATI,,,,2001.0,8.0
GPU,2001-08-14,150.0,65.0,120.0,60.0,300.0,TSMC,ATI,,,,2001.0,8.0
GPU,2001-09-29,150.0,27.0,68.0,60.0,280.0,TSMC,ATI,,,,2001.0,9.0
GPU,2001-09-29,150.0,65.0,68.0,60.0,650.0,TSMC,ATI,,,,2001.0,9.0
GPU,2001-12-01,150.0,27.0,68.0,60.0,280.0,TSMC,ATI,,,,2001.0,12.0
GPU,2001-12-01,150.0,27.0,68.0,60.0,230.0,TSMC,ATI,,,,2001.0,12.0
GPU,2001-12-01,150.0,27.0,68.0,60.0,230.0,TSMC,ATI,,,,2001.0,12.0
GPU,2001-02-19,180.0,23.0,80.0,30.0,183.0,TSMC,ATI,,,,2001.0,2.0
GPU,2001-02-19,180.0,65.0,80.0,30.0,650.0,TSMC,ATI,,,,2001.0,2.0
GPU,2001-02-19,180.0,23.0,80.0,30.0,133.0,TSMC,ATI,,,,2001.0,2.0
GPU,2001-08-14,150.0,23.0,83.0,60.0,290.0,TSMC,ATI,,,,2001.0,8.0
GPU,2001-08-14,150.0,65.0,83.0,60.0,650.0,TSMC,ATI,,,,2001.0,8.0
GPU,2001-08-14,150.0,23.0,83.0,60.0,250.0,TSMC,ATI,,,,2001.0,8.0
GPU,2001-08-14,150.0,23.0,120.0,60.0,275.0,TSMC,ATI,,,,2001.0,8.0
GPU,2001-08-14,180.0,65.0,115.0,30.0,183.0,TSMC,ATI,,,,2001.0,8.0
GPU,2001-08-14,180.0,65.0,115.0,30.0,166.0,TSMC,ATI,,,,2001.0,8.0
GPU,2001-08-14,180.0,65.0,115.0,30.0,187.0,TSMC,ATI,,,,2001.0,8.0
GPU,2001-05-01,180.0,65.0,115.0,30.0,148.0,TSMC,ATI,,,,2001.0,5.0
GPU,2001-02-19,180.0,23.0,115.0,30.0,183.0,TSMC,ATI,,,,2001.0,2.0
GPU,2001-02-19,180.0,23.0,115.0,30.0,183.0,TSMC,ATI,,,,2001.0,2.0
GPU,,150.0,65.0,169.0,1170.0,166.0,Intel,Intel,,,,,
GPU,,150.0,65.0,169.0,1170.0,650.0,Intel,Intel,,,,,
GPU,2001-11-26,180.0,65.0,169.0,10.0,125.0,UMC,Matrox,,,,2001.0,11.0
GPU,2001-11-26,180.0,65.0,169.0,10.0,650.0,UMC,Matrox,,,,2001.0,11.0
GPU,2001-11-26,180.0,65.0,169.0,10.0,125.0,UMC,Matrox,,,,2001.0,11.0
GPU,2001-02-06,180.0,2.0,64.0,20.0,125.0,TSMC,NVIDIA,,,,2001.0,2.0
GPU,2001-02-06,180.0,2.0,64.0,20.0,143.0,TSMC,NVIDIA,,,,2001.0,2.0
GPU,2001-06-04,180.0,65.0,65.0,20.0,175.0,Unknown,NVIDIA,,,,2001.0,6.0
GPU,2001-06-04,180.0,65.0,65.0,20.0,650.0,Unknown,NVIDIA,,,,2001.0,6.0
GPU,2001-06-04,180.0,65.0,65.0,20.0,175.0,Unknown,NVIDIA,,,,2001.0,6.0
GPU,2001-03-03,180.0,65.0,64.0,20.0,175.0,TSMC,NVIDIA,,,,2001.0,3.0
GPU,2001-03-03,180.0,65.0,64.0,20.0,175.0,TSMC,NVIDIA,,,,2001.0,3.0
GPU,2001-03-03,180.0,65.0,64.0,20.0,175.0,TSMC,NVIDIA,,,,2001.0,3.0
GPU,2001-03-03,180.0,65.0,64.0,20.0,200.0,TSMC,NVIDIA,,,,2001.0,3.0
GPU,2001-03-03,180.0,65.0,64.0,20.0,200.0,TSMC,NVIDIA,,,,2001.0,3.0
GPU,2001-10-01,180.0,65.0,88.0,25.0,250.0,TSMC,NVIDIA,,,,2001.0,10.0
GPU,2001-02-27,150.0,65.0,128.0,57.0,200.0,TSMC,NVIDIA,,,,2001.0,2.0
GPU,2001-02-27,150.0,65.0,128.0,57.0,650.0,TSMC,NVIDIA,,,,2001.0,2.0
GPU,2001-10-01,150.0,65.0,128.0,57.0,175.0,TSMC,NVIDIA,,,,2001.0,10.0
GPU,2001-10-01,150.0,65.0,128.0,57.0,240.0,TSMC,NVIDIA,,,,2001.0,10.0
GPU,2001-05-14,150.0,65.0,128.0,57.0,200.0,TSMC,NVIDIA,,,,2001.0,5.0
GPU,2001-08-14,180.0,65.0,64.0,20.0,143.0,TSMC,NVIDIA,,,,2001.0,8.0
GPU,2001-03-22,180.0,65.0,88.0,25.0,200.0,TSMC,NVIDIA,,,,2001.0,3.0
GPU,2001-11-15,150.0,65.0,142.0,57.0,233.0,TSMC,NVIDIA,,,,2001.0,11.0
GPU,2001-11-15,150.0,65.0,142.0,57.0,650.0,TSMC,NVIDIA,,,,2001.0,11.0
GPU,2001-04-18,180.0,79.0,188.0,54.0,147.0,Sony,Sony,,,,2001.0,4.0
GPU,2001-04-18,180.0,65.0,188.0,54.0,650.0,Sony,Sony,,,,2001.0,4.0
GPU,2002-07-01,150.0,65.0,215.0,110.0,277.0,TSMC,ATI,,,,2002.0,7.0
GPU,2002-07-01,150.0,65.0,215.0,110.0,650.0,TSMC,ATI,,,,2002.0,7.0
GPU,2002-04-16,150.0,65.0,83.0,60.0,260.0,TSMC,ATI,,,,2002.0,4.0
GPU,2002-04-16,150.0,65.0,83.0,60.0,260.0,TSMC,ATI,,,,2002.0,4.0
GPU,2002-10-01,150.0,65.0,215.0,110.0,325.0,TSMC,ATI,,,,2002.0,10.0
GPU,2002-07-23,150.0,65.0,215.0,110.0,325.0,TSMC,ATI,,,,2002.0,7.0
GPU,2002-07-23,150.0,37.0,215.0,110.0,325.0,TSMC,ATI,,,,2002.0,7.0
GPU,2002-07-23,150.0,37.0,215.0,110.0,324.0,TSMC,ATI,,,,2002.0,7.0
GPU,,150.0,65.0,81.0,36.0,250.0,TSMC,ATI,,,,,
GPU,,150.0,65.0,81.0,36.0,650.0,TSMC,ATI,,,,,
GPU,2002-09-01,150.0,65.0,81.0,36.0,240.0,TSMC,ATI,,,,2002.0,9.0
GPU,2002-09-01,150.0,65.0,81.0,36.0,240.0,TSMC,ATI,,,,2002.0,9.0
GPU,2002-09-01,150.0,65.0,81.0,36.0,240.0,TSMC,ATI,,,,2002.0,9.0
GPU,,180.0,65.0,115.0,30.0,166.0,TSMC,ATI,,,,,
GPU,,180.0,65.0,115.0,30.0,650.0,TSMC,ATI,,,,,
GPU,2002-04-16,150.0,23.0,83.0,60.0,260.0,TSMC,ATI,,,,2002.0,4.0
GPU,2002-02-04,150.0,23.0,120.0,60.0,250.0,TSMC,ATI,,,,2002.0,2.0
GPU,,150.0,92.0,120.0,60.0,250.0,TSMC,ATI,,,,,
GPU,,150.0,25.0,68.0,60.0,300.0,TSMC,ATI,,,,,
GPU,,150.0,65.0,68.0,60.0,650.0,TSMC,ATI,,,,,
GPU,2002-07-01,150.0,28.0,97.0,36.0,250.0,TSMC,ATI,,,,2002.0,7.0
GPU,2002-07-01,150.0,65.0,97.0,36.0,650.0,TSMC,ATI,,,,2002.0,7.0
GPU,2002-07-01,150.0,28.0,97.0,36.0,250.0,TSMC,ATI,,,,2002.0,7.0
GPU,2002-07-18,150.0,28.0,97.0,36.0,275.0,TSMC,ATI,,,,2002.0,7.0
GPU,2002-10-01,150.0,65.0,215.0,110.0,275.0,TSMC,ATI,,,,2002.0,10.0
GPU,2002-08-19,150.0,37.0,215.0,110.0,275.0,TSMC,ATI,,,,2002.0,8.0
GPU,2002-08-19,150.0,65.0,215.0,110.0,325.0,TSMC,ATI,,,,2002.0,8.0
GPU,2002-08-19,150.0,65.0,215.0,110.0,325.0,TSMC,ATI,,,,2002.0,8.0
GPU,2002-10-05,180.0,65.0,73.0,30.0,160.0,Unknown,ATI,,,,2002.0,10.0
GPU,2002-10-05,180.0,65.0,73.0,30.0,650.0,Unknown,ATI,,,,2002.0,10.0
GPU,2002-10-05,180.0,65.0,73.0,30.0,160.0,Unknown,ATI,,,,2002.0,10.0
GPU,2002-05-01,180.0,65.0,73.0,30.0,183.0,Unknown,ATI,,,,2002.0,5.0
GPU,2002-05-01,180.0,65.0,73.0,30.0,650.0,Unknown,ATI,,,,2002.0,5.0
GPU,2002-10-05,180.0,65.0,73.0,30.0,183.0,Unknown,ATI,,,,2002.0,10.0
GPU,2002-10-05,180.0,65.0,73.0,30.0,183.0,Unknown,ATI,,,,2002.0,10.0
GPU,2002-10-05,180.0,65.0,73.0,30.0,183.0,Unknown,ATI,,,,2002.0,10.0
GPU,2002-10-05,180.0,65.0,73.0,30.0,183.0,Unknown,ATI,,,,2002.0,10.0
GPU,,150.0,65.0,169.0,1170.0,200.0,Intel,Intel,,,,,
GPU,,150.0,65.0,169.0,1170.0,650.0,Intel,Intel,,,,,
GPU,,150.0,65.0,169.0,1170.0,100.0,Intel,Intel,,,,,
GPU,2002-06-19,180.0,65.0,169.0,10.0,125.0,UMC,Matrox,,,,2002.0,6.0
GPU,2002-06-19,180.0,65.0,169.0,10.0,125.0,UMC,Matrox,,,,2002.0,6.0
GPU,2002-06-25,150.0,65.0,174.0,80.0,200.0,UMC,Matrox,,,,2002.0,6.0
GPU,2002-06-25,150.0,65.0,174.0,80.0,650.0,UMC,Matrox,,,,2002.0,6.0
GPU,2002-06-25,150.0,65.0,174.0,80.0,220.0,UMC,Matrox,,,,2002.0,6.0
GPU,2002-06-25,150.0,65.0,174.0,80.0,200.0,UMC,Matrox,,,,2002.0,6.0
GPU,2002-02-06,150.0,65.0,65.0,29.0,200.0,TSMC,NVIDIA,,,,2002.0,2.0
GPU,2002-02-06,150.0,65.0,65.0,29.0,650.0,TSMC,NVIDIA,,,,2002.0,2.0
GPU,2002-02-06,150.0,65.0,65.0,29.0,200.0,TSMC,NVIDIA,,,,2002.0,2.0
GPU,2002-02-06,150.0,65.0,65.0,29.0,220.0,TSMC,NVIDIA,,,,2002.0,2.0
GPU,2002-03-01,150.0,65.0,65.0,29.0,200.0,TSMC,NVIDIA,,,,2002.0,3.0
GPU,2002-02-06,150.0,65.0,65.0,29.0,650.0,TSMC,NVIDIA,,,,2002.0,2.0
GPU,2002-10-14,150.0,65.0,65.0,29.0,250.0,TSMC,NVIDIA,,,,2002.0,10.0
GPU,2002-03-01,150.0,65.0,65.0,29.0,300.0,TSMC,NVIDIA,,,,2002.0,3.0
GPU,2002-11-14,150.0,65.0,142.0,63.0,200.0,TSMC,NVIDIA,,,,2002.0,11.0
GPU,2002-02-06,150.0,65.0,142.0,63.0,650.0,TSMC,NVIDIA,,,,2002.0,2.0
GPU,2002-10-01,150.0,65.0,65.0,29.0,200.0,Unknown,NVIDIA,,,,2002.0,10.0
GPU,2002-10-01,150.0,65.0,65.0,29.0,650.0,Unknown,NVIDIA,,,,2002.0,10.0
GPU,2002-02-06,150.0,65.0,65.0,29.0,250.0,TSMC,NVIDIA,,,,2002.0,2.0
GPU,2002-02-06,150.0,65.0,65.0,29.0,250.0,TSMC,NVIDIA,,,,2002.0,2.0
GPU,2002-02-06,150.0,65.0,65.0,29.0,275.0,TSMC,NVIDIA,,,,2002.0,2.0
GPU,2002-02-06,150.0,65.0,65.0,29.0,275.0,TSMC,NVIDIA,,,,2002.0,2.0
GPU,2002-09-25,150.0,65.0,65.0,29.0,275.0,TSMC,NVIDIA,,,,2002.0,9.0
GPU,2002-09-25,150.0,65.0,65.0,29.0,275.0,TSMC,NVIDIA,,,,2002.0,9.0
GPU,2002-02-06,150.0,65.0,65.0,29.0,250.0,TSMC,NVIDIA,,,,2002.0,2.0
GPU,2002-02-06,150.0,65.0,65.0,29.0,250.0,TSMC,NVIDIA,,,,2002.0,2.0
GPU,2002-02-06,150.0,65.0,65.0,29.0,250.0,TSMC,NVIDIA,,,,2002.0,2.0
GPU,2002-02-06,150.0,65.0,65.0,29.0,300.0,TSMC,NVIDIA,,,,2002.0,2.0
GPU,2002-02-06,150.0,65.0,142.0,63.0,250.0,TSMC,NVIDIA,,,,2002.0,2.0
GPU,2002-02-06,150.0,65.0,142.0,63.0,650.0,TSMC,NVIDIA,,,,2002.0,2.0
GPU,2002-02-06,150.0,65.0,142.0,63.0,250.0,TSMC,NVIDIA,,,,2002.0,2.0
GPU,2002-02-06,150.0,65.0,142.0,63.0,250.0,TSMC,NVIDIA,,,,2002.0,2.0
GPU,2002-02-06,150.0,65.0,142.0,63.0,250.0,TSMC,NVIDIA,,,,2002.0,2.0
GPU,2002-02-06,150.0,65.0,142.0,63.0,275.0,TSMC,NVIDIA,,,,2002.0,2.0
GPU,2002-02-06,150.0,65.0,142.0,63.0,300.0,TSMC,NVIDIA,,,,2002.0,2.0
GPU,2002-11-12,150.0,65.0,65.0,29.0,275.0,TSMC,NVIDIA,,,,2002.0,11.0
GPU,2002-04-23,150.0,65.0,65.0,29.0,220.0,TSMC,NVIDIA,,,,2002.0,4.0
GPU,2002-02-19,150.0,65.0,65.0,29.0,250.0,TSMC,NVIDIA,,,,2002.0,2.0
GPU,2002-02-19,150.0,65.0,65.0,29.0,270.0,TSMC,NVIDIA,,,,2002.0,2.0
GPU,2002-11-12,150.0,65.0,65.0,29.0,300.0,TSMC,NVIDIA,,,,2002.0,11.0
GPU,2002-02-19,150.0,65.0,142.0,63.0,275.0,TSMC,NVIDIA,,,,2002.0,2.0
GPU,2002-02-19,150.0,65.0,142.0,63.0,275.0,TSMC,NVIDIA,,,,2002.0,2.0
GPU,2002-02-19,150.0,65.0,142.0,63.0,300.0,TSMC,NVIDIA,,,,2002.0,2.0
GPU,2002-11-12,150.0,65.0,142.0,63.0,300.0,TSMC,NVIDIA,,,,2002.0,11.0
GPU,2003-03-31,150.0,65.0,97.0,36.0,275.0,TSMC,ATI,,,,2003.0,3.0
GPU,2003-12-03,130.0,65.0,76.0,60.0,324.0,TSMC,ATI,,,,2003.0,12.0
GPU,2003-03-01,130.0,65.0,76.0,60.0,650.0,TSMC,ATI,,,,2003.0,3.0
GPU,2003-04-01,130.0,65.0,76.0,60.0,398.0,TSMC,ATI,,,,2003.0,4.0
GPU,2003-06-16,150.0,65.0,215.0,117.0,378.0,TSMC,ATI,,,,2003.0,6.0
GPU,2003-03-01,150.0,65.0,215.0,117.0,650.0,TSMC,ATI,,,,2003.0,3.0
GPU,2003-09-10,150.0,65.0,215.0,117.0,378.0,TSMC,ATI,,,,2003.0,9.0
GPU,2003-10-01,130.0,65.0,76.0,60.0,398.0,TSMC,ATI,,,,2003.0,10.0
GPU,2003-10-01,130.0,65.0,76.0,60.0,324.0,TSMC,ATI,,,,2003.0,10.0
GPU,2003-10-01,150.0,65.0,218.0,117.0,412.0,TSMC,ATI,,,,2003.0,10.0
GPU,2003-03-01,150.0,65.0,218.0,117.0,650.0,TSMC,ATI,,,,2003.0,3.0
GPU,2003-11-01,130.0,65.0,92.0,76.0,320.0,TSMC,ATI,,,,2003.0,11.0
GPU,2003-11-01,130.0,65.0,92.0,76.0,650.0,TSMC,ATI,,,,2003.0,11.0
GPU,,180.0,65.0,115.0,30.0,144.0,TSMC,ATI,,,,,
GPU,,180.0,65.0,115.0,30.0,144.0,TSMC,ATI,,,,,
GPU,2003-05-01,150.0,65.0,92.0,76.0,222.0,Unknown,ATI,,,,2003.0,5.0
GPU,2003-05-01,150.0,65.0,92.0,76.0,650.0,Unknown,ATI,,,,2003.0,5.0
GPU,2003-05-01,150.0,65.0,92.0,76.0,300.0,Unknown,ATI,,,,2003.0,5.0
GPU,2003-05-01,150.0,65.0,92.0,76.0,650.0,Unknown,ATI,,,,2003.0,5.0
GPU,2003-05-01,150.0,65.0,92.0,76.0,300.0,Unknown,ATI,,,,2003.0,5.0
GPU,2003-05-01,150.0,65.0,92.0,76.0,650.0,Unknown,ATI,,,,2003.0,5.0
GPU,2003-06-23,150.0,65.0,92.0,76.0,300.0,Unknown,ATI,,,,2003.0,6.0
GPU,2003-06-23,150.0,65.0,92.0,76.0,300.0,Unknown,ATI,,,,2003.0,6.0
GPU,2003-04-01,150.0,28.0,120.0,60.0,250.0,TSMC,ATI,,,,2003.0,4.0
GPU,2003-04-01,150.0,65.0,120.0,60.0,250.0,TSMC,ATI,,,,2003.0,4.0
GPU,2003-05-01,150.0,28.0,98.0,36.0,250.0,UMC,ATI,,,,2003.0,5.0
GPU,2003-03-01,150.0,65.0,98.0,36.0,650.0,UMC,ATI,,,,2003.0,3.0
GPU,2003-05-01,150.0,28.0,98.0,36.0,250.0,UMC,ATI,,,,2003.0,5.0
GPU,2003-05-01,150.0,28.0,98.0,36.0,250.0,UMC,ATI,,,,2003.0,5.0
GPU,2003-05-01,150.0,28.0,98.0,36.0,240.0,UMC,ATI,,,,2003.0,5.0
GPU,2003-10-01,130.0,65.0,76.0,60.0,250.0,TSMC,ATI,,,,2003.0,10.0
GPU,2003-10-01,130.0,12.0,76.0,60.0,324.0,TSMC,ATI,,,,2003.0,10.0
GPU,2003-10-01,130.0,18.0,76.0,60.0,400.0,TSMC,ATI,,,,2003.0,10.0
GPU,2003-10-01,130.0,65.0,76.0,60.0,325.0,TSMC,ATI,,,,2003.0,10.0
GPU,2003-10-07,150.0,65.0,215.0,110.0,297.0,TSMC,ATI,,,,2003.0,10.0
GPU,2003-10-01,130.0,22.0,76.0,60.0,500.0,TSMC,ATI,,,,2003.0,10.0
GPU,2003-10-01,130.0,65.0,76.0,60.0,650.0,TSMC,ATI,,,,2003.0,10.0
GPU,2003-03-01,150.0,37.0,215.0,117.0,325.0,TSMC,ATI,,,,2003.0,3.0
GPU,2003-10-01,150.0,47.0,218.0,117.0,380.0,TSMC,ATI,,,,2003.0,10.0
GPU,2003-03-01,150.0,47.0,215.0,117.0,380.0,TSMC,ATI,,,,2003.0,3.0
GPU,2003-10-01,150.0,60.0,218.0,117.0,412.0,TSMC,ATI,,,,2003.0,10.0
GPU,2003-10-01,150.0,65.0,218.0,117.0,390.0,TSMC,ATI,,,,2003.0,10.0
GPU,2003-12-03,130.0,65.0,169.0,1170.0,200.0,Intel,Intel,,,,2003.0,12.0
GPU,2003-12-03,130.0,65.0,169.0,1170.0,650.0,Intel,Intel,,,,2003.0,12.0
GPU,2003-12-03,130.0,65.0,169.0,1170.0,200.0,Intel,Intel,,,,2003.0,12.0
GPU,2003-12-03,130.0,65.0,169.0,1170.0,650.0,Intel,Intel,,,,2003.0,12.0
GPU,2003-12-03,130.0,65.0,169.0,1170.0,200.0,Intel,Intel,,,,2003.0,12.0
GPU,2003-05-10,150.0,65.0,130.0,80.0,230.0,UMC,Matrox,,,,2003.0,5.0
GPU,2003-05-10,150.0,65.0,130.0,80.0,650.0,UMC,Matrox,,,,2003.0,5.0
GPU,2003-05-10,150.0,65.0,130.0,80.0,190.0,UMC,Matrox,,,,2003.0,5.0
GPU,2003-05-10,150.0,65.0,130.0,80.0,275.0,UMC,Matrox,,,,2003.0,5.0
GPU,2003-05-10,150.0,65.0,130.0,80.0,250.0,UMC,Matrox,,,,2003.0,5.0
GPU,,150.0,65.0,174.0,80.0,200.0,UMC,Matrox,,,,,
GPU,2003-12-14,150.0,65.0,65.0,29.0,230.0,TSMC,NVIDIA,,,,2003.0,12.0
GPU,2003-03-06,150.0,65.0,65.0,29.0,650.0,TSMC,NVIDIA,,,,2003.0,3.0
GPU,2003-03-06,150.0,65.0,124.0,45.0,200.0,TSMC,NVIDIA,,,,2003.0,3.0
GPU,2003-03-01,150.0,65.0,124.0,45.0,650.0,TSMC,NVIDIA,,,,2003.0,3.0
GPU,2003-03-06,150.0,65.0,124.0,45.0,250.0,TSMC,NVIDIA,,,,2003.0,3.0
GPU,2003-03-06,150.0,65.0,65.0,29.0,250.0,TSMC,NVIDIA,,,,2003.0,3.0
GPU,2003-03-17,150.0,65.0,124.0,45.0,250.0,TSMC,NVIDIA,,,,2003.0,3.0
GPU,2003-03-06,150.0,65.0,91.0,45.0,250.0,TSMC,NVIDIA,,,,2003.0,3.0
GPU,2003-03-01,150.0,65.0,91.0,45.0,650.0,TSMC,NVIDIA,,,,2003.0,3.0
GPU,2003-03-06,150.0,65.0,91.0,45.0,250.0,TSMC,NVIDIA,,,,2003.0,3.0
GPU,2003-03-06,150.0,65.0,124.0,45.0,325.0,TSMC,NVIDIA,,,,2003.0,3.0
GPU,2003-03-06,150.0,65.0,124.0,45.0,325.0,TSMC,NVIDIA,,,,2003.0,3.0
GPU,2003-03-06,130.0,37.0,121.0,80.0,325.0,TSMC,NVIDIA,,,,2003.0,3.0
GPU,2003-03-01,130.0,65.0,121.0,80.0,650.0,TSMC,NVIDIA,,,,2003.0,3.0
GPU,2003-03-17,130.0,65.0,121.0,80.0,400.0,TSMC,NVIDIA,,,,2003.0,3.0
GPU,2003-03-17,130.0,65.0,121.0,80.0,235.0,TSMC,NVIDIA,,,,2003.0,3.0
GPU,2003-03-17,130.0,65.0,121.0,80.0,235.0,TSMC,NVIDIA,,,,2003.0,3.0
GPU,2003-10-23,130.0,25.0,133.0,82.0,425.0,TSMC,NVIDIA,,,,2003.0,10.0
GPU,2003-10-23,130.0,65.0,133.0,82.0,650.0,TSMC,NVIDIA,,,,2003.0,10.0
GPU,2003-08-18,130.0,25.0,133.0,82.0,425.0,TSMC,NVIDIA,,,,2003.0,8.0
GPU,2003-08-18,130.0,65.0,133.0,82.0,650.0,TSMC,NVIDIA,,,,2003.0,8.0
GPU,2003-10-23,130.0,46.0,133.0,82.0,475.0,TSMC,NVIDIA,,,,2003.0,10.0
GPU,2003-03-06,130.0,44.0,199.0,125.0,400.0,TSMC,NVIDIA,,,,2003.0,3.0
GPU,2003-01-21,130.0,65.0,199.0,125.0,650.0,TSMC,NVIDIA,,,,2003.0,1.0
GPU,2003-03-06,130.0,65.0,199.0,125.0,500.0,TSMC,NVIDIA,,,,2003.0,3.0
GPU,2003-05-12,130.0,65.0,207.0,135.0,400.0,TSMC,NVIDIA,,,,2003.0,5.0
GPU,2003-03-17,130.0,65.0,207.0,135.0,650.0,TSMC,NVIDIA,,,,2003.0,3.0
GPU,2003-10-23,130.0,59.0,207.0,135.0,450.0,TSMC,NVIDIA,,,,2003.0,10.0
GPU,2003-05-12,130.0,35.0,207.0,135.0,400.0,TSMC,NVIDIA,,,,2003.0,5.0
GPU,2003-05-12,130.0,65.0,207.0,135.0,325.0,TSMC,NVIDIA,,,,2003.0,5.0
GPU,2003-10-23,130.0,74.0,207.0,135.0,475.0,TSMC,NVIDIA,,,,2003.0,10.0
GPU,2003-10-23,130.0,65.0,207.0,135.0,650.0,TSMC,NVIDIA,,,,2003.0,10.0
GPU,2003-03-01,150.0,65.0,124.0,45.0,200.0,TSMC,NVIDIA,,,,2003.0,3.0
GPU,2003-03-01,150.0,65.0,124.0,45.0,200.0,TSMC,NVIDIA,,,,2003.0,3.0
GPU,2003-03-01,150.0,65.0,91.0,45.0,250.0,TSMC,NVIDIA,,,,2003.0,3.0
GPU,2003-03-01,150.0,65.0,124.0,45.0,250.0,TSMC,NVIDIA,,,,2003.0,3.0
GPU,2003-03-01,150.0,65.0,124.0,45.0,275.0,TSMC,NVIDIA,,,,2003.0,3.0
GPU,2003-03-01,150.0,65.0,124.0,45.0,275.0,TSMC,NVIDIA,,,,2003.0,3.0
GPU,2003-03-01,130.0,65.0,121.0,80.0,275.0,TSMC,NVIDIA,,,,2003.0,3.0
GPU,2003-03-17,130.0,65.0,207.0,135.0,350.0,TSMC,NVIDIA,,,,2003.0,3.0
GPU,2003-12-14,150.0,65.0,65.0,29.0,250.0,TSMC,NVIDIA,,,,2003.0,12.0
GPU,2003-12-14,150.0,65.0,65.0,29.0,250.0,TSMC,NVIDIA,,,,2003.0,12.0
GPU,2003-12-14,150.0,65.0,65.0,29.0,250.0,TSMC,NVIDIA,,,,2003.0,12.0
GPU,2003-03-15,150.0,65.0,142.0,63.0,300.0,TSMC,NVIDIA,,,,2003.0,3.0
GPU,2003-03-15,150.0,65.0,142.0,63.0,300.0,TSMC,NVIDIA,,,,2003.0,3.0
GPU,2003-07-22,130.0,65.0,207.0,135.0,400.0,TSMC,NVIDIA,,,,2003.0,7.0
GPU,2003-07-22,130.0,65.0,207.0,135.0,400.0,TSMC,NVIDIA,,,,2003.0,7.0
GPU,2003-05-21,150.0,65.0,124.0,45.0,270.0,TSMC,NVIDIA,,,,2003.0,5.0
GPU,2003-06-25,130.0,65.0,121.0,80.0,295.0,TSMC,NVIDIA,,,,2003.0,6.0
GPU,2003-12-22,90.0,11.0,169.0,1170.0,425.0,Unknown,NVIDIA,,,,2003.0,12.0
GPU,2003-12-22,90.0,65.0,169.0,1170.0,650.0,Unknown,NVIDIA,,,,2003.0,12.0
GPU,2003-10-28,150.0,13.0,91.0,45.0,275.0,TSMC,NVIDIA,,,,2003.0,10.0
GPU,2003-12-22,150.0,10.0,65.0,29.0,250.0,TSMC,NVIDIA,,,,2003.0,12.0
GPU,2003-12-22,150.0,10.0,65.0,29.0,250.0,TSMC,NVIDIA,,,,2003.0,12.0
GPU,2003-12-22,150.0,11.0,65.0,29.0,250.0,TSMC,NVIDIA,,,,2003.0,12.0
GPU,2003-06-05,150.0,65.0,142.0,63.0,199.0,TSMC,NVIDIA,,,,2003.0,6.0
GPU,2003-09-15,130.0,65.0,169.0,90.0,350.0,UMC,XGI,,,,2003.0,9.0
GPU,2003-09-15,130.0,65.0,169.0,90.0,650.0,UMC,XGI,,,,2003.0,9.0
GPU,2003-09-15,130.0,65.0,169.0,90.0,350.0,UMC,XGI,,,,2003.0,9.0
GPU,2003-09-15,130.0,65.0,169.0,110.0,350.0,UMC,XGI,,,,2003.0,9.0
GPU,2003-09-15,130.0,65.0,169.0,110.0,650.0,UMC,XGI,,,,2003.0,9.0
GPU,2003-09-15,130.0,65.0,169.0,110.0,350.0,UMC,XGI,,,,2003.0,9.0
GPU,2003-09-15,130.0,65.0,169.0,25.0,200.0,UMC,XGI,,,,2003.0,9.0
GPU,2003-09-15,130.0,65.0,169.0,25.0,650.0,UMC,XGI,,,,2003.0,9.0
GPU,2003-09-15,130.0,65.0,169.0,25.0,250.0,UMC,XGI,,,,2003.0,9.0
GPU,2003-09-15,130.0,65.0,169.0,90.0,325.0,UMC,XGI,,,,2003.0,9.0
GPU,2003-09-15,130.0,65.0,169.0,90.0,325.0,UMC,XGI,,,,2003.0,9.0
GPU,2003-09-15,130.0,65.0,169.0,90.0,350.0,UMC,XGI,,,,2003.0,9.0
GPU,2003-09-15,130.0,65.0,169.0,90.0,350.0,UMC,XGI,,,,2003.0,9.0
GPU,2003-09-15,130.0,65.0,169.0,110.0,300.0,UMC,XGI,,,,2003.0,9.0
GPU,2003-09-15,130.0,65.0,169.0,110.0,300.0,UMC,XGI,,,,2003.0,9.0
GPU,2003-09-15,130.0,65.0,169.0,110.0,350.0,UMC,XGI,,,,2003.0,9.0
GPU,2003-09-15,130.0,65.0,169.0,110.0,350.0,UMC,XGI,,,,2003.0,9.0
GPU,2004-09-21,110.0,65.0,240.0,160.0,398.0,TSMC,ATI,,,,2004.0,9.0
GPU,2004-05-01,110.0,65.0,240.0,160.0,650.0,TSMC,ATI,,,,2004.0,5.0
GPU,2004-09-21,130.0,65.0,281.0,160.0,500.0,TSMC,ATI,,,,2004.0,9.0
GPU,2004-03-01,130.0,65.0,281.0,160.0,650.0,TSMC,ATI,,,,2004.0,3.0
GPU,2004-09-01,110.0,65.0,74.0,107.0,391.0,TSMC,ATI,,,,2004.0,9.0
GPU,2004-09-01,110.0,65.0,74.0,107.0,650.0,TSMC,ATI,,,,2004.0,9.0
GPU,2004-09-01,130.0,46.0,92.0,75.0,500.0,TSMC,ATI,,,,2004.0,9.0
GPU,2004-09-01,130.0,65.0,92.0,75.0,650.0,TSMC,ATI,,,,2004.0,9.0
GPU,2004-09-01,110.0,65.0,156.0,120.0,425.0,TSMC,ATI,,,,2004.0,9.0
GPU,2004-09-01,110.0,65.0,156.0,120.0,650.0,TSMC,ATI,,,,2004.0,9.0
GPU,2004-05-01,130.0,65.0,289.0,160.0,450.0,TSMC,ATI,,,,2004.0,5.0
GPU,2004-03-01,130.0,65.0,289.0,160.0,650.0,TSMC,ATI,,,,2004.0,3.0
GPU,2004-12-01,130.0,91.0,289.0,160.0,493.0,TSMC,ATI,,,,2004.0,12.0
GPU,2004-08-03,130.0,57.0,281.0,160.0,491.0,TSMC,ATI,,,,2004.0,8.0
GPU,2004-08-01,130.0,65.0,92.0,76.0,450.0,TSMC,ATI,,,,2004.0,8.0
GPU,2004-06-01,130.0,65.0,92.0,76.0,650.0,TSMC,ATI,,,,2004.0,6.0
GPU,2004-06-01,110.0,65.0,74.0,107.0,350.0,TSMC,ATI,,,,2004.0,6.0
GPU,2004-06-01,110.0,65.0,74.0,107.0,650.0,TSMC,ATI,,,,2004.0,6.0
GPU,2004-06-01,130.0,65.0,92.0,75.0,400.0,TSMC,ATI,,,,2004.0,6.0
GPU,2004-06-01,130.0,65.0,92.0,75.0,650.0,TSMC,ATI,,,,2004.0,6.0
GPU,,180.0,65.0,115.0,30.0,144.0,TSMC,ATI,,,,,
GPU,2004-06-01,130.0,65.0,92.0,76.0,230.0,TSMC,ATI,,,,2004.0,6.0
GPU,2004-06-01,130.0,65.0,92.0,76.0,250.0,TSMC,ATI,,,,2004.0,6.0
GPU,2004-06-01,130.0,65.0,92.0,76.0,650.0,TSMC,ATI,,,,2004.0,6.0
GPU,2004-06-01,130.0,65.0,92.0,76.0,300.0,TSMC,ATI,,,,2004.0,6.0
GPU,2004-06-01,130.0,65.0,92.0,76.0,333.0,TSMC,ATI,,,,2004.0,6.0
GPU,2004-06-01,130.0,65.0,92.0,76.0,450.0,TSMC,ATI,,,,2004.0,6.0
GPU,2004-06-01,130.0,65.0,92.0,76.0,250.0,TSMC,ATI,,,,2004.0,6.0
GPU,2004-07-01,130.0,65.0,281.0,160.0,350.0,TSMC,ATI,,,,2004.0,7.0
GPU,2004-07-01,130.0,65.0,281.0,160.0,650.0,TSMC,ATI,,,,2004.0,7.0
GPU,2004-06-01,130.0,65.0,92.0,75.0,400.0,TSMC,ATI,,,,2004.0,6.0
GPU,2004-06-01,130.0,65.0,92.0,75.0,400.0,TSMC,ATI,,,,2004.0,6.0
GPU,2004-11-01,130.0,65.0,289.0,160.0,400.0,TSMC,ATI,,,,2004.0,11.0
GPU,2004-11-01,130.0,65.0,289.0,160.0,650.0,TSMC,ATI,,,,2004.0,11.0
GPU,2004-09-01,110.0,36.0,74.0,107.0,375.0,TSMC,ATI,,,,2004.0,9.0
GPU,2004-09-01,110.0,65.0,74.0,107.0,325.0,TSMC,ATI,,,,2004.0,9.0
GPU,2004-09-01,110.0,30.0,74.0,107.0,325.0,TSMC,ATI,,,,2004.0,9.0
GPU,2004-09-01,110.0,36.0,74.0,107.0,400.0,TSMC,ATI,,,,2004.0,9.0
GPU,2004-09-01,110.0,36.0,74.0,107.0,400.0,TSMC,ATI,,,,2004.0,9.0
GPU,2004-09-01,130.0,36.0,92.0,75.0,400.0,TSMC,ATI,,,,2004.0,9.0
GPU,2004-09-01,110.0,36.0,74.0,107.0,325.0,TSMC,ATI,,,,2004.0,9.0
GPU,2004-09-01,130.0,25.0,92.0,75.0,500.0,TSMC,ATI,,,,2004.0,9.0
GPU,2004-09-01,110.0,44.0,156.0,120.0,400.0,TSMC,ATI,,,,2004.0,9.0
GPU,2004-09-01,110.0,44.0,156.0,120.0,400.0,TSMC,ATI,,,,2004.0,9.0
GPU,2004-12-21,110.0,65.0,156.0,120.0,400.0,TSMC,ATI,,,,2004.0,12.0
GPU,2004-09-01,110.0,33.0,156.0,120.0,425.0,TSMC,ATI,,,,2004.0,9.0
GPU,2004-09-01,110.0,33.0,156.0,120.0,425.0,TSMC,ATI,,,,2004.0,9.0
GPU,2004-09-01,110.0,38.0,156.0,120.0,475.0,TSMC,ATI,,,,2004.0,9.0
GPU,2004-12-01,110.0,30.0,240.0,160.0,400.0,TSMC,ATI,,,,2004.0,12.0
GPU,2004-05-01,130.0,48.0,289.0,160.0,475.0,TSMC,ATI,,,,2004.0,5.0
GPU,2004-05-01,130.0,48.0,281.0,160.0,475.0,TSMC,ATI,,,,2004.0,5.0
GPU,2004-10-04,130.0,65.0,289.0,160.0,425.0,TSMC,ATI,,,,2004.0,10.0
GPU,2004-09-01,130.0,65.0,281.0,160.0,450.0,TSMC,ATI,,,,2004.0,9.0
GPU,2004-09-01,130.0,65.0,281.0,160.0,425.0,TSMC,ATI,,,,2004.0,9.0
GPU,2004-12-01,110.0,49.0,240.0,160.0,400.0,TSMC,ATI,,,,2004.0,12.0
GPU,2004-05-01,110.0,49.0,240.0,160.0,400.0,TSMC,ATI,,,,2004.0,5.0
GPU,2004-12-01,130.0,54.0,289.0,160.0,500.0,TSMC,ATI,,,,2004.0,12.0
GPU,2004-12-01,130.0,54.0,289.0,160.0,475.0,TSMC,ATI,,,,2004.0,12.0
GPU,2004-05-01,130.0,63.0,281.0,160.0,520.0,TSMC,ATI,,,,2004.0,5.0
GPU,2004-12-01,130.0,65.0,297.0,160.0,507.0,TSMC,ATI,,,,2004.0,12.0
GPU,2004-12-01,130.0,65.0,297.0,160.0,650.0,TSMC,ATI,,,,2004.0,12.0
GPU,2004-12-01,130.0,69.0,297.0,160.0,520.0,TSMC,ATI,,,,2004.0,12.0
GPU,2004-12-21,130.0,67.0,297.0,160.0,540.0,TSMC,ATI,,,,2004.0,12.0
GPU,2004-11-08,130.0,65.0,73.0,1170.0,300.0,Unknown,ATI,,,,2004.0,11.0
GPU,2004-11-08,130.0,65.0,73.0,1170.0,650.0,Unknown,ATI,,,,2004.0,11.0
GPU,2004-11-08,110.0,65.0,74.0,107.0,300.0,Unknown,ATI,,,,2004.0,11.0
GPU,2004-11-08,110.0,65.0,74.0,107.0,650.0,Unknown,ATI,,,,2004.0,11.0
GPU,2004-06-01,130.0,65.0,169.0,1170.0,333.0,Intel,Intel,,,,2004.0,6.0
GPU,2004-06-01,130.0,65.0,169.0,1170.0,650.0,Intel,Intel,,,,2004.0,6.0
GPU,,90.0,65.0,169.0,1170.0,250.0,UMC,Matrox,,,,,
GPU,,90.0,65.0,169.0,1170.0,650.0,UMC,Matrox,,,,,
GPU,2004-12-17,0.0,65.0,169.0,1170.0,250.0,UMC,Matrox,,,,2004.0,12.0
GPU,2004-12-17,0.0,65.0,169.0,1170.0,650.0,UMC,Matrox,,,,2004.0,12.0
GPU,2004-12-17,0.0,65.0,169.0,1170.0,250.0,UMC,Matrox,,,,2004.0,12.0
GPU,2004-12-17,0.0,65.0,169.0,1170.0,250.0,UMC,Matrox,,,,2004.0,12.0
GPU,2004-12-17,0.0,65.0,169.0,1170.0,250.0,UMC,Matrox,,,,2004.0,12.0
GPU,2004-10-11,90.0,65.0,169.0,1170.0,425.0,Unknown,NVIDIA,,,,2004.0,10.0
GPU,2004-10-11,90.0,65.0,169.0,1170.0,425.0,Unknown,NVIDIA,,,,2004.0,10.0
GPU,2004-10-11,90.0,65.0,169.0,1170.0,650.0,Unknown,NVIDIA,,,,2004.0,10.0
GPU,2004-10-11,90.0,65.0,169.0,1170.0,425.0,Unknown,NVIDIA,,,,2004.0,10.0
GPU,2004-10-11,90.0,65.0,169.0,1170.0,425.0,Unknown,NVIDIA,,,,2004.0,10.0
GPU,2004-10-11,90.0,65.0,169.0,1170.0,425.0,Unknown,NVIDIA,,,,2004.0,10.0
GPU,2004-10-11,90.0,65.0,169.0,1170.0,475.0,Unknown,NVIDIA,,,,2004.0,10.0
GPU,2004-10-11,90.0,65.0,169.0,1170.0,425.0,Unknown,NVIDIA,,,,2004.0,10.0
GPU,2004-10-11,90.0,65.0,169.0,1170.0,425.0,Unknown,NVIDIA,,,,2004.0,10.0
GPU,2004-10-11,110.0,65.0,154.0,146.0,300.0,TSMC,NVIDIA,,,,2004.0,10.0
GPU,2004-08-09,110.0,65.0,154.0,146.0,650.0,TSMC,NVIDIA,,,,2004.0,8.0
GPU,2004-10-11,110.0,65.0,110.0,75.0,300.0,TSMC,NVIDIA,,,,2004.0,10.0
GPU,2004-10-11,110.0,65.0,110.0,75.0,650.0,TSMC,NVIDIA,,,,2004.0,10.0
GPU,2004-10-11,110.0,65.0,154.0,146.0,300.0,TSMC,NVIDIA,,,,2004.0,10.0
GPU,2004-12-15,110.0,65.0,110.0,75.0,350.0,TSMC,NVIDIA,,,,2004.0,12.0
GPU,2004-12-15,110.0,65.0,110.0,75.0,350.0,TSMC,NVIDIA,,,,2004.0,12.0
GPU,2004-12-15,110.0,65.0,110.0,75.0,650.0,TSMC,NVIDIA,,,,2004.0,12.0
GPU,2004-08-12,110.0,65.0,154.0,146.0,300.0,TSMC,NVIDIA,,,,2004.0,8.0
GPU,2004-08-12,110.0,65.0,154.0,146.0,300.0,TSMC,NVIDIA,,,,2004.0,8.0
GPU,2004-08-12,110.0,65.0,154.0,146.0,500.0,TSMC,NVIDIA,,,,2004.0,8.0
GPU,2004-11-14,110.0,47.0,154.0,146.0,500.0,TSMC,NVIDIA,,,,2004.0,11.0
GPU,2004-08-12,110.0,65.0,154.0,146.0,500.0,TSMC,NVIDIA,,,,2004.0,8.0
GPU,2004-11-14,110.0,65.0,154.0,146.0,400.0,TSMC,NVIDIA,,,,2004.0,11.0
GPU,2004-11-14,110.0,65.0,154.0,146.0,525.0,TSMC,NVIDIA,,,,2004.0,11.0
GPU,2004-11-08,130.0,65.0,225.0,222.0,325.0,TSMC,NVIDIA,,,,2004.0,11.0
GPU,2004-04-19,130.0,65.0,225.0,222.0,650.0,TSMC,NVIDIA,,,,2004.0,4.0
GPU,2004-04-14,130.0,65.0,287.0,222.0,350.0,TSMC,NVIDIA,,,,2004.0,4.0
GPU,2004-04-01,130.0,65.0,287.0,222.0,650.0,TSMC,NVIDIA,,,,2004.0,4.0
GPU,2004-06-08,130.0,67.0,287.0,222.0,350.0,TSMC,NVIDIA,,,,2004.0,6.0
GPU,2004-04-14,130.0,65.0,287.0,222.0,650.0,TSMC,NVIDIA,,,,2004.0,4.0
GPU,2004-04-14,130.0,80.0,287.0,222.0,350.0,TSMC,NVIDIA,,,,2004.0,4.0
GPU,2004-06-08,130.0,65.0,287.0,222.0,350.0,TSMC,NVIDIA,,,,2004.0,6.0
GPU,2004-07-21,130.0,65.0,287.0,222.0,300.0,TSMC,NVIDIA,,,,2004.0,7.0
GPU,2004-07-26,130.0,81.0,287.0,222.0,425.0,TSMC,NVIDIA,,,,2004.0,7.0
GPU,2004-04-14,130.0,65.0,287.0,222.0,425.0,TSMC,NVIDIA,,,,2004.0,4.0
GPU,2004-04-14,130.0,100.0,287.0,222.0,400.0,TSMC,NVIDIA,,,,2004.0,4.0
GPU,2004-09-01,130.0,65.0,133.0,82.0,425.0,TSMC,NVIDIA,,,,2004.0,9.0
GPU,2004-02-25,130.0,65.0,133.0,82.0,650.0,TSMC,NVIDIA,,,,2004.0,2.0
GPU,2004-09-01,130.0,65.0,133.0,82.0,250.0,TSMC,NVIDIA,,,,2004.0,9.0
GPU,2004-11-08,130.0,45.0,225.0,222.0,300.0,TSMC,NVIDIA,,,,2004.0,11.0
GPU,2004-08-09,130.0,55.0,207.0,135.0,350.0,TSMC,NVIDIA,,,,2004.0,8.0
GPU,2004-08-09,130.0,55.0,225.0,222.0,350.0,TSMC,NVIDIA,,,,2004.0,8.0
GPU,2004-06-28,150.0,21.0,91.0,45.0,250.0,TSMC,NVIDIA,,,,2004.0,6.0
GPU,2004-02-17,150.0,65.0,91.0,45.0,650.0,TSMC,NVIDIA,,,,2004.0,2.0
GPU,2004-06-28,130.0,101.0,287.0,222.0,350.0,TSMC,NVIDIA,,,,2004.0,6.0
GPU,2004-04-19,130.0,150.0,225.0,222.0,425.0,TSMC,NVIDIA,,,,2004.0,4.0
GPU,2004-08-09,110.0,25.0,154.0,146.0,300.0,TSMC,NVIDIA,,,,2004.0,8.0
GPU,2004-08-09,110.0,25.0,154.0,146.0,300.0,TSMC,NVIDIA,,,,2004.0,8.0
GPU,2004-05-25,150.0,13.0,124.0,45.0,275.0,TSMC,NVIDIA,,,,2004.0,5.0
GPU,2004-05-25,150.0,13.0,91.0,45.0,275.0,TSMC,NVIDIA,,,,2004.0,5.0
GPU,2004-07-16,150.0,18.0,65.0,29.0,220.0,TSMC,NVIDIA,,,,2004.0,7.0
GPU,2004-12-12,90.0,4.0,83.0,1170.0,133.0,Sony,Sony,,,,2004.0,12.0
GPU,2004-12-12,90.0,65.0,83.0,1170.0,650.0,Sony,Sony,,,,2004.0,12.0
GPU,2005-04-29,130.0,65.0,76.0,60.0,324.0,TSMC,ATI,,,,2005.0,4.0
GPU,2005-12-22,90.0,65.0,100.0,107.0,450.0,TSMC,ATI,,,,2005.0,12.0
GPU,2005-10-01,90.0,65.0,100.0,107.0,650.0,TSMC,ATI,,,,2005.0,10.0
GPU,2005-10-27,90.0,75.0,288.0,312.0,500.0,TSMC,ATI,,,,2005.0,10.0
GPU,2005-10-01,90.0,65.0,288.0,312.0,650.0,TSMC,ATI,,,,2005.0,10.0
GPU,2005-07-01,110.0,65.0,74.0,107.0,400.0,TSMC,ATI,,,,2005.0,7.0
GPU,2005-04-27,130.0,65.0,281.0,160.0,425.0,TSMC,ATI,,,,2005.0,4.0
GPU,2005-04-27,130.0,65.0,281.0,160.0,425.0,TSMC,ATI,,,,2005.0,4.0
GPU,2005-01-21,110.0,65.0,240.0,160.0,400.0,TSMC,ATI,,,,2005.0,1.0
GPU,2005-10-01,90.0,65.0,100.0,107.0,600.0,TSMC,ATI,,,,2005.0,10.0
GPU,2005-10-01,90.0,65.0,100.0,107.0,600.0,TSMC,ATI,,,,2005.0,10.0
GPU,2005-10-01,90.0,65.0,150.0,157.0,500.0,TSMC,ATI,,,,2005.0,10.0
GPU,2005-10-01,90.0,65.0,150.0,157.0,650.0,TSMC,ATI,,,,2005.0,10.0
GPU,2005-10-01,90.0,35.0,150.0,157.0,600.0,TSMC,ATI,,,,2005.0,10.0
GPU,2005-10-01,90.0,65.0,288.0,312.0,600.0,TSMC,ATI,,,,2005.0,10.0
GPU,2005-10-01,90.0,97.0,288.0,312.0,594.0,TSMC,ATI,,,,2005.0,10.0
GPU,2005-10-01,90.0,111.0,288.0,312.0,600.0,TSMC,ATI,,,,2005.0,10.0
GPU,2005-02-03,110.0,65.0,156.0,120.0,350.0,TSMC,ATI,,,,2005.0,2.0
GPU,2005-02-03,110.0,65.0,156.0,120.0,650.0,TSMC,ATI,,,,2005.0,2.0
GPU,2005-11-01,110.0,65.0,74.0,107.0,350.0,TSMC,ATI,,,,2005.0,11.0
GPU,,110.0,65.0,74.0,107.0,300.0,Unknown,ATI,,,,,
GPU,2005-03-01,110.0,65.0,156.0,120.0,350.0,TSMC,ATI,,,,2005.0,3.0
GPU,2005-03-01,110.0,65.0,156.0,120.0,350.0,TSMC,ATI,,,,2005.0,3.0
GPU,2005-06-01,130.0,65.0,289.0,160.0,480.0,TSMC,ATI,,,,2005.0,6.0
GPU,2005-05-04,130.0,65.0,76.0,60.0,425.0,TSMC,ATI,,,,2005.0,5.0
GPU,2005-12-01,90.0,65.0,100.0,107.0,450.0,TSMC,ATI,,,,2005.0,12.0
GPU,2005-10-05,90.0,65.0,100.0,105.0,450.0,UMC,ATI,,,,2005.0,10.0
GPU,2005-10-05,90.0,65.0,100.0,105.0,650.0,UMC,ATI,,,,2005.0,10.0
GPU,2005-12-01,90.0,65.0,100.0,107.0,450.0,TSMC,ATI,,,,2005.0,12.0
GPU,2005-10-05,90.0,65.0,100.0,107.0,450.0,TSMC,ATI,,,,2005.0,10.0
GPU,2005-10-05,90.0,65.0,100.0,105.0,450.0,UMC,ATI,,,,2005.0,10.0
GPU,2005-10-05,90.0,65.0,100.0,107.0,450.0,TSMC,ATI,,,,2005.0,10.0
GPU,2005-10-01,90.0,31.0,100.0,107.0,600.0,TSMC,ATI,,,,2005.0,10.0
GPU,2005-10-01,90.0,31.0,100.0,107.0,600.0,TSMC,ATI,,,,2005.0,10.0
GPU,2005-10-01,90.0,41.0,150.0,157.0,500.0,TSMC,ATI,,,,2005.0,10.0
GPU,2005-10-01,90.0,42.0,150.0,157.0,590.0,TSMC,ATI,,,,2005.0,10.0
GPU,2005-12-20,90.0,113.0,288.0,312.0,600.0,TSMC,ATI,,,,2005.0,12.0
GPU,2005-10-01,90.0,70.0,288.0,312.0,500.0,TSMC,ATI,,,,2005.0,10.0
GPU,2005-10-01,90.0,113.0,288.0,312.0,600.0,TSMC,ATI,,,,2005.0,10.0
GPU,2005-07-01,110.0,65.0,74.0,107.0,400.0,TSMC,ATI,,,,2005.0,7.0
GPU,2005-07-01,110.0,65.0,74.0,107.0,400.0,TSMC,ATI,,,,2005.0,7.0
GPU,2005-04-01,110.0,65.0,156.0,120.0,400.0,TSMC,ATI,,,,2005.0,4.0
GPU,2005-03-07,110.0,65.0,156.0,120.0,425.0,TSMC,ATI,,,,2005.0,3.0
GPU,2005-10-28,110.0,65.0,240.0,160.0,500.0,TSMC,ATI,,,,2005.0,10.0
GPU,2005-11-01,130.0,40.0,297.0,160.0,475.0,TSMC,ATI,,,,2005.0,11.0
GPU,2005-11-01,110.0,40.0,240.0,160.0,475.0,TSMC,ATI,,,,2005.0,11.0
GPU,2005-11-01,130.0,40.0,297.0,160.0,475.0,TSMC,ATI,,,,2005.0,11.0
GPU,2005-02-28,130.0,65.0,297.0,160.0,650.0,TSMC,ATI,,,,2005.0,2.0
GPU,2005-11-01,130.0,49.0,297.0,160.0,400.0,TSMC,ATI,,,,2005.0,11.0
GPU,2005-10-01,130.0,49.0,297.0,160.0,400.0,TSMC,ATI,,,,2005.0,10.0
GPU,2005-10-01,110.0,49.0,240.0,160.0,400.0,TSMC,ATI,,,,2005.0,10.0
GPU,2005-09-15,130.0,65.0,297.0,160.0,400.0,TSMC,ATI,,,,2005.0,9.0
GPU,2005-09-04,130.0,65.0,297.0,160.0,500.0,TSMC,ATI,,,,2005.0,9.0
GPU,2005-02-28,130.0,69.0,297.0,160.0,520.0,TSMC,ATI,,,,2005.0,2.0
GPU,2005-02-28,130.0,67.0,297.0,160.0,540.0,TSMC,ATI,,,,2005.0,2.0
GPU,,130.0,65.0,73.0,1170.0,300.0,Unknown,ATI,,,,,
GPU,,130.0,65.0,73.0,1170.0,650.0,Unknown,ATI,,,,,
GPU,,130.0,65.0,73.0,1170.0,336.0,Unknown,ATI,,,,,
GPU,,110.0,65.0,73.0,1170.0,300.0,TSMC,ATI,,,,,
GPU,,110.0,65.0,73.0,1170.0,650.0,TSMC,ATI,,,,,
GPU,,110.0,65.0,73.0,1170.0,300.0,TSMC,ATI,,,,,
GPU,,110.0,65.0,74.0,107.0,300.0,Unknown,ATI,,,,,
GPU,,110.0,65.0,73.0,1170.0,300.0,TSMC,ATI,,,,,
GPU,,110.0,65.0,73.0,1170.0,650.0,TSMC,ATI,,,,,
GPU,,130.0,65.0,73.0,1170.0,336.0,Unknown,ATI,,,,,
GPU,2005-11-22,90.0,203.0,181.0,232.0,500.0,TSMC,ATI,,240.0,,2005.0,11.0
GPU,2005-11-22,90.0,65.0,181.0,232.0,650.0,TSMC,ATI,,,,2005.0,11.0
GPU,,130.0,65.0,169.0,1170.0,333.0,Intel,Intel,,,,,
GPU,,130.0,65.0,169.0,1170.0,650.0,Intel,Intel,,,,,
GPU,2005-06-01,90.0,7.0,169.0,1170.0,250.0,Intel,Intel,,,,2005.0,6.0
GPU,2005-05-01,90.0,65.0,169.0,1170.0,650.0,Intel,Intel,,,,2005.0,5.0
GPU,2005-05-01,90.0,7.0,169.0,1170.0,166.0,Intel,Intel,,,,2005.0,5.0
GPU,2005-04-04,110.0,65.0,110.0,75.0,350.0,TSMC,NVIDIA,,,,2005.0,4.0
GPU,2005-04-04,110.0,65.0,110.0,75.0,350.0,TSMC,NVIDIA,,,,2005.0,4.0
GPU,2005-04-04,110.0,65.0,110.0,75.0,350.0,TSMC,NVIDIA,,,,2005.0,4.0
GPU,2005-04-04,110.0,65.0,110.0,75.0,350.0,TSMC,NVIDIA,,,,2005.0,4.0
GPU,2005-04-04,110.0,65.0,110.0,75.0,350.0,TSMC,NVIDIA,,,,2005.0,4.0
GPU,2005-10-01,110.0,65.0,110.0,75.0,400.0,TSMC,NVIDIA,,,,2005.0,10.0
GPU,,110.0,65.0,154.0,146.0,300.0,TSMC,NVIDIA,,,,,
GPU,,110.0,65.0,154.0,146.0,300.0,TSMC,NVIDIA,,,,,
GPU,,110.0,65.0,154.0,146.0,300.0,TSMC,NVIDIA,,,,,
GPU,2005-12-08,130.0,65.0,287.0,222.0,350.0,TSMC,NVIDIA,,,,2005.0,12.0
GPU,2005-11-07,130.0,65.0,225.0,222.0,425.0,TSMC,NVIDIA,,,,2005.0,11.0
GPU,2005-01-16,130.0,65.0,225.0,222.0,325.0,TSMC,NVIDIA,,,,2005.0,1.0
GPU,2005-09-30,130.0,65.0,287.0,222.0,275.0,TSMC,NVIDIA,,,,2005.0,9.0
GPU,2005-09-30,130.0,65.0,225.0,222.0,425.0,TSMC,NVIDIA,,,,2005.0,9.0
GPU,2005-09-30,110.0,65.0,287.0,222.0,300.0,TSMC,NVIDIA,,,,2005.0,9.0
GPU,2004-04-14,110.0,65.0,287.0,222.0,650.0,TSMC,NVIDIA,,,,2004.0,4.0
GPU,2005-09-30,110.0,65.0,222.0,198.0,450.0,TSMC,NVIDIA,,,,2005.0,9.0
GPU,2005-09-30,110.0,65.0,222.0,198.0,650.0,TSMC,NVIDIA,,,,2005.0,9.0
GPU,2005-09-30,130.0,65.0,287.0,222.0,300.0,TSMC,NVIDIA,,,,2005.0,9.0
GPU,2005-08-11,110.0,65.0,333.0,302.0,400.0,TSMC,NVIDIA,,,,2005.0,8.0
GPU,2005-06-22,110.0,65.0,333.0,302.0,650.0,TSMC,NVIDIA,,,,2005.0,6.0
GPU,2005-08-11,110.0,120.0,333.0,302.0,400.0,TSMC,NVIDIA,,,,2005.0,8.0
GPU,2005-06-22,110.0,86.0,333.0,302.0,430.0,TSMC,NVIDIA,,,,2005.0,6.0
GPU,2005-11-14,110.0,108.0,333.0,302.0,500.0,TSMC,NVIDIA,,,,2005.0,11.0
GPU,2005-02-01,130.0,65.0,133.0,82.0,450.0,TSMC,NVIDIA,,,,2005.0,2.0
GPU,2005-09-29,110.0,65.0,154.0,146.0,300.0,TSMC,NVIDIA,,,,2005.0,9.0
GPU,2005-09-29,110.0,65.0,154.0,146.0,300.0,TSMC,NVIDIA,,,,2005.0,9.0
GPU,2005-09-29,110.0,65.0,154.0,146.0,375.0,TSMC,NVIDIA,,,,2005.0,9.0
GPU,2005-09-29,110.0,65.0,154.0,146.0,225.0,TSMC,NVIDIA,,,,2005.0,9.0
GPU,2005-02-24,130.0,89.0,225.0,222.0,450.0,TSMC,NVIDIA,,,,2005.0,2.0
GPU,2005-09-29,110.0,65.0,333.0,302.0,440.0,TSMC,NVIDIA,,,,2005.0,9.0
GPU,2005-09-29,90.0,45.0,196.0,278.0,500.0,TSMC,NVIDIA,,,,2005.0,9.0
GPU,2005-09-29,90.0,65.0,196.0,278.0,650.0,TSMC,NVIDIA,,,,2005.0,9.0
GPU,2005-07-28,130.0,83.0,225.0,222.0,425.0,TSMC,NVIDIA,,,,2005.0,7.0
GPU,2005-07-28,130.0,83.0,287.0,222.0,375.0,TSMC,NVIDIA,,,,2005.0,7.0
GPU,2005-07-28,130.0,83.0,287.0,222.0,375.0,TSMC,NVIDIA,,,,2005.0,7.0
GPU,2005-07-28,110.0,109.0,333.0,302.0,430.0,TSMC,NVIDIA,,,,2005.0,7.0
GPU,2005-02-25,130.0,65.0,225.0,222.0,275.0,TSMC,NVIDIA,,,,2005.0,2.0
GPU,2005-05-31,150.0,10.0,65.0,29.0,250.0,TSMC,NVIDIA,,,,2005.0,5.0
GPU,2005-05-31,150.0,10.0,65.0,29.0,250.0,TSMC,NVIDIA,,,,2005.0,5.0
GPU,2005-05-31,150.0,10.0,91.0,45.0,250.0,TSMC,NVIDIA,,,,2005.0,5.0
GPU,2005-05-26,90.0,45.0,86.0,54.0,147.0,Sony,Sony,,,,2005.0,5.0
GPU,2005-05-26,90.0,65.0,86.0,54.0,650.0,Sony,Sony,,,,2005.0,5.0
GPU,2005-11-01,130.0,65.0,169.0,90.0,300.0,UMC,XGI,,,,2005.0,11.0
GPU,2005-11-01,130.0,65.0,169.0,90.0,650.0,UMC,XGI,,,,2005.0,11.0
GPU,,110.0,65.0,169.0,1170.0,450.0,UMC,XGI,,,,,
GPU,,110.0,65.0,169.0,1170.0,650.0,UMC,XGI,,,,,
GPU,2006-09-18,90.0,65.0,100.0,105.0,371.0,UMC,ATI,,,,2006.0,9.0
GPU,2006-09-18,90.0,65.0,100.0,105.0,650.0,UMC,ATI,,,,2006.0,9.0
GPU,2006-09-18,90.0,65.0,100.0,105.0,419.0,UMC,ATI,,,,2006.0,9.0
GPU,2006-09-18,90.0,65.0,100.0,105.0,550.0,UMC,ATI,,,,2006.0,9.0
GPU,2006-09-18,90.0,65.0,100.0,105.0,650.0,UMC,ATI,,,,2006.0,9.0
GPU,2006-03-01,90.0,65.0,288.0,312.0,450.0,TSMC,ATI,,,,2006.0,3.0
GPU,2006-03-01,90.0,65.0,288.0,312.0,650.0,TSMC,ATI,,,,2006.0,3.0
GPU,2006-03-01,90.0,65.0,288.0,312.0,540.0,TSMC,ATI,,,,2006.0,3.0
GPU,2006-12-07,110.0,24.0,74.0,107.0,400.0,TSMC,ATI,,,,2006.0,12.0
GPU,2006-12-07,130.0,24.0,76.0,60.0,250.0,TSMC,ATI,,,,2006.0,12.0
GPU,2006-10-27,90.0,27.0,100.0,107.0,350.0,TSMC,ATI,,,,2006.0,10.0
GPU,2006-10-27,90.0,65.0,100.0,107.0,650.0,TSMC,ATI,,,,2006.0,10.0
GPU,2006-11-01,90.0,31.0,100.0,105.0,600.0,UMC,ATI,,,,2006.0,11.0
GPU,2006-08-12,90.0,22.0,150.0,157.0,500.0,TSMC,ATI,,,,2006.0,8.0
GPU,2006-08-12,90.0,22.0,150.0,157.0,500.0,TSMC,ATI,,,,2006.0,8.0
GPU,2006-08-23,80.0,44.0,131.0,157.0,600.0,TSMC,ATI,,,,2006.0,8.0
GPU,2006-08-23,80.0,65.0,131.0,157.0,650.0,TSMC,ATI,,,,2006.0,8.0
GPU,2006-10-15,80.0,44.0,131.0,157.0,600.0,TSMC,ATI,,,,2006.0,10.0
GPU,2006-10-30,80.0,55.0,230.0,312.0,525.0,TSMC,ATI,,,,2006.0,10.0
GPU,2006-10-30,80.0,65.0,230.0,312.0,650.0,TSMC,ATI,,,,2006.0,10.0
GPU,2006-10-30,80.0,55.0,230.0,312.0,540.0,TSMC,ATI,,,,2006.0,10.0
GPU,2006-10-30,80.0,65.0,230.0,312.0,525.0,TSMC,ATI,,,,2006.0,10.0
GPU,2006-03-01,90.0,48.0,288.0,312.0,500.0,TSMC,ATI,,,,2006.0,3.0
GPU,2006-03-01,90.0,65.0,288.0,312.0,500.0,TSMC,ATI,,,,2006.0,3.0
GPU,2006-11-06,90.0,75.0,352.0,384.0,575.0,TSMC,ATI,,,,2006.0,11.0
GPU,2006-01-13,90.0,65.0,352.0,384.0,650.0,TSMC,ATI,,,,2006.0,1.0
GPU,2006-05-01,90.0,75.0,352.0,384.0,575.0,TSMC,ATI,,,,2006.0,5.0
GPU,2006-09-10,90.0,65.0,352.0,384.0,650.0,TSMC,ATI,,,,2006.0,9.0
GPU,2006-09-10,90.0,65.0,352.0,384.0,650.0,TSMC,ATI,,,,2006.0,9.0
GPU,2006-10-01,80.0,66.0,230.0,312.0,575.0,TSMC,ATI,,,,2006.0,10.0
GPU,2006-10-01,80.0,65.0,230.0,312.0,650.0,TSMC,ATI,,,,2006.0,10.0
GPU,2006-10-25,80.0,66.0,230.0,312.0,575.0,TSMC,ATI,,,,2006.0,10.0
GPU,2006-10-17,90.0,96.0,352.0,384.0,625.0,TSMC,ATI,,,,2006.0,10.0
GPU,2006-10-17,90.0,96.0,352.0,384.0,625.0,TSMC,ATI,,,,2006.0,10.0
GPU,2006-10-17,90.0,125.0,352.0,384.0,650.0,TSMC,ATI,,,,2006.0,10.0
GPU,2006-10-25,110.0,30.0,74.0,107.0,325.0,TSMC,ATI,,,,2006.0,10.0
GPU,2006-09-10,130.0,69.0,297.0,160.0,520.0,TSMC,ATI,,,,2006.0,9.0
GPU,2006-05-23,110.0,65.0,73.0,1170.0,400.0,TSMC,ATI,,,,2006.0,5.0
GPU,2006-05-23,110.0,65.0,73.0,1170.0,400.0,TSMC,ATI,,,,2006.0,5.0
GPU,2006-11-19,90.0,45.0,95.0,107.0,243.0,NEC,ATI,,,,2006.0,11.0
GPU,2006-11-19,90.0,65.0,95.0,107.0,650.0,NEC,ATI,,,,2006.0,11.0
GPU,2006-06-01,90.0,13.0,169.0,1170.0,667.0,Intel,Intel,,,,2006.0,6.0
GPU,2006-06-01,90.0,65.0,169.0,1170.0,650.0,Intel,Intel,,,,2006.0,6.0
GPU,2006-06-01,90.0,13.0,169.0,1170.0,667.0,Intel,Intel,,,,2006.0,6.0
GPU,2006-06-01,90.0,13.0,169.0,1170.0,400.0,Intel,Intel,,,,2006.0,6.0
GPU,2006-07-01,90.0,13.0,169.0,1170.0,400.0,Intel,Intel,,,,2006.0,7.0
GPU,2006-06-01,90.0,13.0,169.0,1170.0,667.0,Intel,Intel,,,,2006.0,6.0
GPU,2006-06-01,90.0,13.0,169.0,1170.0,500.0,Intel,Intel,,,,2006.0,6.0
GPU,2006-06-14,150.0,65.0,174.0,80.0,250.0,UMC,Matrox,,,,2006.0,6.0
GPU,2006-08-08,110.0,65.0,110.0,75.0,350.0,TSMC,NVIDIA,,,,2006.0,8.0
GPU,2006-05-15,90.0,24.0,125.0,177.0,350.0,TSMC,NVIDIA,,,,2006.0,5.0
GPU,2006-03-01,90.0,65.0,125.0,177.0,650.0,TSMC,NVIDIA,,,,2006.0,3.0
GPU,2006-05-15,80.0,24.0,100.0,177.0,350.0,TSMC,NVIDIA,,,,2006.0,5.0
GPU,2006-03-09,80.0,65.0,100.0,177.0,650.0,TSMC,NVIDIA,,,,2006.0,3.0
GPU,2006-05-15,80.0,24.0,100.0,177.0,350.0,TSMC,NVIDIA,,,,2006.0,5.0
GPU,2006-08-26,90.0,24.0,125.0,177.0,350.0,TSMC,NVIDIA,,,,2006.0,8.0
GPU,2006-03-22,90.0,65.0,81.0,112.0,450.0,TSMC,NVIDIA,,,,2006.0,3.0
GPU,2006-01-18,90.0,65.0,81.0,112.0,650.0,TSMC,NVIDIA,,,,2006.0,1.0
GPU,2006-03-22,90.0,65.0,81.0,112.0,450.0,TSMC,NVIDIA,,,,2006.0,3.0
GPU,2006-03-22,90.0,65.0,81.0,112.0,450.0,TSMC,NVIDIA,,,,2006.0,3.0
GPU,2006-03-22,90.0,65.0,81.0,112.0,475.0,TSMC,NVIDIA,,,,2006.0,3.0
GPU,2006-03-22,80.0,27.0,100.0,177.0,400.0,TSMC,NVIDIA,,,,2006.0,3.0
GPU,2006-07-01,80.0,27.0,100.0,177.0,400.0,TSMC,NVIDIA,,,,2006.0,7.0
GPU,2006-07-01,90.0,27.0,196.0,278.0,500.0,TSMC,NVIDIA,,,,2006.0,7.0
GPU,2006-03-09,80.0,40.0,100.0,177.0,560.0,TSMC,NVIDIA,,,,2006.0,3.0
GPU,2006-09-02,90.0,40.0,125.0,177.0,560.0,TSMC,NVIDIA,,,,2006.0,9.0
GPU,2006-09-02,80.0,40.0,100.0,177.0,560.0,TSMC,NVIDIA,,,,2006.0,9.0
GPU,2006-03-22,80.0,65.0,100.0,177.0,400.0,TSMC,NVIDIA,,,,2006.0,3.0
GPU,2006-03-22,80.0,65.0,100.0,177.0,450.0,TSMC,NVIDIA,,,,2006.0,3.0
GPU,2006-02-02,110.0,75.0,333.0,302.0,425.0,TSMC,NVIDIA,,,,2006.0,2.0
GPU,2006-02-02,110.0,75.0,333.0,302.0,425.0,TSMC,NVIDIA,,,,2006.0,2.0
GPU,2006-02-02,110.0,75.0,333.0,302.0,375.0,TSMC,NVIDIA,,,,2006.0,2.0
GPU,2006-09-28,90.0,75.0,196.0,278.0,425.0,TSMC,NVIDIA,,,,2006.0,9.0
GPU,2006-09-28,90.0,75.0,196.0,278.0,425.0,TSMC,NVIDIA,,,,2006.0,9.0
GPU,2006-09-28,90.0,75.0,196.0,278.0,375.0,TSMC,NVIDIA,,,,2006.0,9.0
GPU,2006-05-01,90.0,49.0,196.0,278.0,450.0,TSMC,NVIDIA,,,,2006.0,5.0
GPU,2006-04-02,90.0,65.0,196.0,278.0,450.0,TSMC,NVIDIA,,,,2006.0,4.0
GPU,2006-03-09,90.0,48.0,196.0,278.0,450.0,TSMC,NVIDIA,,,,2006.0,3.0
GPU,2006-10-01,90.0,81.0,196.0,278.0,650.0,TSMC,NVIDIA,,,,2006.0,10.0
GPU,2006-03-09,90.0,84.0,196.0,278.0,650.0,TSMC,NVIDIA,,,,2006.0,3.0
GPU,2006-04-30,90.0,110.0,196.0,278.0,500.0,TSMC,NVIDIA,,,,2006.0,4.0
GPU,2006-08-06,90.0,65.0,196.0,278.0,550.0,TSMC,NVIDIA,,,,2006.0,8.0
GPU,2006-06-05,90.0,110.0,196.0,278.0,500.0,TSMC,NVIDIA,,,,2006.0,6.0
GPU,2006-11-08,90.0,143.0,484.0,681.0,513.0,TSMC,NVIDIA,,228.1,,2006.0,11.0
GPU,2006-11-08,90.0,65.0,484.0,681.0,650.0,TSMC,NVIDIA,,,,2006.0,11.0
GPU,2006-11-08,90.0,155.0,484.0,681.0,576.0,TSMC,NVIDIA,,345.6,,2006.0,11.0
GPU,2006-02-01,110.0,16.0,110.0,75.0,300.0,TSMC,NVIDIA,,,,2006.0,2.0
GPU,2006-02-01,110.0,65.0,110.0,75.0,400.0,TSMC,NVIDIA,,,,2006.0,2.0
GPU,2006-09-01,90.0,65.0,81.0,112.0,450.0,TSMC,NVIDIA,,,,2006.0,9.0
GPU,2006-03-01,90.0,65.0,125.0,177.0,450.0,TSMC,NVIDIA,,,,2006.0,3.0
GPU,2006-08-01,80.0,65.0,100.0,177.0,500.0,TSMC,NVIDIA,,,,2006.0,8.0
GPU,2006-08-01,80.0,65.0,100.0,177.0,450.0,TSMC,NVIDIA,,,,2006.0,8.0
GPU,2006-03-03,110.0,35.0,333.0,302.0,400.0,TSMC,NVIDIA,,,,2006.0,3.0
GPU,2006-04-18,90.0,20.0,196.0,278.0,375.0,TSMC,NVIDIA,,,,2006.0,4.0
GPU,2006-04-18,90.0,45.0,196.0,278.0,500.0,TSMC,NVIDIA,,,,2006.0,4.0
GPU,2006-04-18,90.0,20.0,125.0,177.0,350.0,TSMC,NVIDIA,,,,2006.0,4.0
GPU,2006-10-12,90.0,45.0,196.0,278.0,575.0,TSMC,NVIDIA,,,,2006.0,10.0
GPU,2006-11-11,90.0,80.0,258.0,300.0,550.0,Sony,NVIDIA,,,,2006.0,11.0
GPU,2006-11-11,90.0,65.0,258.0,300.0,650.0,Sony,NVIDIA,,,,2006.0,11.0
GPU,2006-04-20,90.0,65.0,196.0,278.0,325.0,TSMC,NVIDIA,,,,2006.0,4.0
GPU,2006-04-18,90.0,45.0,196.0,278.0,375.0,TSMC,NVIDIA,,,,2006.0,4.0
GPU,2006-04-20,90.0,21.0,81.0,112.0,550.0,TSMC,NVIDIA,,,,2006.0,4.0
GPU,2006-05-22,90.0,80.0,196.0,278.0,450.0,TSMC,NVIDIA,,,,2006.0,5.0
GPU,2006-03-13,90.0,15.0,81.0,112.0,450.0,TSMC,NVIDIA,,,,2006.0,3.0
GPU,2006-04-24,90.0,145.0,196.0,278.0,500.0,TSMC,NVIDIA,,,,2006.0,4.0
GPU,2006-04-20,110.0,30.0,154.0,146.0,360.0,TSMC,NVIDIA,,,,2006.0,4.0
GPU,2006-04-20,90.0,96.0,196.0,278.0,650.0,TSMC,NVIDIA,,,,2006.0,4.0
GPU,2006-04-20,90.0,104.0,196.0,278.0,650.0,TSMC,NVIDIA,,,,2006.0,4.0
GPU,2006-03-13,90.0,35.0,125.0,177.0,450.0,TSMC,NVIDIA,,,,2006.0,3.0
GPU,2006-04-20,90.0,30.0,125.0,177.0,350.0,TSMC,NVIDIA,,,,2006.0,4.0
GPU,2006-06-01,90.0,10.0,81.0,112.0,300.0,TSMC,NVIDIA,,,,2006.0,6.0
GPU,2006-06-01,90.0,10.0,81.0,112.0,450.0,TSMC,NVIDIA,,,,2006.0,6.0
GPU,2006-02-01,90.0,65.0,81.0,112.0,650.0,TSMC,NVIDIA,,,,2006.0,2.0
GPU,2006-06-06,110.0,18.0,110.0,75.0,275.0,TSMC,NVIDIA,,,,2006.0,6.0
GPU,2006-05-24,90.0,16.0,125.0,177.0,500.0,TSMC,NVIDIA,,,,2006.0,5.0
GPU,2006-02-14,110.0,31.0,154.0,146.0,250.0,TSMC,NVIDIA,,,,2006.0,2.0
GPU,2006-02-14,110.0,31.0,154.0,146.0,250.0,TSMC,NVIDIA,,,,2006.0,2.0
GPU,2006-08-21,90.0,35.0,196.0,278.0,450.0,TSMC,NVIDIA,,,,2006.0,8.0
GPU,2007-11-08,55.0,105.0,192.0,666.0,777.0,TSMC,AMD,,497.3,99.46,2007.0,11.0
GPU,2007-11-08,55.0,65.0,192.0,666.0,650.0,TSMC,AMD,,,,2007.0,11.0
GPU,2007-10-18,180.0,65.0,80.0,8.0,200.0,Unknown,ATI,,,,2007.0,10.0
GPU,2007-10-18,180.0,65.0,80.0,8.0,650.0,Unknown,ATI,,,,2007.0,10.0
GPU,2007-06-28,65.0,73.0,153.0,390.0,600.0,TSMC,ATI,,144.0,,2007.0,6.0
GPU,2007-06-28,65.0,65.0,153.0,390.0,650.0,TSMC,ATI,,,,2007.0,6.0
GPU,2007-08-06,65.0,89.0,153.0,390.0,800.0,TSMC,ATI,,192.0,,2007.0,8.0
GPU,2007-08-06,80.0,127.0,420.0,720.0,600.0,TSMC,ATI,,384.0,,2007.0,8.0
GPU,2007-05-14,80.0,65.0,420.0,720.0,650.0,TSMC,ATI,,,,2007.0,5.0
GPU,2007-11-19,55.0,65.0,192.0,666.0,777.0,TSMC,ATI,,497.3,99.46,2007.0,11.0
GPU,2007-11-19,55.0,65.0,192.0,666.0,650.0,TSMC,ATI,,,,2007.0,11.0
GPU,2007-05-14,80.0,159.0,420.0,720.0,688.0,TSMC,ATI,,440.3,,2007.0,5.0
GPU,2007-08-06,80.0,65.0,420.0,720.0,688.0,TSMC,ATI,,440.3,,2007.0,8.0
GPU,2007-05-14,65.0,65.0,153.0,390.0,500.0,TSMC,ATI,,120.0,,2007.0,5.0
GPU,2007-05-14,65.0,65.0,153.0,390.0,650.0,TSMC,ATI,,,,2007.0,5.0
GPU,2007-05-14,65.0,65.0,85.0,180.0,450.0,TSMC,ATI,,36.0,,2007.0,5.0
GPU,2007-05-14,65.0,65.0,85.0,180.0,650.0,TSMC,ATI,,,,2007.0,5.0
GPU,2007-05-14,65.0,65.0,85.0,180.0,600.0,TSMC,ATI,,48.0,,2007.0,5.0
GPU,2007-05-14,65.0,65.0,85.0,180.0,650.0,TSMC,ATI,,,,2007.0,5.0
GPU,2007-06-28,65.0,65.0,85.0,180.0,650.0,TSMC,ATI,,52.0,,2007.0,6.0
GPU,2007-05-14,65.0,65.0,153.0,390.0,500.0,TSMC,ATI,,120.0,,2007.0,5.0
GPU,2007-05-14,65.0,65.0,153.0,390.0,680.0,TSMC,ATI,,163.2,,2007.0,5.0
GPU,2007-07-26,65.0,65.0,153.0,390.0,600.0,TSMC,ATI,,144.0,,2007.0,7.0
GPU,2007-12-12,65.0,35.0,153.0,390.0,650.0,TSMC,ATI,,156.0,,2007.0,12.0
GPU,2007-11-08,90.0,65.0,150.0,157.0,398.0,TSMC,ATI,,,,2007.0,11.0
GPU,2006-02-01,90.0,65.0,150.0,157.0,650.0,TSMC,ATI,,,,2006.0,2.0
GPU,2007-06-01,90.0,65.0,150.0,157.0,460.0,TSMC,ATI,,,,2007.0,6.0
GPU,2006-02-01,90.0,65.0,150.0,157.0,650.0,TSMC,ATI,,,,2006.0,2.0
GPU,2007-06-28,65.0,25.0,85.0,180.0,600.0,TSMC,ATI,,48.0,,2007.0,6.0
GPU,,65.0,65.0,85.0,180.0,650.0,TSMC,ATI,,,,,
GPU,2007-06-28,65.0,20.0,85.0,180.0,525.0,TSMC,ATI,,42.0,,2007.0,6.0
GPU,2007-06-28,65.0,20.0,85.0,180.0,525.0,TSMC,ATI,,42.0,,2007.0,6.0
GPU,2007-06-28,65.0,20.0,85.0,180.0,525.0,TSMC,ATI,,42.0,,2007.0,6.0
GPU,2007-06-28,65.0,25.0,85.0,180.0,650.0,TSMC,ATI,,52.0,,2007.0,6.0
GPU,2007-06-28,65.0,35.0,153.0,390.0,600.0,TSMC,ATI,,144.0,,2007.0,6.0
GPU,2007-06-28,65.0,35.0,153.0,390.0,594.0,TSMC,ATI,,142.6,,2007.0,6.0
GPU,2007-06-28,65.0,50.0,153.0,390.0,800.0,TSMC,ATI,,192.0,,2007.0,6.0
GPU,2007-06-28,65.0,45.0,153.0,390.0,800.0,TSMC,ATI,,192.0,,2007.0,6.0
GPU,2007-06-28,55.0,45.0,135.0,378.0,722.0,TSMC,ATI,,173.3,,2007.0,6.0
GPU,2007-06-28,55.0,65.0,135.0,378.0,650.0,TSMC,ATI,,,,2007.0,6.0
GPU,2007-06-28,65.0,45.0,153.0,390.0,800.0,TSMC,ATI,,192.0,,2007.0,6.0
GPU,2007-07-26,65.0,65.0,153.0,390.0,800.0,TSMC,ATI,,192.0,,2007.0,7.0
GPU,2007-11-06,80.0,150.0,420.0,720.0,601.0,TSMC,ATI,,288.5,,2007.0,11.0
GPU,2007-12-12,80.0,200.0,420.0,720.0,600.0,TSMC,ATI,,384.0,,2007.0,12.0
GPU,2007-05-14,80.0,215.0,420.0,720.0,743.0,TSMC,ATI,,475.5,,2007.0,5.0
GPU,,55.0,75.0,192.0,666.0,600.0,TSMC,ATI,,384.0,76.8,,
GPU,,55.0,110.0,192.0,666.0,777.0,TSMC,ATI,,497.3,99.46,,
GPU,2007-12-10,55.0,25.0,67.0,181.0,600.0,TSMC,ATI,,48.0,,2007.0,12.0
GPU,2007-12-10,55.0,65.0,67.0,181.0,650.0,TSMC,ATI,,,,2007.0,12.0
GPU,2007-12-10,55.0,50.0,67.0,181.0,600.0,TSMC,ATI,,48.0,,2007.0,12.0
GPU,2007-11-19,55.0,75.0,192.0,666.0,668.0,TSMC,ATI,,427.5,85.5,2007.0,11.0
GPU,2007-11-19,55.0,106.0,192.0,666.0,777.0,TSMC,ATI,,497.3,99.46,2007.0,11.0
GPU,,55.0,106.0,192.0,666.0,777.0,TSMC,ATI,,497.3,99.46,,
GPU,2007-11-25,130.0,24.0,76.0,60.0,250.0,TSMC,ATI,,,,2007.0,11.0
GPU,2007-10-01,90.0,41.0,150.0,157.0,500.0,TSMC,ATI,,,,2007.0,10.0
GPU,2007-11-20,90.0,65.0,100.0,105.0,635.0,UMC,ATI,,,,2007.0,11.0
GPU,2007-05-01,80.0,65.0,230.0,312.0,400.0,TSMC,ATI,,,,2007.0,5.0
GPU,2007-12-02,90.0,65.0,150.0,157.0,587.0,TSMC,ATI,,,,2007.0,12.0
GPU,2007-11-05,80.0,44.0,131.0,157.0,587.0,TSMC,ATI,,,,2007.0,11.0
GPU,2007-11-30,80.0,50.0,230.0,312.0,500.0,TSMC,ATI,,,,2007.0,11.0
GPU,2007-11-08,130.0,40.0,281.0,160.0,473.0,TSMC,ATI,,,,2007.0,11.0
GPU,2007-12-29,130.0,49.0,289.0,160.0,400.0,TSMC,ATI,,,,2007.0,12.0
GPU,2007-11-08,130.0,49.0,281.0,160.0,400.0,TSMC,ATI,,,,2007.0,11.0
GPU,2007-10-17,130.0,65.0,73.0,1170.0,300.0,Unknown,ATI,,,,2007.0,10.0
GPU,2007-10-17,110.0,65.0,73.0,1170.0,400.0,TSMC,ATI,,,,2007.0,10.0
GPU,2007-10-27,80.0,175.0,156.0,232.0,500.0,TSMC,ATI,,240.0,,2007.0,10.0
GPU,2007-10-27,80.0,65.0,156.0,232.0,650.0,TSMC,ATI,,,,2007.0,10.0
GPU,2007-05-09,90.0,13.0,169.0,1170.0,400.0,Intel,Intel,,,,2007.0,5.0
GPU,2007-05-09,90.0,65.0,169.0,1170.0,650.0,Intel,Intel,,,,2007.0,5.0
GPU,2007-05-09,90.0,13.0,169.0,1170.0,400.0,Intel,Intel,,,,2007.0,5.0
GPU,2007-05-09,90.0,13.0,169.0,1170.0,400.0,Intel,Intel,,,,2007.0,5.0
GPU,2007-05-09,45.0,13.0,66.0,123.0,400.0,Intel,Intel,,12.8,,2007.0,5.0
GPU,2007-05-09,45.0,65.0,66.0,123.0,650.0,Intel,Intel,,,,2007.0,5.0
GPU,2007-05-09,45.0,13.0,66.0,123.0,400.0,Intel,Intel,,12.8,,2007.0,5.0
GPU,2007-05-09,90.0,13.0,169.0,1170.0,500.0,Intel,Intel,,,,2007.0,5.0
GPU,2007-05-09,90.0,65.0,169.0,1170.0,650.0,Intel,Intel,,,,2007.0,5.0
GPU,2007-05-09,90.0,13.0,169.0,1170.0,500.0,Intel,Intel,,,,2007.0,5.0
GPU,2007-08-01,90.0,13.0,169.0,1170.0,667.0,Intel,Intel,,,,2007.0,8.0
GPU,2007-10-04,90.0,65.0,81.0,112.0,500.0,Unknown,NVIDIA,,,,2007.0,10.0
GPU,2007-10-04,90.0,65.0,81.0,112.0,650.0,Unknown,NVIDIA,,,,2007.0,10.0
GPU,2007-10-04,90.0,65.0,81.0,112.0,500.0,Unknown,NVIDIA,,,,2007.0,10.0
GPU,2007-10-04,90.0,65.0,81.0,112.0,600.0,Unknown,NVIDIA,,,,2007.0,10.0
GPU,2007-11-16,90.0,65.0,81.0,112.0,630.0,Unknown,NVIDIA,,,,2007.0,11.0
GPU,2007-11-16,90.0,65.0,81.0,112.0,425.0,Unknown,NVIDIA,,,,2007.0,11.0
GPU,2006-02-01,90.0,65.0,81.0,112.0,650.0,Unknown,NVIDIA,,,,2006.0,2.0
GPU,2007-12-04,65.0,25.0,86.0,210.0,540.0,UMC,NVIDIA,,20.8,,2007.0,12.0
GPU,2007-12-04,65.0,65.0,86.0,210.0,650.0,UMC,NVIDIA,,,,2007.0,12.0
GPU,2007-12-04,65.0,25.0,86.0,210.0,567.0,UMC,NVIDIA,,22.4,,2007.0,12.0
GPU,2007-12-04,65.0,25.0,86.0,210.0,567.0,UMC,NVIDIA,,22.4,,2007.0,12.0
GPU,2007-05-09,80.0,10.0,127.0,210.0,400.0,TSMC,NVIDIA,,12.8,,2007.0,5.0
GPU,2007-04-17,80.0,65.0,127.0,210.0,650.0,TSMC,NVIDIA,,,,2007.0,4.0
GPU,2007-05-09,80.0,11.0,127.0,210.0,400.0,TSMC,NVIDIA,,25.6,,2007.0,5.0
GPU,2007-04-17,80.0,65.0,127.0,210.0,650.0,TSMC,NVIDIA,,,,2007.0,4.0
GPU,2007-05-09,80.0,14.0,127.0,210.0,450.0,TSMC,NVIDIA,,28.8,,2007.0,5.0
GPU,2007-09-21,80.0,75.0,169.0,289.0,675.0,TSMC,NVIDIA,,92.8,,2007.0,9.0
GPU,2007-04-17,80.0,65.0,169.0,289.0,650.0,TSMC,NVIDIA,,,,2007.0,4.0
GPU,2007-05-01,80.0,20.0,127.0,210.0,450.0,TSMC,NVIDIA,,28.8,,2007.0,5.0
GPU,2007-12-31,80.0,20.0,169.0,289.0,475.0,TSMC,NVIDIA,,60.8,,2007.0,12.0
GPU,2007-05-01,80.0,20.0,169.0,289.0,475.0,TSMC,NVIDIA,,60.8,,2007.0,5.0
GPU,2007-10-05,80.0,20.0,169.0,289.0,470.0,TSMC,NVIDIA,,60.16,,2007.0,10.0
GPU,2007-06-01,80.0,29.0,169.0,289.0,625.0,TSMC,NVIDIA,,80.0,,2007.0,6.0
GPU,2007-10-29,65.0,125.0,324.0,754.0,600.0,TSMC,NVIDIA,,336.0,,2007.0,10.0
GPU,2007-10-29,65.0,65.0,324.0,754.0,650.0,TSMC,NVIDIA,,,,2007.0,10.0
GPU,2007-12-11,65.0,135.0,324.0,754.0,650.0,TSMC,NVIDIA,,416.0,,2007.0,12.0
GPU,2007-11-19,90.0,150.0,484.0,681.0,500.0,TSMC,NVIDIA,,268.8,,2007.0,11.0
GPU,2007-05-02,90.0,171.0,484.0,681.0,612.0,TSMC,NVIDIA,,387.1,,2007.0,5.0
GPU,2007-11-01,65.0,50.0,324.0,754.0,500.0,TSMC,NVIDIA,,160.0,,2007.0,11.0
GPU,2007-11-01,65.0,65.0,324.0,754.0,500.0,TSMC,NVIDIA,,240.0,,2007.0,11.0
GPU,2007-06-01,80.0,50.0,169.0,289.0,625.0,TSMC,NVIDIA,,80.0,,2007.0,6.0
GPU,2007-09-12,80.0,42.0,169.0,289.0,460.0,TSMC,NVIDIA,,58.88,,2007.0,9.0
GPU,2007-05-09,80.0,17.0,127.0,210.0,400.0,TSMC,NVIDIA,,25.6,,2007.0,5.0
GPU,2007-09-12,80.0,35.0,169.0,289.0,360.0,TSMC,NVIDIA,,23.04,,2007.0,9.0
GPU,2007-09-12,65.0,38.0,144.0,314.0,580.0,Unknown,NVIDIA,,44.8,,2007.0,9.0
GPU,2007-04-17,65.0,65.0,144.0,314.0,650.0,Unknown,NVIDIA,,,,2007.0,4.0
GPU,2007-09-12,80.0,38.0,169.0,289.0,460.0,TSMC,NVIDIA,,29.44,,2007.0,9.0
GPU,2007-06-01,80.0,45.0,169.0,289.0,475.0,TSMC,NVIDIA,,60.8,,2007.0,6.0
GPU,2007-05-09,80.0,10.0,127.0,210.0,400.0,TSMC,NVIDIA,,12.8,,2007.0,5.0
GPU,2007-05-09,80.0,10.0,127.0,210.0,400.0,TSMC,NVIDIA,,25.6,,2007.0,5.0
GPU,2007-05-09,80.0,10.0,127.0,210.0,400.0,TSMC,NVIDIA,,25.6,,2007.0,5.0
GPU,2007-10-04,80.0,21.0,127.0,210.0,459.0,TSMC,NVIDIA,,29.38,,2007.0,10.0
GPU,2007-06-09,80.0,20.0,169.0,289.0,575.0,TSMC,NVIDIA,,73.6,,2007.0,6.0
GPU,2007-05-02,90.0,171.0,484.0,681.0,600.0,TSMC,NVIDIA,,345.6,,2007.0,5.0
GPU,2007-05-02,90.0,520.0,484.0,681.0,600.0,TSMC,NVIDIA,,345.6,,2007.0,5.0
GPU,2007-05-02,90.0,800.0,484.0,681.0,600.0,TSMC,NVIDIA,,345.6,,2007.0,5.0
GPU,2007-07-01,65.0,45.0,60.0,54.0,147.0,Sony,Sony,,,,2007.0,7.0
GPU,2007-07-01,65.0,65.0,60.0,54.0,650.0,Sony,Sony,,,,2007.0,7.0
GPU,2007-08-30,65.0,4.0,169.0,1170.0,133.0,Sony,Sony,,,,2007.0,8.0
GPU,2007-08-30,65.0,65.0,169.0,1170.0,650.0,Sony,Sony,,,,2007.0,8.0
GPU,2008-06-16,55.0,150.0,256.0,956.0,625.0,TSMC,AMD,,1000.0,200.0,2008.0,6.0
GPU,2008-06-16,55.0,65.0,256.0,956.0,650.0,TSMC,AMD,,,,2008.0,6.0
GPU,2008-11-13,55.0,160.0,256.0,956.0,750.0,TSMC,AMD,,1200.0,240.0,2008.0,11.0
GPU,2008-06-28,55.0,55.0,169.0,1170.0,725.0,TSMC,ATI,,174.0,,2008.0,6.0
GPU,2008-08-08,55.0,32.0,67.0,181.0,800.0,TSMC,ATI,,64.0,,2008.0,8.0
GPU,2008-09-11,55.0,48.0,146.0,514.0,550.0,TSMC,ATI,,352.0,,2008.0,9.0
GPU,2008-08-08,55.0,65.0,146.0,514.0,650.0,TSMC,ATI,,,,2008.0,8.0
GPU,2008-08-08,55.0,56.0,146.0,514.0,700.0,TSMC,ATI,,448.0,,2008.0,8.0
GPU,2008-09-11,55.0,151.0,256.0,956.0,750.0,TSMC,ATI,,1200.0,240.0,2008.0,9.0
GPU,2008-06-25,55.0,65.0,256.0,956.0,650.0,TSMC,ATI,,,,2008.0,6.0
GPU,2008-07-28,55.0,151.0,256.0,956.0,750.0,TSMC,ATI,,1200.0,240.0,2008.0,7.0
GPU,2008-07-25,55.0,7.0,67.0,181.0,400.0,TSMC,ATI,,32.0,,2008.0,7.0
GPU,2008-01-07,55.0,65.0,67.0,181.0,650.0,TSMC,ATI,,,,2008.0,1.0
GPU,2008-07-25,55.0,12.0,67.0,181.0,450.0,TSMC,ATI,,36.0,,2008.0,7.0
GPU,2008-09-01,55.0,110.0,192.0,666.0,660.0,TSMC,ATI,,422.4,84.48,2008.0,9.0
GPU,2008-06-04,55.0,65.0,192.0,666.0,650.0,TSMC,ATI,,,,2008.0,6.0
GPU,2008-08-15,65.0,65.0,85.0,180.0,350.0,Unknown,ATI,,28.0,,2008.0,8.0
GPU,2008-03-04,65.0,65.0,85.0,180.0,650.0,Unknown,ATI,,,,2008.0,3.0
GPU,2008-08-06,65.0,65.0,85.0,180.0,500.0,Unknown,ATI,,40.0,,2008.0,8.0
GPU,2008-08-04,55.0,30.0,67.0,181.0,594.0,TSMC,ATI,,47.52,,2008.0,8.0
GPU,2008-10-05,55.0,65.0,135.0,378.0,722.0,TSMC,ATI,,173.3,,2008.0,10.0
GPU,2008-09-11,55.0,65.0,135.0,378.0,796.0,TSMC,ATI,,191.0,,2008.0,9.0
GPU,2008-09-30,55.0,20.0,73.0,242.0,600.0,TSMC,ATI,,96.0,,2008.0,9.0
GPU,2008-09-30,55.0,65.0,73.0,242.0,650.0,TSMC,ATI,,,,2008.0,9.0
GPU,2008-09-30,55.0,20.0,73.0,242.0,600.0,TSMC,ATI,,96.0,,2008.0,9.0
GPU,2008-09-30,55.0,20.0,73.0,242.0,600.0,TSMC,ATI,,96.0,,2008.0,9.0
GPU,2008-09-30,55.0,20.0,73.0,242.0,600.0,TSMC,ATI,,96.0,,2008.0,9.0
GPU,2008-09-30,55.0,25.0,73.0,242.0,600.0,TSMC,ATI,,96.0,,2008.0,9.0
GPU,2008-11-25,55.0,25.0,73.0,242.0,650.0,TSMC,ATI,,104.0,,2008.0,11.0
GPU,2008-09-10,55.0,48.0,146.0,514.0,600.0,TSMC,ATI,,384.0,,2008.0,9.0
GPU,2008-09-10,55.0,48.0,146.0,514.0,600.0,TSMC,ATI,,384.0,,2008.0,9.0
GPU,2008-09-10,55.0,59.0,146.0,514.0,750.0,TSMC,ATI,,480.0,,2008.0,9.0
GPU,2008-09-10,55.0,118.0,146.0,514.0,750.0,TSMC,ATI,,480.0,,2008.0,9.0
GPU,2008-09-10,55.0,59.0,146.0,514.0,750.0,TSMC,ATI,,480.0,,2008.0,9.0
GPU,2008-12-26,55.0,110.0,192.0,666.0,669.0,TSMC,ATI,,428.2,85.63,2008.0,12.0
GPU,2008-10-21,55.0,95.0,256.0,956.0,575.0,TSMC,ATI,,736.0,147.2,2008.0,10.0
GPU,2008-06-25,55.0,110.0,256.0,956.0,625.0,TSMC,ATI,,1000.0,200.0,2008.0,6.0
GPU,2008-11-07,55.0,250.0,256.0,956.0,625.0,TSMC,ATI,,1000.0,200.0,2008.0,11.0
GPU,2008-08-12,55.0,65.0,256.0,956.0,650.0,TSMC,ATI,,,,2008.0,8.0
GPU,2008-06-25,55.0,150.0,256.0,956.0,750.0,TSMC,ATI,,1200.0,240.0,2008.0,6.0
GPU,2008-08-12,55.0,286.0,256.0,956.0,750.0,TSMC,ATI,,1200.0,240.0,2008.0,8.0
GPU,2008-08-01,65.0,150.0,121.0,232.0,500.0,TSMC,ATI,,240.0,,2008.0,8.0
GPU,2008-08-01,65.0,65.0,121.0,232.0,650.0,TSMC,ATI,,,,2008.0,8.0
GPU,2008-10-01,65.0,13.0,169.0,1170.0,400.0,Intel,Intel,,25.6,,2008.0,10.0
GPU,2008-10-01,65.0,65.0,169.0,1170.0,650.0,Intel,Intel,,,,2008.0,10.0
GPU,2008-10-01,65.0,13.0,169.0,1170.0,640.0,Intel,Intel,,40.96,,2008.0,10.0
GPU,2008-10-01,65.0,13.0,169.0,1170.0,400.0,Intel,Intel,,64.0,,2008.0,10.0
GPU,2008-06-01,65.0,65.0,169.0,1170.0,650.0,Intel,Intel,,,,2008.0,6.0
GPU,2008-09-01,65.0,13.0,169.0,1170.0,533.0,Intel,Intel,,85.28,,2008.0,9.0
GPU,2008-09-01,65.0,65.0,169.0,1170.0,650.0,Intel,Intel,,,,2008.0,9.0
GPU,2008-10-01,65.0,13.0,169.0,1170.0,640.0,Intel,Intel,,102.4,,2008.0,10.0
GPU,2008-10-01,65.0,65.0,169.0,1170.0,650.0,Intel,Intel,,,,2008.0,10.0
GPU,2008-08-01,80.0,50.0,127.0,210.0,459.0,TSMC,NVIDIA,,29.38,,2008.0,8.0
GPU,2008-07-29,80.0,12.0,127.0,210.0,450.0,Unknown,NVIDIA,,35.2,,2008.0,7.0
GPU,2008-06-03,80.0,65.0,127.0,210.0,650.0,Unknown,NVIDIA,,,,2008.0,6.0
GPU,2008-07-29,65.0,12.0,144.0,314.0,450.0,Unknown,NVIDIA,,17.6,,2008.0,7.0
GPU,2008-10-15,65.0,12.0,144.0,314.0,450.0,Unknown,NVIDIA,,38.4,,2008.0,10.0
GPU,2008-08-01,80.0,50.0,127.0,210.0,459.0,TSMC,NVIDIA,,29.38,,2008.0,8.0
GPU,2008-08-27,55.0,50.0,121.0,314.0,550.0,TSMC,NVIDIA,,44.8,,2008.0,8.0
GPU,2008-06-03,55.0,65.0,121.0,314.0,650.0,TSMC,NVIDIA,,,,2008.0,6.0
GPU,2008-08-27,55.0,50.0,121.0,314.0,550.0,TSMC,NVIDIA,,44.8,,2008.0,8.0
GPU,2008-08-27,55.0,50.0,121.0,314.0,550.0,TSMC,NVIDIA,,44.8,,2008.0,8.0
GPU,2008-10-15,65.0,12.0,144.0,314.0,580.0,Unknown,NVIDIA,,44.8,,2008.0,10.0
GPU,2008-10-15,65.0,12.0,144.0,314.0,450.0,Unknown,NVIDIA,,35.2,,2008.0,10.0
GPU,2008-10-15,65.0,12.0,144.0,314.0,450.0,Unknown,NVIDIA,,35.2,,2008.0,10.0
GPU,2008-07-29,65.0,40.0,144.0,314.0,550.0,UMC,NVIDIA,,88.0,,2008.0,7.0
GPU,2008-06-03,65.0,65.0,144.0,314.0,650.0,UMC,NVIDIA,,,,2008.0,6.0
GPU,2008-07-29,55.0,40.0,121.0,314.0,500.0,TSMC,NVIDIA,,80.0,,2008.0,7.0
GPU,2008-07-29,65.0,50.0,144.0,314.0,600.0,UMC,NVIDIA,,96.0,,2008.0,7.0
GPU,2008-07-29,55.0,50.0,121.0,314.0,600.0,UMC,NVIDIA,,96.0,,2008.0,7.0
GPU,2008-07-29,55.0,65.0,121.0,314.0,650.0,UMC,NVIDIA,,,,2008.0,7.0
GPU,2008-07-29,55.0,50.0,121.0,314.0,550.0,TSMC,NVIDIA,,89.6,,2008.0,7.0
GPU,2008-07-29,65.0,65.0,240.0,505.0,500.0,TSMC,NVIDIA,,120.0,,2008.0,7.0
GPU,2008-02-21,65.0,65.0,240.0,505.0,650.0,TSMC,NVIDIA,,,,2008.0,2.0
GPU,2008-10-23,65.0,90.0,240.0,505.0,650.0,TSMC,NVIDIA,,156.0,,2008.0,10.0
GPU,2008-12-22,65.0,95.0,240.0,505.0,600.0,TSMC,NVIDIA,,192.0,,2008.0,12.0
GPU,2008-10-25,55.0,23.0,121.0,314.0,500.0,TSMC,NVIDIA,,80.0,,2008.0,10.0
GPU,2008-08-19,55.0,23.0,121.0,314.0,550.0,TSMC,NVIDIA,,84.8,,2008.0,8.0
GPU,2008-07-29,65.0,45.0,144.0,314.0,625.0,UMC,NVIDIA,,99.2,,2008.0,7.0
GPU,2008-07-29,65.0,60.0,240.0,505.0,530.0,TSMC,NVIDIA,,127.2,,2008.0,7.0
GPU,2008-07-21,55.0,125.0,260.0,754.0,600.0,TSMC,NVIDIA,,336.0,,2008.0,7.0
GPU,2008-07-21,55.0,65.0,260.0,754.0,650.0,TSMC,NVIDIA,,,,2008.0,7.0
GPU,2008-07-21,65.0,125.0,324.0,754.0,600.0,TSMC,NVIDIA,,336.0,,2008.0,7.0
GPU,2008-07-21,65.0,125.0,324.0,754.0,725.0,TSMC,NVIDIA,,448.0,,2008.0,7.0
GPU,2008-11-01,65.0,60.0,240.0,505.0,530.0,TSMC,NVIDIA,,169.6,,2008.0,11.0
GPU,2008-07-29,65.0,65.0,324.0,754.0,500.0,TSMC,NVIDIA,,240.0,,2008.0,7.0
GPU,2008-07-29,65.0,75.0,240.0,505.0,600.0,TSMC,NVIDIA,,192.0,,2008.0,7.0
GPU,2008-08-21,65.0,75.0,240.0,505.0,600.0,TSMC,NVIDIA,,192.0,,2008.0,8.0
GPU,2008-07-15,65.0,75.0,324.0,754.0,500.0,TSMC,NVIDIA,,280.0,,2008.0,7.0
GPU,2008-07-15,65.0,75.0,240.0,505.0,600.0,TSMC,NVIDIA,,192.0,,2008.0,7.0
GPU,2008-12-12,55.0,14.0,121.0,314.0,500.0,TSMC,NVIDIA,,80.0,,2008.0,12.0
GPU,2008-12-12,55.0,75.0,196.0,505.0,600.0,TSMC,NVIDIA,,144.0,,2008.0,12.0
GPU,2008-02-21,55.0,65.0,196.0,505.0,650.0,TSMC,NVIDIA,,,,2008.0,2.0
GPU,2008-06-16,65.0,182.0,576.0,1400.0,576.0,TSMC,NVIDIA,,476.9,59.62,2008.0,6.0
GPU,2008-06-16,65.0,65.0,576.0,1400.0,650.0,TSMC,NVIDIA,,,,2008.0,6.0
GPU,2008-09-16,65.0,182.0,576.0,1400.0,576.0,TSMC,NVIDIA,,536.5,67.07,2008.0,9.0
GPU,2008-11-27,55.0,171.0,470.0,1400.0,576.0,TSMC,NVIDIA,,536.5,67.07,2008.0,11.0
GPU,2008-06-01,55.0,65.0,470.0,1400.0,650.0,TSMC,NVIDIA,,,,2008.0,6.0
GPU,2008-07-23,55.0,182.0,470.0,1400.0,576.0,TSMC,NVIDIA,,476.9,59.62,2008.0,7.0
GPU,2008-06-16,65.0,236.0,576.0,1400.0,602.0,TSMC,NVIDIA,,622.1,77.76,2008.0,6.0
GPU,2008-12-23,55.0,204.0,470.0,1400.0,648.0,TSMC,NVIDIA,,708.5,88.56,2008.0,12.0
GPU,,65.0,58.0,186.0,300.0,550.0,Sony,NVIDIA,,,,,
GPU,,65.0,65.0,186.0,300.0,650.0,Sony,NVIDIA,,,,,
GPU,2008-11-11,55.0,150.0,470.0,1400.0,602.0,TSMC,NVIDIA,,462.3,57.79,2008.0,11.0
GPU,2008-09-27,80.0,42.0,169.0,289.0,520.0,TSMC,NVIDIA,,66.56,,2008.0,9.0
GPU,2008-10-01,65.0,50.0,144.0,314.0,625.0,UMC,NVIDIA,,99.2,,2008.0,10.0
GPU,2008-08-14,65.0,65.0,240.0,505.0,530.0,TSMC,NVIDIA,,127.2,,2008.0,8.0
GPU,2008-11-06,65.0,25.0,86.0,210.0,540.0,UMC,NVIDIA,,17.28,,2008.0,11.0
GPU,2008-08-14,65.0,75.0,324.0,754.0,550.0,TSMC,NVIDIA,,352.0,,2008.0,8.0
GPU,2008-08-15,65.0,20.0,86.0,210.0,580.0,UMC,NVIDIA,,23.2,,2008.0,8.0
GPU,2008-08-14,55.0,100.0,260.0,754.0,675.0,TSMC,NVIDIA,,422.4,,2008.0,8.0
GPU,2008-11-11,55.0,150.0,470.0,1400.0,602.0,TSMC,NVIDIA,,462.3,57.79,2008.0,11.0
GPU,2008-11-11,55.0,150.0,470.0,1400.0,602.0,TSMC,NVIDIA,,462.3,57.79,2008.0,11.0
GPU,2008-11-11,55.0,189.0,470.0,1400.0,610.0,TSMC,NVIDIA,,622.1,77.76,2008.0,11.0
GPU,2008-08-14,65.0,35.0,144.0,314.0,500.0,UMC,NVIDIA,,80.0,,2008.0,8.0
GPU,2008-08-15,65.0,10.0,86.0,210.0,530.0,UMC,NVIDIA,,20.8,,2008.0,8.0
GPU,2008-08-15,65.0,12.0,86.0,210.0,580.0,UMC,NVIDIA,,23.2,,2008.0,8.0
GPU,2008-11-11,65.0,35.0,86.0,210.0,480.0,UMC,NVIDIA,,19.2,,2008.0,11.0
GPU,2008-07-25,110.0,640.0,333.0,302.0,470.0,TSMC,NVIDIA,,,,2008.0,7.0
GPU,2008-07-25,90.0,320.0,484.0,681.0,600.0,TSMC,NVIDIA,,345.6,,2008.0,7.0
GPU,2008-07-25,65.0,640.0,324.0,754.0,500.0,TSMC,NVIDIA,,320.0,,2008.0,7.0
GPU,2008-07-25,90.0,640.0,484.0,681.0,600.0,TSMC,NVIDIA,,345.6,,2008.0,7.0
GPU,2008-07-25,55.0,640.0,470.0,1400.0,648.0,TSMC,NVIDIA,,622.1,77.76,2008.0,7.0
GPU,2008-07-25,55.0,600.0,470.0,1400.0,648.0,TSMC,NVIDIA,,622.1,77.76,2008.0,7.0
GPU,2009-10-28,40.0,30.0,104.0,627.0,600.0,TSMC,AMD,,480.0,,2009.0,10.0
GPU,2009-10-28,40.0,65.0,104.0,627.0,650.0,TSMC,AMD,,,,2009.0,10.0
GPU,2009-01-09,55.0,35.0,146.0,514.0,675.0,TSMC,ATI,,432.0,,2009.0,1.0
GPU,2009-01-09,55.0,65.0,146.0,514.0,650.0,TSMC,ATI,,,,2009.0,1.0
GPU,2009-08-04,40.0,60.0,137.0,826.0,650.0,TSMC,ATI,,832.0,166.4,2009.0,8.0
GPU,2009-03-03,40.0,65.0,137.0,826.0,650.0,TSMC,ATI,,,,2009.0,3.0
GPU,2009-03-27,55.0,76.0,146.0,514.0,800.0,TSMC,ATI,,512.0,,2009.0,3.0
GPU,2009-11-01,55.0,65.0,67.0,181.0,400.0,Unknown,ATI,,32.0,,2009.0,11.0
GPU,2009-08-01,55.0,65.0,67.0,181.0,650.0,Unknown,ATI,,,,2009.0,8.0
GPU,2009-09-10,55.0,65.0,67.0,181.0,500.0,Unknown,ATI,,40.0,,2009.0,9.0
GPU,2009-01-09,55.0,65.0,73.0,242.0,450.0,TSMC,ATI,,72.0,,2009.0,1.0
GPU,2009-01-09,55.0,65.0,73.0,242.0,650.0,TSMC,ATI,,,,2009.0,1.0
GPU,2009-01-09,55.0,65.0,73.0,242.0,450.0,TSMC,ATI,,72.0,,2009.0,1.0
GPU,2009-01-09,55.0,65.0,73.0,242.0,650.0,TSMC,ATI,,,,2009.0,1.0
GPU,2009-01-09,55.0,65.0,73.0,242.0,500.0,TSMC,ATI,,80.0,,2009.0,1.0
GPU,2009-01-09,55.0,65.0,73.0,242.0,680.0,TSMC,ATI,,108.8,,2009.0,1.0
GPU,2009-01-09,55.0,35.0,146.0,514.0,550.0,TSMC,ATI,,352.0,,2009.0,1.0
GPU,2009-01-09,55.0,35.0,146.0,514.0,675.0,TSMC,ATI,,432.0,,2009.0,1.0
GPU,2009-09-16,55.0,35.0,146.0,514.0,680.0,TSMC,ATI,,435.2,,2009.0,9.0
GPU,2009-03-03,40.0,65.0,137.0,826.0,500.0,TSMC,ATI,,640.0,128.0,2009.0,3.0
GPU,2009-01-09,55.0,65.0,256.0,956.0,503.0,TSMC,ATI,,804.8,161.0,2009.0,1.0
GPU,2009-01-09,55.0,65.0,256.0,956.0,650.0,TSMC,ATI,,,,2009.0,1.0
GPU,2009-08-28,55.0,65.0,256.0,956.0,503.0,TSMC,ATI,,804.8,161.0,2009.0,8.0
GPU,2009-01-09,55.0,65.0,256.0,956.0,500.0,TSMC,ATI,,800.0,160.0,2009.0,1.0
GPU,2009-03-03,40.0,65.0,137.0,826.0,650.0,TSMC,ATI,,832.0,166.4,2009.0,3.0
GPU,2009-01-09,55.0,65.0,256.0,956.0,550.0,TSMC,ATI,,880.0,176.0,2009.0,1.0
GPU,2009-01-09,55.0,65.0,256.0,956.0,550.0,TSMC,ATI,,880.0,176.0,2009.0,1.0
GPU,2009-06-01,55.0,30.0,146.0,514.0,600.0,TSMC,ATI,,384.0,,2009.0,6.0
GPU,2009-06-01,55.0,30.0,146.0,514.0,600.0,TSMC,ATI,,384.0,,2009.0,6.0
GPU,2009-06-01,55.0,30.0,146.0,514.0,600.0,TSMC,ATI,,384.0,,2009.0,6.0
GPU,2009-11-01,65.0,65.0,85.0,180.0,380.0,Unknown,ATI,,30.4,,2009.0,11.0
GPU,2009-05-07,65.0,20.0,85.0,180.0,519.0,TSMC,ATI,,41.52,,2009.0,5.0
GPU,2009-09-24,65.0,35.0,153.0,390.0,594.0,TSMC,ATI,,142.6,,2009.0,9.0
GPU,2009-08-01,55.0,65.0,67.0,181.0,500.0,Unknown,ATI,,40.0,,2009.0,8.0
GPU,2009-02-25,55.0,25.0,67.0,181.0,594.0,TSMC,ATI,,47.52,,2009.0,2.0
GPU,2009-12-02,55.0,25.0,73.0,242.0,600.0,TSMC,ATI,,96.0,,2009.0,12.0
GPU,2009-11-22,55.0,65.0,135.0,378.0,796.0,TSMC,ATI,,191.0,,2009.0,11.0
GPU,2009-07-17,55.0,59.0,146.0,514.0,750.0,TSMC,ATI,,480.0,,2009.0,7.0
GPU,2009-06-08,55.0,110.0,256.0,956.0,750.0,TSMC,ATI,,960.0,192.0,2009.0,6.0
GPU,2009-09-09,40.0,100.0,137.0,826.0,730.0,TSMC,ATI,,934.4,186.9,2009.0,9.0
GPU,2009-04-28,40.0,65.0,137.0,826.0,650.0,TSMC,ATI,,,,2009.0,4.0
GPU,2009-04-28,40.0,80.0,137.0,826.0,750.0,TSMC,ATI,,960.0,192.0,2009.0,4.0
GPU,2009-05-28,55.0,95.0,256.0,956.0,625.0,TSMC,ATI,,800.0,160.0,2009.0,5.0
GPU,2009-09-09,55.0,130.0,282.0,959.0,700.0,TSMC,ATI,,896.0,179.2,2009.0,9.0
GPU,2009-04-02,55.0,65.0,282.0,959.0,650.0,TSMC,ATI,,,,2009.0,4.0
GPU,2009-04-02,55.0,190.0,282.0,959.0,850.0,TSMC,ATI,,1360.0,272.0,2009.0,4.0
GPU,2009-10-13,40.0,86.0,166.0,1040.0,700.0,TSMC,ATI,,1008.0,,2009.0,10.0
GPU,2009-10-13,40.0,65.0,166.0,1040.0,650.0,TSMC,ATI,,,,2009.0,10.0
GPU,2009-10-13,40.0,108.0,166.0,1040.0,850.0,TSMC,ATI,,1360.0,,2009.0,10.0
GPU,2009-09-30,40.0,151.0,334.0,2154.0,725.0,TSMC,ATI,,2088.0,417.6,2009.0,9.0
GPU,2009-09-23,40.0,65.0,334.0,2154.0,650.0,TSMC,ATI,,,,2009.0,9.0
GPU,2009-09-23,40.0,188.0,334.0,2154.0,850.0,TSMC,ATI,,2720.0,544.0,2009.0,9.0
GPU,2009-11-18,40.0,294.0,334.0,2154.0,725.0,TSMC,ATI,,2320.0,464.0,2009.0,11.0
GPU,2009-11-18,40.0,65.0,334.0,2154.0,650.0,TSMC,ATI,,,,2009.0,11.0
GPU,2009-11-26,40.0,31.0,57.0,260.0,589.0,TSMC,NVIDIA,,44.86,,2009.0,11.0
GPU,2007-04-17,40.0,65.0,57.0,260.0,650.0,TSMC,NVIDIA,,,,2007.0,4.0
GPU,2009-10-12,40.0,31.0,57.0,260.0,520.0,TSMC,NVIDIA,,39.36,,2009.0,10.0
GPU,2009-09-04,40.0,31.0,100.0,486.0,475.0,TSMC,NVIDIA,,35.2,,2009.0,9.0
GPU,2009-06-15,40.0,65.0,100.0,486.0,650.0,TSMC,NVIDIA,,,,2009.0,6.0
GPU,2009-10-12,40.0,31.0,100.0,486.0,475.0,TSMC,NVIDIA,,35.2,,2009.0,10.0
GPU,2009-10-12,40.0,31.0,57.0,260.0,520.0,TSMC,NVIDIA,,39.36,,2009.0,10.0
GPU,2009-11-27,40.0,31.0,57.0,260.0,589.0,TSMC,NVIDIA,,44.86,,2009.0,11.0
GPU,2009-05-27,65.0,140.0,324.0,754.0,580.0,TSMC,NVIDIA,,278.4,,2009.0,5.0
GPU,2009-01-16,55.0,141.0,260.0,754.0,738.0,TSMC,NVIDIA,,470.0,,2009.0,1.0
GPU,2009-03-10,65.0,35.0,86.0,210.0,540.0,UMC,NVIDIA,,20.8,,2009.0,3.0
GPU,2009-09-01,65.0,14.0,86.0,210.0,640.0,UMC,NVIDIA,,25.6,,2009.0,9.0
GPU,2009-01-08,65.0,14.0,86.0,210.0,640.0,UMC,NVIDIA,,25.6,,2009.0,1.0
GPU,2009-12-14,40.0,14.0,57.0,260.0,535.0,TSMC,NVIDIA,,39.36,,2009.0,12.0
GPU,2009-07-16,40.0,14.0,57.0,260.0,500.0,TSMC,NVIDIA,,34.24,,2009.0,7.0
GPU,2009-01-08,55.0,14.0,121.0,314.0,400.0,TSMC,NVIDIA,,32.0,,2009.0,1.0
GPU,2009-01-08,65.0,14.0,144.0,314.0,450.0,Unknown,NVIDIA,,35.2,,2009.0,1.0
GPU,2009-05-26,55.0,31.0,121.0,314.0,550.0,TSMC,NVIDIA,,43.2,,2009.0,5.0
GPU,2009-08-24,40.0,31.0,57.0,260.0,589.0,TSMC,NVIDIA,,44.86,,2009.0,8.0
GPU,2009-06-15,40.0,14.0,57.0,260.0,606.0,TSMC,NVIDIA,,46.98,,2009.0,6.0
GPU,2009-01-20,55.0,50.0,121.0,314.0,550.0,TSMC,NVIDIA,,89.6,,2009.0,1.0
GPU,2009-03-10,55.0,50.0,121.0,314.0,738.0,TSMC,NVIDIA,,117.5,,2009.0,3.0
GPU,2009-06-15,55.0,14.0,121.0,314.0,500.0,TSMC,NVIDIA,,80.0,,2009.0,6.0
GPU,2009-03-10,55.0,75.0,196.0,505.0,500.0,TSMC,NVIDIA,,120.0,,2009.0,3.0
GPU,2009-01-08,55.0,23.0,121.0,314.0,600.0,TSMC,NVIDIA,,96.0,,2009.0,1.0
GPU,2009-03-10,55.0,105.0,196.0,505.0,650.0,TSMC,NVIDIA,,208.0,,2009.0,3.0
GPU,2009-10-12,40.0,58.0,100.0,486.0,615.0,TSMC,NVIDIA,,127.7,,2009.0,10.0
GPU,2009-10-12,40.0,58.0,144.0,727.0,506.0,TSMC,NVIDIA,,97.15,,2009.0,10.0
GPU,2009-06-15,40.0,65.0,144.0,727.0,650.0,TSMC,NVIDIA,,,,2009.0,6.0
GPU,2009-06-15,55.0,14.0,121.0,314.0,550.0,TSMC,NVIDIA,,88.0,,2009.0,6.0
GPU,2009-10-12,55.0,75.0,196.0,505.0,650.0,TSMC,NVIDIA,,156.0,,2009.0,10.0
GPU,2009-04-27,55.0,75.0,260.0,754.0,500.0,TSMC,NVIDIA,,240.0,,2009.0,4.0
GPU,2009-06-15,40.0,23.0,100.0,486.0,500.0,TSMC,NVIDIA,,105.6,,2009.0,6.0
GPU,2009-11-17,40.0,69.0,144.0,727.0,550.0,TSMC,NVIDIA,,257.3,,2009.0,11.0
GPU,2009-06-15,40.0,23.0,100.0,486.0,550.0,TSMC,NVIDIA,,116.2,,2009.0,6.0
GPU,2009-06-15,55.0,14.0,121.0,314.0,500.0,TSMC,NVIDIA,,80.0,,2009.0,6.0
GPU,2009-03-10,65.0,141.0,324.0,754.0,738.0,TSMC,NVIDIA,,470.0,,2009.0,3.0
GPU,2009-03-03,65.0,45.0,240.0,505.0,400.0,TSMC,NVIDIA,,128.0,,2009.0,3.0
GPU,2009-03-03,65.0,60.0,240.0,505.0,600.0,TSMC,NVIDIA,,192.0,,2009.0,3.0
GPU,2009-07-01,55.0,120.0,260.0,754.0,675.0,TSMC,NVIDIA,,362.9,,2009.0,7.0
GPU,2009-03-04,55.0,150.0,260.0,754.0,675.0,TSMC,NVIDIA,,414.7,,2009.0,3.0
GPU,2009-03-04,55.0,150.0,260.0,754.0,702.0,TSMC,NVIDIA,,387.1,,2009.0,3.0
GPU,2009-06-15,40.0,28.0,144.0,727.0,450.0,TSMC,NVIDIA,,207.4,,2009.0,6.0
GPU,2009-06-15,40.0,38.0,144.0,727.0,550.0,TSMC,NVIDIA,,257.3,,2009.0,6.0
GPU,2009-12-08,65.0,150.0,576.0,1400.0,518.0,TSMC,NVIDIA,,414.7,51.84,2009.0,12.0
GPU,2009-03-03,65.0,65.0,324.0,754.0,550.0,TSMC,NVIDIA,,308.0,,2009.0,3.0
GPU,2009-01-15,55.0,219.0,470.0,1400.0,633.0,TSMC,NVIDIA,,673.9,84.24,2009.0,1.0
GPU,2009-03-03,65.0,75.0,324.0,754.0,585.0,TSMC,NVIDIA,,374.5,,2009.0,3.0
GPU,2009-01-15,55.0,204.0,470.0,1400.0,648.0,TSMC,NVIDIA,,708.5,88.56,2009.0,1.0
GPU,2009-06-17,55.0,315.0,470.0,1400.0,648.0,TSMC,NVIDIA,,708.5,88.56,2009.0,6.0
GPU,2009-06-16,55.0,289.0,470.0,1400.0,576.0,TSMC,NVIDIA,,596.2,74.52,2009.0,6.0
GPU,2009-03-30,65.0,59.0,240.0,505.0,550.0,TSMC,NVIDIA,,176.0,,2009.0,3.0
GPU,2009-06-15,40.0,45.0,144.0,727.0,560.0,TSMC,NVIDIA,,162.0,,2009.0,6.0
GPU,2009-12-01,55.0,75.0,260.0,754.0,600.0,TSMC,NVIDIA,,288.0,,2009.0,12.0
GPU,2009-03-30,65.0,34.0,144.0,314.0,450.0,UMC,NVIDIA,,35.2,,2009.0,3.0
GPU,2009-12-01,40.0,28.0,57.0,260.0,550.0,TSMC,NVIDIA,,44.0,,2009.0,12.0
GPU,2009-03-30,55.0,108.0,470.0,1400.0,600.0,TSMC,NVIDIA,,462.3,57.79,2009.0,3.0
GPU,2009-04-09,55.0,40.0,121.0,314.0,450.0,TSMC,NVIDIA,,72.0,,2009.0,4.0
GPU,2009-05-07,65.0,23.0,86.0,210.0,540.0,UMC,NVIDIA,,20.8,,2009.0,5.0
GPU,2009-01-20,65.0,40.0,86.0,210.0,550.0,UMC,NVIDIA,,22.4,,2009.0,1.0
GPU,2009-04-09,55.0,188.0,470.0,1400.0,610.0,TSMC,NVIDIA,,622.1,77.76,2009.0,4.0
GPU,2009-04-09,55.0,188.0,470.0,1400.0,610.0,TSMC,NVIDIA,,622.1,77.76,2009.0,4.0
GPU,2010-10-19,40.0,20.0,67.0,370.0,750.0,TSMC,AMD,,240.0,,2010.0,10.0
GPU,2010-10-19,40.0,65.0,67.0,370.0,650.0,TSMC,AMD,,,,2010.0,10.0
GPU,2010-05-04,55.0,35.0,73.0,242.0,500.0,TSMC,AMD,,80.0,,2010.0,5.0
GPU,2010-05-04,55.0,65.0,73.0,242.0,650.0,TSMC,AMD,,,,2010.0,5.0
GPU,2010-05-04,55.0,35.0,73.0,242.0,500.0,TSMC,AMD,,80.0,,2010.0,5.0
GPU,2010-06-01,40.0,150.0,334.0,2154.0,700.0,TSMC,AMD,,2016.0,403.2,2010.0,6.0
GPU,2010-06-01,40.0,65.0,334.0,2154.0,650.0,TSMC,AMD,,,,2010.0,6.0
GPU,2010-06-23,40.0,225.0,334.0,2154.0,825.0,TSMC,AMD,,2640.0,528.0,2010.0,6.0
GPU,2010-11-09,40.0,9.0,75.0,450.0,500.0,TSMC,AMD,,80.0,,2010.0,11.0
GPU,2010-11-09,40.0,65.0,75.0,450.0,650.0,TSMC,AMD,,,,2010.0,11.0
GPU,2010-11-09,40.0,18.0,75.0,450.0,488.0,TSMC,AMD,,78.08,,2010.0,11.0
GPU,2010-11-09,40.0,18.0,75.0,450.0,276.0,TSMC,AMD,,44.16,,2010.0,11.0
GPU,2010-11-26,40.0,7.0,59.0,292.0,500.0,TSMC,AMD,,80.0,,2010.0,11.0
GPU,2010-11-26,40.0,65.0,59.0,292.0,650.0,TSMC,AMD,,,,2010.0,11.0
GPU,2010-11-26,40.0,7.0,59.0,292.0,500.0,TSMC,AMD,,80.0,,2010.0,11.0
GPU,2010-11-26,40.0,11.0,59.0,292.0,750.0,TSMC,AMD,,120.0,,2010.0,11.0
GPU,2010-11-26,40.0,26.0,104.0,627.0,450.0,TSMC,AMD,,360.0,,2010.0,11.0
GPU,2010-11-26,40.0,26.0,334.0,2154.0,650.0,TSMC,AMD,,520.0,,2010.0,11.0
GPU,2010-11-26,40.0,65.0,334.0,2154.0,650.0,TSMC,AMD,,,,2010.0,11.0
GPU,2010-11-26,40.0,26.0,104.0,627.0,600.0,TSMC,AMD,,480.0,,2010.0,11.0
GPU,2010-11-26,40.0,30.0,104.0,627.0,650.0,TSMC,AMD,,520.0,,2010.0,11.0
GPU,2010-10-21,40.0,127.0,255.0,1700.0,775.0,TSMC,AMD,,1488.0,,2010.0,10.0
GPU,2010-10-21,40.0,65.0,255.0,1700.0,650.0,TSMC,AMD,,,,2010.0,10.0
GPU,2010-10-21,40.0,151.0,255.0,1700.0,900.0,TSMC,AMD,,2016.0,,2010.0,10.0
GPU,2010-12-14,40.0,200.0,389.0,2640.0,800.0,TSMC,AMD,,2253.0,563.2,2010.0,12.0
GPU,2010-12-14,40.0,65.0,389.0,2640.0,650.0,TSMC,AMD,,,,2010.0,12.0
GPU,2010-12-14,40.0,250.0,389.0,2640.0,880.0,TSMC,AMD,,2703.0,675.8,2010.0,12.0
GPU,2010-04-01,40.0,17.0,59.0,292.0,500.0,TSMC,ATI,,80.0,,2010.0,4.0
GPU,2010-02-04,40.0,65.0,59.0,292.0,650.0,TSMC,ATI,,,,2010.0,2.0
GPU,2010-03-01,40.0,26.0,104.0,627.0,650.0,TSMC,ATI,,520.0,,2010.0,3.0
GPU,2010-01-07,40.0,65.0,104.0,627.0,650.0,TSMC,ATI,,,,2010.0,1.0
GPU,2010-05-01,40.0,50.0,166.0,1040.0,700.0,TSMC,ATI,,1120.0,,2010.0,5.0
GPU,2010-01-07,40.0,65.0,166.0,1040.0,650.0,TSMC,ATI,,,,2010.0,1.0
GPU,2010-04-26,40.0,43.0,104.0,627.0,650.0,TSMC,ATI,,520.0,,2010.0,4.0
GPU,2010-01-14,40.0,65.0,104.0,627.0,650.0,TSMC,ATI,,,,2010.0,1.0
GPU,2010-04-26,40.0,69.0,104.0,627.0,775.0,TSMC,ATI,,620.0,,2010.0,4.0
GPU,2010-04-26,40.0,74.0,166.0,1040.0,690.0,TSMC,ATI,,1104.0,,2010.0,4.0
GPU,2010-04-26,40.0,74.0,166.0,1040.0,690.0,TSMC,ATI,,1104.0,,2010.0,4.0
GPU,2010-04-26,40.0,150.0,334.0,2154.0,700.0,TSMC,ATI,,2016.0,403.2,2010.0,4.0
GPU,2010-04-07,40.0,208.0,334.0,2154.0,825.0,TSMC,ATI,,2640.0,528.0,2010.0,4.0
GPU,2010-09-09,40.0,250.0,334.0,2154.0,850.0,TSMC,ATI,,2720.0,544.0,2010.0,9.0
GPU,2010-09-09,40.0,225.0,334.0,2154.0,850.0,TSMC,ATI,,2720.0,544.0,2010.0,9.0
GPU,2010-05-01,55.0,9.0,67.0,181.0,380.0,Unknown,ATI,,30.4,,2010.0,5.0
GPU,2010-05-01,55.0,65.0,67.0,181.0,500.0,Unknown,ATI,,44.8,,2010.0,5.0
GPU,2010-05-01,55.0,65.0,67.0,181.0,590.0,Unknown,ATI,,47.2,,2010.0,5.0
GPU,2010-05-05,55.0,10.0,73.0,242.0,450.0,TSMC,ATI,,72.0,,2010.0,5.0
GPU,2010-05-05,55.0,10.0,73.0,242.0,450.0,TSMC,ATI,,72.0,,2010.0,5.0
GPU,2010-05-05,55.0,15.0,73.0,242.0,550.0,TSMC,ATI,,88.0,,2010.0,5.0
GPU,2010-05-05,55.0,15.0,73.0,242.0,500.0,TSMC,ATI,,80.0,,2010.0,5.0
GPU,2010-05-05,55.0,15.0,73.0,242.0,680.0,TSMC,ATI,,108.8,,2010.0,5.0
GPU,2010-05-05,55.0,15.0,73.0,242.0,720.0,TSMC,ATI,,115.2,,2010.0,5.0
GPU,2010-05-05,55.0,10.0,146.0,514.0,450.0,TSMC,ATI,,288.0,,2010.0,5.0
GPU,2010-05-05,55.0,15.0,146.0,514.0,550.0,TSMC,ATI,,352.0,,2010.0,5.0
GPU,2010-05-05,55.0,20.0,146.0,514.0,675.0,TSMC,ATI,,432.0,,2010.0,5.0
GPU,2010-04-22,40.0,15.0,104.0,627.0,650.0,TSMC,ATI,,520.0,,2010.0,4.0
GPU,2010-07-05,55.0,30.0,67.0,181.0,796.0,TSMC,ATI,,63.68,,2010.0,7.0
GPU,2010-03-01,55.0,65.0,67.0,181.0,560.0,Unknown,ATI,,44.8,,2010.0,3.0
GPU,2010-03-01,55.0,65.0,67.0,181.0,500.0,Unknown,ATI,,40.0,,2010.0,3.0
GPU,2010-07-18,40.0,64.0,166.0,1040.0,750.0,TSMC,ATI,,960.0,,2010.0,7.0
GPU,2010-07-04,40.0,108.0,166.0,1040.0,850.0,TSMC,ATI,,1360.0,,2010.0,7.0
GPU,2010-10-13,40.0,65.0,166.0,1040.0,850.0,TSMC,ATI,,1360.0,,2010.0,10.0
GPU,2010-02-25,40.0,175.0,334.0,2154.0,800.0,TSMC,ATI,,1792.0,358.4,2010.0,2.0
GPU,2010-03-11,40.0,228.0,334.0,2154.0,850.0,TSMC,ATI,,2720.0,544.0,2010.0,3.0
GPU,2010-06-30,40.0,228.0,334.0,2154.0,850.0,TSMC,ATI,,2720.0,544.0,2010.0,6.0
GPU,2010-06-19,45.0,133.0,168.0,372.0,500.0,TSMC,ATI,,240.0,,2010.0,6.0
GPU,2010-06-19,45.0,65.0,168.0,372.0,650.0,TSMC,ATI,,,,2010.0,6.0
GPU,2010-05-31,45.0,300.0,684.0,2300.0,1200.0,Intel,Intel,,1229.0,,2010.0,5.0
GPU,2010-05-31,45.0,65.0,684.0,2300.0,650.0,Intel,Intel,,,,2010.0,5.0
GPU,2010-05-04,32.0,65.0,169.0,1170.0,533.0,Intel,Intel,,,,2010.0,5.0
GPU,2010-05-04,32.0,65.0,169.0,1170.0,650.0,Intel,Intel,,,,2010.0,5.0
GPU,2010-05-04,45.0,65.0,62.0,140.0,400.0,Intel,Intel,,25.6,,2010.0,5.0
GPU,2010-05-04,45.0,65.0,62.0,140.0,650.0,Intel,Intel,,,,2010.0,5.0
GPU,2010-03-31,40.0,33.0,100.0,486.0,475.0,TSMC,NVIDIA,,105.6,,2010.0,3.0
GPU,2010-04-01,40.0,23.0,100.0,486.0,450.0,Unknown,NVIDIA,,91.2,,2010.0,4.0
GPU,2010-04-01,40.0,65.0,100.0,486.0,650.0,Unknown,NVIDIA,,,,2010.0,4.0
GPU,2010-09-03,40.0,25.0,100.0,486.0,475.0,TSMC,NVIDIA,,52.8,,2010.0,9.0
GPU,2010-09-03,40.0,25.0,57.0,260.0,589.0,TSMC,NVIDIA,,44.86,,2010.0,9.0
GPU,2010-09-03,40.0,25.0,100.0,486.0,475.0,TSMC,NVIDIA,,105.6,,2010.0,9.0
GPU,2010-07-12,40.0,25.0,57.0,260.0,520.0,TSMC,NVIDIA,,19.68,,2010.0,7.0
GPU,2010-05-19,55.0,50.0,121.0,314.0,550.0,TSMC,NVIDIA,,89.6,,2010.0,5.0
GPU,2010-03-03,40.0,23.0,100.0,486.0,500.0,TSMC,NVIDIA,,52.8,,2010.0,3.0
GPU,2010-04-26,40.0,23.0,100.0,486.0,500.0,TSMC,NVIDIA,,105.6,,2010.0,4.0
GPU,2010-09-03,40.0,32.0,100.0,486.0,625.0,TSMC,NVIDIA,,130.6,,2010.0,9.0
GPU,2010-09-03,40.0,12.0,116.0,585.0,500.0,TSMC,NVIDIA,,96.0,8.0,2010.0,9.0
GPU,2010-09-03,40.0,65.0,116.0,585.0,650.0,TSMC,NVIDIA,,,,2010.0,9.0
GPU,2010-09-03,40.0,50.0,116.0,585.0,700.0,TSMC,NVIDIA,,134.4,11.2,2010.0,9.0
GPU,2010-09-03,40.0,23.0,116.0,585.0,500.0,TSMC,NVIDIA,,192.0,16.0,2010.0,9.0
GPU,2010-09-03,40.0,23.0,116.0,585.0,560.0,TSMC,NVIDIA,,215.0,17.92,2010.0,9.0
GPU,2010-10-11,40.0,49.0,116.0,585.0,700.0,TSMC,NVIDIA,,268.8,22.4,2010.0,10.0
GPU,2010-10-11,40.0,49.0,116.0,585.0,700.0,TSMC,NVIDIA,,268.8,22.4,2010.0,10.0
GPU,2010-10-11,40.0,49.0,116.0,585.0,700.0,TSMC,NVIDIA,,268.8,22.4,2010.0,10.0
GPU,2010-09-03,40.0,35.0,116.0,585.0,650.0,TSMC,NVIDIA,,249.6,20.8,2010.0,9.0
GPU,2010-10-11,40.0,65.0,238.0,1170.0,810.0,TSMC,NVIDIA,,466.6,38.88,2010.0,10.0
GPU,2010-09-03,40.0,65.0,238.0,1170.0,650.0,TSMC,NVIDIA,,,,2010.0,9.0
GPU,2010-09-03,40.0,35.0,238.0,1170.0,590.0,TSMC,NVIDIA,,339.8,28.32,2010.0,9.0
GPU,2010-09-03,40.0,35.0,238.0,1170.0,570.0,TSMC,NVIDIA,,328.3,27.36,2010.0,9.0
GPU,2010-09-13,40.0,106.0,238.0,1170.0,783.0,TSMC,NVIDIA,,601.3,50.11,2010.0,9.0
GPU,2010-09-13,40.0,106.0,238.0,1170.0,783.0,TSMC,NVIDIA,,451.0,37.58,2010.0,9.0
GPU,2010-10-11,40.0,106.0,238.0,1170.0,790.0,TSMC,NVIDIA,,455.0,37.92,2010.0,10.0
GPU,2010-02-16,55.0,219.0,260.0,754.0,633.0,TSMC,NVIDIA,,622.1,77.76,2010.0,2.0
GPU,2010-07-12,40.0,160.0,332.0,1950.0,675.0,TSMC,NVIDIA,,907.2,75.6,2010.0,7.0
GPU,2010-07-12,40.0,65.0,332.0,1950.0,650.0,TSMC,NVIDIA,,,,2010.0,7.0
GPU,2010-07-12,40.0,160.0,332.0,1950.0,675.0,TSMC,NVIDIA,,907.2,75.6,2010.0,7.0
GPU,2010-10-11,40.0,150.0,332.0,1950.0,650.0,TSMC,NVIDIA,,873.6,72.8,2010.0,10.0
GPU,2010-11-15,40.0,150.0,332.0,1950.0,650.0,TSMC,NVIDIA,,748.8,62.4,2010.0,11.0
GPU,2010-11-15,40.0,150.0,332.0,1950.0,650.0,TSMC,NVIDIA,,748.8,62.4,2010.0,11.0
GPU,2010-11-15,40.0,65.0,332.0,1950.0,650.0,TSMC,NVIDIA,,,,2010.0,11.0
GPU,2010-09-03,40.0,50.0,238.0,1170.0,675.0,TSMC,NVIDIA,,518.4,43.2,2010.0,9.0
GPU,2010-05-31,40.0,200.0,529.0,3100.0,608.0,TSMC,NVIDIA,,855.4,106.9,2010.0,5.0
GPU,2010-03-26,40.0,65.0,529.0,3100.0,650.0,TSMC,NVIDIA,,,,2010.0,3.0
GPU,2010-03-26,40.0,215.0,529.0,3100.0,608.0,TSMC,NVIDIA,,1089.0,136.1,2010.0,3.0
GPU,2010-09-03,40.0,75.0,332.0,1950.0,535.0,TSMC,NVIDIA,,616.3,51.36,2010.0,9.0
GPU,2010-03-26,40.0,250.0,529.0,3100.0,701.0,TSMC,NVIDIA,,1345.0,168.1,2010.0,3.0
GPU,2010-05-25,40.0,100.0,529.0,3100.0,425.0,TSMC,NVIDIA,,598.4,74.8,2010.0,5.0
GPU,2010-12-07,40.0,219.0,520.0,3000.0,732.0,TSMC,NVIDIA,,1405.0,175.7,2010.0,12.0
GPU,2010-11-09,40.0,65.0,520.0,3000.0,650.0,TSMC,NVIDIA,,,,2010.0,11.0
GPU,2010-12-07,40.0,219.0,520.0,3000.0,732.0,TSMC,NVIDIA,,1405.0,175.7,2010.0,12.0
GPU,2010-11-09,40.0,244.0,520.0,3000.0,772.0,TSMC,NVIDIA,,1581.0,197.6,2010.0,11.0
GPU,2010-12-24,40.0,62.0,238.0,1170.0,625.0,TSMC,NVIDIA,,480.0,40.0,2010.0,12.0
GPU,2010-11-02,40.0,142.0,529.0,3100.0,475.0,TSMC,NVIDIA,,486.4,243.2,2010.0,11.0
GPU,2010-07-27,40.0,100.0,529.0,3100.0,405.0,TSMC,NVIDIA,,518.4,,2010.0,7.0
GPU,2010-12-13,40.0,40.0,116.0,585.0,640.0,TSMC,NVIDIA,,245.8,20.48,2010.0,12.0
GPU,2010-12-10,40.0,204.0,529.0,3100.0,574.0,TSMC,NVIDIA,,1028.0,513.9,2010.0,12.0
GPU,2010-06-03,40.0,20.0,169.0,1170.0,300.0,TSMC,NVIDIA,,,,2010.0,6.0
GPU,2010-06-03,40.0,65.0,169.0,1170.0,650.0,TSMC,NVIDIA,,,,2010.0,6.0
GPU,2011-04-12,40.0,75.0,212.0,1700.0,680.0,TSMC,AMD,,1306.0,,2011.0,4.0
GPU,2011-01-04,40.0,65.0,212.0,1700.0,650.0,TSMC,AMD,,,,2011.0,1.0
GPU,2011-11-01,40.0,75.0,118.0,716.0,800.0,TSMC,AMD,,768.0,,2011.0,11.0
GPU,2011-02-07,40.0,65.0,118.0,716.0,650.0,TSMC,AMD,,,,2011.0,2.0
GPU,2011-05-24,40.0,75.0,389.0,2640.0,600.0,TSMC,AMD,,614.4,153.6,2011.0,5.0
GPU,2011-05-24,40.0,150.0,389.0,2640.0,725.0,TSMC,AMD,,1856.0,464.0,2011.0,5.0
GPU,2011-05-24,40.0,150.0,389.0,2640.0,725.0,TSMC,AMD,,1856.0,464.0,2011.0,5.0
GPU,2011-04-07,40.0,25.0,67.0,370.0,600.0,TSMC,AMD,,192.0,,2011.0,4.0
GPU,2011-02-07,40.0,65.0,67.0,370.0,650.0,TSMC,AMD,,,,2011.0,2.0
GPU,2011-05-02,40.0,45.0,118.0,716.0,600.0,TSMC,AMD,,576.0,,2011.0,5.0
GPU,2011-01-04,40.0,65.0,118.0,716.0,650.0,TSMC,AMD,,,,2011.0,1.0
GPU,2011-05-02,40.0,45.0,118.0,716.0,600.0,TSMC,AMD,,576.0,,2011.0,5.0
GPU,2011-07-02,40.0,19.0,59.0,292.0,650.0,TSMC,AMD,,104.0,,2011.0,7.0
GPU,2011-02-07,40.0,65.0,59.0,292.0,650.0,TSMC,AMD,,,,2011.0,2.0
GPU,2011-12-04,40.0,19.0,59.0,292.0,650.0,TSMC,AMD,,104.0,,2011.0,12.0
GPU,2011-01-31,40.0,65.0,59.0,292.0,650.0,TSMC,AMD,,,,2011.0,1.0
GPU,2011-08-15,40.0,18.0,75.0,450.0,508.0,TSMC,AMD,,81.28,,2011.0,8.0
GPU,2011-04-07,40.0,25.0,59.0,292.0,650.0,TSMC,AMD,,104.0,,2011.0,4.0
GPU,2011-11-01,32.0,65.0,227.0,1178.0,444.0,TSMC,AMD,,142.1,,2011.0,11.0
GPU,2011-06-14,32.0,65.0,227.0,1178.0,650.0,TSMC,AMD,,,,2011.0,6.0
GPU,2011-06-14,32.0,35.0,227.0,1178.0,400.0,TSMC,AMD,,128.0,,2011.0,6.0
GPU,2011-07-04,40.0,39.0,104.0,627.0,550.0,TSMC,AMD,,352.0,,2011.0,7.0
GPU,2011-05-14,40.0,65.0,104.0,627.0,650.0,TSMC,AMD,,,,2011.0,5.0
GPU,2011-06-20,32.0,65.0,227.0,1178.0,444.0,TSMC,AMD,,142.1,,2011.0,6.0
GPU,2011-04-07,40.0,18.0,67.0,370.0,625.0,TSMC,AMD,,200.0,,2011.0,4.0
GPU,2011-04-07,40.0,25.0,67.0,370.0,625.0,TSMC,AMD,,200.0,,2011.0,4.0
GPU,2011-06-14,32.0,35.0,227.0,1178.0,593.0,TSMC,AMD,,189.8,,2011.0,6.0
GPU,2011-06-14,32.0,35.0,227.0,1178.0,444.0,TSMC,AMD,,213.1,,2011.0,6.0
GPU,2011-06-14,32.0,65.0,227.0,1178.0,650.0,TSMC,AMD,,,,2011.0,6.0
GPU,2011-07-04,40.0,39.0,104.0,627.0,550.0,TSMC,AMD,,352.0,,2011.0,7.0
GPU,2011-05-02,40.0,65.0,67.0,370.0,750.0,TSMC,AMD,,240.0,,2011.0,5.0
GPU,2011-05-14,40.0,39.0,118.0,716.0,650.0,TSMC,AMD,,416.0,,2011.0,5.0
GPU,2011-05-14,40.0,39.0,104.0,627.0,650.0,TSMC,AMD,,520.0,,2011.0,5.0
GPU,2011-12-07,32.0,35.0,227.0,1178.0,400.0,TSMC,AMD,,256.0,,2011.0,12.0
GPU,2011-05-14,40.0,39.0,104.0,627.0,650.0,TSMC,AMD,,520.0,,2011.0,5.0
GPU,2011-06-20,32.0,65.0,227.0,1178.0,444.0,TSMC,AMD,,284.2,,2011.0,6.0
GPU,2011-06-20,32.0,65.0,227.0,1178.0,600.0,TSMC,AMD,,480.0,,2011.0,6.0
GPU,2011-04-19,40.0,60.0,118.0,716.0,650.0,TSMC,AMD,,624.0,,2011.0,4.0
GPU,2011-04-25,40.0,30.0,118.0,716.0,600.0,TSMC,AMD,,576.0,,2011.0,4.0
GPU,2011-12-07,32.0,35.0,227.0,1178.0,444.0,TSMC,AMD,,355.2,,2011.0,12.0
GPU,2011-04-19,40.0,45.0,118.0,716.0,600.0,TSMC,AMD,,576.0,,2011.0,4.0
GPU,2011-04-19,40.0,65.0,118.0,716.0,650.0,TSMC,AMD,,,,2011.0,4.0
GPU,2011-04-19,40.0,66.0,118.0,716.0,800.0,TSMC,AMD,,768.0,,2011.0,4.0
GPU,2011-04-19,40.0,45.0,118.0,716.0,600.0,TSMC,AMD,,576.0,,2011.0,4.0
GPU,2011-04-18,40.0,35.0,118.0,716.0,598.0,TSMC,AMD,,574.1,,2011.0,4.0
GPU,2011-04-04,40.0,150.0,255.0,1700.0,840.0,TSMC,AMD,,1344.0,,2011.0,4.0
GPU,2011-09-19,40.0,254.0,255.0,1700.0,800.0,TSMC,AMD,,1536.0,,2011.0,9.0
GPU,2011-07-08,40.0,300.0,255.0,1700.0,900.0,TSMC,AMD,,2016.0,,2011.0,7.0
GPU,2011-12-01,40.0,186.0,389.0,2640.0,750.0,TSMC,AMD,,1920.0,480.0,2011.0,12.0
GPU,2011-08-25,40.0,75.0,212.0,1700.0,680.0,TSMC,AMD,,1306.0,,2011.0,8.0
GPU,2011-07-12,40.0,100.0,212.0,1700.0,715.0,TSMC,AMD,,1602.0,,2011.0,7.0
GPU,2011-07-12,40.0,100.0,166.0,1040.0,700.0,TSMC,AMD,,1120.0,,2011.0,7.0
GPU,2011-01-04,40.0,65.0,166.0,1040.0,650.0,TSMC,AMD,,,,2011.0,1.0
GPU,2011-12-25,40.0,20.0,118.0,716.0,725.0,TSMC,AMD,,696.0,,2011.0,12.0
GPU,2011-02-07,40.0,65.0,118.0,716.0,650.0,TSMC,AMD,,,,2011.0,2.0
GPU,2011-12-22,28.0,250.0,352.0,4313.0,925.0,TSMC,AMD,,3789.0,947.2,2011.0,12.0
GPU,2011-12-22,28.0,65.0,352.0,4313.0,650.0,TSMC,AMD,,,,2011.0,12.0
GPU,2011-05-16,40.0,138.0,334.0,2154.0,700.0,TSMC,ATI,,2016.0,403.2,2011.0,5.0
GPU,2011-11-18,55.0,25.0,73.0,242.0,600.0,TSMC,ATI,,96.0,,2011.0,11.0
GPU,2011-11-20,55.0,65.0,135.0,378.0,796.0,TSMC,ATI,,191.0,,2011.0,11.0
GPU,2011-12-11,55.0,55.0,146.0,514.0,600.0,TSMC,ATI,,384.0,,2011.0,12.0
GPU,2011-03-17,40.0,19.0,59.0,292.0,650.0,TSMC,ATI,,104.0,,2011.0,3.0
GPU,2011-10-11,40.0,39.0,118.0,716.0,650.0,TSMC,ATI,,416.0,,2011.0,10.0
GPU,2011-10-11,40.0,65.0,118.0,716.0,650.0,TSMC,ATI,,,,2011.0,10.0
GPU,2011-05-01,32.0,65.0,131.0,504.0,350.0,Intel,Intel,,76.8,,2011.0,5.0
GPU,2011-02-01,32.0,65.0,131.0,504.0,650.0,Intel,Intel,,,,2011.0,2.0
GPU,2011-04-28,40.0,33.0,144.0,727.0,506.0,TSMC,NVIDIA,,97.15,,2011.0,4.0
GPU,2011-09-29,40.0,25.0,79.0,292.0,523.0,TSMC,NVIDIA,,100.4,8.368,2011.0,9.0
GPU,2011-01-05,40.0,65.0,79.0,292.0,650.0,TSMC,NVIDIA,,,,2011.0,1.0
GPU,2011-12-01,40.0,12.0,79.0,292.0,738.0,TSMC,NVIDIA,,141.7,11.81,2011.0,12.0
GPU,2011-12-01,28.0,12.0,116.0,585.0,625.0,TSMC,NVIDIA,,120.0,10.0,2011.0,12.0
GPU,2011-12-01,28.0,65.0,116.0,585.0,650.0,TSMC,NVIDIA,,,,2011.0,12.0
GPU,2011-12-01,40.0,12.0,116.0,585.0,672.0,TSMC,NVIDIA,,129.0,10.75,2011.0,12.0
GPU,2011-12-01,40.0,12.0,79.0,292.0,475.0,TSMC,NVIDIA,,91.2,7.6,2011.0,12.0
GPU,2011-01-05,40.0,65.0,79.0,292.0,650.0,TSMC,NVIDIA,,,,2011.0,1.0
GPU,2011-04-13,40.0,29.0,79.0,292.0,810.0,TSMC,NVIDIA,,155.5,12.96,2011.0,4.0
GPU,2011-04-13,40.0,29.0,79.0,292.0,810.0,TSMC,NVIDIA,,155.5,12.96,2011.0,4.0
GPU,2011-04-13,40.0,29.0,79.0,292.0,810.0,TSMC,NVIDIA,,155.5,12.96,2011.0,4.0
GPU,2011-05-30,40.0,20.0,79.0,292.0,900.0,TSMC,NVIDIA,,172.8,14.4,2011.0,5.0
GPU,2011-05-14,40.0,50.0,116.0,585.0,700.0,TSMC,NVIDIA,,268.8,22.4,2011.0,5.0
GPU,2011-05-14,40.0,70.0,238.0,1170.0,720.0,TSMC,NVIDIA,,414.7,34.56,2011.0,5.0
GPU,2011-03-15,40.0,65.0,238.0,1170.0,650.0,TSMC,NVIDIA,,,,2011.0,3.0
GPU,2011-05-14,40.0,105.0,238.0,1170.0,871.0,TSMC,NVIDIA,,501.4,41.78,2011.0,5.0
GPU,2011-07-02,40.0,35.0,238.0,1170.0,590.0,TSMC,NVIDIA,,339.8,28.32,2011.0,7.0
GPU,2011-10-27,40.0,35.0,238.0,1170.0,525.0,TSMC,NVIDIA,,302.4,25.2,2011.0,10.0
GPU,2011-06-15,40.0,35.0,116.0,585.0,753.0,TSMC,NVIDIA,,289.0,24.08,2011.0,6.0
GPU,2011-03-24,40.0,35.0,238.0,1170.0,590.0,TSMC,NVIDIA,,339.8,28.32,2011.0,3.0
GPU,2011-09-24,40.0,160.0,332.0,1950.0,779.0,TSMC,NVIDIA,,1046.0,87.19,2011.0,9.0
GPU,2011-09-24,40.0,160.0,332.0,1950.0,779.0,TSMC,NVIDIA,,1046.0,87.19,2011.0,9.0
GPU,,40.0,365.0,529.0,3100.0,608.0,TSMC,NVIDIA,,1166.0,145.8,,
GPU,2011-03-15,40.0,116.0,238.0,1170.0,900.0,TSMC,NVIDIA,,691.2,57.6,2011.0,3.0
GPU,2011-05-14,40.0,150.0,332.0,1950.0,736.0,TSMC,NVIDIA,,847.9,70.66,2011.0,5.0
GPU,2011-05-17,40.0,150.0,332.0,1950.0,810.0,TSMC,NVIDIA,,1089.0,90.72,2011.0,5.0
GPU,2011-11-29,40.0,150.0,520.0,3000.0,552.0,TSMC,NVIDIA,,847.9,106.0,2011.0,11.0
GPU,2011-11-29,40.0,210.0,520.0,3000.0,732.0,TSMC,NVIDIA,,1312.0,164.0,2011.0,11.0
GPU,2011-03-30,40.0,210.0,520.0,3000.0,732.0,TSMC,NVIDIA,,1031.0,128.8,2011.0,3.0
GPU,2011-05-30,40.0,75.0,238.0,1170.0,775.0,TSMC,NVIDIA,,595.2,49.6,2011.0,5.0
GPU,2011-06-28,40.0,75.0,332.0,1950.0,575.0,TSMC,NVIDIA,,772.8,64.4,2011.0,6.0
GPU,2011-06-06,40.0,244.0,520.0,3000.0,772.0,TSMC,NVIDIA,,1581.0,197.6,2011.0,6.0
GPU,2011-06-28,40.0,100.0,332.0,1950.0,620.0,TSMC,NVIDIA,,952.3,79.36,2011.0,6.0
GPU,2011-03-24,40.0,365.0,520.0,3000.0,608.0,TSMC,NVIDIA,,1244.0,155.5,2011.0,3.0
GPU,2011-10-05,40.0,62.0,238.0,1170.0,625.0,TSMC,NVIDIA,,480.0,40.0,2011.0,10.0
GPU,2011-04-05,40.0,32.0,100.0,486.0,450.0,TSMC,NVIDIA,,108.0,,2011.0,4.0
GPU,2011-06-12,40.0,142.0,529.0,3100.0,475.0,TSMC,NVIDIA,,486.4,243.2,2011.0,6.0
GPU,2011-07-25,40.0,231.0,529.0,3100.0,574.0,TSMC,NVIDIA,,1028.0,513.9,2011.0,7.0
GPU,2011-07-25,40.0,600.0,520.0,3000.0,574.0,TSMC,NVIDIA,,1176.0,587.8,2011.0,7.0
GPU,2011-11-09,40.0,20.0,80.0,10.0,416.0,TSMC,NVIDIA,,,,2011.0,11.0
GPU,2011-11-09,40.0,65.0,80.0,10.0,650.0,TSMC,NVIDIA,,,,2011.0,11.0
GPU,2011-07-25,40.0,238.0,529.0,3100.0,574.0,TSMC,NVIDIA,,1028.0,513.9,2011.0,7.0
GPU,2011-07-25,40.0,238.0,529.0,3100.0,574.0,TSMC,NVIDIA,,1028.0,513.9,2011.0,7.0
GPU,2011-07-25,40.0,247.0,520.0,3000.0,574.0,TSMC,NVIDIA,,1028.0,513.9,2011.0,7.0
GPU,2011-07-25,40.0,250.0,520.0,3000.0,651.0,TSMC,NVIDIA,,1332.0,666.1,2011.0,7.0
GPU,2011-07-25,40.0,225.0,529.0,3100.0,574.0,TSMC,NVIDIA,,1030.0,515.2,2011.0,7.0
GPU,2011-07-25,40.0,225.0,529.0,3100.0,574.0,TSMC,NVIDIA,,1030.0,515.2,2011.0,7.0
GPU,2011-07-25,40.0,225.0,529.0,3100.0,574.0,TSMC,NVIDIA,,1028.0,513.9,2011.0,7.0
GPU,2011-07-25,40.0,225.0,520.0,3000.0,574.0,TSMC,NVIDIA,,1028.0,513.9,2011.0,7.0
GPU,2011-07-25,40.0,250.0,520.0,3000.0,651.0,TSMC,NVIDIA,,1332.0,666.1,2011.0,7.0
GPU,2011-07-25,40.0,900.0,529.0,3100.0,574.0,TSMC,NVIDIA,,1028.0,513.9,2011.0,7.0
GPU,2011-07-25,40.0,225.0,529.0,3100.0,651.0,TSMC,NVIDIA,,1166.0,582.8,2011.0,7.0
GPU,2011-07-25,40.0,225.0,520.0,3000.0,651.0,TSMC,NVIDIA,,1332.0,666.1,2011.0,7.0
GPU,2011-12-11,32.0,4.0,6.0,1170.0,200.0,Samsung,Sony,,,,2011.0,12.0
GPU,2011-12-11,32.0,65.0,6.0,1170.0,650.0,Samsung,Sony,,,,2011.0,12.0
GPU,2012-06-06,32.0,65.0,246.0,1303.0,760.0,GlobalFoundries,AMD,,695.0,,2012.0,6.0
GPU,2012-05-15,32.0,65.0,246.0,1303.0,650.0,GlobalFoundries,AMD,,,,2012.0,5.0
GPU,2012-06-06,32.0,100.0,246.0,1303.0,800.0,GlobalFoundries,AMD,,733.4,,2012.0,6.0
GPU,2012-07-01,40.0,33.0,118.0,716.0,500.0,TSMC,AMD,,480.0,,2012.0,7.0
GPU,2012-06-27,28.0,33.0,123.0,1500.0,675.0,TSMC,AMD,,691.2,43.2,2012.0,6.0
GPU,2012-04-24,28.0,65.0,123.0,1500.0,650.0,TSMC,AMD,,,,2012.0,4.0
GPU,2012-07-01,28.0,43.0,123.0,1500.0,800.0,TSMC,AMD,,1024.0,64.0,2012.0,7.0
GPU,2012-04-24,28.0,65.0,123.0,1500.0,650.0,TSMC,AMD,,,,2012.0,4.0
GPU,2012-11-12,28.0,375.0,352.0,4313.0,825.0,TSMC,AMD,,3405.0,851.2,2012.0,11.0
GPU,2012-11-12,28.0,375.0,352.0,4313.0,825.0,TSMC,AMD,,3405.0,851.2,2012.0,11.0
GPU,2012-08-27,28.0,150.0,212.0,2800.0,950.0,TSMC,AMD,,2432.0,152.0,2012.0,8.0
GPU,2012-03-05,28.0,65.0,212.0,2800.0,650.0,TSMC,AMD,,,,2012.0,3.0
GPU,2012-08-24,28.0,225.0,352.0,4313.0,900.0,TSMC,AMD,,3226.0,806.4,2012.0,8.0
GPU,2012-08-24,28.0,200.0,352.0,4313.0,800.0,TSMC,AMD,,2867.0,716.8,2012.0,8.0
GPU,2012-08-07,28.0,75.0,212.0,2800.0,825.0,TSMC,AMD,,1267.0,79.2,2012.0,8.0
GPU,2012-08-07,28.0,75.0,212.0,2800.0,825.0,TSMC,AMD,,1267.0,79.2,2012.0,8.0
GPU,2012-06-13,28.0,75.0,123.0,1500.0,750.0,TSMC,AMD,,768.0,48.0,2012.0,6.0
GPU,2012-02-15,28.0,65.0,123.0,1500.0,650.0,TSMC,AMD,,,,2012.0,2.0
GPU,2012-06-13,28.0,150.0,212.0,2800.0,950.0,TSMC,AMD,,2432.0,152.0,2012.0,6.0
GPU,2012-06-14,28.0,225.0,352.0,4313.0,900.0,TSMC,AMD,,3226.0,806.4,2012.0,6.0
GPU,2012-06-14,28.0,274.0,352.0,4313.0,975.0,TSMC,AMD,,3994.0,998.4,2012.0,6.0
GPU,,28.0,375.0,352.0,4313.0,825.0,TSMC,AMD,,3405.0,851.2,,
GPU,2012-10-09,40.0,7.0,75.0,450.0,276.0,TSMC,AMD,,44.16,,2012.0,10.0
GPU,2012-08-21,40.0,151.0,334.0,2154.0,725.0,TSMC,AMD,,2088.0,417.6,2012.0,8.0
GPU,2012-06-06,40.0,18.0,75.0,450.0,276.0,TSMC,AMD,,44.16,,2012.0,6.0
GPU,2012-06-06,40.0,18.0,75.0,450.0,500.0,TSMC,AMD,,80.0,,2012.0,6.0
GPU,2012-06-06,40.0,18.0,75.0,450.0,523.0,TSMC,AMD,,83.68,,2012.0,6.0
GPU,2012-10-02,32.0,17.0,246.0,1303.0,327.0,GlobalFoundries,AMD,,162.8,,2012.0,10.0
GPU,2012-06-06,32.0,65.0,246.0,1303.0,650.0,GlobalFoundries,AMD,,,,2012.0,6.0
GPU,2012-06-06,32.0,35.0,246.0,1303.0,480.0,GlobalFoundries,AMD,,167.7,,2012.0,6.0
GPU,2012-06-06,32.0,65.0,246.0,1303.0,650.0,GlobalFoundries,AMD,,,,2012.0,6.0
GPU,2012-10-02,32.0,65.0,246.0,1303.0,720.0,GlobalFoundries,AMD,,184.3,,2012.0,10.0
GPU,2012-05-15,32.0,17.0,246.0,1303.0,327.0,GlobalFoundries,AMD,,217.1,,2012.0,5.0
GPU,2012-05-15,32.0,65.0,246.0,1303.0,650.0,GlobalFoundries,AMD,,,,2012.0,5.0
GPU,2012-06-06,32.0,35.0,246.0,1303.0,496.0,GlobalFoundries,AMD,,263.4,,2012.0,6.0
GPU,2012-10-02,32.0,65.0,246.0,1303.0,760.0,GlobalFoundries,AMD,,291.8,,2012.0,10.0
GPU,2012-10-02,32.0,65.0,246.0,1303.0,760.0,GlobalFoundries,AMD,,389.1,,2012.0,10.0
GPU,2012-05-15,32.0,35.0,246.0,1303.0,496.0,GlobalFoundries,AMD,,389.1,,2012.0,5.0
GPU,2012-09-01,32.0,19.0,246.0,1303.0,320.0,GlobalFoundries,AMD,,325.6,,2012.0,9.0
GPU,2012-05-15,32.0,25.0,246.0,1303.0,360.0,GlobalFoundries,AMD,,381.7,,2012.0,5.0
GPU,2012-05-15,32.0,35.0,246.0,1303.0,496.0,GlobalFoundries,AMD,,335.4,,2012.0,5.0
GPU,2012-10-02,32.0,100.0,246.0,1303.0,760.0,GlobalFoundries,AMD,,583.7,,2012.0,10.0
GPU,2012-05-15,32.0,35.0,246.0,1303.0,686.0,GlobalFoundries,AMD,,526.8,,2012.0,5.0
GPU,2012-07-01,40.0,20.0,118.0,716.0,600.0,TSMC,AMD,,576.0,,2012.0,7.0
GPU,2012-11-19,28.0,185.0,352.0,4313.0,925.0,TSMC,AMD,,2995.0,748.8,2012.0,11.0
GPU,2012-06-22,28.0,200.0,352.0,4313.0,850.0,TSMC,AMD,,3315.0,828.8,2012.0,6.0
GPU,2012-04-24,28.0,75.0,212.0,2800.0,700.0,TSMC,AMD,,1792.0,,2012.0,4.0
GPU,2012-04-24,28.0,65.0,212.0,2800.0,650.0,TSMC,AMD,,,,2012.0,4.0
GPU,2012-06-22,28.0,300.0,352.0,4313.0,1000.0,TSMC,AMD,,4301.0,1075.0,2012.0,6.0
GPU,2012-08-31,28.0,500.0,352.0,4313.0,925.0,TSMC,AMD,,3789.0,947.2,2012.0,8.0
GPU,2012-08-31,28.0,65.0,352.0,4313.0,650.0,TSMC,AMD,,,,2012.0,8.0
GPU,2012-04-24,28.0,200.0,212.0,2800.0,850.0,TSMC,AMD,,2176.0,136.0,2012.0,4.0
GPU,2012-11-18,40.0,33.0,146.0,880.0,550.0,Renesas,AMD,,176.0,,2012.0,11.0
GPU,2012-11-18,40.0,65.0,146.0,880.0,650.0,Renesas,AMD,,,,2012.0,11.0
GPU,2012-11-23,40.0,20.0,104.0,627.0,550.0,TSMC,ATI,,440.0,,2012.0,11.0
GPU,2010-02-09,40.0,65.0,104.0,627.0,650.0,TSMC,ATI,,,,2010.0,2.0
GPU,2012-10-28,40.0,19.0,59.0,292.0,650.0,TSMC,ATI,,104.0,,2012.0,10.0
GPU,2012-05-14,22.0,65.0,133.0,1200.0,650.0,Intel,Intel,,268.8,67.2,2012.0,5.0
GPU,2012-05-14,22.0,65.0,133.0,1200.0,650.0,Intel,Intel,,,,2012.0,5.0
GPU,2012-05-14,22.0,45.0,133.0,1200.0,650.0,Intel,Intel,,256.0,64.0,2012.0,5.0
GPU,2012-10-01,22.0,45.0,94.0,392.0,350.0,Intel,Intel,,96.0,24.0,2012.0,10.0
GPU,2012-04-01,22.0,65.0,94.0,392.0,650.0,Intel,Intel,,,,2012.0,4.0
GPU,2012-05-14,22.0,45.0,133.0,1200.0,650.0,Intel,Intel,,320.0,80.0,2012.0,5.0
GPU,2012-11-12,22.0,300.0,720.0,5000.0,1100.0,Intel,Intel,,2006.0,,2012.0,11.0
GPU,2012-11-12,22.0,65.0,720.0,5000.0,650.0,Intel,Intel,,,,2012.0,11.0
GPU,2012-11-12,22.0,225.0,720.0,5000.0,1053.0,Intel,Intel,,2022.0,,2012.0,11.0
GPU,2012-11-12,22.0,300.0,720.0,5000.0,1100.0,Intel,Intel,,2147.0,,2012.0,11.0
GPU,2012-05-15,40.0,49.0,116.0,585.0,660.0,TSMC,NVIDIA,,126.7,10.56,2012.0,5.0
GPU,2012-06-13,40.0,50.0,57.0,260.0,589.0,TSMC,NVIDIA,,44.86,,2012.0,6.0
GPU,2012-08-20,40.0,29.0,79.0,292.0,589.0,TSMC,NVIDIA,,134.6,11.22,2012.0,8.0
GPU,2012-09-09,40.0,29.0,79.0,292.0,550.0,TSMC,NVIDIA,,115.2,9.6,2012.0,9.0
GPU,2012-05-15,40.0,49.0,116.0,585.0,700.0,TSMC,NVIDIA,,268.8,22.4,2012.0,5.0
GPU,2012-08-23,40.0,15.0,116.0,585.0,475.0,TSMC,NVIDIA,,182.4,15.2,2012.0,8.0
GPU,2012-10-01,28.0,15.0,116.0,585.0,625.0,TSMC,NVIDIA,,240.0,20.0,2012.0,10.0
GPU,2012-05-15,40.0,65.0,116.0,585.0,810.0,TSMC,NVIDIA,,311.0,25.92,2012.0,5.0
GPU,2012-04-24,28.0,50.0,118.0,1270.0,875.0,TSMC,NVIDIA,,336.0,14.0,2012.0,4.0
GPU,2012-03-22,28.0,65.0,118.0,1270.0,650.0,TSMC,NVIDIA,,,,2012.0,3.0
GPU,2012-06-05,28.0,65.0,118.0,1270.0,902.0,TSMC,NVIDIA,,692.7,28.86,2012.0,6.0
GPU,2012-04-24,28.0,50.0,118.0,1270.0,797.0,TSMC,NVIDIA,,612.1,25.5,2012.0,4.0
GPU,2012-04-24,40.0,75.0,238.0,1170.0,720.0,TSMC,NVIDIA,,414.7,34.56,2012.0,4.0
GPU,2012-05-04,40.0,32.0,116.0,585.0,753.0,TSMC,NVIDIA,,289.0,24.08,2012.0,5.0
GPU,2012-10-01,28.0,32.0,118.0,1270.0,709.0,TSMC,NVIDIA,,599.0,24.96,2012.0,10.0
GPU,2012-07-12,28.0,45.0,118.0,1270.0,900.0,TSMC,NVIDIA,,691.2,28.8,2012.0,7.0
GPU,2012-07-11,40.0,106.0,238.0,1170.0,783.0,TSMC,NVIDIA,,451.0,37.58,2012.0,7.0
GPU,2012-09-06,28.0,65.0,118.0,1270.0,1058.0,TSMC,NVIDIA,,812.5,33.86,2012.0,9.0
GPU,2012-10-09,28.0,110.0,221.0,2540.0,928.0,TSMC,NVIDIA,,1425.0,59.39,2012.0,10.0
GPU,2012-10-09,28.0,65.0,221.0,2540.0,650.0,TSMC,NVIDIA,,,,2012.0,10.0
GPU,2012-09-06,28.0,140.0,221.0,2540.0,980.0,TSMC,NVIDIA,,1981.0,82.56,2012.0,9.0
GPU,2012-09-06,28.0,65.0,221.0,2540.0,650.0,TSMC,NVIDIA,,,,2012.0,9.0
GPU,2012-08-22,28.0,130.0,294.0,3540.0,823.0,TSMC,NVIDIA,,2046.0,85.25,2012.0,8.0
GPU,2012-03-22,28.0,65.0,294.0,3540.0,650.0,TSMC,NVIDIA,,,,2012.0,3.0
GPU,2012-08-22,28.0,130.0,294.0,3540.0,823.0,TSMC,NVIDIA,,2046.0,85.25,2012.0,8.0
GPU,2012-08-16,28.0,150.0,294.0,3540.0,915.0,TSMC,NVIDIA,,2634.0,109.8,2012.0,8.0
GPU,2012-05-10,28.0,170.0,294.0,3540.0,915.0,TSMC,NVIDIA,,2634.0,109.8,2012.0,5.0
GPU,2012-10-01,28.0,75.0,294.0,3540.0,601.0,TSMC,NVIDIA,,1154.0,48.08,2012.0,10.0
GPU,2012-10-01,28.0,100.0,294.0,3540.0,654.0,TSMC,NVIDIA,,1256.0,52.32,2012.0,10.0
GPU,2012-06-04,28.0,100.0,294.0,3540.0,719.0,TSMC,NVIDIA,,2038.0,84.9,2012.0,6.0
GPU,2012-10-23,28.0,122.0,294.0,3540.0,719.0,TSMC,NVIDIA,,2209.0,92.03,2012.0,10.0
GPU,2012-05-03,28.0,300.0,294.0,3540.0,915.0,TSMC,NVIDIA,,3130.0,130.4,2012.0,5.0
GPU,,28.0,35.0,118.0,1270.0,797.0,TSMC,NVIDIA,,306.0,12.75,,
GPU,2012-06-26,40.0,20.0,79.0,292.0,523.0,TSMC,NVIDIA,,100.4,8.368,2012.0,6.0
GPU,2012-10-23,28.0,35.0,118.0,1270.0,797.0,TSMC,NVIDIA,,306.0,12.75,2012.0,10.0
GPU,2012-09-17,40.0,25.0,116.0,585.0,672.0,TSMC,NVIDIA,,258.0,21.5,2012.0,9.0
GPU,2012-06-01,28.0,25.0,116.0,585.0,625.0,TSMC,NVIDIA,,240.0,20.0,2012.0,6.0
GPU,2012-03-22,28.0,65.0,116.0,585.0,650.0,TSMC,NVIDIA,,,,2012.0,3.0
GPU,2012-06-01,40.0,35.0,116.0,585.0,660.0,TSMC,NVIDIA,,253.4,21.12,2012.0,6.0
GPU,2012-10-04,40.0,35.0,114.0,302.0,550.0,Sony,NVIDIA,,,,2012.0,10.0
GPU,2012-10-04,40.0,65.0,114.0,302.0,650.0,Sony,NVIDIA,,,,2012.0,10.0
GPU,2012-08-07,28.0,38.0,118.0,1270.0,706.0,TSMC,NVIDIA,,271.1,11.3,2012.0,8.0
GPU,2012-05-02,40.0,204.0,520.0,3000.0,651.0,TSMC,NVIDIA,,1332.0,666.1,2012.0,5.0
GPU,2012-06-01,28.0,45.0,118.0,1270.0,850.0,TSMC,NVIDIA,,326.4,13.6,2012.0,6.0
GPU,2012-06-01,28.0,55.0,118.0,1270.0,745.0,TSMC,NVIDIA,,572.2,23.84,2012.0,6.0
GPU,2012-06-01,28.0,75.0,294.0,3540.0,654.0,TSMC,NVIDIA,,753.4,31.39,2012.0,6.0
GPU,2012-06-01,28.0,100.0,294.0,3540.0,601.0,TSMC,NVIDIA,,1154.0,48.08,2012.0,6.0
GPU,2012-08-17,28.0,122.0,294.0,3540.0,706.0,TSMC,NVIDIA,,2169.0,90.37,2012.0,8.0
GPU,2012-08-07,28.0,122.0,294.0,3540.0,706.0,TSMC,NVIDIA,,2169.0,90.37,2012.0,8.0
GPU,2012-08-07,28.0,100.0,294.0,3540.0,601.0,TSMC,NVIDIA,,1615.0,67.31,2012.0,8.0
GPU,2012-06-01,28.0,35.0,118.0,1270.0,709.0,TSMC,NVIDIA,,272.3,11.34,2012.0,6.0
GPU,2012-05-01,28.0,225.0,294.0,3540.0,745.0,TSMC,NVIDIA,,2289.0,95.36,2012.0,5.0
GPU,2012-11-12,28.0,235.0,561.0,7080.0,732.0,TSMC,NVIDIA,,3935.0,1312.0,2012.0,11.0
GPU,2012-11-12,28.0,65.0,561.0,7080.0,650.0,TSMC,NVIDIA,,,,2012.0,11.0
GPU,2012-11-12,28.0,235.0,561.0,7080.0,732.0,TSMC,NVIDIA,,3935.0,1312.0,2012.0,11.0
GPU,2012-11-12,28.0,225.0,561.0,7080.0,706.0,TSMC,NVIDIA,,3524.0,1175.0,2012.0,11.0
GPU,2013-10-16,28.0,65.0,77.0,950.0,670.0,TSMC,AMD,,514.6,32.16,2013.0,10.0
GPU,2013-02-02,28.0,65.0,77.0,950.0,650.0,TSMC,AMD,,,,2013.0,2.0
GPU,2013-10-16,28.0,65.0,77.0,950.0,715.0,TSMC,AMD,,549.1,34.32,2013.0,10.0
GPU,2013-10-16,28.0,65.0,77.0,950.0,650.0,TSMC,AMD,,,,2013.0,10.0
GPU,2013-10-16,28.0,65.0,123.0,1500.0,725.0,TSMC,AMD,,992.0,62.0,2013.0,10.0
GPU,2013-04-01,28.0,65.0,123.0,1500.0,650.0,TSMC,AMD,,,,2013.0,4.0
GPU,2013-10-16,28.0,65.0,160.0,2080.0,1075.0,TSMC,AMD,,1651.0,103.2,2013.0,10.0
GPU,2013-05-14,28.0,65.0,160.0,2080.0,650.0,TSMC,AMD,,,,2013.0,5.0
GPU,2013-11-24,28.0,75.0,348.0,1170.0,800.0,TSMC,AMD,1843.0,1843.0,,2013.0,11.0
GPU,2013-11-24,28.0,65.0,348.0,1170.0,650.0,TSMC,AMD,,,,2013.0,11.0
GPU,,28.0,4.0,110.0,1178.0,225.0,TSMC,AMD,,57.6,3.6,,
GPU,2013-04-23,28.0,65.0,110.0,1178.0,650.0,TSMC,AMD,,,,2013.0,4.0
GPU,2013-11-01,28.0,15.0,110.0,1178.0,400.0,TSMC,AMD,,102.4,6.4,2013.0,11.0
GPU,2013-09-18,28.0,15.0,110.0,1178.0,450.0,TSMC,AMD,,115.2,7.2,2013.0,9.0
GPU,2013-09-18,28.0,15.0,110.0,1178.0,450.0,TSMC,AMD,,115.2,7.2,2013.0,9.0
GPU,,32.0,20.0,246.0,1303.0,424.0,GlobalFoundries,AMD,,141.8,,,
GPU,2013-08-13,28.0,15.0,110.0,1178.0,497.0,TSMC,AMD,,127.2,7.952,2013.0,8.0
GPU,,32.0,65.0,246.0,1303.0,760.0,GlobalFoundries,AMD,,194.6,,,
GPU,2013-11-23,28.0,25.0,110.0,1178.0,600.0,TSMC,AMD,,153.6,9.6,2013.0,11.0
GPU,2013-11-23,28.0,25.0,110.0,1178.0,600.0,TSMC,AMD,,153.6,9.6,2013.0,11.0
GPU,2013-07-29,32.0,65.0,246.0,1303.0,800.0,GlobalFoundries,AMD,,307.2,,2013.0,7.0
GPU,2013-07-23,40.0,35.0,67.0,370.0,875.0,TSMC,AMD,,280.0,,2013.0,7.0
GPU,2013-07-23,40.0,60.0,118.0,716.0,650.0,TSMC,AMD,,624.0,,2013.0,7.0
GPU,2013-10-25,40.0,60.0,118.0,716.0,650.0,TSMC,AMD,,624.0,,2013.0,10.0
GPU,2013-07-23,40.0,60.0,118.0,716.0,650.0,TSMC,AMD,,624.0,,2013.0,7.0
GPU,2013-07-10,32.0,65.0,246.0,1303.0,800.0,GlobalFoundries,AMD,,409.6,,2013.0,7.0
GPU,2013-12-28,32.0,65.0,246.0,1303.0,720.0,GlobalFoundries,AMD,,648.2,,2013.0,12.0
GPU,2013-09-05,28.0,47.0,123.0,1500.0,800.0,TSMC,AMD,,614.4,38.4,2013.0,9.0
GPU,2013-09-05,28.0,55.0,123.0,1500.0,800.0,TSMC,AMD,,819.2,51.2,2013.0,9.0
GPU,2013-09-02,28.0,85.0,160.0,2080.0,1050.0,TSMC,AMD,,1882.0,117.6,2013.0,9.0
GPU,2013-03-22,28.0,65.0,160.0,2080.0,650.0,TSMC,AMD,,,,2013.0,3.0
GPU,2013-12-21,40.0,19.0,59.0,292.0,650.0,TSMC,AMD,,104.0,,2013.0,12.0
GPU,2013-12-21,40.0,19.0,67.0,370.0,625.0,TSMC,AMD,,200.0,,2013.0,12.0
GPU,2013-12-21,40.0,35.0,67.0,370.0,775.0,TSMC,AMD,,248.0,,2013.0,12.0
GPU,2013-12-21,40.0,18.0,67.0,370.0,875.0,TSMC,AMD,,280.0,,2013.0,12.0
GPU,2013-11-01,28.0,50.0,77.0,950.0,730.0,TSMC,AMD,,599.0,37.44,2013.0,11.0
GPU,2013-01-08,28.0,65.0,77.0,950.0,650.0,TSMC,AMD,,,,2013.0,1.0
GPU,2013-10-08,28.0,30.0,77.0,950.0,650.0,TSMC,AMD,,448.0,28.0,2013.0,10.0
GPU,2013-10-08,28.0,30.0,77.0,950.0,730.0,TSMC,AMD,,499.2,,2013.0,10.0
GPU,2013-11-01,28.0,50.0,77.0,950.0,730.0,TSMC,AMD,,499.2,31.2,2013.0,11.0
GPU,2013-10-08,28.0,55.0,123.0,1500.0,700.0,TSMC,AMD,,716.8,44.8,2013.0,10.0
GPU,2013-10-08,28.0,55.0,123.0,1500.0,925.0,TSMC,AMD,,947.2,59.2,2013.0,10.0
GPU,2013-10-08,28.0,65.0,77.0,950.0,1000.0,TSMC,AMD,,806.4,50.4,2013.0,10.0
GPU,2013-10-08,28.0,65.0,77.0,950.0,1000.0,TSMC,AMD,,806.4,50.4,2013.0,10.0
GPU,2013-12-20,28.0,55.0,123.0,1500.0,800.0,TSMC,AMD,,819.2,51.2,2013.0,12.0
GPU,2013-12-17,28.0,95.0,160.0,2080.0,1000.0,TSMC,AMD,,1536.0,96.0,2013.0,12.0
GPU,2013-10-08,28.0,115.0,160.0,2080.0,1100.0,TSMC,AMD,,1971.0,123.2,2013.0,10.0
GPU,2013-12-21,28.0,65.0,123.0,1500.0,900.0,TSMC,AMD,,952.3,59.52,2013.0,12.0
GPU,2013-12-21,28.0,85.0,160.0,2080.0,1100.0,TSMC,AMD,,1971.0,123.2,2013.0,12.0
GPU,2013-11-13,28.0,150.0,212.0,2800.0,900.0,TSMC,AMD,,2368.0,148.0,2013.0,11.0
GPU,2013-01-08,28.0,65.0,212.0,2800.0,650.0,TSMC,AMD,,,,2013.0,1.0
GPU,2013-10-08,28.0,180.0,212.0,2800.0,1000.0,TSMC,AMD,,2688.0,168.0,2013.0,10.0
GPU,2013-10-08,28.0,250.0,352.0,4313.0,850.0,TSMC,AMD,,4096.0,1024.0,2013.0,10.0
GPU,,28.0,375.0,352.0,4313.0,950.0,TSMC,AMD,,4096.0,1024.0,,
GPU,2013-11-05,28.0,275.0,438.0,6200.0,947.0,TSMC,AMD,,4849.0,606.1,2013.0,11.0
GPU,2013-10-24,28.0,65.0,438.0,6200.0,650.0,TSMC,AMD,,,,2013.0,10.0
GPU,2013-10-24,28.0,290.0,438.0,6200.0,1000.0,TSMC,AMD,,5632.0,704.0,2013.0,10.0
GPU,2013-11-22,28.0,95.0,363.0,5000.0,853.0,TSMC,AMD,,1310.0,,2013.0,11.0
GPU,2013-11-22,28.0,65.0,363.0,5000.0,650.0,TSMC,AMD,,,,2013.0,11.0
GPU,2013-09-02,22.0,4.0,169.0,1170.0,311.0,Intel,Intel,,41.34,10.34,2013.0,9.0
GPU,2013-09-02,22.0,65.0,169.0,1170.0,650.0,Intel,Intel,,,,2013.0,9.0
GPU,2013-09-02,22.0,4.0,169.0,1170.0,200.0,Intel,Intel,,272.0,68.0,2013.0,9.0
GPU,2013-05-27,22.0,65.0,169.0,1170.0,650.0,Intel,Intel,,,,2013.0,5.0
GPU,2013-09-03,22.0,20.0,169.0,1170.0,200.0,Intel,Intel,,368.0,92.0,2013.0,9.0
GPU,2013-09-03,22.0,20.0,169.0,1170.0,200.0,Intel,Intel,,304.0,76.0,2013.0,9.0
GPU,2013-06-28,28.0,130.0,118.0,1270.0,850.0,TSMC,NVIDIA,,326.4,13.6,2013.0,6.0
GPU,2013-06-28,28.0,130.0,118.0,1270.0,850.0,TSMC,NVIDIA,,326.4,13.6,2013.0,6.0
GPU,2013-06-28,28.0,130.0,118.0,1270.0,850.0,TSMC,NVIDIA,,326.4,13.6,2013.0,6.0
GPU,2013-06-28,28.0,130.0,118.0,1270.0,850.0,TSMC,NVIDIA,,326.4,13.6,2013.0,6.0
GPU,2013-06-28,28.0,225.0,294.0,3540.0,745.0,TSMC,NVIDIA,,2289.0,95.36,2013.0,6.0
GPU,2013-06-28,28.0,225.0,294.0,3540.0,745.0,TSMC,NVIDIA,,2289.0,95.36,2013.0,6.0
GPU,2013-06-28,28.0,225.0,294.0,3540.0,745.0,TSMC,NVIDIA,,2289.0,95.36,2013.0,6.0
GPU,2013-06-28,28.0,225.0,294.0,3540.0,745.0,TSMC,NVIDIA,,2289.0,95.36,2013.0,6.0
GPU,2013-07-23,28.0,225.0,118.0,1270.0,954.0,TSMC,NVIDIA,,732.7,30.53,2013.0,7.0
GPU,2013-07-23,28.0,225.0,294.0,3540.0,745.0,TSMC,NVIDIA,,2289.0,95.36,2013.0,7.0
GPU,2013-10-01,40.0,15.0,79.0,292.0,738.0,TSMC,NVIDIA,,141.7,11.81,2013.0,10.0
GPU,,40.0,15.0,79.0,292.0,475.0,TSMC,NVIDIA,,91.2,7.6,,
GPU,2013-09-27,28.0,15.0,116.0,585.0,738.0,TSMC,NVIDIA,,141.7,11.81,2013.0,9.0
GPU,2013-07-24,28.0,15.0,87.0,1020.0,719.0,TSMC,NVIDIA,,291.1,12.13,2013.0,7.0
GPU,2013-04-01,28.0,65.0,87.0,1020.0,650.0,TSMC,NVIDIA,,,,2013.0,4.0
GPU,2013-11-27,28.0,15.0,116.0,585.0,625.0,TSMC,NVIDIA,,240.0,20.0,2013.0,11.0
GPU,2013-10-01,28.0,35.0,87.0,1020.0,967.0,TSMC,NVIDIA,,742.7,30.94,2013.0,10.0
GPU,2013-12-25,28.0,33.0,87.0,1020.0,719.0,TSMC,NVIDIA,,291.1,12.13,2013.0,12.0
GPU,2013-08-26,28.0,33.0,87.0,1020.0,980.0,TSMC,NVIDIA,,793.3,33.06,2013.0,8.0
GPU,2013-08-26,28.0,33.0,118.0,1270.0,837.0,TSMC,NVIDIA,,702.7,29.28,2013.0,8.0
GPU,2013-11-08,28.0,50.0,118.0,1270.0,926.0,TSMC,NVIDIA,,711.2,29.63,2013.0,11.0
GPU,2013-11-08,28.0,50.0,118.0,1270.0,1085.0,TSMC,NVIDIA,,833.3,34.72,2013.0,11.0
GPU,2013-11-27,28.0,65.0,221.0,2540.0,1058.0,TSMC,NVIDIA,,812.5,33.86,2013.0,11.0
GPU,2013-06-25,28.0,170.0,294.0,3540.0,980.0,TSMC,NVIDIA,,2378.0,99.07,2013.0,6.0
GPU,2013-06-27,28.0,130.0,294.0,3540.0,823.0,TSMC,NVIDIA,,2046.0,85.25,2013.0,6.0
GPU,2013-08-25,28.0,130.0,294.0,3540.0,823.0,TSMC,NVIDIA,,2046.0,85.25,2013.0,8.0
GPU,2013-09-27,28.0,170.0,294.0,3540.0,915.0,TSMC,NVIDIA,,2634.0,109.8,2013.0,9.0
GPU,2013-08-25,28.0,170.0,294.0,3540.0,915.0,TSMC,NVIDIA,,2634.0,109.8,2013.0,8.0
GPU,2013-11-19,28.0,250.0,294.0,3540.0,1006.0,TSMC,NVIDIA,,2470.0,102.9,2013.0,11.0
GPU,2013-11-08,28.0,100.0,294.0,3540.0,797.0,TSMC,NVIDIA,,2142.0,89.26,2013.0,11.0
GPU,2013-09-10,28.0,250.0,561.0,7080.0,863.0,TSMC,NVIDIA,,4156.0,173.2,2013.0,9.0
GPU,2013-07-23,28.0,65.0,561.0,7080.0,650.0,TSMC,NVIDIA,,,,2013.0,7.0
GPU,2013-09-10,28.0,250.0,561.0,7080.0,863.0,TSMC,NVIDIA,,4156.0,173.2,2013.0,9.0
GPU,2013-11-07,28.0,250.0,561.0,7080.0,875.0,TSMC,NVIDIA,,5345.0,222.7,2013.0,11.0
GPU,2013-11-08,28.0,122.0,294.0,3540.0,784.0,TSMC,NVIDIA,,2408.0,100.4,2013.0,11.0
GPU,2013-07-23,28.0,45.0,118.0,1270.0,706.0,TSMC,NVIDIA,,542.2,22.59,2013.0,7.0
GPU,2013-07-23,28.0,55.0,221.0,2540.0,667.0,TSMC,NVIDIA,,768.4,32.02,2013.0,7.0
GPU,2013-07-23,28.0,75.0,294.0,3540.0,706.0,TSMC,NVIDIA,,1084.0,45.18,2013.0,7.0
GPU,2013-07-23,28.0,100.0,294.0,3540.0,706.0,TSMC,NVIDIA,,1627.0,67.78,2013.0,7.0
GPU,2013-07-23,28.0,100.0,294.0,3540.0,771.0,TSMC,NVIDIA,,2369.0,98.69,2013.0,7.0
GPU,2013-07-23,28.0,30.0,87.0,1020.0,889.0,TSMC,NVIDIA,,341.4,14.22,2013.0,7.0
GPU,2013-07-23,28.0,225.0,561.0,7080.0,797.0,TSMC,NVIDIA,,5196.0,1732.0,2013.0,7.0
GPU,2013-07-23,28.0,239.0,561.0,7080.0,902.0,TSMC,NVIDIA,,5196.0,1732.0,2013.0,7.0
GPU,2013-07-23,28.0,30.0,87.0,1020.0,954.0,TSMC,NVIDIA,,366.3,15.26,2013.0,7.0
GPU,2013-08-01,28.0,20.0,85.0,11.0,672.0,TSMC,NVIDIA,,,,2013.0,8.0
GPU,2013-02-19,28.0,65.0,85.0,11.0,650.0,TSMC,NVIDIA,,,,2013.0,2.0
GPU,2013-10-08,28.0,245.0,561.0,7080.0,745.0,TSMC,NVIDIA,,5046.0,1682.0,2013.0,10.0
GPU,2013-10-08,28.0,65.0,561.0,7080.0,650.0,TSMC,NVIDIA,,,,2013.0,10.0
GPU,2013-11-22,28.0,245.0,561.0,7080.0,745.0,TSMC,NVIDIA,,5046.0,1682.0,2013.0,11.0
GPU,2013-11-22,28.0,245.0,561.0,7080.0,745.0,TSMC,NVIDIA,,5046.0,1682.0,2013.0,11.0
GPU,2013-11-22,28.0,245.0,561.0,7080.0,745.0,TSMC,NVIDIA,,5046.0,1682.0,2013.0,11.0
GPU,2013-11-22,28.0,245.0,561.0,7080.0,575.0,TSMC,NVIDIA,,3312.0,1104.0,2013.0,11.0
GPU,2013-11-22,28.0,245.0,561.0,7080.0,745.0,TSMC,NVIDIA,,5046.0,1682.0,2013.0,11.0
GPU,2014-05-27,28.0,65.0,160.0,2080.0,1100.0,TSMC,AMD,,1971.0,123.2,2014.0,5.0
GPU,2014-05-27,28.0,65.0,160.0,2080.0,650.0,TSMC,AMD,,,,2014.0,5.0
GPU,2014-08-07,28.0,45.0,123.0,1500.0,725.0,TSMC,AMD,,992.0,62.0,2014.0,8.0
GPU,2014-08-07,28.0,225.0,352.0,4313.0,900.0,TSMC,AMD,,3226.0,806.4,2014.0,8.0
GPU,2014-10-02,28.0,225.0,438.0,6200.0,824.0,TSMC,AMD,,4219.0,2109.0,2014.0,10.0
GPU,2014-08-07,28.0,235.0,438.0,6200.0,900.0,TSMC,AMD,,5069.0,2534.0,2014.0,8.0
GPU,2014-08-12,28.0,26.0,77.0,950.0,630.0,TSMC,AMD,,435.2,27.2,2014.0,8.0
GPU,2014-08-13,28.0,50.0,123.0,1500.0,630.0,TSMC,AMD,,645.1,40.32,2014.0,8.0
GPU,2014-04-28,28.0,65.0,77.0,950.0,825.0,TSMC,AMD,,691.2,43.2,2014.0,4.0
GPU,2014-03-31,28.0,50.0,160.0,2080.0,930.0,TSMC,AMD,,1428.0,89.28,2014.0,3.0
GPU,2014-08-25,28.0,65.0,123.0,1500.0,900.0,TSMC,AMD,,1184.0,74.0,2014.0,8.0
GPU,2014-08-25,28.0,65.0,123.0,1500.0,650.0,TSMC,AMD,,,,2014.0,8.0
GPU,2014-08-25,28.0,65.0,160.0,2080.0,1100.0,TSMC,AMD,,1971.0,123.2,2014.0,8.0
GPU,2014-08-12,28.0,150.0,366.0,5000.0,920.0,TSMC,AMD,3297.0,3297.0,206.1,2014.0,8.0
GPU,2014-08-12,28.0,65.0,366.0,5000.0,650.0,TSMC,AMD,,,,2014.0,8.0
GPU,2014-06-23,28.0,220.0,438.0,6200.0,824.0,TSMC,AMD,,4219.0,2109.0,2014.0,6.0
GPU,2014-03-26,28.0,275.0,438.0,6200.0,930.0,TSMC,AMD,,5238.0,2619.0,2014.0,3.0
GPU,2014-07-13,28.0,65.0,56.0,690.0,650.0,TSMC,AMD,,544.0,34.0,2014.0,7.0
GPU,2013-02-02,28.0,65.0,56.0,690.0,650.0,TSMC,AMD,,,,2013.0,2.0
GPU,2014-09-17,28.0,17.0,245.0,2410.0,533.0,GlobalFoundries,AMD,,204.7,12.79,2014.0,9.0
GPU,2014-09-17,28.0,65.0,245.0,2410.0,650.0,GlobalFoundries,AMD,,,,2014.0,9.0
GPU,2014-06-11,28.0,15.0,107.0,930.0,800.0,GlobalFoundries,AMD,,204.8,12.8,2014.0,6.0
GPU,2014-06-06,28.0,65.0,107.0,930.0,650.0,GlobalFoundries,AMD,,,,2014.0,6.0
GPU,2014-06-06,28.0,15.0,107.0,930.0,800.0,GlobalFoundries,AMD,,204.8,12.8,2014.0,6.0
GPU,2014-04-03,40.0,19.0,67.0,370.0,625.0,TSMC,AMD,,200.0,,2014.0,4.0
GPU,2014-09-17,28.0,15.0,245.0,2410.0,497.0,GlobalFoundries,AMD,,254.5,15.9,2014.0,9.0
GPU,2014-09-17,28.0,15.0,245.0,2410.0,758.0,GlobalFoundries,AMD,,388.1,24.26,2014.0,9.0
GPU,2014-05-31,28.0,65.0,56.0,690.0,780.0,TSMC,AMD,,544.0,34.0,2014.0,5.0
GPU,2014-09-18,28.0,65.0,56.0,690.0,1000.0,TSMC,AMD,,659.2,41.2,2014.0,9.0
GPU,,28.0,65.0,56.0,690.0,650.0,TSMC,AMD,,,,,
GPU,2014-10-12,28.0,65.0,125.0,1550.0,925.0,TSMC,AMD,721.9,721.9,45.12,2014.0,10.0
GPU,,28.0,65.0,125.0,1550.0,650.0,TSMC,AMD,,,,,
GPU,2014-09-17,28.0,17.0,245.0,2410.0,626.0,GlobalFoundries,AMD,,320.5,20.03,2014.0,9.0
GPU,2014-06-14,28.0,15.0,107.0,930.0,800.0,GlobalFoundries,AMD,,204.8,12.8,2014.0,6.0
GPU,2014-06-06,28.0,15.0,107.0,930.0,800.0,GlobalFoundries,AMD,,204.8,12.8,2014.0,6.0
GPU,2014-10-12,28.0,65.0,125.0,1550.0,925.0,TSMC,AMD,721.9,721.9,45.12,2014.0,10.0
GPU,2014-09-17,28.0,17.0,245.0,2410.0,533.0,GlobalFoundries,AMD,,409.3,25.58,2014.0,9.0
GPU,2014-02-17,28.0,65.0,245.0,2410.0,650.0,GlobalFoundries,AMD,,,,2014.0,2.0
GPU,2014-08-21,28.0,80.0,123.0,1500.0,860.0,TSMC,AMD,,1101.0,68.8,2014.0,8.0
GPU,2014-08-12,28.0,150.0,212.0,2800.0,900.0,TSMC,AMD,,2368.0,148.0,2014.0,8.0
GPU,2014-06-11,28.0,65.0,125.0,1550.0,940.0,TSMC,AMD,752.6,752.6,47.04,2014.0,6.0
GPU,2014-10-12,28.0,65.0,125.0,1550.0,925.0,TSMC,AMD,721.9,721.9,45.12,2014.0,10.0
GPU,2014-05-20,28.0,65.0,125.0,1550.0,900.0,TSMC,AMD,752.6,752.6,47.04,2014.0,5.0
GPU,2014-06-11,28.0,65.0,125.0,1550.0,900.0,TSMC,AMD,752.6,752.6,47.04,2014.0,6.0
GPU,2014-10-12,28.0,65.0,125.0,1550.0,925.0,TSMC,AMD,721.9,721.9,45.12,2014.0,10.0
GPU,2014-06-11,28.0,65.0,125.0,1550.0,900.0,TSMC,AMD,752.6,752.6,47.04,2014.0,6.0
GPU,2014-09-02,28.0,190.0,366.0,5000.0,918.0,TSMC,AMD,3290.0,3290.0,205.6,2014.0,9.0
GPU,,28.0,200.0,366.0,5000.0,1002.0,TSMC,AMD,,4104.0,,,
GPU,2014-06-24,28.0,580.0,438.0,6200.0,1000.0,TSMC,AMD,,5632.0,704.0,2014.0,6.0
GPU,2014-04-29,28.0,500.0,438.0,6200.0,1018.0,TSMC,AMD,,5733.0,716.7,2014.0,4.0
GPU,2014-04-29,28.0,65.0,438.0,6200.0,650.0,TSMC,AMD,,,,2014.0,4.0
GPU,2014-03-21,28.0,65.0,123.0,1500.0,575.0,TSMC,AMD,,800.0,50.0,2014.0,3.0
GPU,2014-03-21,28.0,65.0,123.0,1500.0,725.0,TSMC,AMD,,992.0,,2014.0,3.0
GPU,2014-11-23,28.0,80.0,212.0,2800.0,850.0,TSMC,AMD,,1997.0,124.8,2014.0,11.0
GPU,2014-11-23,28.0,250.0,366.0,5000.0,723.0,TSMC,AMD,2961.0,2961.0,185.1,2014.0,11.0
GPU,2014-11-23,28.0,65.0,366.0,5000.0,650.0,TSMC,AMD,,,,2014.0,11.0
GPU,2014-11-23,28.0,250.0,366.0,5000.0,850.0,TSMC,AMD,3482.0,3482.0,217.6,2014.0,11.0
GPU,2014-09-05,14.0,15.0,169.0,1170.0,300.0,Intel,Intel,,307.2,76.8,2014.0,9.0
GPU,2014-09-05,14.0,65.0,169.0,1170.0,650.0,Intel,Intel,,,,2014.0,9.0
GPU,2014-09-05,14.0,15.0,169.0,1170.0,300.0,Intel,Intel,,326.4,81.6,2014.0,9.0
GPU,2014-09-05,14.0,15.0,169.0,1170.0,300.0,Intel,Intel,,403.2,100.8,2014.0,9.0
GPU,2014-09-05,14.0,15.0,133.0,1170.0,300.0,Intel,Intel,,729.6,182.4,2014.0,9.0
GPU,2014-09-05,14.0,65.0,133.0,1170.0,650.0,Intel,Intel,,,,2014.0,9.0
GPU,2014-09-05,14.0,15.0,169.0,1170.0,700.0,Intel,Intel,,384.0,96.0,2014.0,9.0
GPU,2014-09-05,14.0,15.0,133.0,1170.0,300.0,Intel,Intel,,768.0,192.0,2014.0,9.0
GPU,2014-09-05,14.0,15.0,169.0,1170.0,300.0,Intel,Intel,,844.8,211.2,2014.0,9.0
GPU,2014-09-05,14.0,65.0,169.0,1170.0,650.0,Intel,Intel,,,,2014.0,9.0
GPU,2014-09-05,14.0,15.0,169.0,1170.0,300.0,Intel,Intel,,844.8,211.2,2014.0,9.0
GPU,2014-09-05,14.0,15.0,169.0,1170.0,300.0,Intel,Intel,,614.4,153.6,2014.0,9.0
GPU,2014-07-02,28.0,130.0,118.0,1270.0,850.0,TSMC,NVIDIA,,326.4,13.6,2014.0,7.0
GPU,2014-07-02,28.0,225.0,294.0,3540.0,745.0,TSMC,NVIDIA,,2289.0,95.36,2014.0,7.0
GPU,2014-07-02,28.0,225.0,294.0,3540.0,745.0,TSMC,NVIDIA,,2289.0,95.36,2014.0,7.0
GPU,2014-07-02,28.0,225.0,294.0,3540.0,745.0,TSMC,NVIDIA,,2289.0,95.36,2014.0,7.0
GPU,2014-07-02,28.0,225.0,294.0,3540.0,745.0,TSMC,NVIDIA,,2289.0,95.36,2014.0,7.0
GPU,2014-07-02,28.0,225.0,294.0,3540.0,745.0,TSMC,NVIDIA,,2289.0,95.36,2014.0,7.0
GPU,2014-07-01,40.0,15.0,79.0,292.0,475.0,TSMC,NVIDIA,,91.2,7.6,2014.0,7.0
GPU,2014-03-17,28.0,15.0,87.0,1020.0,719.0,TSMC,NVIDIA,,291.1,12.13,2014.0,3.0
GPU,2014-07-01,28.0,33.0,116.0,585.0,775.0,TSMC,NVIDIA,,297.6,24.8,2014.0,7.0
GPU,2014-03-17,40.0,15.0,79.0,292.0,475.0,TSMC,NVIDIA,,91.2,7.6,2014.0,3.0
GPU,2014-07-22,28.0,15.0,87.0,1020.0,719.0,TSMC,NVIDIA,,291.1,12.13,2014.0,7.0
GPU,2014-07-22,28.0,15.0,87.0,1020.0,719.0,TSMC,NVIDIA,,291.1,12.13,2014.0,7.0
GPU,2014-03-24,28.0,15.0,116.0,585.0,738.0,TSMC,NVIDIA,,85.25,7.104,2014.0,3.0
GPU,2014-07-22,28.0,33.0,77.0,1020.0,1082.0,TSMC,NVIDIA,,588.8,18.4,2014.0,7.0
GPU,2014-03-12,28.0,65.0,77.0,1020.0,650.0,TSMC,NVIDIA,,,,2014.0,3.0
GPU,2014-03-27,40.0,29.0,79.0,292.0,874.0,TSMC,NVIDIA,,167.8,13.98,2014.0,3.0
GPU,2014-03-27,28.0,19.0,87.0,1020.0,954.0,TSMC,NVIDIA,,366.3,15.26,2014.0,3.0
GPU,2014-03-27,28.0,19.0,87.0,1020.0,954.0,TSMC,NVIDIA,,366.3,15.26,2014.0,3.0
GPU,2014-03-27,28.0,65.0,87.0,1020.0,650.0,TSMC,NVIDIA,,,,2014.0,3.0
GPU,2014-03-27,28.0,19.0,87.0,1020.0,954.0,TSMC,NVIDIA,,366.3,15.26,2014.0,3.0
GPU,2014-09-29,28.0,19.0,87.0,1020.0,797.0,TSMC,NVIDIA,,306.0,12.75,2014.0,9.0
GPU,2014-03-27,28.0,19.0,87.0,1020.0,967.0,TSMC,NVIDIA,,742.7,30.94,2014.0,3.0
GPU,2014-07-01,28.0,33.0,116.0,585.0,775.0,TSMC,NVIDIA,,297.6,24.8,2014.0,7.0
GPU,2014-06-18,28.0,38.0,87.0,1020.0,902.0,TSMC,NVIDIA,,692.7,28.86,2014.0,6.0
GPU,2014-06-18,40.0,49.0,116.0,585.0,700.0,TSMC,NVIDIA,,268.8,22.4,2014.0,6.0
GPU,2014-06-18,40.0,49.0,116.0,585.0,700.0,TSMC,NVIDIA,,268.8,22.4,2014.0,6.0
GPU,2014-07-01,28.0,33.0,87.0,1020.0,719.0,TSMC,NVIDIA,,582.1,24.26,2014.0,7.0
GPU,2014-05-29,28.0,64.0,118.0,1270.0,993.0,TSMC,NVIDIA,,762.6,31.78,2014.0,5.0
GPU,2014-09-13,28.0,140.0,294.0,3540.0,980.0,TSMC,NVIDIA,,1981.0,82.56,2014.0,9.0
GPU,2014-03-17,28.0,55.0,221.0,2540.0,628.0,TSMC,NVIDIA,,1104.0,46.02,2014.0,3.0
GPU,2014-09-19,28.0,148.0,398.0,5200.0,1050.0,TSMC,NVIDIA,,3920.0,122.5,2014.0,9.0
GPU,2014-09-19,28.0,65.0,398.0,5200.0,650.0,TSMC,NVIDIA,,,,2014.0,9.0
GPU,2014-10-07,28.0,65.0,398.0,5200.0,924.0,TSMC,NVIDIA,,2657.0,83.04,2014.0,10.0
GPU,2014-10-07,28.0,65.0,398.0,5200.0,924.0,TSMC,NVIDIA,,2657.0,83.04,2014.0,10.0
GPU,2014-09-19,28.0,165.0,398.0,5200.0,1127.0,TSMC,NVIDIA,,4981.0,155.6,2014.0,9.0
GPU,2014-10-07,28.0,65.0,398.0,5200.0,1038.0,TSMC,NVIDIA,,3462.0,108.2,2014.0,10.0
GPU,2014-10-07,28.0,65.0,398.0,5200.0,1038.0,TSMC,NVIDIA,,3462.0,108.2,2014.0,10.0
GPU,2014-05-28,28.0,375.0,561.0,7080.0,705.0,TSMC,NVIDIA,,5046.0,1682.0,2014.0,5.0
GPU,2014-10-15,28.0,8.0,169.0,1170.0,756.0,TSMC,NVIDIA,,365.2,11.41,2014.0,10.0
GPU,2014-10-15,28.0,65.0,169.0,1170.0,650.0,TSMC,NVIDIA,,,,2014.0,10.0
GPU,2014-08-22,28.0,35.0,118.0,1270.0,851.0,TSMC,NVIDIA,,326.8,13.62,2014.0,8.0
GPU,2014-08-22,28.0,35.0,118.0,1270.0,745.0,TSMC,NVIDIA,,286.1,11.92,2014.0,8.0
GPU,2014-07-22,28.0,68.0,148.0,1870.0,1046.0,TSMC,NVIDIA,,1439.0,44.96,2014.0,7.0
GPU,2014-01-13,28.0,65.0,148.0,1870.0,650.0,TSMC,NVIDIA,,,,2014.0,1.0
GPU,2014-07-19,28.0,65.0,148.0,1870.0,1150.0,TSMC,NVIDIA,,1472.0,46.0,2014.0,7.0
GPU,2014-07-22,28.0,41.0,118.0,1270.0,876.0,TSMC,NVIDIA,,336.4,14.02,2014.0,7.0
GPU,2014-07-22,28.0,108.0,294.0,3540.0,771.0,TSMC,NVIDIA,,2107.0,87.81,2014.0,7.0
GPU,2014-07-22,28.0,150.0,561.0,7080.0,667.0,TSMC,NVIDIA,,3553.0,148.0,2014.0,7.0
GPU,2014-07-22,28.0,45.0,148.0,1870.0,1058.0,TSMC,NVIDIA,,863.2,26.98,2014.0,7.0
GPU,2014-09-16,28.0,100.0,294.0,3540.0,693.0,TSMC,NVIDIA,,2491.0,103.8,2014.0,9.0
GPU,2014-11-17,28.0,300.0,561.0,7100.0,562.0,TSMC,NVIDIA,,4113.0,1371.0,2014.0,11.0
GPU,2014-11-17,28.0,65.0,561.0,7100.0,650.0,TSMC,NVIDIA,,,,2014.0,11.0
GPU,2015-07-08,28.0,275.0,438.0,6200.0,930.0,TSMC,AMD,,5238.0,2619.0,2015.0,7.0
GPU,2015-11-12,28.0,65.0,77.0,950.0,825.0,TSMC,AMD,,691.2,43.2,2015.0,11.0
GPU,2015-12-01,28.0,50.0,160.0,2080.0,930.0,TSMC,AMD,,1428.0,89.28,2015.0,12.0
GPU,2015-10-02,28.0,65.0,123.0,1500.0,900.0,TSMC,AMD,,947.2,59.2,2015.0,10.0
GPU,2015-11-12,28.0,65.0,160.0,2080.0,1075.0,TSMC,AMD,,1651.0,103.2,2015.0,11.0
GPU,2015-10-02,28.0,100.0,366.0,5000.0,723.0,TSMC,AMD,2961.0,2961.0,185.1,2015.0,10.0
GPU,2015-09-29,40.0,25.0,67.0,370.0,600.0,TSMC,AMD,,192.0,,2015.0,9.0
GPU,2015-09-29,28.0,75.0,160.0,2080.0,1000.0,TSMC,AMD,,1536.0,96.0,2015.0,9.0
GPU,2015-09-29,28.0,75.0,160.0,2080.0,1000.0,TSMC,AMD,,1536.0,96.0,2015.0,9.0
GPU,2015-09-29,28.0,95.0,366.0,5000.0,735.0,TSMC,AMD,4096.0,4096.0,256.0,2015.0,9.0
GPU,2015-05-05,40.0,35.0,67.0,370.0,775.0,TSMC,AMD,,248.0,,2015.0,5.0
GPU,2015-05-05,28.0,65.0,77.0,950.0,730.0,TSMC,AMD,,599.0,37.44,2015.0,5.0
GPU,2015-05-05,28.0,65.0,77.0,950.0,900.0,TSMC,AMD,,691.2,43.2,2015.0,5.0
GPU,2015-10-21,28.0,65.0,56.0,690.0,1030.0,TSMC,AMD,,659.2,,2015.0,10.0
GPU,2015-05-05,28.0,65.0,56.0,690.0,650.0,TSMC,AMD,,,,2015.0,5.0
GPU,2015-10-21,28.0,65.0,56.0,690.0,1070.0,TSMC,AMD,,684.8,,2015.0,10.0
GPU,2015-05-05,28.0,65.0,125.0,1550.0,970.0,TSMC,AMD,745.0,745.0,46.56,2015.0,5.0
GPU,2015-05-05,28.0,65.0,125.0,1550.0,650.0,TSMC,AMD,,,,2015.0,5.0
GPU,2015-05-05,28.0,65.0,56.0,690.0,780.0,TSMC,AMD,,547.2,34.2,2015.0,5.0
GPU,2015-05-05,28.0,18.0,56.0,690.0,955.0,TSMC,AMD,,659.2,41.2,2015.0,5.0
GPU,2015-10-21,28.0,65.0,56.0,690.0,1030.0,TSMC,AMD,,659.2,41.2,2015.0,10.0
GPU,2015-11-07,28.0,15.0,125.0,1200.0,200.0,GlobalFoundries,AMD,553.0,553.0,276.5,2015.0,11.0
GPU,2015-11-07,28.0,65.0,125.0,1200.0,650.0,GlobalFoundries,AMD,,,,2015.0,11.0
GPU,2015-12-12,28.0,65.0,56.0,690.0,955.0,TSMC,AMD,,791.0,49.44,2015.0,12.0
GPU,2015-12-12,28.0,65.0,56.0,690.0,955.0,TSMC,AMD,,791.0,49.44,2015.0,12.0
GPU,2015-11-07,28.0,15.0,125.0,1200.0,200.0,GlobalFoundries,AMD,553.0,553.0,276.5,2015.0,11.0
GPU,2015-05-05,28.0,50.0,77.0,950.0,730.0,TSMC,AMD,,599.0,37.44,2015.0,5.0
GPU,2015-05-05,28.0,50.0,77.0,950.0,730.0,TSMC,AMD,,599.0,37.44,2015.0,5.0
GPU,2015-05-05,28.0,65.0,77.0,950.0,1000.0,TSMC,AMD,,806.4,50.4,2015.0,5.0
GPU,2015-05-05,28.0,65.0,77.0,950.0,1000.0,TSMC,AMD,,806.4,50.4,2015.0,5.0
GPU,2015-06-18,28.0,100.0,160.0,2080.0,1000.0,TSMC,AMD,,1613.0,100.8,2015.0,6.0
GPU,2015-05-05,28.0,65.0,160.0,2080.0,650.0,TSMC,AMD,,,,2015.0,5.0
GPU,2015-06-18,28.0,85.0,160.0,2080.0,1100.0,TSMC,AMD,,1971.0,123.2,2015.0,6.0
GPU,2015-12-30,28.0,75.0,160.0,2080.0,1050.0,TSMC,AMD,,1613.0,100.8,2015.0,12.0
GPU,2015-06-18,28.0,110.0,212.0,2800.0,925.0,TSMC,AMD,,1997.0,124.8,2015.0,6.0
GPU,2015-05-05,28.0,65.0,212.0,2800.0,650.0,TSMC,AMD,,,,2015.0,5.0
GPU,2015-05-05,28.0,65.0,125.0,1550.0,1100.0,TSMC,AMD,864.0,864.0,54.0,2015.0,5.0
GPU,2015-12-06,28.0,65.0,77.0,950.0,620.0,TSMC,AMD,,549.1,,2015.0,12.0
GPU,2015-12-06,28.0,65.0,77.0,950.0,620.0,TSMC,AMD,,549.1,34.32,2015.0,12.0
GPU,2015-05-05,28.0,65.0,125.0,1550.0,943.0,TSMC,AMD,653.4,653.4,40.84,2015.0,5.0
GPU,2015-05-05,28.0,65.0,125.0,1550.0,1100.0,TSMC,AMD,864.0,864.0,54.0,2015.0,5.0
GPU,2015-05-05,28.0,65.0,77.0,950.0,875.0,TSMC,AMD,,737.3,46.08,2015.0,5.0
GPU,2015-05-05,28.0,65.0,77.0,950.0,650.0,TSMC,AMD,,,,2015.0,5.0
GPU,2015-11-15,28.0,15.0,125.0,1200.0,200.0,GlobalFoundries,AMD,737.3,737.3,368.6,2015.0,11.0
GPU,2015-12-12,28.0,65.0,56.0,690.0,955.0,TSMC,AMD,,791.0,49.44,2015.0,12.0
GPU,2015-06-03,28.0,65.0,125.0,1550.0,900.0,TSMC,AMD,864.0,864.0,54.0,2015.0,6.0
GPU,2015-05-05,28.0,75.0,160.0,2080.0,1000.0,TSMC,AMD,,1613.0,100.8,2015.0,5.0
GPU,2015-05-05,28.0,110.0,212.0,2800.0,925.0,TSMC,AMD,,2496.0,156.0,2015.0,5.0
GPU,2015-06-12,28.0,150.0,212.0,2800.0,925.0,TSMC,AMD,,1997.0,124.8,2015.0,6.0
GPU,2015-08-27,28.0,180.0,212.0,2800.0,980.0,TSMC,AMD,,2637.0,164.8,2015.0,8.0
GPU,2015-06-18,28.0,190.0,366.0,5000.0,970.0,TSMC,AMD,3476.0,3476.0,217.3,2015.0,6.0
GPU,2015-05-05,28.0,65.0,366.0,5000.0,650.0,TSMC,AMD,,,,2015.0,5.0
GPU,2015-05-05,28.0,190.0,366.0,5000.0,918.0,TSMC,AMD,3290.0,3290.0,205.6,2015.0,5.0
GPU,2015-11-19,28.0,190.0,366.0,5000.0,970.0,TSMC,AMD,3973.0,3973.0,248.3,2015.0,11.0
GPU,2015-06-18,28.0,275.0,438.0,6200.0,1000.0,TSMC,AMD,,5120.0,640.0,2015.0,6.0
GPU,2015-06-18,28.0,65.0,438.0,6200.0,650.0,TSMC,AMD,,,,2015.0,6.0
GPU,2015-09-03,28.0,580.0,438.0,6200.0,1000.0,TSMC,AMD,,5120.0,640.0,2015.0,9.0
GPU,2015-06-18,28.0,275.0,438.0,6200.0,1050.0,TSMC,AMD,,5914.0,739.2,2015.0,6.0
GPU,2015-07-10,28.0,275.0,596.0,8900.0,1000.0,TSMC,AMD,7168.0,7168.0,448.0,2015.0,7.0
GPU,2015-06-24,28.0,65.0,596.0,8900.0,650.0,TSMC,AMD,,,,2015.0,6.0
GPU,2015-06-24,28.0,275.0,596.0,8900.0,1050.0,TSMC,AMD,8602.0,8602.0,537.6,2015.0,6.0
GPU,2015-05-05,28.0,65.0,123.0,1500.0,900.0,TSMC,AMD,,947.2,59.2,2015.0,5.0
GPU,2015-05-05,28.0,65.0,123.0,1500.0,1000.0,TSMC,AMD,,1299.0,81.2,2015.0,5.0
GPU,2015-05-05,28.0,65.0,123.0,1500.0,925.0,TSMC,AMD,,1299.0,81.2,2015.0,5.0
GPU,2015-05-05,28.0,65.0,160.0,2080.0,900.0,TSMC,AMD,,1536.0,96.0,2015.0,5.0
GPU,2015-05-05,28.0,65.0,160.0,2080.0,650.0,TSMC,AMD,,,,2015.0,5.0
GPU,2015-05-05,28.0,65.0,160.0,2080.0,900.0,TSMC,AMD,,1792.0,112.0,2015.0,5.0
GPU,2015-05-05,28.0,250.0,366.0,5000.0,834.0,TSMC,AMD,,2989.0,373.6,2015.0,5.0
GPU,2015-08-27,28.0,175.0,596.0,8900.0,1000.0,TSMC,AMD,8192.0,8192.0,512.0,2015.0,8.0
GPU,2015-09-01,14.0,6.0,169.0,1170.0,200.0,Intel,Intel,,124.8,15.6,2015.0,9.0
GPU,2015-09-01,14.0,65.0,169.0,1170.0,650.0,Intel,Intel,,,,2015.0,9.0
GPU,2015-09-01,32.0,15.0,169.0,1170.0,350.0,Intel,Intel,364.8,182.4,45.6,2015.0,9.0
GPU,2015-09-01,32.0,65.0,169.0,1170.0,650.0,Intel,Intel,,,,2015.0,9.0
GPU,2015-09-01,32.0,15.0,169.0,1170.0,300.0,Intel,Intel,345.6,172.8,43.2,2015.0,9.0
GPU,2015-09-01,32.0,15.0,123.0,1170.0,300.0,Intel,Intel,614.4,307.2,76.8,2015.0,9.0
GPU,2015-09-01,32.0,65.0,123.0,1170.0,650.0,Intel,Intel,,,,2015.0,9.0
GPU,2015-09-01,32.0,15.0,123.0,1170.0,300.0,Intel,Intel,691.2,345.6,86.4,2015.0,9.0
GPU,2015-09-01,32.0,15.0,123.0,1170.0,350.0,Intel,Intel,729.6,364.8,91.2,2015.0,9.0
GPU,2015-09-01,32.0,15.0,123.0,1170.0,350.0,Intel,Intel,729.6,364.8,91.2,2015.0,9.0
GPU,2015-09-01,32.0,15.0,123.0,1170.0,350.0,Intel,Intel,768.0,384.0,96.0,2015.0,9.0
GPU,2015-09-01,32.0,15.0,169.0,1170.0,300.0,Intel,Intel,,768.0,,2015.0,9.0
GPU,2015-09-01,32.0,65.0,169.0,1170.0,650.0,Intel,Intel,,,,2015.0,9.0
GPU,2015-09-01,32.0,15.0,169.0,1170.0,300.0,Intel,Intel,1536.0,768.0,192.0,2015.0,9.0
GPU,2015-09-01,32.0,15.0,169.0,1170.0,350.0,Intel,Intel,2189.0,1094.0,273.6,2015.0,9.0
GPU,2015-09-01,32.0,65.0,169.0,1170.0,650.0,Intel,Intel,,,,2015.0,9.0
GPU,2015-09-01,32.0,15.0,169.0,1170.0,350.0,Intel,Intel,1536.0,768.0,192.0,2015.0,9.0
GPU,2015-09-01,32.0,15.0,169.0,1170.0,350.0,Intel,Intel,2304.0,1152.0,288.0,2015.0,9.0
GPU,2015-09-01,32.0,15.0,169.0,1170.0,350.0,Intel,Intel,2419.0,1210.0,302.4,2015.0,9.0
GPU,2015-08-30,28.0,100.0,398.0,5200.0,722.0,TSMC,NVIDIA,,2218.0,69.31,2015.0,8.0
GPU,2015-08-30,28.0,225.0,398.0,5200.0,557.0,TSMC,NVIDIA,,4825.0,150.8,2015.0,8.0
GPU,2015-08-30,28.0,225.0,398.0,5200.0,557.0,TSMC,NVIDIA,,4825.0,150.8,2015.0,8.0
GPU,2015-08-30,28.0,225.0,398.0,5200.0,557.0,TSMC,NVIDIA,,4825.0,150.8,2015.0,8.0
GPU,2015-08-30,28.0,225.0,398.0,5200.0,557.0,TSMC,NVIDIA,,4825.0,150.8,2015.0,8.0
GPU,2015-08-26,28.0,33.0,77.0,1020.0,1071.0,TSMC,NVIDIA,,883.2,27.6,2015.0,8.0
GPU,2015-10-27,28.0,75.0,148.0,1870.0,928.0,TSMC,NVIDIA,,1306.0,40.8,2015.0,10.0
GPU,2015-11-17,28.0,60.0,228.0,2940.0,1087.0,TSMC,NVIDIA,,1269.0,39.65,2015.0,11.0
GPU,2015-01-22,28.0,65.0,228.0,2940.0,650.0,TSMC,NVIDIA,,,,2015.0,1.0
GPU,2015-08-20,28.0,90.0,228.0,2940.0,1024.0,TSMC,NVIDIA,,1825.0,57.02,2015.0,8.0
GPU,2015-11-26,28.0,65.0,398.0,5200.0,924.0,TSMC,NVIDIA,,2657.0,83.04,2015.0,11.0
GPU,2015-11-26,28.0,65.0,228.0,2940.0,1176.0,TSMC,NVIDIA,,2460.0,76.86,2015.0,11.0
GPU,2015-09-21,28.0,65.0,398.0,5200.0,1064.0,TSMC,NVIDIA,,4669.0,145.9,2015.0,9.0
GPU,2015-06-02,28.0,250.0,601.0,8000.0,1000.0,TSMC,NVIDIA,,6060.0,189.4,2015.0,6.0
GPU,2015-03-17,28.0,65.0,601.0,8000.0,650.0,TSMC,NVIDIA,,,,2015.0,3.0
GPU,2015-11-04,28.0,68.0,148.0,1870.0,902.0,TSMC,NVIDIA,,1058.0,33.06,2015.0,11.0
GPU,2015-08-18,28.0,40.0,148.0,1870.0,993.0,TSMC,NVIDIA,,1098.0,34.3,2015.0,8.0
GPU,2015-12-03,28.0,55.0,148.0,1870.0,1098.0,TSMC,NVIDIA,,1455.0,45.48,2015.0,12.0
GPU,2015-08-18,28.0,75.0,398.0,5200.0,823.0,TSMC,NVIDIA,,1892.0,59.14,2015.0,8.0
GPU,2015-06-29,28.0,120.0,398.0,5200.0,773.0,TSMC,NVIDIA,,2573.0,80.39,2015.0,6.0
GPU,2015-08-18,28.0,100.0,398.0,5200.0,975.0,TSMC,NVIDIA,,2593.0,81.04,2015.0,8.0
GPU,2015-06-29,28.0,150.0,398.0,5200.0,861.0,TSMC,NVIDIA,,4252.0,132.9,2015.0,6.0
GPU,2015-08-18,28.0,100.0,398.0,5200.0,962.0,TSMC,NVIDIA,,3229.0,100.9,2015.0,8.0
GPU,2015-08-18,28.0,30.0,148.0,1870.0,837.0,TSMC,NVIDIA,,672.8,21.02,2015.0,8.0
GPU,2015-11-10,28.0,50.0,228.0,2940.0,872.0,TSMC,NVIDIA,,2195.0,68.61,2015.0,11.0
GPU,2015-11-10,28.0,250.0,601.0,8000.0,948.0,TSMC,NVIDIA,,6832.0,213.5,2015.0,11.0
GPU,2015-11-10,28.0,250.0,601.0,8000.0,948.0,TSMC,NVIDIA,,6832.0,213.5,2015.0,11.0
GPU,2015-08-30,28.0,100.0,398.0,5200.0,930.0,TSMC,NVIDIA,,3625.0,113.3,2015.0,8.0
GPU,2015-08-30,28.0,100.0,398.0,5200.0,930.0,TSMC,NVIDIA,,3625.0,113.3,2015.0,8.0
GPU,2015-08-30,28.0,300.0,398.0,5200.0,557.0,TSMC,NVIDIA,,4825.0,150.8,2015.0,8.0
GPU,2016-05-25,28.0,100.0,366.0,5000.0,725.0,TSMC,AMD,2970.0,2970.0,185.6,2016.0,5.0
GPU,2016-03-31,28.0,300.0,596.0,8900.0,975.0,TSMC,AMD,,7987.0,499.2,2016.0,3.0
GPU,2016-03-31,28.0,65.0,596.0,8900.0,650.0,TSMC,AMD,,,,2016.0,3.0
GPU,2016-11-10,16.0,150.0,322.0,5700.0,911.0,TSMC,AMD,8396.0,4198.0,,2016.0,11.0
GPU,2016-11-10,16.0,65.0,322.0,5700.0,650.0,TSMC,AMD,,,,2016.0,11.0
GPU,2016-09-07,16.0,75.0,209.0,1170.0,800.0,TSMC,AMD,1843.0,1843.0,,2016.0,9.0
GPU,2016-09-07,16.0,65.0,209.0,1170.0,650.0,TSMC,AMD,,,,2016.0,9.0
GPU,2016-09-27,14.0,50.0,123.0,3000.0,1053.0,GlobalFoundries,AMD,1887.0,1887.0,117.9,2016.0,9.0
GPU,2016-08-08,14.0,65.0,123.0,3000.0,650.0,GlobalFoundries,AMD,,,,2016.0,8.0
GPU,2016-09-27,14.0,80.0,123.0,3000.0,1090.0,GlobalFoundries,AMD,2150.0,2150.0,134.4,2016.0,9.0
GPU,2016-09-27,14.0,95.0,232.0,5700.0,1120.0,GlobalFoundries,AMD,5732.0,5732.0,358.3,2016.0,9.0
GPU,2016-06-29,14.0,65.0,232.0,5700.0,650.0,GlobalFoundries,AMD,,,,2016.0,6.0
GPU,2016-12-12,14.0,150.0,232.0,5700.0,1120.0,GlobalFoundries,AMD,5682.0,5682.0,355.1,2016.0,12.0
GPU,2016-12-12,28.0,175.0,596.0,8900.0,1000.0,TSMC,AMD,8192.0,8192.0,512.0,2016.0,12.0
GPU,2016-10-30,14.0,35.0,123.0,3000.0,800.0,GlobalFoundries,AMD,1024.0,1024.0,64.0,2016.0,10.0
GPU,2016-10-30,14.0,35.0,123.0,3000.0,855.0,GlobalFoundries,AMD,1313.0,1313.0,82.08,2016.0,10.0
GPU,2016-10-30,14.0,35.0,123.0,3000.0,850.0,GlobalFoundries,AMD,1858.0,1858.0,116.1,2016.0,10.0
GPU,2016-04-26,28.0,350.0,596.0,8900.0,1000.0,TSMC,AMD,8192.0,8192.0,512.0,2016.0,4.0
GPU,2016-07-26,28.0,260.0,596.0,8900.0,1000.0,TSMC,AMD,17200.0,8602.0,537.6,2016.0,7.0
GPU,2016-11-10,14.0,50.0,123.0,3000.0,1125.0,GlobalFoundries,AMD,2460.0,2460.0,153.7,2016.0,11.0
GPU,2016-11-18,14.0,75.0,232.0,5700.0,713.0,GlobalFoundries,AMD,3892.0,3892.0,243.3,2016.0,11.0
GPU,2016-11-10,14.0,130.0,232.0,5700.0,1188.0,GlobalFoundries,AMD,5728.0,5728.0,358.0,2016.0,11.0
GPU,2016-06-01,28.0,15.0,125.0,1200.0,300.0,GlobalFoundries,AMD,76.8,76.8,4.8,2016.0,6.0
GPU,2016-06-01,28.0,65.0,125.0,1200.0,650.0,GlobalFoundries,AMD,,,,2016.0,6.0
GPU,2016-06-01,28.0,15.0,125.0,1200.0,200.0,GlobalFoundries,AMD,153.6,153.6,9.6,2016.0,6.0
GPU,2016-06-01,28.0,15.0,125.0,1200.0,200.0,GlobalFoundries,AMD,153.6,153.6,9.6,2016.0,6.0
GPU,2016-06-01,28.0,15.0,125.0,1200.0,200.0,GlobalFoundries,AMD,167.7,167.7,10.48,2016.0,6.0
GPU,2016-06-01,28.0,15.0,125.0,1200.0,200.0,GlobalFoundries,AMD,251.5,251.5,15.72,2016.0,6.0
GPU,2016-06-01,28.0,15.0,125.0,1200.0,400.0,GlobalFoundries,AMD,230.4,230.4,14.4,2016.0,6.0
GPU,2016-06-30,28.0,50.0,77.0,950.0,730.0,TSMC,AMD,,599.0,37.44,2016.0,6.0
GPU,2016-06-30,28.0,50.0,56.0,690.0,1030.0,TSMC,AMD,,659.2,41.2,2016.0,6.0
GPU,2016-06-30,28.0,65.0,56.0,690.0,650.0,TSMC,AMD,,,,2016.0,6.0
GPU,2016-05-15,28.0,65.0,56.0,690.0,780.0,TSMC,AMD,,544.0,34.0,2016.0,5.0
GPU,2016-05-15,28.0,65.0,56.0,690.0,780.0,TSMC,AMD,,659.2,41.2,2016.0,5.0
GPU,2016-05-15,28.0,65.0,56.0,690.0,1030.0,TSMC,AMD,,659.2,41.2,2016.0,5.0
GPU,2016-05-15,28.0,65.0,56.0,690.0,780.0,TSMC,AMD,,659.2,41.2,2016.0,5.0
GPU,2016-06-01,28.0,15.0,125.0,1200.0,200.0,GlobalFoundries,AMD,325.2,325.2,20.33,2016.0,6.0
GPU,2016-06-01,28.0,15.0,125.0,1200.0,200.0,GlobalFoundries,AMD,325.2,325.2,20.33,2016.0,6.0
GPU,2016-12-12,28.0,65.0,56.0,690.0,955.0,TSMC,AMD,,791.0,49.44,2016.0,12.0
GPU,2016-07-06,28.0,55.0,123.0,1500.0,800.0,TSMC,AMD,,819.2,51.2,2016.0,7.0
GPU,2016-06-30,28.0,50.0,77.0,950.0,730.0,TSMC,AMD,,599.0,37.44,2016.0,6.0
GPU,2016-06-30,28.0,50.0,77.0,950.0,920.0,TSMC,AMD,,588.8,36.8,2016.0,6.0
GPU,2016-06-30,28.0,65.0,123.0,1500.0,925.0,TSMC,AMD,,947.2,59.2,2016.0,6.0
GPU,2016-05-15,28.0,65.0,125.0,1550.0,891.0,TSMC,AMD,570.2,570.2,35.64,2016.0,5.0
GPU,2016-05-15,28.0,65.0,125.0,1550.0,780.0,TSMC,AMD,588.8,588.8,36.8,2016.0,5.0
GPU,2016-05-15,28.0,65.0,125.0,1550.0,730.0,TSMC,AMD,786.4,786.4,49.15,2016.0,5.0
GPU,2016-05-15,28.0,65.0,77.0,950.0,825.0,TSMC,AMD,,633.6,39.6,2016.0,5.0
GPU,2016-05-15,28.0,65.0,125.0,1550.0,730.0,TSMC,AMD,786.4,786.4,49.15,2016.0,5.0
GPU,2016-05-15,28.0,65.0,123.0,1500.0,900.0,TSMC,AMD,,947.2,59.2,2016.0,5.0
GPU,2016-12-12,28.0,65.0,56.0,690.0,955.0,TSMC,AMD,,791.0,49.44,2016.0,12.0
GPU,2016-05-15,28.0,65.0,125.0,1550.0,780.0,TSMC,AMD,653.4,653.4,40.84,2016.0,5.0
GPU,2016-05-15,28.0,65.0,160.0,2080.0,900.0,TSMC,AMD,,1536.0,96.0,2016.0,5.0
GPU,2016-05-15,28.0,65.0,160.0,2080.0,1000.0,TSMC,AMD,,1971.0,123.2,2016.0,5.0
GPU,2016-05-15,28.0,250.0,366.0,5000.0,723.0,TSMC,AMD,2961.0,2961.0,185.1,2016.0,5.0
GPU,2016-06-30,28.0,100.0,160.0,2080.0,1050.0,TSMC,AMD,,1613.0,100.8,2016.0,6.0
GPU,2016-08-08,14.0,75.0,123.0,3000.0,1090.0,GlobalFoundries,AMD,2150.0,2150.0,134.4,2016.0,8.0
GPU,2016-08-08,14.0,55.0,123.0,3000.0,1000.0,GlobalFoundries,AMD,2115.0,2115.0,132.2,2016.0,8.0
GPU,2016-08-04,14.0,120.0,232.0,5700.0,926.0,GlobalFoundries,AMD,4940.0,4940.0,308.7,2016.0,8.0
GPU,2016-08-04,14.0,85.0,232.0,5700.0,926.0,GlobalFoundries,AMD,4399.0,4399.0,274.9,2016.0,8.0
GPU,2016-10-21,14.0,120.0,232.0,5700.0,926.0,GlobalFoundries,AMD,4322.0,4322.0,270.1,2016.0,10.0
GPU,2016-06-29,14.0,150.0,232.0,5700.0,1120.0,GlobalFoundries,AMD,5834.0,5834.0,364.6,2016.0,6.0
GPU,2016-08-04,14.0,100.0,232.0,5700.0,1000.0,GlobalFoundries,AMD,4963.0,4963.0,310.2,2016.0,8.0
GPU,2016-06-29,14.0,150.0,232.0,5700.0,1120.0,GlobalFoundries,AMD,5834.0,5834.0,364.6,2016.0,6.0
GPU,2016-08-02,16.0,95.0,240.0,5000.0,914.0,TSMC,AMD,,1404.0,,2016.0,8.0
GPU,2016-08-02,16.0,65.0,240.0,5000.0,650.0,TSMC,AMD,,,,2016.0,8.0
GPU,2016-09-01,14.0,6.0,169.0,1170.0,200.0,Intel,Intel,,187.2,23.4,2016.0,9.0
GPU,2016-09-01,14.0,65.0,169.0,1170.0,650.0,Intel,Intel,,,,2016.0,9.0
GPU,2016-08-30,32.0,5.0,169.0,1170.0,350.0,Intel,Intel,403.2,201.6,50.4,2016.0,8.0
GPU,2016-08-30,32.0,65.0,169.0,1170.0,650.0,Intel,Intel,,,,2016.0,8.0
GPU,2016-08-30,32.0,5.0,169.0,1170.0,300.0,Intel,Intel,345.6,172.8,43.2,2016.0,8.0
GPU,2016-08-30,32.0,5.0,169.0,1170.0,300.0,Intel,Intel,652.8,326.4,81.6,2016.0,8.0
GPU,2016-08-05,32.0,65.0,169.0,1170.0,650.0,Intel,Intel,,,,2016.0,8.0
GPU,2016-08-30,32.0,15.0,169.0,1170.0,300.0,Intel,Intel,768.0,384.0,96.0,2016.0,8.0
GPU,2016-08-30,32.0,15.0,169.0,1170.0,350.0,Intel,Intel,768.0,384.0,96.0,2016.0,8.0
GPU,2016-08-30,32.0,15.0,169.0,1170.0,350.0,Intel,Intel,768.0,384.0,96.0,2016.0,8.0
GPU,2016-08-05,32.0,15.0,169.0,1170.0,350.0,Intel,Intel,844.8,422.4,105.6,2016.0,8.0
GPU,2016-05-18,28.0,225.0,148.0,1870.0,1033.0,TSMC,NVIDIA,,1672.0,52.24,2016.0,5.0
GPU,2016-05-18,28.0,65.0,148.0,1870.0,1033.0,TSMC,NVIDIA,,1672.0,52.24,2016.0,5.0
GPU,2016-05-18,28.0,50.0,148.0,1870.0,1033.0,TSMC,NVIDIA,,793.3,24.79,2016.0,5.0
GPU,2016-03-25,28.0,16.0,77.0,1020.0,965.0,TSMC,NVIDIA,,508.4,15.89,2016.0,3.0
GPU,2014-03-12,28.0,65.0,77.0,1020.0,650.0,TSMC,NVIDIA,,,,2014.0,3.0
GPU,2016-06-28,28.0,23.0,148.0,1870.0,795.0,TSMC,NVIDIA,,881.7,27.55,2016.0,6.0
GPU,2016-04-08,28.0,23.0,77.0,1020.0,1006.0,TSMC,NVIDIA,,913.2,28.54,2016.0,4.0
GPU,2016-04-02,40.0,29.0,116.0,585.0,701.0,TSMC,NVIDIA,,134.6,11.22,2016.0,4.0
GPU,2016-10-25,14.0,75.0,132.0,3300.0,1354.0,Samsung,NVIDIA,29.1,1862.0,58.2,2016.0,10.0
GPU,2016-10-25,14.0,65.0,132.0,3300.0,650.0,Samsung,NVIDIA,,,,2016.0,10.0
GPU,2016-10-25,14.0,75.0,132.0,3300.0,1291.0,Samsung,NVIDIA,33.41,2138.0,66.82,2016.0,10.0
GPU,2016-08-18,16.0,120.0,200.0,4400.0,1506.0,TSMC,NVIDIA,61.49,3935.0,123.0,2016.0,8.0
GPU,2016-07-19,16.0,65.0,200.0,4400.0,650.0,TSMC,NVIDIA,,,,2016.0,7.0
GPU,2016-12-25,16.0,120.0,314.0,7200.0,1506.0,TSMC,NVIDIA,61.49,3935.0,123.0,2016.0,12.0
GPU,2016-05-27,16.0,65.0,314.0,7200.0,650.0,TSMC,NVIDIA,,,,2016.0,5.0
GPU,2016-07-19,16.0,120.0,200.0,4400.0,1506.0,TSMC,NVIDIA,68.36,4375.0,136.7,2016.0,7.0
GPU,2016-08-15,16.0,80.0,200.0,4400.0,1405.0,TSMC,NVIDIA,66.84,4278.0,133.7,2016.0,8.0
GPU,2016-06-10,16.0,150.0,314.0,7200.0,1506.0,TSMC,NVIDIA,101.0,6463.0,202.0,2016.0,6.0
GPU,2016-08-15,16.0,120.0,314.0,7200.0,1443.0,TSMC,NVIDIA,105.3,6738.0,210.6,2016.0,8.0
GPU,2016-08-15,16.0,65.0,314.0,7200.0,650.0,TSMC,NVIDIA,,,,2016.0,8.0
GPU,2016-05-27,16.0,180.0,314.0,7200.0,1607.0,TSMC,NVIDIA,138.6,8873.0,277.3,2016.0,5.0
GPU,2016-08-15,16.0,150.0,314.0,7200.0,1557.0,TSMC,NVIDIA,138.7,8878.0,277.4,2016.0,8.0
GPU,2016-11-06,28.0,170.0,294.0,3540.0,993.0,TSMC,NVIDIA,,2812.0,117.2,2016.0,11.0
GPU,2016-06-01,28.0,148.0,398.0,5200.0,1050.0,TSMC,NVIDIA,,3920.0,122.5,2016.0,6.0
GPU,2016-10-01,16.0,235.0,610.0,15300.0,1304.0,TSMC,NVIDIA,20690.0,10340.0,5172.0,2016.0,10.0
GPU,2016-04-05,16.0,65.0,610.0,15300.0,650.0,TSMC,NVIDIA,,,,2016.0,4.0
GPU,2016-04-08,28.0,75.0,228.0,2940.0,796.0,TSMC,NVIDIA,,1786.0,55.82,2016.0,4.0
GPU,2016-10-02,28.0,75.0,398.0,5200.0,823.0,TSMC,NVIDIA,,1892.0,59.14,2016.0,10.0
GPU,2016-04-27,28.0,30.0,77.0,1020.0,1029.0,TSMC,NVIDIA,,863.2,26.98,2016.0,4.0
GPU,2016-04-08,28.0,150.0,398.0,5200.0,1140.0,TSMC,NVIDIA,,4772.0,149.1,2016.0,4.0
GPU,2016-03-05,28.0,250.0,601.0,8000.0,988.0,TSMC,NVIDIA,,6844.0,213.9,2016.0,3.0
GPU,2016-10-01,16.0,180.0,314.0,7200.0,1607.0,TSMC,NVIDIA,138.6,8873.0,277.3,2016.0,10.0
GPU,2016-10-01,16.0,250.0,471.0,11800.0,1506.0,TSMC,NVIDIA,197.4,12630.0,394.8,2016.0,10.0
GPU,2016-08-02,16.0,65.0,471.0,11800.0,650.0,TSMC,NVIDIA,,,,2016.0,8.0
GPU,2016-08-02,16.0,250.0,471.0,11800.0,1417.0,TSMC,NVIDIA,171.5,10970.0,342.9,2016.0,8.0
GPU,2016-05-18,28.0,225.0,148.0,1870.0,1033.0,TSMC,NVIDIA,,1672.0,52.24,2016.0,5.0
GPU,2016-09-13,16.0,250.0,471.0,11800.0,1025.0,TSMC,NVIDIA,179.2,11470.0,358.3,2016.0,9.0
GPU,2016-04-05,16.0,300.0,610.0,15300.0,1328.0,TSMC,NVIDIA,21220.0,10610.0,5304.0,2016.0,4.0
GPU,2016-06-20,16.0,250.0,610.0,15300.0,1190.0,TSMC,NVIDIA,19050.0,9526.0,4763.0,2016.0,6.0
GPU,2016-06-20,16.0,250.0,610.0,15300.0,1190.0,TSMC,NVIDIA,19050.0,9526.0,4763.0,2016.0,6.0
GPU,2016-04-05,16.0,300.0,610.0,15300.0,1328.0,TSMC,NVIDIA,21220.0,10610.0,5304.0,2016.0,4.0
GPU,2016-09-13,16.0,75.0,314.0,7200.0,886.0,TSMC,NVIDIA,89.12,5704.0,178.2,2016.0,9.0
GPU,2016-09-13,16.0,250.0,471.0,11800.0,1303.0,TSMC,NVIDIA,183.7,11760.0,367.4,2016.0,9.0
GPU,,14.0,180.0,232.0,5700.0,1120.0,GlobalFoundries,AMD,4940.0,4940.0,308.7,,
GPU,2017-04-18,14.0,65.0,232.0,5700.0,650.0,GlobalFoundries,AMD,,,,2017.0,4.0
GPU,2017-04-18,28.0,50.0,56.0,690.0,1030.0,TSMC,AMD,,659.2,41.2,2017.0,4.0
GPU,2017-04-18,28.0,50.0,56.0,690.0,1030.0,TSMC,AMD,,659.2,41.2,2017.0,4.0
GPU,2017-04-18,28.0,50.0,56.0,690.0,1030.0,TSMC,AMD,,659.2,41.2,2017.0,4.0
GPU,2017-04-18,28.0,50.0,125.0,1550.0,730.0,TSMC,AMD,784.1,784.1,49.01,2017.0,4.0
GPU,2017-04-18,28.0,65.0,125.0,1550.0,650.0,TSMC,AMD,,,,2017.0,4.0
GPU,2017-04-18,28.0,50.0,125.0,1550.0,730.0,TSMC,AMD,684.3,684.3,42.77,2017.0,4.0
GPU,2017-04-18,28.0,50.0,125.0,1550.0,730.0,TSMC,AMD,786.4,786.4,49.15,2017.0,4.0
GPU,2017-04-18,28.0,65.0,125.0,1550.0,650.0,TSMC,AMD,,,,2017.0,4.0
GPU,2017-04-18,28.0,50.0,125.0,1550.0,730.0,TSMC,AMD,755.7,755.7,47.23,2017.0,4.0
GPU,2017-04-20,14.0,50.0,103.0,2200.0,1100.0,GlobalFoundries,AMD,1211.0,1211.0,75.71,2017.0,4.0
GPU,2017-04-20,14.0,65.0,103.0,2200.0,650.0,GlobalFoundries,AMD,,,,2017.0,4.0
GPU,2017-10-03,14.0,40.0,103.0,2200.0,1124.0,GlobalFoundries,AMD,1248.0,1248.0,78.02,2017.0,10.0
GPU,2017-10-03,14.0,35.0,103.0,2200.0,1124.0,GlobalFoundries,AMD,1248.0,1248.0,78.02,2017.0,10.0
GPU,2017-10-03,14.0,35.0,103.0,2200.0,1124.0,GlobalFoundries,AMD,1248.0,1248.0,78.02,2017.0,10.0
GPU,2017-10-03,14.0,50.0,103.0,2200.0,1124.0,GlobalFoundries,AMD,1248.0,1248.0,78.02,2017.0,10.0
GPU,2017-10-03,14.0,50.0,103.0,2200.0,1124.0,GlobalFoundries,AMD,1248.0,1248.0,78.02,2017.0,10.0
GPU,2017-06-27,14.0,300.0,495.0,12500.0,1400.0,GlobalFoundries,AMD,24580.0,12290.0,768.0,2017.0,6.0
GPU,2017-06-27,14.0,65.0,495.0,12500.0,650.0,GlobalFoundries,AMD,,,,2017.0,6.0
GPU,2017-06-05,14.0,75.0,123.0,3000.0,850.0,GlobalFoundries,AMD,1306.0,1306.0,81.6,2017.0,6.0
GPU,2017-04-18,14.0,65.0,123.0,3000.0,650.0,GlobalFoundries,AMD,,,,2017.0,4.0
GPU,2017-04-18,14.0,75.0,123.0,3000.0,907.0,GlobalFoundries,AMD,1858.0,1858.0,116.1,2017.0,4.0
GPU,2017-06-05,14.0,150.0,232.0,5700.0,1000.0,GlobalFoundries,AMD,3960.0,3960.0,247.5,2017.0,6.0
GPU,2017-06-05,14.0,150.0,232.0,5700.0,1096.0,GlobalFoundries,AMD,4489.0,4489.0,280.6,2017.0,6.0
GPU,2017-06-05,14.0,185.0,232.0,5700.0,1100.0,GlobalFoundries,AMD,5530.0,5530.0,345.6,2017.0,6.0
GPU,2017-04-24,14.0,250.0,232.0,5700.0,1243.0,GlobalFoundries,AMD,5728.0,5728.0,358.0,2017.0,4.0
GPU,2017-08-08,14.0,260.0,495.0,12500.0,1440.0,GlobalFoundries,AMD,24580.0,12290.0,768.0,2017.0,8.0
GPU,2017-06-29,14.0,230.0,495.0,12500.0,852.0,GlobalFoundries,AMD,21500.0,10750.0,672.0,2017.0,6.0
GPU,2017-08-14,14.0,210.0,495.0,12500.0,1138.0,GlobalFoundries,AMD,17920.0,8960.0,560.0,2017.0,8.0
GPU,2017-06-27,14.0,250.0,495.0,12500.0,1250.0,GlobalFoundries,AMD,22120.0,11060.0,691.2,2017.0,6.0
GPU,2017-06-04,14.0,35.0,103.0,2200.0,925.0,GlobalFoundries,AMD,1248.0,1248.0,78.02,2017.0,6.0
GPU,2017-06-12,14.0,65.0,103.0,2200.0,925.0,GlobalFoundries,AMD,1248.0,1248.0,78.02,2017.0,6.0
GPU,2017-03-01,14.0,50.0,123.0,3000.0,1002.0,GlobalFoundries,AMD,1348.0,1348.0,84.24,2017.0,3.0
GPU,2017-03-01,14.0,50.0,123.0,3000.0,1002.0,GlobalFoundries,AMD,1887.0,1887.0,117.9,2017.0,3.0
GPU,2017-03-01,14.0,50.0,123.0,3000.0,1002.0,GlobalFoundries,AMD,2460.0,2460.0,153.7,2017.0,3.0
GPU,2017-03-01,14.0,130.0,232.0,5700.0,1188.0,GlobalFoundries,AMD,,5728.0,358.0,2017.0,3.0
GPU,2017-03-01,14.0,130.0,232.0,5700.0,1188.0,GlobalFoundries,AMD,,5728.0,358.0,2017.0,3.0
GPU,2017-12-03,14.0,230.0,495.0,12500.0,1200.0,GlobalFoundries,AMD,21500.0,10750.0,672.0,2017.0,12.0
GPU,2017-07-10,14.0,230.0,495.0,12500.0,1200.0,GlobalFoundries,AMD,24580.0,12290.0,768.0,2017.0,7.0
GPU,2017-09-05,28.0,15.0,125.0,1200.0,200.0,GlobalFoundries,AMD,691.2,691.2,345.6,2017.0,9.0
GPU,2017-04-18,28.0,65.0,125.0,1550.0,780.0,TSMC,AMD,570.2,570.2,35.64,2017.0,4.0
GPU,2017-01-17,14.0,75.0,123.0,3000.0,1090.0,GlobalFoundries,AMD,2458.0,2458.0,153.6,2017.0,1.0
GPU,2017-11-11,14.0,50.0,103.0,2200.0,1046.0,GlobalFoundries,AMD,1071.0,1071.0,66.94,2017.0,11.0
GPU,2017-04-20,14.0,50.0,103.0,2200.0,1100.0,GlobalFoundries,AMD,1211.0,1211.0,75.71,2017.0,4.0
GPU,2017-10-13,14.0,50.0,123.0,3000.0,1019.0,GlobalFoundries,AMD,1097.0,1097.0,68.54,2017.0,10.0
GPU,2017-10-13,14.0,60.0,123.0,3000.0,1019.0,GlobalFoundries,AMD,1371.0,1371.0,85.68,2017.0,10.0
GPU,2017-07-02,14.0,50.0,103.0,2200.0,1100.0,GlobalFoundries,AMD,1647.0,1647.0,103.0,2017.0,7.0
GPU,2017-04-18,14.0,75.0,123.0,3000.0,1175.0,GlobalFoundries,AMD,2611.0,2611.0,163.2,2017.0,4.0
GPU,2017-07-04,14.0,45.0,123.0,3000.0,1090.0,GlobalFoundries,AMD,2106.0,2106.0,131.6,2017.0,7.0
GPU,2017-07-04,14.0,65.0,123.0,3000.0,1090.0,GlobalFoundries,AMD,2106.0,2106.0,131.6,2017.0,7.0
GPU,2017-04-18,14.0,150.0,232.0,5700.0,1168.0,GlobalFoundries,AMD,5095.0,5095.0,318.5,2017.0,4.0
GPU,2017-12-10,14.0,85.0,232.0,5700.0,926.0,GlobalFoundries,AMD,4940.0,4940.0,308.7,2017.0,12.0
GPU,,14.0,180.0,232.0,5700.0,1120.0,GlobalFoundries,AMD,4940.0,4940.0,308.7,,
GPU,2017-04-18,14.0,185.0,232.0,5700.0,1257.0,GlobalFoundries,AMD,6175.0,6175.0,385.9,2017.0,4.0
GPU,2017-04-18,14.0,100.0,232.0,5700.0,1000.0,GlobalFoundries,AMD,4963.0,4963.0,310.2,2017.0,4.0
GPU,2017-10-26,14.0,10.0,210.0,4940.0,300.0,GlobalFoundries,AMD,3331.0,1665.0,104.1,2017.0,10.0
GPU,2017-10-26,14.0,65.0,210.0,4940.0,650.0,GlobalFoundries,AMD,,,,2017.0,10.0
GPU,2017-08-14,14.0,210.0,495.0,12500.0,1156.0,GlobalFoundries,AMD,21090.0,10540.0,659.0,2017.0,8.0
GPU,2017-08-07,14.0,295.0,495.0,12500.0,1247.0,GlobalFoundries,AMD,25330.0,12660.0,791.6,2017.0,8.0
GPU,2017-08-07,14.0,295.0,495.0,12500.0,1247.0,GlobalFoundries,AMD,25330.0,12660.0,791.6,2017.0,8.0
GPU,2017-08-07,14.0,345.0,495.0,12500.0,1406.0,GlobalFoundries,AMD,27480.0,13740.0,858.6,2017.0,8.0
GPU,2017-10-26,14.0,25.0,210.0,4940.0,300.0,GlobalFoundries,AMD,2255.0,1127.0,70.46,2017.0,10.0
GPU,2017-06-27,14.0,300.0,495.0,12500.0,1382.0,GlobalFoundries,AMD,26210.0,13110.0,819.2,2017.0,6.0
GPU,2017-07-13,14.0,375.0,495.0,12500.0,1382.0,GlobalFoundries,AMD,26210.0,13110.0,819.2,2017.0,7.0
GPU,2017-11-07,16.0,150.0,359.0,7000.0,1172.0,TSMC,AMD,6001.0,6001.0,,2017.0,11.0
GPU,2017-11-07,16.0,65.0,359.0,7000.0,650.0,TSMC,AMD,,,,2017.0,11.0
GPU,2017-12-11,14.0,5.0,169.0,1170.0,200.0,Intel,Intel,249.6,124.8,31.2,2017.0,12.0
GPU,2017-12-11,14.0,65.0,169.0,1170.0,650.0,Intel,Intel,,,,2017.0,12.0
GPU,2017-12-11,14.0,5.0,169.0,1170.0,200.0,Intel,Intel,432.0,216.0,54.0,2017.0,12.0
GPU,2017-12-11,14.0,65.0,169.0,1170.0,650.0,Intel,Intel,,,,2017.0,12.0
GPU,2017-09-01,32.0,15.0,169.0,1170.0,300.0,Intel,Intel,768.0,384.0,96.0,2017.0,9.0
GPU,2017-09-01,32.0,15.0,169.0,1170.0,350.0,Intel,Intel,772.8,386.4,96.6,2017.0,9.0
GPU,2017-09-01,32.0,65.0,169.0,1170.0,650.0,Intel,Intel,,,,2017.0,9.0
GPU,2017-09-01,32.0,15.0,169.0,1170.0,350.0,Intel,Intel,806.4,403.2,100.8,2017.0,9.0
GPU,2017-05-17,14.0,30.0,74.0,1800.0,1228.0,Samsung,NVIDIA,17.62,1127.0,35.23,2017.0,5.0
GPU,2017-05-17,14.0,65.0,74.0,1800.0,650.0,Samsung,NVIDIA,,,,2017.0,5.0
GPU,2017-10-29,28.0,50.0,118.0,1270.0,993.0,TSMC,NVIDIA,,381.3,15.89,2017.0,10.0
GPU,2017-02-01,16.0,75.0,200.0,4400.0,1493.0,TSMC,NVIDIA,38.88,2488.0,77.76,2017.0,2.0
GPU,2017-12-26,16.0,120.0,200.0,4400.0,1506.0,TSMC,NVIDIA,68.36,4375.0,136.7,2017.0,12.0
GPU,2017-04-20,16.0,120.0,200.0,4400.0,1506.0,TSMC,NVIDIA,68.36,4375.0,136.7,2017.0,4.0
GPU,2017-06-27,16.0,80.0,200.0,4400.0,1063.0,TSMC,NVIDIA,59.2,3789.0,118.4,2017.0,6.0
GPU,2017-06-27,16.0,115.0,314.0,7200.0,1215.0,TSMC,NVIDIA,88.26,5648.0,176.5,2017.0,6.0
GPU,2017-11-02,16.0,180.0,314.0,7200.0,1607.0,TSMC,NVIDIA,127.9,8186.0,255.8,2017.0,11.0
GPU,2017-04-20,16.0,180.0,314.0,7200.0,1607.0,TSMC,NVIDIA,138.6,8873.0,277.3,2017.0,4.0
GPU,2017-06-27,16.0,150.0,314.0,7200.0,1277.0,TSMC,NVIDIA,109.3,6994.0,218.6,2017.0,6.0
GPU,2017-03-10,16.0,250.0,471.0,11800.0,1481.0,TSMC,NVIDIA,177.2,11340.0,354.4,2017.0,3.0
GPU,2017-11-17,28.0,30.0,77.0,1020.0,978.0,TSMC,NVIDIA,,772.6,24.14,2017.0,11.0
GPU,2017-11-17,28.0,30.0,77.0,1020.0,1109.0,TSMC,NVIDIA,,913.2,28.54,2017.0,11.0
GPU,2017-05-17,14.0,10.0,74.0,1800.0,937.0,Samsung,NVIDIA,12.46,797.2,24.91,2017.0,5.0
GPU,2017-05-17,14.0,25.0,74.0,1800.0,1469.0,Samsung,NVIDIA,18.38,1177.0,36.77,2017.0,5.0
GPU,2017-12-12,16.0,65.0,314.0,7200.0,1607.0,TSMC,NVIDIA,104.0,6655.0,208.0,2017.0,12.0
GPU,2017-07-31,16.0,75.0,200.0,4400.0,1354.0,TSMC,NVIDIA,36.74,2352.0,73.49,2017.0,7.0
GPU,2017-06-19,16.0,120.0,200.0,4400.0,1506.0,TSMC,NVIDIA,68.36,4375.0,136.7,2017.0,6.0
GPU,2017-01-11,28.0,45.0,148.0,1870.0,991.0,TSMC,NVIDIA,,1469.0,45.92,2017.0,1.0
GPU,2017-01-11,28.0,25.0,77.0,1020.0,965.0,TSMC,NVIDIA,,903.2,28.22,2017.0,1.0
GPU,2017-01-11,28.0,30.0,148.0,1870.0,756.0,TSMC,NVIDIA,,1042.0,32.58,2017.0,1.0
GPU,2017-02-07,14.0,47.0,132.0,3300.0,1266.0,Samsung,NVIDIA,29.6,1894.0,59.2,2017.0,2.0
GPU,2017-02-07,14.0,47.0,132.0,3300.0,1354.0,Samsung,NVIDIA,22.27,1425.0,44.54,2017.0,2.0
GPU,2017-02-07,14.0,40.0,132.0,3300.0,1493.0,Samsung,NVIDIA,24.3,1555.0,48.61,2017.0,2.0
GPU,2017-02-06,16.0,75.0,200.0,4400.0,1076.0,TSMC,NVIDIA,47.36,3031.0,94.72,2017.0,2.0
GPU,2017-02-06,14.0,50.0,132.0,3300.0,1557.0,Samsung,NVIDIA,38.57,2468.0,77.14,2017.0,2.0
GPU,2017-02-07,14.0,30.0,132.0,3300.0,1228.0,Samsung,NVIDIA,10.02,641.0,20.03,2017.0,2.0
GPU,2017-02-06,16.0,105.0,314.0,7200.0,1202.0,TSMC,NVIDIA,82.88,5304.0,165.8,2017.0,2.0
GPU,2017-01-11,16.0,200.0,314.0,7200.0,1164.0,TSMC,NVIDIA,96.38,6169.0,192.8,2017.0,1.0
GPU,2017-02-07,14.0,40.0,132.0,3300.0,1329.0,Samsung,NVIDIA,18.68,1196.0,37.37,2017.0,2.0
GPU,2017-02-07,14.0,25.0,132.0,3300.0,1430.0,Samsung,NVIDIA,19.44,1244.0,38.88,2017.0,2.0
GPU,2017-03-17,20.0,15.0,118.0,2000.0,384.0,TSMC,NVIDIA,786.4,393.2,12.29,2017.0,3.0
GPU,2015-01-04,20.0,65.0,118.0,2000.0,650.0,TSMC,NVIDIA,,,,2015.0,1.0
GPU,2017-12-07,12.0,250.0,815.0,21100.0,1200.0,TSMC,NVIDIA,29800.0,14900.0,7450.0,2017.0,12.0
GPU,2017-06-21,12.0,65.0,815.0,21100.0,650.0,TSMC,NVIDIA,,,,2017.0,6.0
GPU,2017-04-06,16.0,250.0,471.0,11800.0,1405.0,TSMC,NVIDIA,189.8,12150.0,379.7,2017.0,4.0
GPU,2017-03-24,16.0,90.0,314.0,7200.0,1012.0,TSMC,NVIDIA,96.38,6169.0,192.8,2017.0,3.0
GPU,2017-06-21,12.0,300.0,815.0,21100.0,1245.0,TSMC,NVIDIA,28260.0,14130.0,7066.0,2017.0,6.0
GPU,2017-06-21,12.0,250.0,815.0,21100.0,1312.0,TSMC,NVIDIA,31330.0,15670.0,7834.0,2017.0,6.0
GPU,2018-09-05,14.0,50.0,103.0,2200.0,980.0,GlobalFoundries,AMD,1071.0,1071.0,66.94,2018.0,9.0
GPU,2018-04-11,14.0,50.0,103.0,2200.0,1019.0,GlobalFoundries,AMD,1371.0,1371.0,85.68,2018.0,4.0
GPU,2018-04-11,14.0,50.0,103.0,2200.0,1082.0,GlobalFoundries,AMD,1385.0,1385.0,86.56,2018.0,4.0
GPU,2018-04-11,14.0,65.0,103.0,2200.0,650.0,GlobalFoundries,AMD,,,,2018.0,4.0
GPU,2018-11-18,7.0,300.0,331.0,13230.0,1200.0,TSMC,AMD,26820.0,13410.0,6705.0,2018.0,11.0
GPU,2018-11-18,7.0,65.0,331.0,13230.0,650.0,TSMC,AMD,,,,2018.0,11.0
GPU,2018-11-18,7.0,300.0,331.0,13230.0,1200.0,TSMC,AMD,29490.0,14750.0,7373.0,2018.0,11.0
GPU,2018-07-16,14.0,75.0,123.0,3000.0,907.0,GlobalFoundries,AMD,1393.0,1393.0,87.07,2018.0,7.0
GPU,2018-07-16,14.0,75.0,123.0,3000.0,1004.0,GlobalFoundries,AMD,2056.0,2056.0,128.5,2018.0,7.0
GPU,2018-08-26,14.0,230.0,495.0,12500.0,852.0,GlobalFoundries,AMD,21500.0,10750.0,672.0,2018.0,8.0
GPU,2018-08-26,14.0,230.0,495.0,12500.0,852.0,GlobalFoundries,AMD,21500.0,10750.0,672.0,2018.0,8.0
GPU,,7.0,300.0,331.0,13230.0,800.0,TSMC,AMD,27850.0,13930.0,6963.0,,
GPU,2018-11-14,14.0,75.0,169.0,1170.0,815.0,GlobalFoundries,AMD,4874.0,2437.0,152.3,2018.0,11.0
GPU,2018-11-14,14.0,65.0,169.0,1170.0,650.0,GlobalFoundries,AMD,,,,2018.0,11.0
GPU,2018-11-14,14.0,100.0,169.0,1170.0,815.0,GlobalFoundries,AMD,6569.0,3284.0,205.3,2018.0,11.0
GPU,2018-08-13,14.0,230.0,495.0,12500.0,1200.0,GlobalFoundries,AMD,21500.0,10750.0,672.0,2018.0,8.0
GPU,2018-04-24,14.0,65.0,208.0,5000.0,931.0,GlobalFoundries,AMD,2588.0,2588.0,161.8,2018.0,4.0
GPU,2018-02-01,14.0,65.0,208.0,5000.0,650.0,GlobalFoundries,AMD,,,,2018.0,2.0
GPU,2018-04-11,14.0,50.0,103.0,2200.0,1124.0,GlobalFoundries,AMD,1240.0,1240.0,77.5,2018.0,4.0
GPU,2018-12-16,14.0,50.0,103.0,2200.0,1100.0,GlobalFoundries,AMD,1211.0,1211.0,75.71,2018.0,12.0
GPU,2018-04-11,14.0,60.0,123.0,3000.0,1019.0,GlobalFoundries,AMD,1371.0,1371.0,85.68,2018.0,4.0
GPU,2018-04-11,14.0,50.0,103.0,2200.0,1100.0,GlobalFoundries,AMD,1505.0,1505.0,94.08,2018.0,4.0
GPU,2018-04-11,14.0,65.0,123.0,3000.0,1090.0,GlobalFoundries,AMD,2106.0,2106.0,131.6,2018.0,4.0
GPU,2018-04-11,14.0,75.0,123.0,3000.0,1175.0,GlobalFoundries,AMD,2611.0,2611.0,163.2,2018.0,4.0
GPU,2018-04-11,14.0,65.0,123.0,3000.0,1275.0,GlobalFoundries,AMD,2611.0,2611.0,163.2,2018.0,4.0
GPU,2018-04-11,14.0,65.0,123.0,3000.0,1275.0,GlobalFoundries,AMD,2611.0,2611.0,163.2,2018.0,4.0
GPU,2018-04-11,14.0,65.0,123.0,3000.0,1175.0,GlobalFoundries,AMD,2462.0,2462.0,153.9,2018.0,4.0
GPU,2018-04-11,14.0,150.0,232.0,5700.0,1168.0,GlobalFoundries,AMD,5095.0,5095.0,318.5,2018.0,4.0
GPU,2018-10-15,14.0,150.0,232.0,5700.0,1168.0,GlobalFoundries,AMD,5259.0,5259.0,328.7,2018.0,10.0
GPU,2018-10-15,14.0,185.0,232.0,5700.0,1257.0,GlobalFoundries,AMD,6129.0,6129.0,383.0,2018.0,10.0
GPU,2018-04-11,14.0,185.0,232.0,5700.0,1257.0,GlobalFoundries,AMD,6175.0,6175.0,385.9,2018.0,4.0
GPU,2018-04-11,14.0,100.0,232.0,5700.0,1266.0,GlobalFoundries,AMD,5834.0,5834.0,364.6,2018.0,4.0
GPU,2018-11-15,12.0,175.0,232.0,5700.0,1469.0,GlobalFoundries,AMD,7119.0,7119.0,445.0,2018.0,11.0
GPU,2018-11-15,12.0,65.0,232.0,5700.0,650.0,GlobalFoundries,AMD,,,,2018.0,11.0
GPU,2018-05-10,14.0,25.0,210.0,4940.0,300.0,GlobalFoundries,AMD,3523.0,1761.0,110.1,2018.0,5.0
GPU,2018-02-12,14.0,65.0,210.0,4940.0,650.0,GlobalFoundries,AMD,,,,2018.0,2.0
GPU,2018-02-12,14.0,25.0,210.0,4940.0,300.0,GlobalFoundries,AMD,3492.0,1746.0,109.1,2018.0,2.0
GPU,2018-04-19,14.0,25.0,210.0,4940.0,300.0,GlobalFoundries,AMD,3523.0,1761.0,110.1,2018.0,4.0
GPU,2018-06-01,14.0,120.0,495.0,12500.0,1138.0,GlobalFoundries,AMD,18650.0,9326.0,582.8,2018.0,6.0
GPU,2018-02-01,14.0,100.0,208.0,5000.0,1063.0,GlobalFoundries,AMD,3656.0,3656.0,228.5,2018.0,2.0
GPU,2018-02-01,14.0,65.0,208.0,5000.0,931.0,GlobalFoundries,AMD,2588.0,2588.0,161.8,2018.0,2.0
GPU,2018-02-13,14.0,25.0,210.0,4940.0,300.0,GlobalFoundries,AMD,3664.0,1832.0,114.5,2018.0,2.0
GPU,2018-09-06,14.0,15.0,210.0,4940.0,300.0,GlobalFoundries,AMD,768.8,384.4,24.02,2018.0,9.0
GPU,2018-02-13,14.0,15.0,210.0,4940.0,300.0,GlobalFoundries,AMD,768.8,384.4,24.02,2018.0,2.0
GPU,2018-07-16,14.0,15.0,210.0,4940.0,300.0,GlobalFoundries,AMD,768.8,384.4,24.02,2018.0,7.0
GPU,2018-01-08,14.0,15.0,210.0,4940.0,300.0,GlobalFoundries,AMD,845.6,422.8,26.42,2018.0,1.0
GPU,2018-05-10,14.0,15.0,210.0,4940.0,300.0,GlobalFoundries,AMD,1966.0,983.0,61.44,2018.0,5.0
GPU,2018-01-08,14.0,15.0,210.0,4940.0,300.0,GlobalFoundries,AMD,1691.0,845.6,52.85,2018.0,1.0
GPU,2018-02-12,14.0,25.0,210.0,4940.0,300.0,GlobalFoundries,AMD,2253.0,1126.0,70.4,2018.0,2.0
GPU,2018-04-19,14.0,25.0,210.0,4940.0,300.0,GlobalFoundries,AMD,2255.0,1127.0,70.46,2018.0,4.0
GPU,2018-02-13,14.0,15.0,210.0,4940.0,300.0,GlobalFoundries,AMD,2253.0,1126.0,70.4,2018.0,2.0
GPU,2018-08-03,14.0,100.0,397.0,1170.0,1300.0,TSMC,AMD,7987.0,3994.0,249.6,2018.0,8.0
GPU,2018-08-03,14.0,65.0,397.0,1170.0,650.0,TSMC,AMD,,,,2018.0,8.0
GPU,2018-04-03,32.0,15.0,169.0,1170.0,300.0,Intel,Intel,1613.0,806.4,201.6,2018.0,4.0
GPU,2018-04-03,32.0,65.0,169.0,1170.0,650.0,Intel,Intel,,,,2018.0,4.0
GPU,2018-04-03,32.0,15.0,169.0,1170.0,350.0,Intel,Intel,403.2,201.6,50.4,2018.0,4.0
GPU,2018-04-03,32.0,65.0,169.0,1170.0,650.0,Intel,Intel,,,,2018.0,4.0
GPU,2018-04-03,32.0,15.0,169.0,1170.0,300.0,Intel,Intel,345.6,172.8,43.2,2018.0,4.0
GPU,2018-11-07,14.0,15.0,169.0,1170.0,300.0,Intel,Intel,691.2,345.6,86.4,2018.0,11.0
GPU,2018-11-07,14.0,65.0,169.0,1170.0,650.0,Intel,Intel,,,,2018.0,11.0
GPU,2018-11-07,14.0,15.0,169.0,1170.0,300.0,Intel,Intel,806.4,403.2,100.8,2018.0,11.0
GPU,2018-08-28,14.0,15.0,169.0,1170.0,300.0,Intel,Intel,768.0,384.0,96.0,2018.0,8.0
GPU,2018-08-28,14.0,65.0,169.0,1170.0,650.0,Intel,Intel,,,,2018.0,8.0
GPU,2018-04-03,32.0,15.0,169.0,1170.0,350.0,Intel,Intel,768.0,384.0,96.0,2018.0,4.0
GPU,2018-05-24,32.0,15.0,169.0,1170.0,350.0,Intel,Intel,844.8,422.4,105.6,2018.0,5.0
GPU,2018-05-24,32.0,15.0,169.0,1170.0,350.0,Intel,Intel,921.6,460.8,115.2,2018.0,5.0
GPU,2018-03-12,14.0,20.0,74.0,1800.0,1152.0,Samsung,NVIDIA,16.55,1059.0,33.1,2018.0,3.0
GPU,2018-09-30,28.0,65.0,118.0,1270.0,1058.0,TSMC,NVIDIA,,812.5,33.86,2018.0,9.0
GPU,2018-05-21,14.0,75.0,132.0,3300.0,1392.0,Samsung,NVIDIA,36.43,2332.0,72.86,2018.0,5.0
GPU,2018-01-03,14.0,75.0,132.0,3300.0,1000.0,Samsung,NVIDIA,22.78,1458.0,45.56,2018.0,1.0
GPU,2018-10-18,16.0,120.0,314.0,7200.0,1506.0,TSMC,NVIDIA,68.36,4375.0,136.7,2018.0,10.0
GPU,2018-03-08,16.0,120.0,314.0,7200.0,1506.0,TSMC,NVIDIA,68.32,4372.0,136.6,2018.0,3.0
GPU,2018-01-05,16.0,120.0,200.0,4400.0,1506.0,TSMC,NVIDIA,68.36,4375.0,136.7,2018.0,1.0
GPU,,16.0,120.0,314.0,7200.0,1506.0,TSMC,NVIDIA,68.36,4375.0,136.7,,
GPU,2018-12-04,16.0,150.0,314.0,7200.0,1506.0,TSMC,NVIDIA,101.0,6463.0,202.0,2018.0,12.0
GPU,,16.0,250.0,471.0,11800.0,1557.0,TSMC,NVIDIA,167.0,10690.0,334.0,,
GPU,,16.0,250.0,471.0,11800.0,1557.0,TSMC,NVIDIA,167.0,10690.0,334.0,,
GPU,2018-10-17,12.0,175.0,445.0,10800.0,1410.0,TSMC,NVIDIA,14930.0,7465.0,233.3,2018.0,10.0
GPU,2018-10-17,12.0,65.0,445.0,10800.0,650.0,TSMC,NVIDIA,,,,2018.0,10.0
GPU,2018-09-20,12.0,215.0,545.0,13600.0,1515.0,TSMC,NVIDIA,20140.0,10070.0,314.6,2018.0,9.0
GPU,2018-08-13,12.0,65.0,545.0,13600.0,650.0,TSMC,NVIDIA,,,,2018.0,8.0
GPU,,12.0,215.0,545.0,13600.0,1515.0,TSMC,NVIDIA,21010.0,10510.0,328.3,,
GPU,2018-09-20,12.0,250.0,754.0,18600.0,1350.0,TSMC,NVIDIA,26900.0,13450.0,420.2,2018.0,9.0
GPU,2018-08-13,12.0,65.0,754.0,18600.0,650.0,TSMC,NVIDIA,,,,2018.0,8.0
GPU,,12.0,30.0,350.0,9000.0,854.0,TSMC,NVIDIA,2820.0,1410.0,705.0,,
GPU,,12.0,65.0,350.0,9000.0,650.0,TSMC,NVIDIA,,,,,
GPU,,12.0,30.0,350.0,9000.0,854.0,TSMC,NVIDIA,2820.0,1410.0,705.0,,
GPU,2018-02-12,16.0,250.0,471.0,11800.0,1582.0,TSMC,NVIDIA,168.3,10770.0,336.6,2018.0,2.0
GPU,,16.0,250.0,471.0,11800.0,1557.0,TSMC,NVIDIA,167.0,10690.0,334.0,,
GPU,2018-01-05,16.0,65.0,314.0,7200.0,1506.0,TSMC,NVIDIA,134.6,8617.0,269.3,2018.0,1.0
GPU,2018-03-27,12.0,250.0,815.0,21100.0,1132.0,TSMC,NVIDIA,33320.0,16660.0,8330.0,2018.0,3.0
GPU,2018-02-21,16.0,75.0,314.0,7200.0,1139.0,TSMC,NVIDIA,78.62,5032.0,157.2,2018.0,2.0
GPU,2018-02-21,16.0,75.0,314.0,7200.0,1328.0,TSMC,NVIDIA,86.41,5530.0,172.8,2018.0,2.0
GPU,2018-02-21,16.0,100.0,314.0,7200.0,1215.0,TSMC,NVIDIA,106.6,6820.0,213.1,2018.0,2.0
GPU,2018-02-21,16.0,100.0,314.0,7200.0,1418.0,TSMC,NVIDIA,114.8,7345.0,229.5,2018.0,2.0
GPU,2018-01-05,14.0,18.0,74.0,1800.0,1455.0,Samsung,NVIDIA,12.15,777.7,24.3,2018.0,1.0
GPU,2018-02-21,16.0,100.0,314.0,7200.0,1316.0,TSMC,NVIDIA,125.5,8033.0,251.0,2018.0,2.0
GPU,2018-02-21,16.0,100.0,314.0,7200.0,1582.0,TSMC,NVIDIA,140.7,9006.0,281.4,2018.0,2.0
GPU,2018-02-01,14.0,40.0,132.0,3300.0,1266.0,Samsung,NVIDIA,21.66,1386.0,43.33,2018.0,2.0
GPU,2018-02-01,14.0,40.0,132.0,3300.0,1177.0,Samsung,NVIDIA,23.09,1478.0,46.18,2018.0,2.0
GPU,2018-11-13,12.0,160.0,545.0,13600.0,1005.0,TSMC,NVIDIA,14240.0,7119.0,222.5,2018.0,11.0
GPU,2018-08-13,12.0,230.0,545.0,13600.0,1620.0,TSMC,NVIDIA,22300.0,11150.0,348.5,2018.0,8.0
GPU,2018-08-13,12.0,260.0,754.0,18600.0,1440.0,TSMC,NVIDIA,32620.0,16310.0,509.8,2018.0,8.0
GPU,2018-08-13,12.0,260.0,754.0,18600.0,1305.0,TSMC,NVIDIA,28750.0,14380.0,449.3,2018.0,8.0
GPU,2018-08-13,12.0,260.0,754.0,18600.0,1395.0,TSMC,NVIDIA,32620.0,16310.0,509.8,2018.0,8.0
GPU,2018-08-13,12.0,260.0,754.0,18600.0,1230.0,TSMC,NVIDIA,29860.0,14930.0,466.6,2018.0,8.0
GPU,2018-12-18,12.0,280.0,754.0,18600.0,1350.0,TSMC,NVIDIA,32620.0,16310.0,509.8,2018.0,12.0
GPU,2018-06-21,12.0,250.0,815.0,21100.0,1200.0,TSMC,NVIDIA,29800.0,14900.0,7450.0,2018.0,6.0
GPU,2018-09-13,12.0,70.0,545.0,13600.0,585.0,TSMC,NVIDIA,65130.0,8141.0,254.4,2018.0,9.0
GPU,2018-09-13,12.0,70.0,545.0,13600.0,585.0,TSMC,NVIDIA,65130.0,8141.0,254.4,2018.0,9.0
GPU,2018-03-27,12.0,250.0,815.0,21100.0,1354.0,TSMC,NVIDIA,32400.0,16200.0,8100.0,2018.0,3.0
GPU,2018-03-27,12.0,250.0,815.0,21100.0,1297.0,TSMC,NVIDIA,31330.0,15670.0,7834.0,2018.0,3.0
GPU,2018-03-27,12.0,250.0,815.0,21100.0,937.0,TSMC,NVIDIA,26420.0,13210.0,6605.0,2018.0,3.0
GPU,2018-03-27,12.0,250.0,815.0,21100.0,1230.0,TSMC,NVIDIA,28260.0,14130.0,7066.0,2018.0,3.0
GPU,2018-03-27,12.0,250.0,815.0,21100.0,1290.0,TSMC,NVIDIA,31330.0,15670.0,7834.0,2018.0,3.0
GPU,2018-03-27,12.0,250.0,815.0,21100.0,1380.0,TSMC,NVIDIA,32710.0,16350.0,8177.0,2018.0,3.0
GPU,2019-03-26,14.0,50.0,103.0,2200.0,1046.0,GlobalFoundries,AMD,1071.0,1071.0,66.94,2019.0,3.0
GPU,2019-02-11,14.0,50.0,103.0,2200.0,980.0,GlobalFoundries,AMD,1121.0,1121.0,70.08,2019.0,2.0
GPU,2019-03-27,14.0,50.0,103.0,2200.0,1082.0,GlobalFoundries,AMD,1247.0,1247.0,77.95,2019.0,3.0
GPU,2019-05-23,28.0,50.0,56.0,690.0,1030.0,TSMC,AMD,,659.2,41.2,2019.0,5.0
GPU,2019-05-13,28.0,50.0,125.0,1550.0,920.0,TSMC,AMD,706.6,706.6,44.16,2019.0,5.0
GPU,2019-05-13,28.0,50.0,125.0,1550.0,730.0,TSMC,AMD,786.4,786.4,49.15,2019.0,5.0
GPU,2019-05-13,28.0,35.0,125.0,1550.0,1024.0,TSMC,AMD,786.4,786.4,49.15,2019.0,5.0
GPU,2019-05-13,14.0,50.0,103.0,2200.0,1082.0,GlobalFoundries,AMD,1240.0,1240.0,77.5,2019.0,5.0
GPU,2019-10-15,14.0,75.0,232.0,5700.0,713.0,GlobalFoundries,AMD,3903.0,3903.0,243.9,2019.0,10.0
GPU,2019-10-15,14.0,130.0,232.0,5700.0,1120.0,GlobalFoundries,AMD,5700.0,5700.0,356.3,2019.0,10.0
GPU,2019-11-13,7.0,85.0,158.0,6400.0,1000.0,TSMC,AMD,6400.0,3200.0,200.0,2019.0,11.0
GPU,2019-10-07,7.0,65.0,158.0,6400.0,650.0,TSMC,AMD,,,,2019.0,10.0
GPU,2019-11-13,7.0,85.0,158.0,6400.0,1000.0,TSMC,AMD,8909.0,4454.0,278.4,2019.0,11.0
GPU,2019-03-18,14.0,150.0,232.0,5700.0,1000.0,GlobalFoundries,AMD,3960.0,3960.0,247.5,2019.0,3.0
GPU,2019-03-18,14.0,150.0,232.0,5700.0,1096.0,GlobalFoundries,AMD,4489.0,4489.0,280.6,2019.0,3.0
GPU,2019-03-18,14.0,185.0,232.0,5700.0,1100.0,GlobalFoundries,AMD,5530.0,5530.0,345.6,2019.0,3.0
GPU,2019-03-19,14.0,65.0,495.0,12500.0,1200.0,GlobalFoundries,AMD,14750.0,7373.0,460.8,2019.0,3.0
GPU,2019-03-19,14.0,250.0,495.0,12500.0,1250.0,GlobalFoundries,AMD,24050.0,12030.0,751.6,2019.0,3.0
GPU,2019-06-03,7.0,475.0,331.0,13230.0,1574.0,TSMC,AMD,28180.0,14090.0,880.6,2019.0,6.0
GPU,2019-06-03,7.0,475.0,331.0,13230.0,1400.0,TSMC,AMD,28180.0,14090.0,880.6,2019.0,6.0
GPU,2019-11-13,7.0,85.0,158.0,6400.0,1000.0,TSMC,AMD,6400.0,3200.0,200.0,2019.0,11.0
GPU,2019-12-11,7.0,125.0,158.0,6400.0,1187.0,TSMC,AMD,10800.0,5398.0,337.3,2019.0,12.0
GPU,2019-11-19,7.0,205.0,251.0,10300.0,1400.0,TSMC,AMD,17330.0,8663.0,541.4,2019.0,11.0
GPU,2019-07-07,7.0,65.0,251.0,10300.0,650.0,TSMC,AMD,,,,2019.0,7.0
GPU,2019-12-11,7.0,205.0,251.0,10300.0,1243.0,TSMC,AMD,20890.0,10440.0,652.8,2019.0,12.0
GPU,2019-07-02,14.0,65.0,103.0,2200.0,1295.0,GlobalFoundries,AMD,1658.0,1658.0,103.6,2019.0,7.0
GPU,2019-07-02,14.0,65.0,103.0,2200.0,1082.0,GlobalFoundries,AMD,1385.0,1385.0,86.56,2019.0,7.0
GPU,2019-10-07,7.0,100.0,158.0,6400.0,1670.0,TSMC,AMD,10390.0,5196.0,324.7,2019.0,10.0
GPU,2019-11-13,7.0,85.0,158.0,6400.0,1000.0,TSMC,AMD,8138.0,4069.0,254.3,2019.0,11.0
GPU,2019-10-07,7.0,110.0,158.0,6400.0,1500.0,TSMC,AMD,10390.0,5196.0,324.7,2019.0,10.0
GPU,2019-12-12,7.0,130.0,158.0,6400.0,1607.0,TSMC,AMD,10390.0,5196.0,324.7,2019.0,12.0
GPU,2019-10-07,7.0,85.0,158.0,6400.0,1375.0,TSMC,AMD,9265.0,4632.0,289.5,2019.0,10.0
GPU,2019-03-13,14.0,150.0,232.0,5700.0,1074.0,GlobalFoundries,AMD,4394.0,4394.0,274.6,2019.0,3.0
GPU,2019-07-07,7.0,180.0,251.0,10300.0,1465.0,TSMC,AMD,15900.0,7949.0,496.8,2019.0,7.0
GPU,2019-07-07,7.0,225.0,251.0,10300.0,1605.0,TSMC,AMD,19510.0,9754.0,609.6,2019.0,7.0
GPU,2019-07-07,7.0,225.0,251.0,10300.0,1680.0,TSMC,AMD,20280.0,10140.0,633.6,2019.0,7.0
GPU,2019-05-13,14.0,50.0,103.0,2200.0,1082.0,GlobalFoundries,AMD,1559.0,1559.0,97.44,2019.0,5.0
GPU,2019-07-07,12.0,15.0,210.0,4940.0,300.0,GlobalFoundries,AMD,3942.0,1971.0,123.2,2019.0,7.0
GPU,2019-07-07,12.0,65.0,210.0,4940.0,650.0,GlobalFoundries,AMD,,,,2019.0,7.0
GPU,2019-10-22,12.0,15.0,210.0,4940.0,300.0,GlobalFoundries,AMD,3942.0,1971.0,123.2,2019.0,10.0
GPU,2019-01-06,12.0,65.0,210.0,4940.0,650.0,GlobalFoundries,AMD,,,,2019.0,1.0
GPU,2019-02-07,7.0,295.0,331.0,13230.0,1400.0,TSMC,AMD,26880.0,13440.0,3360.0,2019.0,2.0
GPU,2019-04-08,12.0,15.0,210.0,4940.0,300.0,GlobalFoundries,AMD,3584.0,1792.0,112.0,2019.0,4.0
GPU,2019-09-30,12.0,15.0,210.0,4940.0,300.0,GlobalFoundries,AMD,3942.0,1971.0,123.2,2019.0,9.0
GPU,2019-11-20,12.0,15.0,210.0,4940.0,300.0,GlobalFoundries,AMD,844.8,422.4,26.4,2019.0,11.0
GPU,,12.0,10.0,210.0,4940.0,300.0,GlobalFoundries,AMD,768.0,384.0,24.0,,
GPU,,12.0,10.0,210.0,4940.0,300.0,GlobalFoundries,AMD,921.6,460.8,28.8,,
GPU,2019-07-07,12.0,15.0,210.0,4940.0,300.0,GlobalFoundries,AMD,2560.0,1280.0,80.0,2019.0,7.0
GPU,2019-04-08,12.0,15.0,210.0,4940.0,300.0,GlobalFoundries,AMD,2458.0,1229.0,76.8,2019.0,4.0
GPU,2019-10-22,12.0,15.0,210.0,4940.0,300.0,GlobalFoundries,AMD,2995.0,1498.0,93.6,2019.0,10.0
GPU,2019-10-07,32.0,15.0,169.0,1170.0,300.0,Intel,Intel,1613.0,806.4,201.6,2019.0,10.0
GPU,2019-05-29,32.0,15.0,169.0,1170.0,300.0,Intel,Intel,1613.0,806.4,201.6,2019.0,5.0
GPU,2019-05-29,32.0,65.0,169.0,1170.0,650.0,Intel,Intel,,,,2019.0,5.0
GPU,2019-08-21,14.0,15.0,169.0,1170.0,300.0,Intel,Intel,806.4,403.2,100.8,2019.0,8.0
GPU,2019-08-21,32.0,15.0,169.0,1170.0,300.0,Intel,Intel,691.2,345.6,86.4,2019.0,8.0
GPU,2019-08-21,32.0,65.0,169.0,1170.0,650.0,Intel,Intel,,,,2019.0,8.0
GPU,2019-08-21,32.0,15.0,169.0,1170.0,300.0,Intel,Intel,768.0,384.0,96.0,2019.0,8.0
GPU,2019-08-21,32.0,65.0,169.0,1170.0,650.0,Intel,Intel,,,,2019.0,8.0
GPU,2019-05-29,32.0,15.0,169.0,1170.0,300.0,Intel,Intel,921.6,460.8,115.2,2019.0,5.0
GPU,2019-02-01,14.0,75.0,132.0,3300.0,1366.0,Samsung,NVIDIA,34.61,2215.0,69.22,2019.0,2.0
GPU,2019-04-23,12.0,75.0,200.0,4700.0,1485.0,TSMC,NVIDIA,5967.0,2984.0,93.24,2019.0,4.0
GPU,2019-04-23,12.0,65.0,200.0,4700.0,650.0,TSMC,NVIDIA,,,,2019.0,4.0
GPU,2019-04-23,12.0,50.0,200.0,4700.0,1020.0,TSMC,NVIDIA,5100.0,2550.0,79.68,2019.0,4.0
GPU,2019-04-23,12.0,50.0,200.0,4700.0,1395.0,TSMC,NVIDIA,6390.0,3195.0,99.84,2019.0,4.0
GPU,2019-11-22,12.0,100.0,284.0,6600.0,1530.0,TSMC,NVIDIA,8832.0,4416.0,138.0,2019.0,11.0
GPU,2019-02-22,12.0,65.0,284.0,6600.0,650.0,TSMC,NVIDIA,,,,2019.0,2.0
GPU,2019-03-14,12.0,120.0,284.0,6600.0,1530.0,TSMC,NVIDIA,10050.0,5027.0,157.1,2019.0,3.0
GPU,2019-10-29,12.0,125.0,284.0,6600.0,1530.0,TSMC,NVIDIA,10050.0,5027.0,157.1,2019.0,10.0
GPU,2019-02-22,12.0,120.0,284.0,6600.0,1500.0,TSMC,NVIDIA,10870.0,5437.0,169.9,2019.0,2.0
GPU,2019-04-23,12.0,65.0,284.0,6600.0,1140.0,TSMC,NVIDIA,8202.0,4101.0,128.2,2019.0,4.0
GPU,2019-04-23,12.0,65.0,284.0,6600.0,1455.0,TSMC,NVIDIA,9769.0,4884.0,152.6,2019.0,4.0
GPU,2019-02-23,14.0,25.0,132.0,3300.0,1469.0,Samsung,NVIDIA,18.38,1177.0,36.77,2019.0,2.0
GPU,2019-02-21,14.0,10.0,74.0,1800.0,1519.0,Samsung,NVIDIA,12.25,783.9,24.5,2019.0,2.0
GPU,2019-02-20,14.0,10.0,74.0,1800.0,937.0,Samsung,NVIDIA,12.46,797.2,24.91,2019.0,2.0
GPU,2019-02-20,14.0,65.0,74.0,1800.0,650.0,Samsung,NVIDIA,,,,2019.0,2.0
GPU,2019-02-21,14.0,25.0,74.0,1800.0,1519.0,Samsung,NVIDIA,18.98,1215.0,37.97,2019.0,2.0
GPU,2019-01-29,12.0,115.0,445.0,10800.0,960.0,TSMC,NVIDIA,9216.0,4608.0,144.0,2019.0,1.0
GPU,2019-01-29,12.0,65.0,445.0,10800.0,650.0,TSMC,NVIDIA,,,,2019.0,1.0
GPU,2019-01-29,12.0,115.0,445.0,10800.0,960.0,TSMC,NVIDIA,9216.0,4608.0,144.0,2019.0,1.0
GPU,2019-01-29,12.0,65.0,445.0,10800.0,1005.0,TSMC,NVIDIA,11980.0,5990.0,187.2,2019.0,1.0
GPU,2019-07-09,12.0,175.0,445.0,10800.0,1470.0,TSMC,NVIDIA,14360.0,7181.0,224.4,2019.0,7.0
GPU,2019-07-09,12.0,175.0,445.0,10800.0,1470.0,TSMC,NVIDIA,13320.0,6659.0,208.1,2019.0,7.0
GPU,2019-01-29,12.0,90.0,445.0,10800.0,885.0,TSMC,NVIDIA,10920.0,5460.0,170.6,2019.0,1.0
GPU,2019-01-29,12.0,115.0,445.0,10800.0,1215.0,TSMC,NVIDIA,13270.0,6636.0,207.4,2019.0,1.0
GPU,2019-07-09,12.0,215.0,545.0,13600.0,1605.0,TSMC,NVIDIA,18120.0,9062.0,283.2,2019.0,7.0
GPU,2019-01-29,12.0,80.0,545.0,13600.0,735.0,TSMC,NVIDIA,12890.0,6447.0,201.5,2019.0,1.0
GPU,2019-01-29,12.0,150.0,545.0,13600.0,1380.0,TSMC,NVIDIA,18720.0,9362.0,292.6,2019.0,1.0
GPU,2019-07-23,12.0,250.0,545.0,13600.0,1650.0,TSMC,NVIDIA,22300.0,11150.0,348.5,2019.0,7.0
GPU,,12.0,250.0,754.0,18600.0,1410.0,TSMC,NVIDIA,30410.0,15210.0,475.2,,
GPU,,20.0,10.0,118.0,2000.0,640.0,TSMC,NVIDIA,471.6,235.8,7.368,,
GPU,2019-02-15,16.0,75.0,200.0,4400.0,1291.0,TSMC,NVIDIA,46.48,2974.0,92.95,2019.0,2.0
GPU,2019-06-10,16.0,75.0,200.0,4400.0,1000.0,TSMC,NVIDIA,59.72,3822.0,119.4,2019.0,6.0
GPU,2019-05-23,14.0,18.0,74.0,1800.0,1303.0,Samsung,NVIDIA,17.92,1147.0,35.83,2019.0,5.0
GPU,2019-05-23,14.0,18.0,74.0,1800.0,1303.0,Samsung,NVIDIA,17.92,1147.0,35.83,2019.0,5.0
GPU,2019-05-27,12.0,60.0,445.0,10800.0,600.0,TSMC,NVIDIA,9331.0,4666.0,145.8,2019.0,5.0
GPU,2019-05-27,12.0,80.0,445.0,10800.0,945.0,TSMC,NVIDIA,10600.0,5299.0,165.6,2019.0,5.0
GPU,2019-05-27,12.0,80.0,445.0,10800.0,945.0,TSMC,NVIDIA,10600.0,5299.0,165.6,2019.0,5.0
GPU,2019-05-27,12.0,160.0,445.0,10800.0,945.0,TSMC,NVIDIA,10600.0,5299.0,165.6,2019.0,5.0
GPU,2019-05-27,12.0,80.0,545.0,13600.0,780.0,TSMC,NVIDIA,14130.0,7066.0,220.8,2019.0,5.0
GPU,2019-05-27,12.0,110.0,545.0,13600.0,1110.0,TSMC,NVIDIA,15970.0,7987.0,249.6,2019.0,5.0
GPU,2019-05-27,12.0,80.0,545.0,13600.0,600.0,TSMC,NVIDIA,16590.0,8294.0,259.2,2019.0,5.0
GPU,2019-05-27,12.0,110.0,545.0,13600.0,1035.0,TSMC,NVIDIA,18800.0,9400.0,293.8,2019.0,5.0
GPU,2019-09-04,12.0,65.0,754.0,18600.0,1275.0,TSMC,NVIDIA,26820.0,13410.0,419.0,2019.0,9.0
GPU,2019-05-27,12.0,50.0,200.0,4700.0,765.0,TSMC,NVIDIA,4838.0,2419.0,75.6,2019.0,5.0
GPU,2019-05-27,12.0,50.0,200.0,4700.0,1395.0,TSMC,NVIDIA,5215.0,2607.0,81.48,2019.0,5.0
GPU,2019-05-27,12.0,40.0,200.0,4700.0,1035.0,TSMC,NVIDIA,5714.0,2857.0,89.28,2019.0,5.0
GPU,2019-05-27,12.0,60.0,200.0,4700.0,1575.0,TSMC,NVIDIA,7311.0,3656.0,114.2,2019.0,5.0
GPU,2019-08-16,16.0,15.0,100.0,2000.0,384.0,TSMC,NVIDIA,786.4,393.2,12.29,2019.0,8.0
GPU,2019-08-16,16.0,65.0,100.0,2000.0,650.0,TSMC,NVIDIA,,,,2019.0,8.0
GPU,2019-11-26,12.0,250.0,815.0,21100.0,1260.0,TSMC,NVIDIA,28260.0,14130.0,7066.0,2019.0,11.0
GPU,2019-11-26,12.0,250.0,815.0,21100.0,1312.0,TSMC,NVIDIA,31330.0,15670.0,7834.0,2019.0,11.0
GPU,2019-11-26,12.0,250.0,815.0,21100.0,1245.0,TSMC,NVIDIA,32710.0,16350.0,8177.0,2019.0,11.0
GPU,2019-11-26,12.0,250.0,815.0,21100.0,1245.0,TSMC,NVIDIA,32710.0,16350.0,8177.0,2019.0,11.0
GPU,2020-03-13,16.0,100.0,169.0,1170.0,935.0,TSMC,AMD,3530.0,1765.0,110.3,2020.0,3.0
GPU,2020-03-13,16.0,65.0,169.0,1170.0,650.0,TSMC,AMD,,,,2020.0,3.0
GPU,2020-12-14,14.0,15.0,149.0,1170.0,300.0,GlobalFoundries,AMD,922.4,461.2,28.82,2020.0,12.0
GPU,2020-12-14,14.0,65.0,149.0,1170.0,650.0,GlobalFoundries,AMD,,,,2020.0,12.0
GPU,2020-12-14,14.0,15.0,149.0,1170.0,300.0,GlobalFoundries,AMD,922.4,461.2,28.82,2020.0,12.0
GPU,2020-11-12,7.0,180.0,308.0,10600.0,2233.0,TSMC,AMD,20580.0,10290.0,643.1,2020.0,11.0
GPU,2020-11-12,7.0,65.0,308.0,10600.0,650.0,TSMC,AMD,,,,2020.0,11.0
GPU,2020-01-06,7.0,15.0,156.0,9800.0,400.0,TSMC,AMD,1792.0,896.0,56.0,2020.0,1.0
GPU,2020-01-06,7.0,65.0,156.0,9800.0,650.0,TSMC,AMD,,,,2020.0,1.0
GPU,2020-01-06,7.0,15.0,156.0,9800.0,400.0,TSMC,AMD,2304.0,1152.0,72.0,2020.0,1.0
GPU,2020-01-06,7.0,15.0,156.0,9800.0,400.0,TSMC,AMD,3405.0,1702.0,106.4,2020.0,1.0
GPU,2020-01-06,7.0,65.0,156.0,9800.0,650.0,TSMC,AMD,,,,2020.0,1.0
GPU,2020-01-06,7.0,15.0,156.0,9800.0,400.0,TSMC,AMD,2867.0,1434.0,89.6,2020.0,1.0
GPU,2020-03-07,7.0,15.0,156.0,9800.0,400.0,TSMC,AMD,4301.0,2150.0,134.4,2020.0,3.0
GPU,2020-03-07,7.0,15.0,156.0,9800.0,400.0,TSMC,AMD,3584.0,1792.0,112.0,2020.0,3.0
GPU,2020-11-16,7.0,300.0,750.0,25600.0,1000.0,TSMC,AMD,184600.0,23070.0,11540.0,2020.0,11.0
GPU,2020-11-16,7.0,65.0,750.0,25600.0,650.0,TSMC,AMD,,,,2020.0,11.0
GPU,2020-08-04,7.0,85.0,158.0,6400.0,1000.0,TSMC,AMD,8448.0,4224.0,264.0,2020.0,8.0
GPU,2020-08-04,7.0,125.0,158.0,6400.0,1187.0,TSMC,AMD,10800.0,5398.0,337.3,2020.0,8.0
GPU,2020-06-15,7.0,50.0,169.0,1170.0,822.0,TSMC,AMD,11710.0,5857.0,366.1,2020.0,6.0
GPU,2020-06-15,7.0,65.0,169.0,1170.0,650.0,TSMC,AMD,,,,2020.0,6.0
GPU,2020-08-04,7.0,130.0,251.0,10300.0,1243.0,TSMC,AMD,12440.0,6221.0,388.8,2020.0,8.0
GPU,2020-08-04,7.0,130.0,251.0,10300.0,1243.0,TSMC,AMD,15350.0,7675.0,479.7,2020.0,8.0
GPU,2020-12-01,7.0,225.0,169.0,1170.0,1000.0,TSMC,AMD,14750.0,7373.0,460.8,2020.0,12.0
GPU,,7.0,225.0,169.0,1170.0,1000.0,TSMC,AMD,14750.0,7373.0,460.8,,
GPU,2020-05-13,7.0,250.0,331.0,13230.0,1400.0,TSMC,AMD,26110.0,13060.0,6528.0,2020.0,5.0
GPU,2020-02-10,7.0,125.0,158.0,6400.0,1744.0,TSMC,AMD,10450.0,5224.0,326.5,2020.0,2.0
GPU,2020-02-10,7.0,85.0,158.0,6400.0,1448.0,TSMC,AMD,9265.0,4632.0,289.5,2020.0,2.0
GPU,2020-05-28,7.0,100.0,158.0,6400.0,1327.0,TSMC,AMD,9265.0,4632.0,289.5,2020.0,5.0
GPU,2020-01-21,7.0,125.0,251.0,10300.0,1130.0,TSMC,AMD,12780.0,6390.0,399.4,2020.0,1.0
GPU,2020-01-21,7.0,150.0,251.0,10300.0,1130.0,TSMC,AMD,14380.0,7188.0,449.3,2020.0,1.0
GPU,2020-07-07,7.0,150.0,251.0,10300.0,1035.0,TSMC,AMD,11660.0,5829.0,364.3,2020.0,7.0
GPU,2020-03-01,7.0,180.0,251.0,10300.0,1465.0,TSMC,AMD,15850.0,7926.0,495.4,2020.0,3.0
GPU,2020-03-09,14.0,175.0,232.0,5700.0,1257.0,GlobalFoundries,AMD,6543.0,6543.0,409.0,2020.0,3.0
GPU,2020-04-09,14.0,50.0,103.0,2200.0,1295.0,GlobalFoundries,AMD,1658.0,1658.0,103.6,2020.0,4.0
GPU,2020-10-28,7.0,250.0,520.0,26800.0,1700.0,TSMC,AMD,32330.0,16170.0,1010.0,2020.0,10.0
GPU,2020-10-28,7.0,65.0,520.0,26800.0,650.0,TSMC,AMD,,,,2020.0,10.0
GPU,2020-10-28,7.0,300.0,520.0,26800.0,1825.0,TSMC,AMD,41470.0,20740.0,1296.0,2020.0,10.0
GPU,2020-10-28,7.0,300.0,520.0,26800.0,1825.0,TSMC,AMD,46080.0,23040.0,1440.0,2020.0,10.0
GPU,,7.0,330.0,520.0,26800.0,2075.0,TSMC,AMD,49870.0,24930.0,1558.0,,
GPU,2020-01-06,12.0,15.0,210.0,4940.0,300.0,GlobalFoundries,AMD,768.0,384.0,24.0,2020.0,1.0
GPU,2020-11-10,7.0,100.0,197.0,8000.0,1565.0,TSMC,AMD,8013.0,4006.0,250.4,2020.0,11.0
GPU,2020-11-10,7.0,65.0,197.0,8000.0,650.0,TSMC,AMD,,,,2020.0,11.0
GPU,2020-11-10,7.0,200.0,360.0,15300.0,1825.0,TSMC,AMD,24290.0,12150.0,759.2,2020.0,11.0
GPU,2020-11-10,7.0,65.0,360.0,15300.0,650.0,TSMC,AMD,,,,2020.0,11.0
GPU,2020-11-11,10.0,300.0,95.0,1170.0,1050.0,Intel,Intel,3379.0,1690.0,422.4,2020.0,11.0
GPU,,10.0,65.0,95.0,1170.0,650.0,Intel,Intel,,,,,
GPU,2020-05-04,32.0,15.0,169.0,1170.0,300.0,Intel,Intel,2150.0,1075.0,268.8,2020.0,5.0
GPU,2020-05-04,32.0,65.0,169.0,1170.0,650.0,Intel,Intel,,,,2020.0,5.0
GPU,2020-09-02,10.0,15.0,146.0,1170.0,300.0,Intel,Intel,1690.0,844.8,211.2,2020.0,9.0
GPU,2020-09-02,10.0,65.0,146.0,1170.0,650.0,Intel,Intel,,,,2020.0,9.0
GPU,2020-09-02,10.0,15.0,146.0,1170.0,300.0,Intel,Intel,2816.0,1408.0,352.0,2020.0,9.0
GPU,2020-09-02,10.0,15.0,146.0,1170.0,300.0,Intel,Intel,3379.0,1690.0,422.4,2020.0,9.0
GPU,2020-10-31,10.0,25.0,95.0,1170.0,300.0,Intel,Intel,5069.0,2534.0,633.6,2020.0,10.0
GPU,2020-09-23,10.0,9.0,169.0,1170.0,250.0,Intel,Intel,384.0,192.0,48.0,2020.0,9.0
GPU,2020-09-23,10.0,65.0,169.0,1170.0,650.0,Intel,Intel,,,,2020.0,9.0
GPU,2020-09-23,10.0,9.0,169.0,1170.0,400.0,Intel,Intel,768.0,384.0,96.0,2020.0,9.0
GPU,2020-04-30,32.0,15.0,169.0,1170.0,350.0,Intel,Intel,403.2,201.6,50.4,2020.0,4.0
GPU,2020-04-30,32.0,15.0,169.0,1170.0,350.0,Intel,Intel,846.4,423.2,105.8,2020.0,4.0
GPU,2020-04-30,32.0,15.0,169.0,1170.0,350.0,Intel,Intel,921.6,460.8,115.2,2020.0,4.0
GPU,2020-05-28,10.0,15.0,169.0,1170.0,200.0,Intel,Intel,768.0,384.0,96.0,2020.0,5.0
GPU,2020-05-28,10.0,65.0,169.0,1170.0,650.0,Intel,Intel,,,,2020.0,5.0
GPU,2020-05-28,10.0,15.0,169.0,1170.0,200.0,Intel,Intel,1024.0,512.0,128.0,2020.0,5.0
GPU,2020-05-28,10.0,65.0,169.0,1170.0,650.0,Intel,Intel,,,,2020.0,5.0
GPU,2020-05-13,32.0,15.0,169.0,1170.0,350.0,Intel,Intel,921.6,460.8,115.2,2020.0,5.0
GPU,2020-05-13,32.0,15.0,169.0,1170.0,350.0,Intel,Intel,960.0,480.0,120.0,2020.0,5.0
GPU,,10.0,30.0,95.0,1170.0,900.0,Intel,Intel,3968.0,1984.0,496.0,,
GPU,,10.0,75.0,95.0,1170.0,900.0,Intel,Intel,4608.0,2304.0,576.0,,
GPU,2020-06-22,7.0,250.0,826.0,54200.0,765.0,TSMC,NVIDIA,77970.0,19490.0,9746.0,2020.0,6.0
GPU,2020-05-14,7.0,65.0,826.0,54200.0,650.0,TSMC,NVIDIA,,,,2020.0,5.0
GPU,2020-05-14,7.0,400.0,826.0,54200.0,1095.0,TSMC,NVIDIA,77970.0,19490.0,9746.0,2020.0,5.0
GPU,2020-11-16,7.0,400.0,826.0,54200.0,1275.0,TSMC,NVIDIA,77970.0,19490.0,9746.0,2020.0,11.0
GPU,2020-10-05,8.0,300.0,628.0,28300.0,1305.0,Samsung,NVIDIA,37420.0,37420.0,584.6,2020.0,10.0
GPU,2020-09-01,8.0,65.0,628.0,28300.0,650.0,Samsung,NVIDIA,,,,2020.0,9.0
GPU,2020-05-14,7.0,400.0,826.0,54200.0,1065.0,TSMC,NVIDIA,77970.0,19490.0,9746.0,2020.0,5.0
GPU,2020-05-14,7.0,400.0,826.0,54200.0,900.0,TSMC,NVIDIA,55570.0,13890.0,6947.0,2020.0,5.0
GPU,2020-05-14,7.0,400.0,826.0,54200.0,900.0,TSMC,NVIDIA,55570.0,13890.0,6947.0,2020.0,5.0
GPU,,12.0,260.0,754.0,18600.0,1065.0,TSMC,NVIDIA,25710.0,12860.0,401.8,,
GPU,,12.0,260.0,754.0,18600.0,1065.0,TSMC,NVIDIA,25710.0,12860.0,401.8,,
GPU,,12.0,260.0,754.0,18600.0,1065.0,TSMC,NVIDIA,25710.0,12860.0,401.8,,
GPU,,12.0,260.0,754.0,18600.0,1065.0,TSMC,NVIDIA,25710.0,12860.0,401.8,,
GPU,2020-04-01,12.0,75.0,200.0,4700.0,1410.0,TSMC,NVIDIA,5699.0,2849.0,89.04,2020.0,4.0
GPU,2020-04-15,12.0,30.0,200.0,4700.0,930.0,TSMC,NVIDIA,4608.0,2304.0,72.0,2020.0,4.0
GPU,2020-04-15,12.0,50.0,200.0,4700.0,1380.0,TSMC,NVIDIA,6205.0,3103.0,96.96,2020.0,4.0
GPU,2020-06-18,12.0,90.0,445.0,10800.0,1410.0,TSMC,NVIDIA,5699.0,2849.0,89.04,2020.0,6.0
GPU,2020-07-07,12.0,80.0,284.0,6600.0,1410.0,TSMC,NVIDIA,5699.0,2849.0,89.04,2020.0,7.0
GPU,2020-04-02,12.0,50.0,200.0,4700.0,1035.0,TSMC,NVIDIA,4915.0,2458.0,76.8,2020.0,4.0
GPU,2020-04-23,12.0,50.0,284.0,6600.0,1350.0,TSMC,NVIDIA,6083.0,3041.0,95.04,2020.0,4.0
GPU,2020-04-02,12.0,50.0,200.0,4700.0,1350.0,TSMC,NVIDIA,6083.0,3041.0,95.04,2020.0,4.0
GPU,2020-02-10,14.0,10.0,74.0,1800.0,1531.0,Samsung,NVIDIA,19.13,1224.0,38.26,2020.0,2.0
GPU,2020-02-10,14.0,20.0,132.0,3300.0,1354.0,Samsung,NVIDIA,29.36,1879.0,58.72,2020.0,2.0
GPU,2020-02-10,14.0,65.0,132.0,3300.0,650.0,Samsung,NVIDIA,,,,2020.0,2.0
GPU,2020-02-10,14.0,20.0,132.0,3300.0,747.0,Samsung,NVIDIA,18.74,1199.0,37.48,2020.0,2.0
GPU,2020-08-15,12.0,12.0,200.0,4700.0,720.0,TSMC,NVIDIA,3333.0,1667.0,52.08,2020.0,8.0
GPU,2020-08-15,12.0,65.0,200.0,4700.0,650.0,TSMC,NVIDIA,,,,2020.0,8.0
GPU,2020-08-25,12.0,31.0,200.0,4700.0,1395.0,TSMC,NVIDIA,5645.0,2822.0,88.2,2020.0,8.0
GPU,2020-08-25,12.0,31.0,200.0,4700.0,1035.0,TSMC,NVIDIA,4570.0,2285.0,71.4,2020.0,8.0
GPU,2020-01-29,12.0,65.0,445.0,10800.0,975.0,TSMC,NVIDIA,9101.0,4550.0,142.2,2020.0,1.0
GPU,2020-01-10,12.0,160.0,545.0,13600.0,1365.0,TSMC,NVIDIA,12900.0,6451.0,201.6,2020.0,1.0
GPU,2020-03-04,12.0,115.0,445.0,10800.0,900.0,TSMC,NVIDIA,10370.0,5184.0,162.0,2020.0,3.0
GPU,2020-03-04,12.0,115.0,445.0,10800.0,1260.0,TSMC,NVIDIA,13410.0,6705.0,209.5,2020.0,3.0
GPU,2020-04-02,12.0,80.0,545.0,13600.0,930.0,TSMC,NVIDIA,11830.0,5914.0,184.8,2020.0,4.0
GPU,2020-04-02,12.0,115.0,545.0,13600.0,1140.0,TSMC,NVIDIA,14130.0,7066.0,220.8,2020.0,4.0
GPU,2020-04-02,12.0,80.0,545.0,13600.0,735.0,TSMC,NVIDIA,11980.0,5990.0,187.2,2020.0,4.0
GPU,2020-04-02,12.0,150.0,545.0,13600.0,1365.0,TSMC,NVIDIA,19170.0,9585.0,299.5,2020.0,4.0
GPU,2020-12-01,8.0,200.0,392.0,17400.0,1410.0,Samsung,NVIDIA,16200.0,16200.0,253.1,2020.0,12.0
GPU,2020-09-01,8.0,65.0,392.0,17400.0,650.0,Samsung,NVIDIA,,,,2020.0,9.0
GPU,2020-09-01,8.0,220.0,392.0,17400.0,1500.0,Samsung,NVIDIA,20310.0,20310.0,317.4,2020.0,9.0
GPU,2020-09-01,8.0,320.0,628.0,28300.0,1440.0,Samsung,NVIDIA,29770.0,29770.0,465.1,2020.0,9.0
GPU,2020-09-01,8.0,350.0,628.0,28300.0,1395.0,Samsung,NVIDIA,35580.0,35580.0,556.0,2020.0,9.0
GPU,2020-05-14,12.0,20.0,350.0,9000.0,854.0,TSMC,NVIDIA,1690.0,844.8,422.4,2020.0,5.0
GPU,2020-05-14,12.0,15.0,350.0,9000.0,854.0,TSMC,NVIDIA,1690.0,844.8,422.4,2020.0,5.0
GPU,2020-06-08,12.0,110.0,545.0,13600.0,1035.0,TSMC,NVIDIA,18800.0,9400.0,293.8,2020.0,6.0
GPU,2020-06-08,12.0,65.0,545.0,13600.0,650.0,TSMC,NVIDIA,,,,2020.0,6.0
GPU,2020-06-08,12.0,110.0,545.0,13600.0,1035.0,TSMC,NVIDIA,18800.0,9400.0,293.8,2020.0,6.0
GPU,2020-06-08,12.0,50.0,200.0,4700.0,1395.0,TSMC,NVIDIA,5914.0,2957.0,92.4,2020.0,6.0
GPU,2020-10-05,8.0,300.0,628.0,28300.0,1410.0,Samsung,NVIDIA,38710.0,38710.0,604.8,2020.0,10.0
GPU,2020-12-02,12.0,18.0,200.0,4700.0,795.0,TSMC,NVIDIA,5107.0,2554.0,79.8,2020.0,12.0
GPU,2020-12-02,12.0,18.0,200.0,4700.0,1185.0,TSMC,NVIDIA,5591.0,2796.0,87.36,2020.0,12.0
GPU,,12.0,150.0,754.0,18600.0,1065.0,TSMC,NVIDIA,17140.0,8571.0,267.8,,
GPU,2021-04-13,7.0,45.0,180.0,9800.0,300.0,TSMC,AMD,2611.0,1306.0,81.6,2021.0,4.0
GPU,2021-01-12,7.0,65.0,180.0,9800.0,650.0,TSMC,AMD,,,,2021.0,1.0
GPU,2021-04-13,7.0,45.0,180.0,9800.0,300.0,TSMC,AMD,2458.0,1229.0,76.8,2021.0,4.0
GPU,2021-01-12,7.0,65.0,180.0,9800.0,650.0,TSMC,AMD,,,,2021.0,1.0
GPU,2021-04-13,7.0,45.0,180.0,9800.0,300.0,TSMC,AMD,3405.0,1702.0,106.4,2021.0,4.0
GPU,2021-04-13,7.0,45.0,180.0,9800.0,300.0,TSMC,AMD,3226.0,1613.0,100.8,2021.0,4.0
GPU,,6.0,300.0,724.0,58200.0,1000.0,TSMC,AMD,181000.0,22630.0,22630.0,,
GPU,2021-11-08,6.0,65.0,724.0,58200.0,650.0,TSMC,AMD,,,,2021.0,11.0
GPU,,6.0,300.0,724.0,58200.0,1000.0,TSMC,AMD,181000.0,22630.0,22630.0,,
GPU,2021-11-08,6.0,500.0,724.0,58200.0,1000.0,TSMC,AMD,362100.0,45260.0,45260.0,2021.0,11.0
GPU,2021-11-08,6.0,500.0,724.0,58200.0,1000.0,TSMC,AMD,383000.0,47870.0,47870.0,2021.0,11.0
GPU,2021-11-04,7.0,300.0,520.0,26800.0,1825.0,TSMC,AMD,40550.0,20280.0,1267.0,2021.0,11.0
GPU,2021-06-08,7.0,100.0,237.0,11060.0,2331.0,TSMC,AMD,18490.0,9247.0,577.9,2021.0,6.0
GPU,2021-05-31,7.0,65.0,237.0,11060.0,650.0,TSMC,AMD,,,,2021.0,5.0
GPU,2021-06-08,7.0,250.0,520.0,26800.0,2075.0,TSMC,AMD,35640.0,17820.0,1114.0,2021.0,6.0
GPU,2021-06-08,7.0,90.0,237.0,11060.0,1224.0,TSMC,AMD,14580.0,7290.0,455.6,2021.0,6.0
GPU,2021-08-03,7.0,120.0,237.0,11060.0,2068.0,TSMC,AMD,20310.0,10150.0,634.6,2021.0,8.0
GPU,2021-08-03,7.0,200.0,520.0,26800.0,1800.0,TSMC,AMD,32060.0,16030.0,1002.0,2021.0,8.0
GPU,2021-08-03,7.0,400.0,520.0,26800.0,1800.0,TSMC,AMD,30210.0,15110.0,944.2,2021.0,8.0
GPU,2021-08-03,7.0,300.0,520.0,26800.0,1825.0,TSMC,AMD,44460.0,22230.0,1389.0,2021.0,8.0
GPU,2021-10-13,7.0,132.0,237.0,11060.0,1626.0,TSMC,AMD,17860.0,8928.0,558.0,2021.0,10.0
GPU,2021-07-30,7.0,160.0,237.0,11060.0,1968.0,TSMC,AMD,21210.0,10600.0,662.8,2021.0,7.0
GPU,2021-05-31,7.0,100.0,237.0,11060.0,2068.0,TSMC,AMD,17320.0,8659.0,541.2,2021.0,5.0
GPU,2021-06-09,7.0,175.0,335.0,17200.0,1941.0,TSMC,AMD,22580.0,11290.0,705.6,2021.0,6.0
GPU,2021-03-03,7.0,65.0,335.0,17200.0,650.0,TSMC,AMD,,,,2021.0,3.0
GPU,2021-03-03,7.0,230.0,335.0,17200.0,2321.0,TSMC,AMD,26430.0,13210.0,825.9,2021.0,3.0
GPU,2021-05-31,7.0,135.0,335.0,17200.0,1489.0,TSMC,AMD,22120.0,11060.0,691.2,2021.0,5.0
GPU,2021-05-31,7.0,145.0,335.0,17200.0,2116.0,TSMC,AMD,24470.0,12240.0,764.8,2021.0,5.0
GPU,,10.0,350.0,190.0,8000.0,900.0,Intel,Intel,22120.0,11060.0,2765.0,,
GPU,,10.0,65.0,190.0,8000.0,650.0,Intel,Intel,,,,,
GPU,,10.0,500.0,190.0,8000.0,900.0,Intel,Intel,27650.0,13820.0,3456.0,,
GPU,,32.0,15.0,169.0,1170.0,300.0,Intel,Intel,460.8,230.4,,,
GPU,,32.0,65.0,169.0,1170.0,650.0,Intel,Intel,,,,,
GPU,,10.0,15.0,169.0,1170.0,350.0,Intel,Intel,742.4,371.2,92.8,,
GPU,,10.0,65.0,169.0,1170.0,650.0,Intel,Intel,,,,,
GPU,,10.0,15.0,169.0,1170.0,350.0,Intel,Intel,1382.0,691.2,172.8,,
GPU,2021-03-30,32.0,15.0,169.0,1170.0,300.0,Intel,Intel,998.4,499.2,,2021.0,3.0
GPU,2021-03-30,32.0,15.0,169.0,1170.0,300.0,Intel,Intel,1331.0,665.6,,2021.0,3.0
GPU,2021-11-04,10.0,15.0,169.0,1170.0,300.0,Intel,Intel,1485.0,742.4,,2021.0,11.0
GPU,2021-11-04,10.0,65.0,169.0,1170.0,650.0,Intel,Intel,,,,2021.0,11.0
GPU,,32.0,15.0,169.0,1170.0,350.0,Intel,Intel,1331.0,665.6,166.4,,
GPU,2021-04-12,8.0,150.0,628.0,28300.0,885.0,Samsung,NVIDIA,31240.0,31240.0,976.3,2021.0,4.0
GPU,2021-06-28,7.0,300.0,826.0,54200.0,1065.0,TSMC,NVIDIA,77970.0,19490.0,9746.0,2021.0,6.0
GPU,2021-06-28,7.0,300.0,826.0,54200.0,795.0,TSMC,NVIDIA,79630.0,19910.0,9953.0,2021.0,6.0
GPU,2021-04-12,8.0,150.0,628.0,28300.0,1320.0,Samsung,NVIDIA,31520.0,31520.0,985.0,2021.0,4.0
GPU,2021-04-12,8.0,250.0,200.0,8700.0,1312.0,Samsung,NVIDIA,4493.0,4493.0,140.4,2021.0,4.0
GPU,2021-04-12,8.0,65.0,200.0,8700.0,650.0,Samsung,NVIDIA,,,,2021.0,4.0
GPU,2021-11-10,8.0,60.0,200.0,8700.0,1440.0,Samsung,NVIDIA,4531.0,4531.0,70.8,2021.0,11.0
GPU,2021-11-10,8.0,60.0,200.0,8700.0,1440.0,Samsung,NVIDIA,4531.0,4531.0,141.6,2021.0,11.0
GPU,2021-04-12,7.0,165.0,826.0,54200.0,930.0,TSMC,NVIDIA,10320.0,10320.0,5161.0,2021.0,4.0
GPU,2021-04-12,7.0,230.0,826.0,54200.0,1035.0,TSMC,NVIDIA,10320.0,10320.0,5161.0,2021.0,4.0
GPU,2021-09-01,7.0,250.0,826.0,54200.0,1140.0,TSMC,NVIDIA,50530.0,12630.0,6317.0,2021.0,9.0
GPU,2021-09-01,7.0,250.0,826.0,54200.0,1140.0,TSMC,NVIDIA,50530.0,12630.0,6317.0,2021.0,9.0
GPU,2021-02-25,12.0,125.0,284.0,6600.0,1530.0,TSMC,NVIDIA,10050.0,5027.0,157.1,2021.0,2.0
GPU,2021-02-25,12.0,185.0,445.0,10800.0,1470.0,TSMC,NVIDIA,15210.0,7603.0,237.6,2021.0,2.0
GPU,2021-06-24,12.0,250.0,754.0,18600.0,1350.0,TSMC,NVIDIA,22150.0,11070.0,346.1,2021.0,6.0
GPU,,8.0,65.0,392.0,17400.0,1365.0,Samsung,NVIDIA,17140.0,17140.0,267.8,,
GPU,2021-07-28,8.0,320.0,628.0,28300.0,1500.0,Samsung,NVIDIA,21890.0,21890.0,342.0,2021.0,7.0
GPU,2021-01-13,14.0,30.0,74.0,1800.0,1228.0,Samsung,NVIDIA,,751.6,31.32,2021.0,1.0
GPU,2021-01-13,14.0,20.0,74.0,1800.0,1152.0,Samsung,NVIDIA,,706.6,29.44,2021.0,1.0
GPU,2021-12-17,12.0,25.0,200.0,4700.0,1065.0,TSMC,NVIDIA,2703.0,2703.0,42.24,2021.0,12.0
GPU,2021-12-17,12.0,65.0,200.0,4700.0,650.0,TSMC,NVIDIA,,,,2021.0,12.0
GPU,2021-12-17,8.0,15.0,200.0,8700.0,832.0,Samsung,NVIDIA,4731.0,4731.0,73.92,2021.0,12.0
GPU,2021-12-17,8.0,65.0,200.0,8700.0,650.0,Samsung,NVIDIA,,,,2021.0,12.0
GPU,2021-12-17,8.0,25.0,200.0,8700.0,832.0,Samsung,NVIDIA,4731.0,4731.0,73.92,2021.0,12.0
GPU,2021-12-17,8.0,65.0,200.0,8700.0,650.0,Samsung,NVIDIA,,,,2021.0,12.0
GPU,2021-12-17,8.0,30.0,200.0,8700.0,832.0,Samsung,NVIDIA,9462.0,4731.0,147.8,2021.0,12.0
GPU,2021-12-17,8.0,30.0,200.0,8700.0,735.0,Samsung,NVIDIA,10200.0,5100.0,159.4,2021.0,12.0
GPU,2021-12-07,12.0,184.0,445.0,10800.0,1470.0,TSMC,NVIDIA,14360.0,7181.0,224.4,2021.0,12.0
GPU,2021-05-11,8.0,35.0,200.0,8700.0,712.0,Samsung,NVIDIA,4329.0,4329.0,67.65,2021.0,5.0
GPU,2021-05-11,8.0,45.0,200.0,8700.0,1065.0,Samsung,NVIDIA,5501.0,5501.0,85.95,2021.0,5.0
GPU,2021-05-11,8.0,75.0,200.0,8700.0,735.0,Samsung,NVIDIA,5299.0,5299.0,82.8,2021.0,5.0
GPU,2021-05-11,8.0,75.0,276.0,12000.0,735.0,Samsung,NVIDIA,5299.0,5299.0,82.8,2021.0,5.0
GPU,,8.0,65.0,276.0,12000.0,650.0,Samsung,NVIDIA,,,,,
GPU,2021-05-11,8.0,75.0,200.0,8700.0,735.0,Samsung,NVIDIA,5299.0,5299.0,82.8,2021.0,5.0
GPU,2021-01-12,8.0,170.0,276.0,12000.0,1320.0,Samsung,NVIDIA,12740.0,12740.0,199.0,2021.0,1.0
GPU,2021-09-01,8.0,170.0,392.0,17400.0,1320.0,Samsung,NVIDIA,12740.0,12740.0,199.0,2021.0,9.0
GPU,2021-01-12,8.0,60.0,276.0,12000.0,817.0,Samsung,NVIDIA,9846.0,9846.0,153.8,2021.0,1.0
GPU,2021-01-12,8.0,80.0,392.0,17400.0,780.0,Samsung,NVIDIA,13210.0,13210.0,206.4,2021.0,1.0
GPU,2021-01-12,8.0,115.0,392.0,17400.0,1110.0,Samsung,NVIDIA,15970.0,15970.0,249.6,2021.0,1.0
GPU,2021-05-31,8.0,290.0,392.0,17400.0,1575.0,Samsung,NVIDIA,21750.0,21750.0,339.8,2021.0,5.0
GPU,2021-01-12,8.0,80.0,392.0,17400.0,780.0,Samsung,NVIDIA,15300.0,15300.0,239.0,2021.0,1.0
GPU,2021-01-12,8.0,115.0,392.0,17400.0,1110.0,Samsung,NVIDIA,18980.0,18980.0,296.6,2021.0,1.0
GPU,2021-05-31,8.0,350.0,628.0,28300.0,1365.0,Samsung,NVIDIA,34100.0,34100.0,532.8,2021.0,5.0
GPU,2021-04-12,7.0,165.0,826.0,54200.0,930.0,TSMC,NVIDIA,10320.0,10320.0,5161.0,2021.0,4.0
GPU,2021-04-12,7.0,165.0,826.0,54200.0,930.0,TSMC,NVIDIA,10320.0,10320.0,5161.0,2021.0,4.0
GPU,2021-04-12,7.0,165.0,826.0,54200.0,930.0,TSMC,NVIDIA,10320.0,10320.0,5161.0,2021.0,4.0
GPU,2021-04-12,7.0,165.0,826.0,54200.0,930.0,TSMC,NVIDIA,10320.0,10320.0,5161.0,2021.0,4.0
GPU,2021-04-12,12.0,18.0,200.0,4700.0,855.0,TSMC,NVIDIA,5837.0,2918.0,91.2,2021.0,4.0
GPU,2021-04-12,12.0,18.0,200.0,4700.0,1515.0,TSMC,NVIDIA,7311.0,3656.0,114.2,2021.0,4.0
GPU,2021-08-10,8.0,70.0,276.0,12000.0,562.0,Samsung,NVIDIA,7987.0,7987.0,124.8,2021.0,8.0
GPU,2021-11-23,8.0,70.0,276.0,12000.0,562.0,Samsung,NVIDIA,7987.0,7987.0,124.8,2021.0,11.0
GPU,2021-04-12,8.0,95.0,276.0,12000.0,682.0,Samsung,NVIDIA,6180.0,6180.0,96.56,2021.0,4.0
GPU,2021-04-12,8.0,95.0,276.0,12000.0,1215.0,Samsung,NVIDIA,8637.0,8637.0,135.0,2021.0,4.0
GPU,2021-04-12,8.0,70.0,392.0,17400.0,600.0,Samsung,NVIDIA,10080.0,10080.0,157.4,2021.0,4.0
GPU,2021-04-12,8.0,70.0,392.0,17400.0,495.0,Samsung,NVIDIA,9585.0,9585.0,149.8,2021.0,4.0
GPU,2021-04-12,8.0,65.0,200.0,8700.0,1297.0,Samsung,NVIDIA,7250.0,7250.0,113.3,2021.0,4.0
GPU,2021-04-12,8.0,140.0,392.0,17400.0,735.0,Samsung,NVIDIA,19170.0,19170.0,299.5,2021.0,4.0
GPU,2021-04-12,8.0,80.0,392.0,17400.0,780.0,Samsung,NVIDIA,14280.0,14280.0,223.2,2021.0,4.0
GPU,2021-04-12,8.0,115.0,392.0,17400.0,1140.0,Samsung,NVIDIA,17200.0,17200.0,268.8,2021.0,4.0
GPU,2021-04-12,8.0,140.0,392.0,17400.0,735.0,Samsung,NVIDIA,19170.0,19170.0,299.5,2021.0,4.0
GPU,2021-11-23,8.0,200.0,628.0,28300.0,1050.0,Samsung,NVIDIA,23650.0,23650.0,369.6,2021.0,11.0
GPU,2021-11-10,8.0,60.0,200.0,8700.0,1440.0,Samsung,NVIDIA,7250.0,7250.0,113.3,2021.0,11.0
GPU,2021-04-12,8.0,230.0,628.0,28300.0,1170.0,Samsung,NVIDIA,27770.0,27770.0,433.9,2021.0,4.0
GPU,2021-04-12,8.0,80.0,392.0,17400.0,720.0,Samsung,NVIDIA,16590.0,16590.0,259.2,2021.0,4.0
GPU,2021-04-12,8.0,150.0,392.0,17400.0,900.0,Samsung,NVIDIA,19350.0,19350.0,302.4,2021.0,4.0
GPU,2021-04-12,8.0,230.0,628.0,28300.0,1170.0,Samsung,NVIDIA,27770.0,27770.0,433.9,2021.0,4.0
GPU,2021-04-12,8.0,230.0,628.0,28300.0,1170.0,Samsung,NVIDIA,27770.0,27770.0,433.9,2021.0,4.0
GPU,2021-05-06,12.0,50.0,200.0,4700.0,1065.0,TSMC,NVIDIA,5000.0,2500.0,78.12,2021.0,5.0
GPU,2021-05-06,12.0,50.0,200.0,4700.0,1065.0,TSMC,NVIDIA,5000.0,2500.0,78.12,2021.0,5.0
GPU,2021-05-06,12.0,30.0,200.0,4700.0,420.0,TSMC,NVIDIA,2189.0,1094.0,34.2,2021.0,5.0
GPU,2021-05-06,12.0,30.0,200.0,4700.0,420.0,TSMC,NVIDIA,2189.0,1094.0,34.2,2021.0,5.0
GPU,2021-04-12,12.0,40.0,200.0,4700.0,735.0,TSMC,NVIDIA,3418.0,1709.0,53.4,2021.0,4.0
GPU,2021-04-12,12.0,40.0,200.0,4700.0,930.0,TSMC,NVIDIA,5000.0,2500.0,78.12,2021.0,4.0
GPU,2021-04-12,12.0,40.0,200.0,4700.0,780.0,TSMC,NVIDIA,5053.0,2527.0,78.96,2021.0,4.0
GPU,2022-09-28,6.0,180.0,169.0,10600.0,2233.0,TSMC,AMD,20580.0,10290.0,643.1,2022.0,9.0
GPU,2022-09-28,6.0,65.0,169.0,10600.0,650.0,TSMC,AMD,,,,2022.0,9.0
GPU,2022-09-20,6.0,15.0,100.0,1170.0,1500.0,TSMC,AMD,972.8,486.4,30.4,2022.0,9.0
GPU,2022-09-20,6.0,65.0,100.0,1170.0,650.0,TSMC,AMD,,,,2022.0,9.0
GPU,2022-01-04,6.0,40.0,208.0,13100.0,1500.0,TSMC,AMD,2918.0,1459.0,91.2,2022.0,1.0
GPU,2022-01-04,6.0,65.0,208.0,13100.0,650.0,TSMC,AMD,,,,2022.0,1.0
GPU,2022-01-04,6.0,50.0,208.0,13100.0,2000.0,TSMC,AMD,6758.0,3379.0,211.2,2022.0,1.0
GPU,2022-09-27,5.0,15.0,264.0,3400.0,400.0,TSMC,AMD,1126.0,563.2,35.2,2022.0,9.0
GPU,2022-09-27,5.0,65.0,264.0,3400.0,650.0,TSMC,AMD,,,,2022.0,9.0
GPU,2022-01-06,7.0,45.0,180.0,10700.0,300.0,TSMC,AMD,3226.0,1613.0,100.8,2022.0,1.0
GPU,2022-01-06,7.0,65.0,180.0,10700.0,650.0,TSMC,AMD,,,,2022.0,1.0
GPU,2022-01-06,7.0,45.0,180.0,10700.0,300.0,TSMC,AMD,4096.0,2048.0,128.0,2022.0,1.0
GPU,2022-01-19,6.0,25.0,107.0,5400.0,1512.0,TSMC,AMD,6267.0,3133.0,195.8,2022.0,1.0
GPU,2022-01-04,6.0,65.0,107.0,5400.0,650.0,TSMC,AMD,,,,2022.0,1.0
GPU,2022-01-19,6.0,50.0,107.0,5400.0,2039.0,TSMC,AMD,7130.0,3565.0,222.8,2022.0,1.0
GPU,2022-01-19,6.0,25.0,107.0,5400.0,1512.0,TSMC,AMD,6267.0,3133.0,195.8,2022.0,1.0
GPU,,6.0,25.0,107.0,5400.0,1512.0,TSMC,AMD,8356.0,4178.0,261.1,,
GPU,,6.0,32.0,107.0,5400.0,1000.0,TSMC,AMD,6267.0,3133.0,195.8,,
GPU,,6.0,35.0,107.0,5400.0,1000.0,TSMC,AMD,6267.0,3133.0,195.8,,
GPU,2022-01-19,6.0,53.0,107.0,5400.0,1923.0,TSMC,AMD,7130.0,3565.0,222.8,2022.0,1.0
GPU,2022-01-19,6.0,107.0,107.0,5400.0,2310.0,TSMC,AMD,11530.0,5765.0,360.3,2022.0,1.0
GPU,2022-01-04,6.0,50.0,107.0,5400.0,2000.0,TSMC,AMD,9830.0,4915.0,307.2,2022.0,1.0
GPU,2022-01-04,7.0,80.0,237.0,11060.0,1700.0,TSMC,AMD,14340.0,7168.0,448.0,2022.0,1.0
GPU,2022-05-10,7.0,176.0,237.0,11060.0,2055.0,TSMC,AMD,21590.0,10790.0,674.6,2022.0,5.0
GPU,2022-01-04,7.0,120.0,237.0,11060.0,2068.0,TSMC,AMD,17320.0,8659.0,541.2,2022.0,1.0
GPU,2022-01-04,7.0,120.0,237.0,11060.0,2068.0,TSMC,AMD,19790.0,9896.0,618.5,2022.0,1.0
GPU,2022-01-04,7.0,80.0,237.0,11060.0,1700.0,TSMC,AMD,14340.0,7168.0,448.0,2022.0,1.0
GPU,2022-03-03,7.0,250.0,335.0,17200.0,2150.0,TSMC,AMD,26620.0,13310.0,832.0,2022.0,3.0
GPU,2022-01-04,7.0,100.0,237.0,11060.0,1800.0,TSMC,AMD,17200.0,8602.0,537.6,2022.0,1.0
GPU,2022-01-04,7.0,165.0,335.0,17200.0,2321.0,TSMC,AMD,26430.0,13210.0,825.9,2022.0,1.0
GPU,2022-05-10,7.0,335.0,520.0,26800.0,1860.0,TSMC,AMD,47310.0,23650.0,1478.0,2022.0,5.0
GPU,2022-11-03,5.0,300.0,529.0,57700.0,1500.0,TSMC,AMD,103000.0,51480.0,1609.0,2022.0,11.0
GPU,2022-11-03,5.0,65.0,529.0,57700.0,650.0,TSMC,AMD,,,,2022.0,11.0
GPU,2022-11-03,5.0,355.0,529.0,57700.0,1855.0,TSMC,AMD,122800.0,61420.0,1919.0,2022.0,11.0
GPU,,5.0,300.0,529.0,57700.0,2000.0,TSMC,AMD,129000.0,64510.0,2016.0,,
GPU,,5.0,355.0,529.0,57700.0,2200.0,TSMC,AMD,162200.0,81100.0,2534.0,,
GPU,2022-02-25,7.0,15.0,163.0,2400.0,1000.0,TSMC,AMD,3277.0,1638.0,102.4,2022.0,2.0
GPU,2022-02-25,7.0,65.0,163.0,2400.0,650.0,TSMC,AMD,,,,2022.0,2.0
GPU,2022-10-12,6.0,30.0,157.0,7200.0,1750.0,TSMC,Intel,5376.0,2688.0,672.0,2022.0,10.0
GPU,2022-03-30,6.0,65.0,157.0,7200.0,650.0,TSMC,Intel,,,,2022.0,3.0
GPU,,6.0,25.0,157.0,7200.0,2000.0,TSMC,Intel,6144.0,3072.0,768.0,,
GPU,2022-03-30,6.0,25.0,157.0,7200.0,1150.0,TSMC,Intel,6758.0,3379.0,844.8,2022.0,3.0
GPU,2022-03-30,6.0,35.0,157.0,7200.0,1550.0,TSMC,Intel,8397.0,4198.0,1050.0,2022.0,3.0
GPU,2022-06-14,6.0,75.0,157.0,7200.0,2000.0,TSMC,Intel,8397.0,4198.0,,2022.0,6.0
GPU,,6.0,60.0,406.0,21700.0,900.0,TSMC,Intel,16790.0,8397.0,,,
GPU,,6.0,65.0,406.0,21700.0,650.0,TSMC,Intel,,,,,
GPU,,6.0,80.0,406.0,21700.0,1100.0,TSMC,Intel,25190.0,12600.0,,,
GPU,2022-10-12,6.0,225.0,406.0,21700.0,2050.0,TSMC,Intel,34410.0,17200.0,,2022.0,10.0
GPU,2022-10-12,6.0,225.0,406.0,21700.0,2100.0,TSMC,Intel,39320.0,19660.0,,2022.0,10.0
GPU,,6.0,120.0,406.0,21700.0,1650.0,TSMC,Intel,33590.0,16790.0,,,
GPU,,6.0,200.0,406.0,21700.0,2200.0,TSMC,Intel,36040.0,18020.0,,,
GPU,2022-08-08,6.0,50.0,157.0,7200.0,1500.0,TSMC,Intel,8192.0,4096.0,1024.0,2022.0,8.0
GPU,2022-08-08,6.0,50.0,157.0,7200.0,1500.0,TSMC,Intel,6963.0,3482.0,870.4,2022.0,8.0
GPU,2022-08-08,6.0,75.0,157.0,7200.0,2000.0,TSMC,Intel,9626.0,4813.0,1203.0,2022.0,8.0
GPU,,10.0,500.0,190.0,8000.0,900.0,Intel,Intel,29490.0,14750.0,3686.0,,
GPU,2022-08-24,6.0,75.0,157.0,7200.0,1600.0,TSMC,Intel,7987.0,3994.0,,2022.0,8.0
GPU,2022-08-24,6.0,150.0,406.0,21700.0,1950.0,TSMC,Intel,33590.0,16790.0,,2022.0,8.0
GPU,2022-01-04,10.0,45.0,169.0,1170.0,300.0,Intel,Intel,3072.0,1536.0,384.0,2022.0,1.0
GPU,2022-01-04,10.0,45.0,169.0,1170.0,300.0,Intel,Intel,4301.0,2150.0,537.6,2022.0,1.0
GPU,2022-01-04,10.0,15.0,169.0,1170.0,300.0,Intel,Intel,614.4,307.2,76.8,2022.0,1.0
GPU,2022-01-04,10.0,45.0,169.0,1170.0,300.0,Intel,Intel,1766.0,883.2,220.8,2022.0,1.0
GPU,2022-01-04,10.0,45.0,169.0,1170.0,300.0,Intel,Intel,2867.0,1434.0,358.4,2022.0,1.0
GPU,2022-01-04,10.0,15.0,169.0,1170.0,300.0,Intel,Intel,665.6,332.8,,2022.0,1.0
GPU,2022-01-04,10.0,15.0,169.0,1170.0,300.0,Intel,Intel,1075.0,537.6,,2022.0,1.0
GPU,2022-09-27,10.0,15.0,169.0,1170.0,300.0,Intel,Intel,1587.0,793.6,,2022.0,9.0
GPU,2022-09-27,10.0,65.0,169.0,1170.0,650.0,Intel,Intel,,,,2022.0,9.0
GPU,2022-11-08,7.0,250.0,826.0,54200.0,765.0,TSMC,NVIDIA,77970.0,19490.0,9746.0,2022.0,11.0
GPU,2022-11-08,7.0,250.0,826.0,54200.0,1065.0,TSMC,NVIDIA,77970.0,19490.0,9746.0,2022.0,11.0
GPU,2022-08-11,7.0,400.0,826.0,54200.0,1155.0,TSMC,NVIDIA,77970.0,19490.0,9746.0,2022.0,8.0
GPU,2022-06-28,12.0,75.0,200.0,4700.0,1740.0,TSMC,NVIDIA,3656.0,1828.0,57.12,2022.0,6.0
GPU,,8.0,90.0,200.0,8700.0,1545.0,Samsung,NVIDIA,8018.0,8018.0,125.3,,
GPU,2022-01-04,8.0,130.0,276.0,12000.0,1552.0,Samsung,NVIDIA,9098.0,9098.0,142.2,2022.0,1.0
GPU,2022-12-16,8.0,115.0,200.0,8700.0,1552.0,Samsung,NVIDIA,9098.0,9098.0,142.2,2022.0,12.0
GPU,2022-07-06,8.0,35.0,200.0,8700.0,757.0,Samsung,NVIDIA,4608.0,4608.0,72.0,2022.0,7.0
GPU,2022-07-06,8.0,35.0,200.0,8700.0,622.0,Samsung,NVIDIA,5069.0,5069.0,79.2,2022.0,7.0
GPU,2022-07-06,8.0,45.0,200.0,8700.0,652.0,Samsung,NVIDIA,6180.0,6180.0,96.56,2022.0,7.0
GPU,2022-07-06,8.0,75.0,200.0,8700.0,1237.0,Samsung,NVIDIA,7639.0,7639.0,119.4,2022.0,7.0
GPU,2022-10-12,8.0,170.0,276.0,12000.0,1320.0,Samsung,NVIDIA,12740.0,12740.0,199.0,2022.0,10.0
GPU,,8.0,195.0,392.0,17400.0,1320.0,Samsung,NVIDIA,12740.0,12740.0,199.0,,
GPU,2022-02-23,8.0,200.0,496.0,22000.0,1410.0,Samsung,NVIDIA,16200.0,16200.0,253.1,2022.0,2.0
GPU,2022-01-25,8.0,65.0,496.0,22000.0,650.0,Samsung,NVIDIA,,,,2022.0,1.0
GPU,2022-10-19,8.0,225.0,392.0,17400.0,1410.0,Samsung,NVIDIA,16200.0,16200.0,253.1,2022.0,10.0
GPU,,8.0,290.0,392.0,17400.0,1575.0,Samsung,NVIDIA,21750.0,21750.0,339.8,,
GPU,2022-10-21,8.0,290.0,628.0,28300.0,1575.0,Samsung,NVIDIA,21750.0,21750.0,339.8,2022.0,10.0
GPU,2022-01-04,8.0,115.0,392.0,17400.0,915.0,Samsung,NVIDIA,16600.0,16600.0,259.4,2022.0,1.0
GPU,,8.0,220.0,392.0,17400.0,915.0,Samsung,NVIDIA,16600.0,16600.0,259.4,,
GPU,2022-01-11,8.0,350.0,628.0,28300.0,1260.0,Samsung,NVIDIA,30640.0,30640.0,478.8,2022.0,1.0
GPU,2022-01-25,8.0,80.0,496.0,22000.0,585.0,Samsung,NVIDIA,16700.0,16700.0,261.0,2022.0,1.0
GPU,2022-01-25,8.0,115.0,496.0,22000.0,810.0,Samsung,NVIDIA,18710.0,18710.0,292.3,2022.0,1.0
GPU,2022-01-27,8.0,450.0,628.0,28300.0,1560.0,Samsung,NVIDIA,40000.0,40000.0,625.0,2022.0,1.0
GPU,2022-09-20,5.0,320.0,379.0,45900.0,2205.0,TSMC,NVIDIA,48740.0,48740.0,761.5,2022.0,9.0
GPU,2022-09-20,5.0,65.0,379.0,45900.0,650.0,TSMC,NVIDIA,,,,2022.0,9.0
GPU,,5.0,285.0,294.0,35800.0,2310.0,TSMC,NVIDIA,40090.0,40090.0,626.4,,
GPU,2023-01-03,5.0,65.0,294.0,35800.0,650.0,TSMC,NVIDIA,,,,2023.0,1.0
GPU,2022-09-20,5.0,450.0,609.0,76300.0,2235.0,TSMC,NVIDIA,82580.0,82580.0,1290.0,2022.0,9.0
GPU,2022-09-20,5.0,65.0,609.0,76300.0,650.0,TSMC,NVIDIA,,,,2022.0,9.0
GPU,2022-10-13,5.0,300.0,609.0,76300.0,735.0,TSMC,NVIDIA,90520.0,90520.0,1414.0,2022.0,10.0
GPU,2022-10-13,5.0,300.0,609.0,76300.0,1005.0,TSMC,NVIDIA,89970.0,89970.0,1406.0,2022.0,10.0
GPU,2022-10-13,5.0,300.0,609.0,76300.0,1005.0,TSMC,NVIDIA,89970.0,89970.0,1406.0,2022.0,10.0
GPU,2022-10-13,5.0,300.0,609.0,76300.0,1110.0,TSMC,NVIDIA,91610.0,91610.0,1431.0,2022.0,10.0
GPU,2022-12-03,5.0,300.0,609.0,76300.0,915.0,TSMC,NVIDIA,91060.0,91060.0,1423.0,2022.0,12.0
GPU,2022-03-30,8.0,35.0,200.0,8700.0,630.0,Samsung,NVIDIA,4669.0,4669.0,72.96,2022.0,3.0
GPU,2022-03-30,8.0,60.0,200.0,8700.0,630.0,Samsung,NVIDIA,4669.0,4669.0,72.96,2022.0,3.0
GPU,2022-03-30,8.0,60.0,200.0,8700.0,652.0,Samsung,NVIDIA,5837.0,5837.0,91.2,2022.0,3.0
GPU,2022-03-30,8.0,35.0,200.0,8700.0,607.0,Samsung,NVIDIA,6026.0,6026.0,94.16,2022.0,3.0
GPU,2022-03-22,8.0,115.0,392.0,17400.0,855.0,Samsung,NVIDIA,11800.0,11800.0,184.3,2022.0,3.0
GPU,2022-03-30,8.0,80.0,392.0,17400.0,510.0,Samsung,NVIDIA,14310.0,14310.0,223.6,2022.0,3.0
GPU,2022-03-22,8.0,80.0,392.0,17400.0,510.0,Samsung,NVIDIA,14310.0,14310.0,223.6,2022.0,3.0
GPU,2022-03-22,8.0,140.0,392.0,17400.0,930.0,Samsung,NVIDIA,17660.0,17660.0,276.0,2022.0,3.0
GPU,2022-03-30,8.0,20.0,200.0,8700.0,435.0,Samsung,NVIDIA,5468.0,5468.0,85.44,2022.0,3.0
GPU,2022-03-22,8.0,65.0,200.0,8700.0,832.0,Samsung,NVIDIA,6296.0,6296.0,98.37,2022.0,3.0
GPU,2022-03-22,8.0,230.0,628.0,28300.0,1080.0,Samsung,NVIDIA,34100.0,34100.0,532.8,2022.0,3.0
GPU,2022-03-22,8.0,80.0,496.0,22000.0,585.0,Samsung,NVIDIA,18710.0,18710.0,292.3,2022.0,3.0
GPU,2022-03-22,8.0,165.0,496.0,22000.0,975.0,Samsung,NVIDIA,22270.0,22270.0,348.0,2022.0,3.0
GPU,,12.0,23.0,200.0,4700.0,1065.0,TSMC,NVIDIA,6820.0,3410.0,106.6,,
GPU,,12.0,260.0,754.0,18600.0,1305.0,TSMC,NVIDIA,28750.0,14380.0,449.3,,
GPU,2023-06-13,4.0,30.0,178.0,25390.0,1500.0,TSMC,AMD,16590.0,8294.0,518.4,2023.0,6.0
GPU,2023-01-04,4.0,65.0,178.0,25390.0,650.0,TSMC,AMD,,,,2023.0,1.0
GPU,,4.0,30.0,178.0,25390.0,1500.0,TSMC,AMD,5120.0,2560.0,160.0,,
GPU,2023-01-03,5.0,15.0,264.0,1170.0,400.0,TSMC,AMD,1126.0,563.2,35.2,2023.0,1.0
GPU,2023-01-03,5.0,65.0,264.0,1170.0,650.0,TSMC,AMD,,,,2023.0,1.0
GPU,2023-01-03,6.0,40.0,208.0,13100.0,1500.0,TSMC,AMD,2918.0,1459.0,91.2,2023.0,1.0
GPU,2023-01-03,6.0,65.0,208.0,13100.0,650.0,TSMC,AMD,,,,2023.0,1.0
GPU,2023-01-03,6.0,50.0,208.0,13100.0,2000.0,TSMC,AMD,6758.0,3379.0,211.2,2023.0,1.0
GPU,2023-01-04,4.0,15.0,178.0,25390.0,800.0,TSMC,AMD,5120.0,2560.0,160.0,2023.0,1.0
GPU,2023-01-04,4.0,15.0,178.0,25390.0,800.0,TSMC,AMD,10650.0,5323.0,332.7,2023.0,1.0
GPU,2023-01-04,4.0,15.0,178.0,25390.0,800.0,TSMC,AMD,16590.0,8294.0,518.4,2023.0,1.0
GPU,2023-01-04,5.0,600.0,1017.0,153000.0,1000.0,TSMC,AMD,383000.0,47870.0,47870.0,2023.0,1.0
GPU,2023-01-04,5.0,65.0,1017.0,153000.0,650.0,TSMC,AMD,,,,2023.0,1.0
GPU,2023-12-06,5.0,750.0,1017.0,153000.0,1000.0,TSMC,AMD,653700.0,81720.0,81720.0,2023.0,12.0
GPU,2023-08-03,6.0,70.0,204.0,13300.0,1500.0,TSMC,AMD,24370.0,12190.0,380.8,2023.0,8.0
GPU,2023-01-04,6.0,65.0,204.0,13300.0,650.0,TSMC,AMD,,,,2023.0,1.0
GPU,2023-08-03,6.0,130.0,204.0,13300.0,1720.0,TSMC,AMD,39980.0,19990.0,624.6,2023.0,8.0
GPU,2023-11-13,5.0,190.0,346.0,28100.0,1900.0,TSMC,AMD,63900.0,31950.0,998.4,2023.0,11.0
GPU,2023-08-25,5.0,65.0,346.0,28100.0,650.0,TSMC,AMD,,,,2023.0,8.0
GPU,2023-04-13,5.0,260.0,529.0,57700.0,1855.0,TSMC,AMD,89560.0,44780.0,1399.0,2023.0,4.0
GPU,2023-04-13,5.0,295.0,529.0,57700.0,1855.0,TSMC,AMD,122600.0,61320.0,1916.0,2023.0,4.0
GPU,2023-01-04,6.0,50.0,107.0,5400.0,2000.0,TSMC,AMD,7557.0,3779.0,236.2,2023.0,1.0
GPU,2023-01-04,6.0,80.0,107.0,5400.0,2000.0,TSMC,AMD,11630.0,5816.0,363.5,2023.0,1.0
GPU,2023-01-04,6.0,50.0,107.0,5400.0,2000.0,TSMC,AMD,9830.0,4915.0,307.2,2023.0,1.0
GPU,2023-10-17,7.0,250.0,335.0,17200.0,2321.0,TSMC,AMD,26430.0,13210.0,825.9,2023.0,10.0
GPU,,6.0,100.0,204.0,13300.0,1452.0,TSMC,AMD,18840.0,9421.0,294.4,,
GPU,2023-05-24,6.0,165.0,204.0,13300.0,1720.0,TSMC,AMD,43500.0,21750.0,679.7,2023.0,5.0
GPU,2023-01-04,6.0,90.0,204.0,13300.0,1500.0,TSMC,AMD,34550.0,17270.0,539.8,2023.0,1.0
GPU,2023-01-04,6.0,120.0,204.0,13300.0,1437.0,TSMC,AMD,42730.0,21360.0,667.6,2023.0,1.0
GPU,2023-01-04,6.0,75.0,204.0,13300.0,1500.0,TSMC,AMD,31540.0,15770.0,492.8,2023.0,1.0
GPU,,5.0,200.0,346.0,28100.0,1900.0,TSMC,AMD,63900.0,31950.0,998.4,,
GPU,2023-08-25,5.0,245.0,346.0,28100.0,1700.0,TSMC,AMD,70340.0,35170.0,1099.0,2023.0,8.0
GPU,2023-01-04,6.0,100.0,204.0,13300.0,1500.0,TSMC,AMD,40960.0,20480.0,640.0,2023.0,1.0
GPU,2023-08-25,5.0,263.0,346.0,28100.0,1295.0,TSMC,AMD,74650.0,37320.0,1166.0,2023.0,8.0
GPU,2023-07-27,5.0,260.0,529.0,57700.0,1287.0,TSMC,AMD,91960.0,45980.0,1437.0,2023.0,7.0
GPU,2023-10-19,5.0,180.0,529.0,57700.0,1825.0,TSMC,AMD,77050.0,38520.0,1204.0,2023.0,10.0
GPU,,5.0,405.0,529.0,57700.0,2500.0,TSMC,AMD,176900.0,88450.0,2764.0,,
GPU,2023-11-09,6.0,15.0,131.0,2400.0,1000.0,TSMC,AMD,3277.0,1638.0,102.4,2023.0,11.0
GPU,2023-11-09,6.0,65.0,131.0,2400.0,650.0,TSMC,AMD,,,,2023.0,11.0
GPU,2023-01-24,6.0,35.0,157.0,7200.0,1550.0,TSMC,Intel,8192.0,4096.0,1024.0,2023.0,1.0
GPU,2023-08-01,6.0,65.0,269.0,11500.0,900.0,TSMC,Intel,7987.0,3994.0,,2023.0,8.0
GPU,2023-06-06,6.0,65.0,269.0,11500.0,650.0,TSMC,Intel,,,,2023.0,6.0
GPU,2023-08-01,6.0,75.0,269.0,11500.0,900.0,TSMC,Intel,10650.0,5325.0,,2023.0,8.0
GPU,2023-10-10,6.0,175.0,406.0,21700.0,1700.0,TSMC,Intel,24580.0,12290.0,,2023.0,10.0
GPU,2023-06-06,6.0,130.0,269.0,11500.0,900.0,TSMC,Intel,16790.0,8397.0,,2023.0,6.0
GPU,2023-06-06,6.0,95.0,269.0,11500.0,900.0,TSMC,Intel,10650.0,5325.0,,2023.0,6.0
GPU,2023-01-10,10.0,300.0,1280.0,100000.0,1000.0,Intel,Intel,22220.0,22220.0,22220.0,2023.0,1.0
GPU,2023-01-10,10.0,65.0,1280.0,100000.0,650.0,Intel,Intel,,,,2023.0,1.0
GPU,2023-01-10,10.0,450.0,1280.0,100000.0,750.0,Intel,Intel,44440.0,44440.0,44440.0,2023.0,1.0
GPU,2023-01-10,10.0,600.0,1280.0,100000.0,900.0,Intel,Intel,52430.0,52430.0,52430.0,2023.0,1.0
GPU,2023-01-10,10.0,2400.0,1280.0,100000.0,900.0,Intel,Intel,52430.0,52430.0,52430.0,2023.0,1.0
GPU,2023-01-04,10.0,15.0,169.0,1170.0,300.0,Intel,Intel,3712.0,1856.0,,2023.0,1.0
GPU,2023-01-04,10.0,15.0,169.0,1170.0,300.0,Intel,Intel,3994.0,1997.0,,2023.0,1.0
GPU,2023-01-04,10.0,15.0,169.0,1170.0,300.0,Intel,Intel,2560.0,1280.0,,2023.0,1.0
GPU,2023-01-04,10.0,15.0,169.0,1170.0,300.0,Intel,Intel,614.4,307.2,76.8,2023.0,1.0
GPU,2023-01-04,10.0,15.0,169.0,1170.0,300.0,Intel,Intel,742.4,371.2,92.8,2023.0,1.0
GPU,2023-01-03,10.0,15.0,169.0,1170.0,300.0,Intel,Intel,1190.0,595.2,,2023.0,1.0
GPU,2023-01-04,10.0,15.0,169.0,1170.0,300.0,Intel,Intel,1638.0,819.2,,2023.0,1.0
GPU,,5.0,150.0,159.0,18900.0,2505.0,TSMC,NVIDIA,13520.0,13520.0,211.2,,
GPU,2023-01-03,5.0,65.0,159.0,18900.0,650.0,TSMC,NVIDIA,,,,2023.0,1.0
GPU,2023-01-03,5.0,35.0,159.0,18900.0,1140.0,TSMC,NVIDIA,8218.0,8218.0,128.4,2023.0,1.0
GPU,2023-01-03,5.0,50.0,159.0,18900.0,1455.0,TSMC,NVIDIA,8986.0,8986.0,140.4,2023.0,1.0
GPU,2023-05-18,5.0,115.0,159.0,18900.0,1830.0,TSMC,NVIDIA,15110.0,15110.0,236.2,2023.0,5.0
GPU,,5.0,200.0,188.0,22900.0,1830.0,TSMC,NVIDIA,19470.0,19470.0,304.2,,
GPU,2023-01-03,5.0,65.0,188.0,22900.0,650.0,TSMC,NVIDIA,,,,2023.0,1.0
GPU,2023-01-03,5.0,35.0,159.0,18900.0,1140.0,TSMC,NVIDIA,9032.0,9032.0,141.1,2023.0,1.0
GPU,2023-01-03,5.0,115.0,159.0,18900.0,1545.0,TSMC,NVIDIA,11610.0,11610.0,181.4,2023.0,1.0
GPU,2023-05-18,5.0,165.0,188.0,22900.0,2310.0,TSMC,NVIDIA,22060.0,22060.0,344.8,2023.0,5.0
GPU,2023-05-18,5.0,160.0,188.0,22900.0,2310.0,TSMC,NVIDIA,22060.0,22060.0,344.8,2023.0,5.0
GPU,2023-04-12,5.0,200.0,294.0,35800.0,1920.0,TSMC,NVIDIA,29150.0,29150.0,455.4,2023.0,4.0
GPU,2023-01-03,5.0,35.0,188.0,22900.0,735.0,TSMC,NVIDIA,11340.0,11340.0,177.1,2023.0,1.0
GPU,2023-01-03,5.0,115.0,188.0,22900.0,1395.0,TSMC,NVIDIA,15620.0,15620.0,244.1,2023.0,1.0
GPU,2023-01-03,5.0,285.0,294.0,35800.0,2310.0,TSMC,NVIDIA,40090.0,40090.0,626.4,2023.0,1.0
GPU,2023-01-03,5.0,60.0,294.0,35800.0,795.0,TSMC,NVIDIA,20040.0,20040.0,313.2,2023.0,1.0
GPU,2023-01-03,5.0,110.0,294.0,35800.0,1290.0,TSMC,NVIDIA,24720.0,24720.0,386.3,2023.0,1.0
GPU,,5.0,400.0,609.0,76300.0,2100.0,TSMC,NVIDIA,67580.0,67580.0,1056.0,,
GPU,2023-12-28,5.0,425.0,609.0,76300.0,2280.0,TSMC,NVIDIA,73540.0,73540.0,1149.0,2023.0,12.0
GPU,2023-01-03,5.0,80.0,379.0,45900.0,930.0,TSMC,NVIDIA,28310.0,28310.0,442.3,2023.0,1.0
GPU,2023-01-03,5.0,120.0,379.0,45900.0,1335.0,TSMC,NVIDIA,32980.0,32980.0,515.3,2023.0,1.0
GPU,,5.0,600.0,609.0,76300.0,2325.0,TSMC,NVIDIA,93240.0,93240.0,1457.0,,
GPU,2023-03-21,4.0,350.0,814.0,80000.0,690.0,TSMC,NVIDIA,215400.0,53840.0,26920.0,2023.0,3.0
GPU,2023-03-21,4.0,65.0,814.0,80000.0,650.0,TSMC,NVIDIA,,,,2023.0,3.0
GPU,2023-03-21,4.0,350.0,814.0,80000.0,1095.0,TSMC,NVIDIA,204900.0,51220.0,25610.0,2023.0,3.0
GPU,2023-03-21,4.0,700.0,814.0,80000.0,1665.0,TSMC,NVIDIA,248300.0,62080.0,31040.0,2023.0,3.0
GPU,2023-03-21,4.0,700.0,814.0,80000.0,1665.0,TSMC,NVIDIA,267600.0,66910.0,33450.0,2023.0,3.0
GPU,2023-03-21,4.0,700.0,814.0,80000.0,1590.0,TSMC,NVIDIA,267600.0,66910.0,33450.0,2023.0,3.0
GPU,2023-03-21,4.0,700.0,814.0,80000.0,1665.0,TSMC,NVIDIA,248300.0,62080.0,31040.0,2023.0,3.0
GPU,2023-03-21,4.0,350.0,814.0,80000.0,1095.0,TSMC,NVIDIA,204900.0,51220.0,25610.0,2023.0,3.0
GPU,2023-03-21,4.0,700.0,814.0,80000.0,1095.0,TSMC,NVIDIA,237200.0,59300.0,29650.0,2023.0,3.0
GPU,,8.0,40.0,169.0,1170.0,930.0,Samsung,NVIDIA,6666.0,3333.0,1667.0,,
GPU,,8.0,65.0,169.0,1170.0,650.0,Samsung,NVIDIA,,,,,
GPU,,8.0,60.0,169.0,1170.0,1300.0,Samsung,NVIDIA,10650.0,5325.0,2662.0,,
GPU,,8.0,25.0,169.0,1170.0,918.0,Samsung,NVIDIA,3760.0,1880.0,940.0,,
GPU,,8.0,20.0,169.0,1170.0,765.0,Samsung,NVIDIA,3133.0,1567.0,783.4,,
GPU,,8.0,10.0,169.0,1170.0,625.0,Samsung,NVIDIA,1280.0,640.0,320.0,,
GPU,,8.0,15.0,169.0,1170.0,625.0,Samsung,NVIDIA,2560.0,1280.0,640.0,,
GPU,2023-03-21,5.0,72.0,294.0,35800.0,795.0,TSMC,NVIDIA,31330.0,31330.0,489.6,2023.0,3.0
GPU,2023-03-21,5.0,50.0,159.0,18900.0,1635.0,TSMC,NVIDIA,12990.0,12990.0,203.0,2023.0,3.0
GPU,2023-03-21,5.0,35.0,159.0,18900.0,930.0,TSMC,NVIDIA,8940.0,8940.0,139.7,2023.0,3.0
GPU,2023-03-21,5.0,50.0,159.0,18900.0,1635.0,TSMC,NVIDIA,12990.0,12990.0,203.0,2023.0,3.0
GPU,2023-03-21,5.0,115.0,188.0,22900.0,1395.0,TSMC,NVIDIA,15620.0,15620.0,244.1,2023.0,3.0
GPU,2023-03-21,5.0,100.0,294.0,35800.0,1110.0,TSMC,NVIDIA,15820.0,15820.0,247.2,2023.0,3.0
GPU,2023-08-09,5.0,130.0,294.0,35800.0,1500.0,TSMC,NVIDIA,26730.0,26730.0,417.6,2023.0,8.0
GPU,2023-03-21,5.0,110.0,294.0,35800.0,1290.0,TSMC,NVIDIA,24720.0,24720.0,386.3,2023.0,3.0
GPU,2023-03-21,5.0,70.0,294.0,35800.0,720.0,TSMC,NVIDIA,19170.0,19170.0,299.5,2023.0,3.0
GPU,2023-08-09,5.0,130.0,294.0,35800.0,2070.0,TSMC,NVIDIA,39630.0,39630.0,619.2,2023.0,8.0
GPU,2023-08-09,5.0,250.0,609.0,76300.0,1155.0,TSMC,NVIDIA,65280.0,65280.0,1020.0,2023.0,8.0
GPU,2023-03-21,5.0,120.0,379.0,45900.0,930.0,TSMC,NVIDIA,32690.0,32690.0,510.7,2023.0,3.0
GPU,2023-03-21,5.0,120.0,379.0,45900.0,1425.0,TSMC,NVIDIA,41150.0,41150.0,643.0,2023.0,3.0
GPU,2023-03-21,5.0,120.0,379.0,45900.0,1425.0,TSMC,NVIDIA,41150.0,41150.0,643.0,2023.0,3.0
GPU,,5.0,800.0,609.0,76300.0,2235.0,TSMC,NVIDIA,92900.0,92900.0,1452.0,,
GPU,2024-01-08,6.0,190.0,204.0,13300.0,1720.0,TSMC,AMD,45140.0,22570.0,705.3,2024.0,1.0
GPU,,7.0,800.0,1280.0,100000.0,900.0,Intel,Intel,65540.0,65540.0,65540.0,,
GPU,,7.0,65.0,1280.0,100000.0,650.0,Intel,Intel,,,,,
GPU,,8.0,80.0,200.0,8700.0,1042.0,Samsung,NVIDIA,6021.0,6021.0,94.08,,
GPU,2024-01-08,5.0,220.0,294.0,35800.0,1980.0,TSMC,NVIDIA,35480.0,35480.0,554.4,2024.0,1.0
GPU,2024-01-08,5.0,285.0,379.0,45900.0,2340.0,TSMC,NVIDIA,44100.0,44100.0,689.0,2024.0,1.0
GPU,2024-01-08,5.0,320.0,379.0,45900.0,2295.0,TSMC,NVIDIA,52220.0,52220.0,816.0,2024.0,1.0
GPU,2024-01-05,5.0,285.0,609.0,76300.0,1155.0,TSMC,NVIDIA,71810.0,71810.0,1122.0,2024.0,1.0
