Process Size (nm),TDP (W),Die Size (mm^2),Transistors (million),Freq (GHz),FP16 GFLOPS,FP32 GFLOPS,FP64 GFLOPS,Release Year,Release Month,Type_enc,Vendor_enc,Foundry_Fujitsu,Foundry_GlobalFoundries,Foundry_IBM,Foundry_Intel,Foundry_NEC,Foundry_Renesas,Foundry_Samsung,Foundry_Sony,Foundry_TSMC,Foundry_UMC,Foundry_Unknown,Transistors (million)_log,Die Size (mm^2)_log,TDP (W)_log,FP16 GFLOPS_log,FP32 GFLOPS_log,FP64 GFLOPS_log
180.0,54.0,120.0,37.0,1000.0,,,,2000.0,6.0,0,6.0,0,0,0,0,0,0,0,0,0,0,1,3.6375861597263857,4.795790545596741,4.007333185232471,,,
180.0,54.0,120.0,37.0,1000.0,,,,2000.0,10.0,0,6.0,0,0,0,0,0,0,0,0,0,0,1,3.6375861597263857,4.795790545596741,4.007333185232471,,,
180.0,60.0,120.0,37.0,1100.0,,,,2000.0,8.0,0,6.0,0,0,0,0,0,0,0,0,0,0,1,3.6375861597263857,4.795790545596741,4.110873864173311,,,
180.0,63.0,120.0,37.0,1133.0,,,,2000.0,10.0,0,6.0,0,0,0,0,0,0,0,0,0,0,1,3.6375861597263857,4.795790545596741,4.1588830833596715,,,
180.0,66.0,120.0,37.0,1200.0,,,,2000.0,10.0,0,6.0,0,0,0,0,0,0,0,0,0,0,1,3.6375861597263857,4.795790545596741,4.204692619390966,,,
180.0,66.0,120.0,37.0,1200.0,,,,2000.0,10.0,0,6.0,0,0,0,0,0,0,0,0,0,0,1,3.6375861597263857,4.795790545596741,4.204692619390966,,,
180.0,38.0,120.0,37.0,600.0,,,,2000.0,6.0,0,6.0,0,0,0,0,0,0,0,0,0,0,1,3.6375861597263857,4.795790545596741,3.6635616461296463,,,
180.0,38.0,120.0,37.0,650.0,,,,2000.0,6.0,0,6.0,0,0,0,0,0,0,0,0,0,0,1,3.6375861597263857,4.795790545596741,3.6635616461296463,,,
180.0,40.0,120.0,37.0,700.0,,,,2000.0,6.0,0,6.0,0,0,0,0,0,0,0,0,0,0,1,3.6375861597263857,4.795790545596741,3.713572066704308,,,
180.0,43.0,120.0,37.0,750.0,,,,2000.0,6.0,0,6.0,0,0,0,0,0,0,0,0,0,0,1,3.6375861597263857,4.795790545596741,3.784189633918261,,,
180.0,45.0,120.0,37.0,800.0,,,,2000.0,6.0,0,6.0,0,0,0,0,0,0,0,0,0,0,1,3.6375861597263857,4.795790545596741,3.828641396489095,,,
180.0,47.0,120.0,37.0,850.0,,,,2000.0,6.0,0,6.0,0,0,0,0,0,0,0,0,0,0,1,3.6375861597263857,4.795790545596741,3.871201010907891,,,
180.0,50.0,120.0,37.0,900.0,,,,2000.0,6.0,0,6.0,0,0,0,0,0,0,0,0,0,0,1,3.6375861597263857,4.795790545596741,3.9318256327243257,,,
180.0,52.0,120.0,37.0,950.0,,,,2000.0,6.0,0,6.0,0,0,0,0,0,0,0,0,0,0,1,3.6375861597263857,4.795790545596741,3.970291913552122,,,
180.0,30.0,129.0,731.0,600.0,,,,,,0,7.0,0,0,0,0,0,0,0,0,0,0,1,6.595780513961311,4.867534450455582,3.4339872044851463,,,
180.0,30.0,129.0,731.0,667.0,,,,,,0,7.0,0,0,0,1,0,0,0,0,0,0,0,6.595780513961311,4.867534450455582,3.4339872044851463,,,
180.0,55.0,217.0,42.0,1400.0,,,,2000.0,11.0,0,7.0,0,0,0,1,0,0,0,0,0,0,0,3.7612001156935624,5.384495062789089,4.02535169073515,,,
180.0,58.0,217.0,42.0,1500.0,,,,2000.0,11.0,0,7.0,0,0,0,1,0,0,0,0,0,0,0,3.7612001156935624,5.384495062789089,4.07753744390572,,,
180.0,29.0,80.0,44.0,1133.0,,,,2000.0,7.0,0,7.0,0,0,0,1,0,0,0,0,0,0,0,3.8066624897703196,4.394449154672439,3.4011973816621555,,,
180.0,30.0,106.0,28.0,1000.0,,,,2000.0,8.0,0,7.0,0,0,0,1,0,0,0,0,0,0,0,3.367295829986474,4.672828834461906,3.4339872044851463,,,
180.0,31.0,106.0,28.0,1000.0,,,,2000.0,8.0,0,7.0,0,0,0,1,0,0,0,0,0,0,0,3.367295829986474,4.672828834461906,3.4657359027997265,,,
180.0,29.0,375.0,140.0,700.0,,,,2000.0,5.0,0,7.0,0,0,0,1,0,0,0,0,0,0,0,4.948759890378168,5.929589143389895,3.4011973816621555,,,
180.0,30.0,375.0,140.0,700.0,,,,2000.0,5.0,0,7.0,0,0,0,1,0,0,0,0,0,0,0,4.948759890378168,5.929589143389895,3.4339872044851463,,,
180.0,30.0,375.0,140.0,700.0,,,,2000.0,5.0,0,7.0,0,0,0,1,0,0,0,0,0,0,0,4.948759890378168,5.929589143389895,3.4339872044851463,,,
180.0,30.0,375.0,140.0,700.0,,,,2000.0,5.0,0,7.0,0,0,0,1,0,0,0,0,0,0,0,4.948759890378168,5.929589143389895,3.4339872044851463,,,
180.0,25.0,106.0,28.0,800.0,,,,2000.0,1.0,0,7.0,0,0,0,1,0,0,0,0,0,0,0,3.367295829986474,4.672828834461906,3.258096538021482,,,
180.0,25.0,106.0,28.0,800.0,,,,2000.0,1.0,0,7.0,0,0,0,1,0,0,0,0,0,0,0,3.367295829986474,4.672828834461906,3.258096538021482,,,
180.0,25.0,106.0,28.0,866.0,,,,2000.0,4.0,0,7.0,0,0,0,1,0,0,0,0,0,0,0,3.367295829986474,4.672828834461906,3.258096538021482,,,
180.0,25.0,106.0,28.0,866.0,,,,2000.0,4.0,0,7.0,0,0,0,1,0,0,0,0,0,0,0,3.367295829986474,4.672828834461906,3.258096538021482,,,
180.0,29.0,106.0,28.0,933.0,,,,2000.0,5.0,0,7.0,0,0,0,1,0,0,0,0,0,0,0,3.367295829986474,4.672828834461906,3.4011973816621555,,,
180.0,30.0,106.0,28.0,933.0,,,,2000.0,5.0,0,7.0,0,0,0,1,0,0,0,0,0,0,0,3.367295829986474,4.672828834461906,3.4339872044851463,,,
180.0,68.0,120.0,37.0,1300.0,,,,2001.0,3.0,0,6.0,0,0,0,0,0,0,0,0,0,0,1,3.6375861597263857,4.795790545596741,4.23410650459726,,,
180.0,70.0,120.0,37.0,1333.0,,,,2001.0,3.0,0,6.0,0,0,0,0,0,0,0,0,0,0,1,3.6375861597263857,4.795790545596741,4.2626798770413155,,,
180.0,72.0,120.0,37.0,1400.0,,,,2001.0,6.0,0,6.0,0,0,0,0,0,0,0,0,0,0,1,3.6375861597263857,4.795790545596741,4.290459441148391,,,
180.0,72.0,120.0,37.0,1400.0,,,,2001.0,6.0,0,6.0,0,0,0,0,0,0,0,0,0,0,1,3.6375861597263857,4.795790545596741,4.290459441148391,,,
90.0,51.0,84.0,69.0,2000.0,,,,2001.0,1.0,0,6.0,0,0,0,0,0,0,0,0,0,0,1,4.248495242049359,4.442651256490317,3.9512437185814275,,,
90.0,51.0,84.0,69.0,2000.0,,,,2001.0,1.0,0,6.0,0,0,0,0,0,0,0,0,0,0,1,4.248495242049359,4.442651256490317,3.9512437185814275,,,
90.0,59.0,84.0,69.0,2200.0,,,,2001.0,1.0,0,6.0,0,0,0,0,0,0,0,0,0,0,1,4.248495242049359,4.442651256490317,4.0943445622221,,,
130.0,89.0,193.0,105.0,2200.0,,,,2001.0,1.0,0,6.0,0,0,0,0,0,0,0,0,0,0,1,4.663439094112067,5.267858159063328,4.499809670330265,,,
90.0,67.0,84.0,69.0,2400.0,,,,2001.0,1.0,0,6.0,0,0,0,0,0,0,0,0,0,0,1,4.248495242049359,4.442651256490317,4.219507705176107,,,
90.0,67.0,83.0,69.0,2200.0,,,,2001.0,1.0,0,6.0,0,0,0,0,0,0,0,0,0,0,1,4.248495242049359,4.430816798843313,4.219507705176107,,,
130.0,89.0,193.0,105.0,2400.0,,,,2001.0,1.0,0,6.0,0,0,0,0,0,0,0,0,0,0,1,4.663439094112067,5.267858159063328,4.499809670330265,,,
90.0,67.0,115.0,105.0,2200.0,,,,2001.0,1.0,0,6.0,0,0,0,0,0,0,0,0,0,0,1,4.663439094112067,4.7535901911063645,4.219507705176107,,,
90.0,89.0,199.0,233.0,2400.0,,,,2001.0,1.0,0,6.0,0,0,0,0,0,0,0,0,0,0,1,5.455321115357702,5.298317366548036,4.499809670330265,,,
90.0,89.0,156.0,154.0,2000.0,,,,2001.0,1.0,0,6.0,0,0,0,0,0,0,0,0,0,0,1,5.043425116919247,5.056245805348308,4.499809670330265,,,
180.0,60.0,150.0,63.0,1333.0,,,,2001.0,10.0,0,6.0,0,0,0,0,0,0,0,0,0,0,1,4.1588830833596715,5.017279836814924,4.110873864173311,,,
130.0,49.0,80.0,37.0,1400.0,,,,2001.0,1.0,0,6.0,0,0,0,0,0,0,0,0,0,0,1,3.6375861597263857,4.394449154672439,3.912023005428146,,,
180.0,63.0,150.0,37.0,1400.0,,,,2001.0,10.0,0,6.0,0,0,0,0,0,0,0,0,0,0,1,3.6375861597263857,5.017279836814924,4.1588830833596715,,,
180.0,64.0,150.0,37.0,1467.0,,,,2001.0,10.0,0,6.0,0,0,0,0,0,0,0,0,0,0,1,3.6375861597263857,5.017279836814924,4.174387269895637,,,
130.0,50.0,80.0,37.0,1467.0,,,,2001.0,1.0,0,6.0,0,0,0,0,0,0,0,0,0,0,1,3.6375861597263857,4.394449154672439,3.9318256327243257,,,
130.0,50.0,80.0,37.0,1467.0,,,,2001.0,1.0,0,6.0,0,0,0,0,0,0,0,0,0,0,1,3.6375861597263857,4.394449154672439,3.9318256327243257,,,
180.0,66.0,150.0,37.0,1533.0,,,,2001.0,10.0,0,6.0,0,0,0,0,0,0,0,0,0,0,1,3.6375861597263857,5.017279836814924,4.204692619390966,,,
130.0,51.0,80.0,37.0,1533.0,,,,2001.0,1.0,0,6.0,0,0,0,0,0,0,0,0,0,0,1,3.6375861597263857,4.394449154672439,3.9512437185814275,,,
130.0,53.0,80.0,37.0,1600.0,,,,2001.0,1.0,0,6.0,0,0,0,0,0,0,0,0,0,0,1,3.6375861597263857,4.394449154672439,3.9889840465642745,,,
180.0,68.0,150.0,37.0,1600.0,,,,2001.0,11.0,0,6.0,0,0,0,0,0,0,0,0,0,0,1,3.6375861597263857,5.017279836814924,4.23410650459726,,,
130.0,62.0,80.0,37.0,1733.0,,,,2001.0,1.0,0,6.0,0,0,0,0,0,0,0,0,0,0,1,3.6375861597263857,4.394449154672439,4.143134726391533,,,
130.0,63.0,80.0,37.0,1800.0,,,,2001.0,1.0,0,6.0,0,0,0,0,0,0,0,0,0,0,1,3.6375861597263857,4.394449154672439,4.1588830833596715,,,
130.0,62.0,101.0,63.0,1500.0,,,,2001.0,1.0,0,6.0,0,0,0,0,0,0,0,0,0,0,1,4.1588830833596715,4.624972813284271,4.143134726391533,,,
130.0,62.0,101.0,63.0,1583.0,,,,2001.0,1.0,0,6.0,0,0,0,0,0,0,0,0,0,0,1,4.1588830833596715,4.624972813284271,4.143134726391533,,,
130.0,62.0,101.0,63.0,1667.0,,,,2001.0,1.0,0,6.0,0,0,0,0,0,0,0,0,0,0,1,4.1588830833596715,4.624972813284271,4.143134726391533,,,
130.0,62.0,101.0,63.0,1750.0,,,,2001.0,1.0,0,6.0,0,0,0,0,0,0,0,0,0,0,1,4.1588830833596715,4.624972813284271,4.143134726391533,,,
130.0,62.0,101.0,63.0,1833.0,,,,2001.0,1.0,0,6.0,0,0,0,0,0,0,0,0,0,0,1,4.1588830833596715,4.624972813284271,4.143134726391533,,,
130.0,25.0,144.0,69.0,1600.0,,,,2001.0,1.0,0,6.0,0,0,0,0,0,0,0,0,0,0,1,4.248495242049359,4.976733742420574,3.258096538021482,,,
130.0,25.0,144.0,69.0,1600.0,,,,2001.0,1.0,0,6.0,0,0,0,0,0,0,0,0,0,0,1,4.248495242049359,4.976733742420574,3.258096538021482,,,
130.0,62.0,101.0,63.0,2000.0,,,,2001.0,1.0,0,6.0,0,0,0,0,0,0,0,0,0,0,1,4.1588830833596715,4.624972813284271,4.143134726391533,,,
130.0,25.0,144.0,69.0,1800.0,,,,2001.0,1.0,0,6.0,0,0,0,0,0,0,0,0,0,0,1,4.248495242049359,4.976733742420574,3.258096538021482,,,
130.0,25.0,144.0,69.0,1800.0,,,,2001.0,1.0,0,6.0,0,0,0,0,0,0,0,0,0,0,1,4.248495242049359,4.976733742420574,3.258096538021482,,,
130.0,62.0,101.0,63.0,2200.0,,,,2001.0,1.0,0,6.0,0,0,0,0,0,0,0,0,0,0,1,4.1588830833596715,4.624972813284271,4.143134726391533,,,
180.0,52.0,217.0,42.0,1300.0,,,,2001.0,1.0,0,7.0,0,0,0,1,0,0,0,0,0,0,0,3.7612001156935624,5.384495062789089,3.970291913552122,,,
180.0,55.0,217.0,42.0,1400.0,,,,2001.0,8.0,0,7.0,0,0,0,1,0,0,0,0,0,0,0,3.7612001156935624,5.384495062789089,4.02535169073515,,,
180.0,58.0,217.0,42.0,1500.0,,,,2001.0,8.0,0,7.0,0,0,0,1,0,0,0,0,0,0,0,3.7612001156935624,5.384495062789089,4.07753744390572,,,
180.0,61.0,217.0,42.0,1600.0,,,,2001.0,8.0,0,7.0,0,0,0,1,0,0,0,0,0,0,0,3.7612001156935624,5.384495062789089,4.127134385045092,,,
180.0,61.0,217.0,42.0,1600.0,,,,2001.0,7.0,0,7.0,0,0,0,1,0,0,0,0,0,0,0,3.7612001156935624,5.384495062789089,4.127134385045092,,,
180.0,64.0,217.0,42.0,1700.0,,,,2001.0,4.0,0,7.0,0,0,0,1,0,0,0,0,0,0,0,3.7612001156935624,5.384495062789089,4.174387269895637,,,
180.0,64.0,217.0,42.0,1700.0,,,,2001.0,8.0,0,7.0,0,0,0,1,0,0,0,0,0,0,0,3.7612001156935624,5.384495062789089,4.174387269895637,,,
180.0,67.0,217.0,42.0,1800.0,,,,2001.0,7.0,0,7.0,0,0,0,1,0,0,0,0,0,0,0,3.7612001156935624,5.384495062789089,4.219507705176107,,,
180.0,67.0,217.0,42.0,1800.0,,,,2001.0,8.0,0,7.0,0,0,0,1,0,0,0,0,0,0,0,3.7612001156935624,5.384495062789089,4.219507705176107,,,
180.0,69.0,217.0,42.0,1800.0,,,,2001.0,7.0,0,7.0,0,0,0,1,0,0,0,0,0,0,0,3.7612001156935624,5.384495062789089,4.248495242049359,,,
180.0,69.0,217.0,42.0,1900.0,,,,2001.0,8.0,0,7.0,0,0,0,1,0,0,0,0,0,0,0,3.7612001156935624,5.384495062789089,4.248495242049359,,,
180.0,69.0,217.0,42.0,1900.0,,,,2001.0,8.0,0,7.0,0,0,0,1,0,0,0,0,0,0,0,3.7612001156935624,5.384495062789089,4.248495242049359,,,
130.0,110.0,146.0,55.0,2000.0,,,,2001.0,1.0,0,7.0,0,0,0,1,0,0,0,0,0,0,0,4.02535169073515,4.990432586778736,4.709530201312334,,,
180.0,72.0,217.0,42.0,2000.0,,,,2001.0,8.0,0,7.0,0,0,0,1,0,0,0,0,0,0,0,3.7612001156935624,5.384495062789089,4.290459441148391,,,
180.0,72.0,217.0,42.0,2000.0,,,,2001.0,8.0,0,7.0,0,0,0,1,0,0,0,0,0,0,0,3.7612001156935624,5.384495062789089,4.290459441148391,,,
90.0,84.0,109.0,125.0,3060.0,,,,2001.0,1.0,0,7.0,0,0,0,1,0,0,0,0,0,0,0,4.836281906951478,4.700480365792417,4.442651256490317,,,
180.0,38.0,80.0,44.0,800.0,,,,2001.0,6.0,0,7.0,0,0,0,1,0,0,0,0,0,0,0,3.8066624897703196,4.394449154672439,3.6635616461296463,,,
180.0,38.0,80.0,44.0,866.0,,,,2001.0,6.0,0,7.0,0,0,0,1,0,0,0,0,0,0,0,3.8066624897703196,4.394449154672439,3.6635616461296463,,,
180.0,27.0,80.0,44.0,933.0,,,,2001.0,6.0,0,7.0,0,0,0,1,0,0,0,0,0,0,0,3.8066624897703196,4.394449154672439,3.332204510175204,,,
180.0,29.0,80.0,44.0,1000.0,,,,2001.0,6.0,0,7.0,0,0,0,1,0,0,0,0,0,0,0,3.8066624897703196,4.394449154672439,3.4011973816621555,,,
130.0,30.0,80.0,44.0,1000.0,,,,2001.0,7.0,0,7.0,0,0,0,1,0,0,0,0,0,0,0,3.8066624897703196,4.394449154672439,3.4339872044851463,,,
130.0,30.0,80.0,44.0,1000.0,,,,2001.0,6.0,0,7.0,0,0,0,1,0,0,0,0,0,0,0,3.8066624897703196,4.394449154672439,3.4339872044851463,,,
180.0,29.0,80.0,44.0,1133.0,,,,2001.0,6.0,0,7.0,0,0,0,1,0,0,0,0,0,0,0,3.8066624897703196,4.394449154672439,3.4011973816621555,,,
130.0,29.0,80.0,44.0,1133.0,,,,2001.0,7.0,0,7.0,0,0,0,1,0,0,0,0,0,0,0,3.8066624897703196,4.394449154672439,3.4011973816621555,,,
130.0,29.0,80.0,44.0,1133.0,,,,2001.0,6.0,0,7.0,0,0,0,1,0,0,0,0,0,0,0,3.8066624897703196,4.394449154672439,3.4011973816621555,,,
130.0,30.0,80.0,44.0,1200.0,,,,2001.0,7.0,0,7.0,0,0,0,1,0,0,0,0,0,0,0,3.8066624897703196,4.394449154672439,3.4339872044851463,,,
130.0,30.0,80.0,44.0,1266.0,,,,2001.0,7.0,0,7.0,0,0,0,1,0,0,0,0,0,0,0,3.8066624897703196,4.394449154672439,3.4339872044851463,,,
130.0,30.0,80.0,44.0,1333.0,,,,2001.0,12.0,0,7.0,0,0,0,1,0,0,0,0,0,0,0,3.8066624897703196,4.394449154672439,3.4339872044851463,,,
130.0,31.0,80.0,44.0,1400.0,,,,2001.0,12.0,0,7.0,0,0,0,1,0,0,0,0,0,0,0,3.8066624897703196,4.394449154672439,3.4657359027997265,,,
180.0,36.0,375.0,140.0,900.0,,,,2001.0,3.0,0,7.0,0,0,0,1,0,0,0,0,0,0,0,4.948759890378168,5.929589143389895,3.6109179126442243,,,
180.0,36.0,375.0,140.0,900.0,,,,2001.0,3.0,0,7.0,0,0,0,1,0,0,0,0,0,0,0,4.948759890378168,5.929589143389895,3.6109179126442243,,,
130.0,8.0,56.0,16.0,800.0,,,,2001.0,9.0,0,3.0,0,0,0,0,0,0,0,0,1,0,0,2.833213344056216,4.04305126783455,2.1972245773362196,,,
130.0,9.0,56.0,16.0,866.0,,,,2001.0,9.0,0,3.0,0,0,0,0,0,0,0,0,1,0,0,2.833213344056216,4.04305126783455,2.302585092994046,,,
130.0,51.0,80.0,37.0,1533.0,,,,2002.0,6.0,0,6.0,0,0,0,0,0,0,0,0,0,0,1,3.6375861597263857,4.394449154672439,3.9512437185814275,,,
180.0,70.0,150.0,37.0,1667.0,,,,2002.0,1.0,0,6.0,0,0,0,0,0,0,0,0,0,0,1,3.6375861597263857,5.017279836814924,4.2626798770413155,,,
130.0,60.0,80.0,37.0,1667.0,,,,2002.0,6.0,0,6.0,0,0,0,0,0,0,0,0,0,0,1,3.6375861597263857,4.394449154672439,4.110873864173311,,,
130.0,60.0,80.0,37.0,1667.0,,,,2002.0,6.0,0,6.0,0,0,0,0,0,0,0,0,0,0,1,3.6375861597263857,4.394449154672439,4.110873864173311,,,
180.0,72.0,150.0,37.0,1733.0,,,,2002.0,3.0,0,6.0,0,0,0,0,0,0,0,0,0,0,1,3.6375861597263857,5.017279836814924,4.290459441148391,,,
130.0,68.0,80.0,37.0,1800.0,,,,2002.0,6.0,0,6.0,0,0,0,0,0,0,0,0,0,0,1,3.6375861597263857,4.394449154672439,4.23410650459726,,,
130.0,65.0,80.0,37.0,2000.0,,,,2002.0,8.0,0,6.0,0,0,0,0,0,0,0,0,0,0,1,3.6375861597263857,4.394449154672439,4.189654742026425,,,
130.0,68.0,80.0,63.0,2000.0,,,,2002.0,8.0,0,6.0,0,0,0,0,0,0,0,0,0,0,1,4.1588830833596715,4.394449154672439,4.23410650459726,,,
130.0,68.0,80.0,37.0,2133.0,,,,2002.0,10.0,0,6.0,0,0,0,0,0,0,0,0,0,0,1,3.6375861597263857,4.394449154672439,4.23410650459726,,,
130.0,68.0,80.0,37.0,2083.0,,,,2002.0,8.0,0,6.0,0,0,0,0,0,0,0,0,0,0,1,3.6375861597263857,4.394449154672439,4.23410650459726,,,
130.0,68.0,80.0,37.0,2167.0,,,,2002.0,10.0,0,6.0,0,0,0,0,0,0,0,0,0,0,1,3.6375861597263857,4.394449154672439,4.23410650459726,,,
130.0,74.0,80.0,37.0,2250.0,,,,2002.0,10.0,0,6.0,0,0,0,0,0,0,0,0,0,0,1,3.6375861597263857,4.394449154672439,4.31748811353631,,,
130.0,45.0,101.0,63.0,1800.0,,,,2002.0,11.0,0,6.0,0,0,0,0,0,0,0,0,0,0,1,4.1588830833596715,4.624972813284271,3.828641396489095,,,
130.0,73.0,146.0,55.0,2000.0,,,,2002.0,9.0,0,7.0,0,0,0,1,0,0,0,0,0,0,0,4.02535169073515,4.990432586778736,4.30406509320417,,,
130.0,73.0,146.0,55.0,2000.0,,,,2002.0,9.0,0,7.0,0,0,0,1,0,0,0,0,0,0,0,4.02535169073515,4.990432586778736,4.30406509320417,,,
130.0,73.0,146.0,55.0,2100.0,,,,2002.0,11.0,0,7.0,0,0,0,1,0,0,0,0,0,0,0,4.02535169073515,4.990432586778736,4.30406509320417,,,
130.0,73.0,146.0,55.0,2200.0,,,,2002.0,11.0,0,7.0,0,0,0,1,0,0,0,0,0,0,0,4.02535169073515,4.990432586778736,4.30406509320417,,,
130.0,92.0,146.0,125.0,2000.0,,,,2002.0,1.0,0,7.0,0,0,0,1,0,0,0,0,0,0,0,4.836281906951478,4.990432586778736,4.532599493153256,,,
130.0,92.0,146.0,55.0,2200.0,,,,2002.0,1.0,0,7.0,0,0,0,1,0,0,0,0,0,0,0,4.02535169073515,4.990432586778736,4.532599493153256,,,
130.0,110.0,146.0,55.0,2261.0,,,,2002.0,1.0,0,7.0,0,0,0,1,0,0,0,0,0,0,0,4.02535169073515,4.990432586778736,4.709530201312334,,,
130.0,110.0,146.0,55.0,2400.0,,,,2002.0,4.0,0,7.0,0,0,0,1,0,0,0,0,0,0,0,4.02535169073515,4.990432586778736,4.709530201312334,,,
130.0,92.0,146.0,55.0,2400.0,,,,2002.0,5.0,0,7.0,0,0,0,1,0,0,0,0,0,0,0,4.02535169073515,4.990432586778736,4.532599493153256,,,
130.0,110.0,146.0,55.0,2527.0,,,,2002.0,5.0,0,7.0,0,0,0,1,0,0,0,0,0,0,0,4.02535169073515,4.990432586778736,4.709530201312334,,,
130.0,92.0,146.0,55.0,2600.0,,,,2002.0,8.0,0,7.0,0,0,0,1,0,0,0,0,0,0,0,4.02535169073515,4.990432586778736,4.532599493153256,,,
130.0,110.0,146.0,55.0,2660.0,,,,2002.0,8.0,0,7.0,0,0,0,1,0,0,0,0,0,0,0,4.02535169073515,4.990432586778736,4.709530201312334,,,
130.0,110.0,146.0,55.0,2793.0,,,,2002.0,8.0,0,7.0,0,0,0,1,0,0,0,0,0,0,0,4.02535169073515,4.990432586778736,4.709530201312334,,,
130.0,21.0,131.0,55.0,1400.0,,,,2002.0,4.0,0,7.0,0,0,0,1,0,0,0,0,0,0,0,4.02535169073515,4.882801922586371,3.091042453358316,,,
130.0,26.0,131.0,55.0,1500.0,,,,2002.0,4.0,0,7.0,0,0,0,1,0,0,0,0,0,0,0,4.02535169073515,4.882801922586371,3.295836866004329,,,
130.0,30.0,131.0,55.0,1600.0,,,,2002.0,3.0,0,7.0,0,0,0,1,0,0,0,0,0,0,0,4.02535169073515,4.882801922586371,3.4339872044851463,,,
130.0,30.0,131.0,55.0,1700.0,,,,2002.0,3.0,0,7.0,0,0,0,1,0,0,0,0,0,0,0,4.02535169073515,4.882801922586371,3.4339872044851463,,,
130.0,30.0,131.0,55.0,1800.0,,,,2002.0,4.0,0,7.0,0,0,0,1,0,0,0,0,0,0,0,4.02535169073515,4.882801922586371,3.4339872044851463,,,
130.0,32.0,131.0,55.0,1900.0,,,,2002.0,6.0,0,7.0,0,0,0,1,0,0,0,0,0,0,0,4.02535169073515,4.882801922586371,3.4965075614664802,,,
130.0,32.0,131.0,55.0,2000.0,,,,2002.0,6.0,0,7.0,0,0,0,1,0,0,0,0,0,0,0,4.02535169073515,4.882801922586371,3.4965075614664802,,,
130.0,35.0,131.0,55.0,2200.0,,,,2002.0,9.0,0,7.0,0,0,0,1,0,0,0,0,0,0,0,4.02535169073515,4.882801922586371,3.58351893845611,,,
130.0,32.0,80.0,44.0,1400.0,,,,2002.0,1.0,0,7.0,0,0,0,1,0,0,0,0,0,0,0,3.8066624897703196,4.394449154672439,3.4965075614664802,,,
130.0,89.0,217.0,55.0,2000.0,,,,2002.0,2.0,0,7.0,0,0,0,1,0,0,0,0,0,0,0,4.02535169073515,5.384495062789089,4.499809670330265,,,
130.0,89.0,217.0,55.0,2394.0,,,,2002.0,4.0,0,7.0,0,0,0,1,0,0,0,0,0,0,0,4.02535169073515,5.384495062789089,4.499809670330265,,,
130.0,89.0,217.0,55.0,2660.0,,,,2002.0,11.0,0,7.0,0,0,0,1,0,0,0,0,0,0,0,4.02535169073515,5.384495062789089,4.499809670330265,,,
130.0,89.0,217.0,55.0,2790.0,,,,2002.0,9.0,0,7.0,0,0,0,1,0,0,0,0,0,0,0,4.02535169073515,5.384495062789089,4.499809670330265,,,
130.0,10.0,56.0,16.0,1000.0,,,,2002.0,6.0,0,3.0,0,0,0,0,0,0,0,0,1,0,0,2.833213344056216,4.04305126783455,2.3978952727983707,,,
130.0,10.0,56.0,16.0,1000.0,,,,2002.0,6.0,0,3.0,0,0,0,0,0,0,0,0,1,0,0,2.833213344056216,4.04305126783455,2.3978952727983707,,,
130.0,89.0,193.0,69.0,2000.0,,,,2003.0,12.0,0,6.0,0,0,0,0,0,0,0,0,0,0,1,4.248495242049359,5.267858159063328,4.499809670330265,,,
130.0,89.0,193.0,105.0,2000.0,,,,2003.0,9.0,0,6.0,0,0,0,0,0,0,0,0,0,0,1,4.663439094112067,5.267858159063328,4.499809670330265,,,
130.0,89.0,193.0,105.0,2200.0,,,,2003.0,9.0,0,6.0,0,0,0,0,0,0,0,0,0,0,1,4.663439094112067,5.267858159063328,4.499809670330265,,,
130.0,47.0,101.0,63.0,2000.0,,,,2003.0,5.0,0,6.0,0,0,0,0,0,0,0,0,0,0,1,4.1588830833596715,4.624972813284271,3.871201010907891,,,
130.0,60.0,171.0,63.0,1667.0,,,,2003.0,9.0,0,6.0,0,0,0,0,0,0,0,0,0,0,1,4.1588830833596715,5.147494476813453,4.110873864173311,,,
130.0,60.0,171.0,63.0,1667.0,,,,2003.0,9.0,0,6.0,0,0,0,0,0,0,0,0,0,0,1,4.1588830833596715,5.147494476813453,4.110873864173311,,,
130.0,63.0,171.0,63.0,1800.0,,,,2003.0,9.0,0,6.0,0,0,0,0,0,0,0,0,0,0,1,4.1588830833596715,5.147494476813453,4.1588830833596715,,,
130.0,63.0,171.0,63.0,1800.0,,,,2003.0,9.0,0,6.0,0,0,0,0,0,0,0,0,0,0,1,4.1588830833596715,5.147494476813453,4.1588830833596715,,,
130.0,68.0,171.0,63.0,2000.0,,,,2003.0,9.0,0,6.0,0,0,0,0,0,0,0,0,0,0,1,4.1588830833596715,5.147494476813453,4.23410650459726,,,
130.0,68.0,171.0,63.0,2000.0,,,,2003.0,9.0,0,6.0,0,0,0,0,0,0,0,0,0,0,1,4.1588830833596715,5.147494476813453,4.23410650459726,,,
130.0,68.0,101.0,63.0,1833.0,,,,2003.0,2.0,0,6.0,0,0,0,0,0,0,0,0,0,0,1,4.1588830833596715,4.624972813284271,4.23410650459726,,,
130.0,55.0,101.0,63.0,1833.0,,,,2003.0,2.0,0,6.0,0,0,0,0,0,0,0,0,0,0,1,4.1588830833596715,4.624972813284271,4.02535169073515,,,
130.0,68.0,171.0,63.0,2083.0,,,,2003.0,9.0,0,6.0,0,0,0,0,0,0,0,0,0,0,1,4.1588830833596715,5.147494476813453,4.23410650459726,,,
130.0,68.0,171.0,63.0,2133.0,,,,2003.0,9.0,0,6.0,0,0,0,0,0,0,0,0,0,0,1,4.1588830833596715,5.147494476813453,4.23410650459726,,,
130.0,68.0,101.0,63.0,1917.0,,,,2003.0,9.0,0,6.0,0,0,0,0,0,0,0,0,0,0,1,4.1588830833596715,4.624972813284271,4.23410650459726,,,
130.0,68.0,101.0,63.0,2083.0,,,,2003.0,2.0,0,6.0,0,0,0,0,0,0,0,0,0,0,1,4.1588830833596715,4.624972813284271,4.23410650459726,,,
130.0,68.0,101.0,63.0,2167.0,,,,2003.0,2.0,0,6.0,0,0,0,0,0,0,0,0,0,0,1,4.1588830833596715,4.624972813284271,4.23410650459726,,,
130.0,68.0,101.0,63.0,2100.0,,,,2003.0,5.0,0,6.0,0,0,0,0,0,0,0,0,0,0,1,4.1588830833596715,4.624972813284271,4.23410650459726,,,
130.0,68.0,171.0,63.0,2200.0,,,,2003.0,12.0,0,6.0,0,0,0,0,0,0,0,0,0,0,1,4.1588830833596715,5.147494476813453,4.23410650459726,,,
130.0,79.0,101.0,63.0,2333.0,,,,2003.0,5.0,0,6.0,0,0,0,0,0,0,0,0,0,0,1,4.1588830833596715,4.624972813284271,4.382026634673881,,,
130.0,77.0,101.0,63.0,2200.0,,,,2003.0,5.0,0,6.0,0,0,0,0,0,0,0,0,0,0,1,4.1588830833596715,4.624972813284271,4.356708826689592,,,
130.0,25.0,101.0,63.0,1400.0,,,,2003.0,3.0,0,6.0,0,0,0,0,0,0,0,0,0,0,1,4.1588830833596715,4.624972813284271,3.258096538021482,,,
130.0,25.0,101.0,63.0,1400.0,,,,2003.0,3.0,0,6.0,0,0,0,0,0,0,0,0,0,0,1,4.1588830833596715,4.624972813284271,3.258096538021482,,,
130.0,25.0,101.0,63.0,1533.0,,,,2003.0,6.0,0,6.0,0,0,0,0,0,0,0,0,0,0,1,4.1588830833596715,4.624972813284271,3.258096538021482,,,
130.0,35.0,101.0,63.0,1533.0,,,,2003.0,6.0,0,6.0,0,0,0,0,0,0,0,0,0,0,1,4.1588830833596715,4.624972813284271,3.58351893845611,,,
130.0,35.0,101.0,63.0,1667.0,,,,2003.0,3.0,0,6.0,0,0,0,0,0,0,0,0,0,0,1,4.1588830833596715,4.624972813284271,3.58351893845611,,,
130.0,45.0,101.0,63.0,1800.0,,,,2003.0,3.0,0,6.0,0,0,0,0,0,0,0,0,0,0,1,4.1588830833596715,4.624972813284271,3.828641396489095,,,
130.0,35.0,101.0,63.0,1800.0,,,,2003.0,3.0,0,6.0,0,0,0,0,0,0,0,0,0,0,1,4.1588830833596715,4.624972813284271,3.58351893845611,,,
130.0,72.0,101.0,63.0,1800.0,,,,2003.0,3.0,0,6.0,0,0,0,0,0,0,0,0,0,0,1,4.1588830833596715,4.624972813284271,4.290459441148391,,,
130.0,45.0,101.0,63.0,1862.0,,,,2003.0,3.0,0,6.0,0,0,0,0,0,0,0,0,0,0,1,4.1588830833596715,4.624972813284271,3.828641396489095,,,
130.0,35.0,101.0,63.0,1867.0,,,,2003.0,3.0,0,6.0,0,0,0,0,0,0,0,0,0,0,1,4.1588830833596715,4.624972813284271,3.58351893845611,,,
130.0,72.0,101.0,63.0,1867.0,,,,2003.0,3.0,0,6.0,0,0,0,0,0,0,0,0,0,0,1,4.1588830833596715,4.624972813284271,4.290459441148391,,,
130.0,45.0,101.0,63.0,2000.0,,,,2003.0,3.0,0,6.0,0,0,0,0,0,0,0,0,0,0,1,4.1588830833596715,4.624972813284271,3.828641396489095,,,
130.0,72.0,101.0,63.0,2000.0,,,,2003.0,3.0,0,6.0,0,0,0,0,0,0,0,0,0,0,1,4.1588830833596715,4.624972813284271,4.290459441148391,,,
130.0,72.0,101.0,63.0,2200.0,,,,2003.0,3.0,0,6.0,0,0,0,0,0,0,0,0,0,0,1,4.1588830833596715,4.624972813284271,4.290459441148391,,,
130.0,82.0,193.0,106.0,1800.0,,,,2003.0,8.0,0,6.0,0,0,0,0,0,0,0,0,0,0,1,4.672828834461906,5.267858159063328,4.418840607796598,,,
130.0,82.0,193.0,106.0,1800.0,,,,2003.0,8.0,0,6.0,0,0,0,0,0,0,0,0,0,0,1,4.672828834461906,5.267858159063328,4.418840607796598,,,
130.0,82.0,193.0,106.0,2000.0,,,,2003.0,8.0,0,6.0,0,0,0,0,0,0,0,0,0,0,1,4.672828834461906,5.267858159063328,4.418840607796598,,,
130.0,82.0,193.0,106.0,1400.0,,,,2003.0,9.0,0,6.0,0,0,0,0,0,0,0,0,0,0,1,4.672828834461906,5.267858159063328,4.418840607796598,,,
130.0,85.0,193.0,106.0,1400.0,,,,2003.0,6.0,0,6.0,0,0,0,0,0,0,0,0,0,0,1,4.672828834461906,5.267858159063328,4.454347296253507,,,
130.0,82.0,193.0,106.0,1600.0,,,,2003.0,9.0,0,6.0,0,0,0,0,0,0,0,0,0,0,1,4.672828834461906,5.267858159063328,4.418840607796598,,,
130.0,85.0,193.0,106.0,1600.0,,,,2003.0,6.0,0,6.0,0,0,0,0,0,0,0,0,0,0,1,4.672828834461906,5.267858159063328,4.454347296253507,,,
130.0,85.0,193.0,106.0,1800.0,,,,2003.0,6.0,0,6.0,0,0,0,0,0,0,0,0,0,0,1,4.672828834461906,5.267858159063328,4.454347296253507,,,
130.0,82.0,193.0,106.0,1800.0,,,,2003.0,9.0,0,6.0,0,0,0,0,0,0,0,0,0,0,1,4.672828834461906,5.267858159063328,4.418840607796598,,,
130.0,89.0,193.0,106.0,2000.0,,,,2003.0,9.0,0,6.0,0,0,0,0,0,0,0,0,0,0,1,4.672828834461906,5.267858159063328,4.499809670330265,,,
130.0,89.0,193.0,106.0,2200.0,,,,2003.0,11.0,0,6.0,0,0,0,0,0,0,0,0,0,0,1,4.672828834461906,5.267858159063328,4.499809670330265,,,
130.0,85.0,193.0,106.0,1400.0,,,,2003.0,4.0,0,6.0,0,0,0,0,0,0,0,0,0,0,1,4.672828834461906,5.267858159063328,4.454347296253507,,,
130.0,82.0,193.0,106.0,1400.0,,,,2003.0,8.0,0,6.0,0,0,0,0,0,0,0,0,0,0,1,4.672828834461906,5.267858159063328,4.418840607796598,,,
130.0,85.0,193.0,106.0,1600.0,,,,2003.0,4.0,0,6.0,0,0,0,0,0,0,0,0,0,0,1,4.672828834461906,5.267858159063328,4.454347296253507,,,
130.0,82.0,193.0,106.0,1600.0,,,,2003.0,8.0,0,6.0,0,0,0,0,0,0,0,0,0,0,1,4.672828834461906,5.267858159063328,4.418840607796598,,,
130.0,85.0,193.0,106.0,1800.0,,,,2003.0,4.0,0,6.0,0,0,0,0,0,0,0,0,0,0,1,4.672828834461906,5.267858159063328,4.454347296253507,,,
130.0,82.0,193.0,106.0,1800.0,,,,2003.0,8.0,0,6.0,0,0,0,0,0,0,0,0,0,0,1,4.672828834461906,5.267858159063328,4.418840607796598,,,
130.0,89.0,193.0,106.0,2000.0,,,,2003.0,8.0,0,6.0,0,0,0,0,0,0,0,0,0,0,1,4.672828834461906,5.267858159063328,4.499809670330265,,,
130.0,89.0,193.0,106.0,2200.0,,,,2003.0,11.0,0,6.0,0,0,0,0,0,0,0,0,0,0,1,4.672828834461906,5.267858159063328,4.499809670330265,,,
130.0,85.0,193.0,106.0,1400.0,,,,2003.0,6.0,0,6.0,0,0,0,0,0,0,0,0,0,0,1,4.672828834461906,5.267858159063328,4.454347296253507,,,
130.0,82.0,193.0,106.0,1400.0,,,,2003.0,9.0,0,6.0,0,0,0,0,0,0,0,0,0,0,1,4.672828834461906,5.267858159063328,4.418840607796598,,,
130.0,85.0,193.0,106.0,1600.0,,,,2003.0,6.0,0,6.0,0,0,0,0,0,0,0,0,0,0,1,4.672828834461906,5.267858159063328,4.454347296253507,,,
130.0,82.0,193.0,106.0,1600.0,,,,2003.0,9.0,0,6.0,0,0,0,0,0,0,0,0,0,0,1,4.672828834461906,5.267858159063328,4.418840607796598,,,
130.0,85.0,193.0,106.0,1800.0,,,,2003.0,6.0,0,6.0,0,0,0,0,0,0,0,0,0,0,1,4.672828834461906,5.267858159063328,4.454347296253507,,,
130.0,82.0,193.0,106.0,1800.0,,,,2003.0,9.0,0,6.0,0,0,0,0,0,0,0,0,0,0,1,4.672828834461906,5.267858159063328,4.418840607796598,,,
130.0,89.0,193.0,106.0,2000.0,,,,2003.0,9.0,0,6.0,0,0,0,0,0,0,0,0,0,0,1,4.672828834461906,5.267858159063328,4.499809670330265,,,
130.0,89.0,193.0,106.0,2200.0,,,,2003.0,11.0,0,6.0,0,0,0,0,0,0,0,0,0,0,1,4.672828834461906,5.267858159063328,4.499809670330265,,,
130.0,73.0,146.0,55.0,2300.0,,,,2003.0,3.0,0,7.0,0,0,0,1,0,0,0,0,0,0,0,4.02535169073515,4.990432586778736,4.30406509320417,,,
130.0,73.0,146.0,55.0,2400.0,,,,2003.0,3.0,0,7.0,0,0,0,1,0,0,0,0,0,0,0,4.02535169073515,4.990432586778736,4.30406509320417,,,
130.0,73.0,146.0,55.0,2600.0,,,,2003.0,6.0,0,7.0,0,0,0,1,0,0,0,0,0,0,0,4.02535169073515,4.990432586778736,4.30406509320417,,,
130.0,73.0,146.0,55.0,2700.0,,,,2003.0,9.0,0,7.0,0,0,0,1,0,0,0,0,0,0,0,4.02535169073515,4.990432586778736,4.30406509320417,,,
130.0,73.0,146.0,55.0,2800.0,,,,2003.0,11.0,0,7.0,0,0,0,1,0,0,0,0,0,0,0,4.02535169073515,4.990432586778736,4.30406509320417,,,
130.0,60.0,131.0,55.0,2400.0,,,,2003.0,6.0,0,7.0,0,0,0,1,0,0,0,0,0,0,0,4.02535169073515,4.882801922586371,4.110873864173311,,,
130.0,66.0,131.0,55.0,2667.0,,,,2003.0,6.0,0,7.0,0,0,0,1,0,0,0,0,0,0,0,4.02535169073515,4.882801922586371,4.204692619390966,,,
130.0,68.0,131.0,55.0,2800.0,,,,2003.0,6.0,0,7.0,0,0,0,1,0,0,0,0,0,0,0,4.02535169073515,4.882801922586371,4.23410650459726,,,
130.0,70.0,131.0,55.0,3067.0,,,,2003.0,6.0,0,7.0,0,0,0,1,0,0,0,0,0,0,0,4.02535169073515,4.882801922586371,4.2626798770413155,,,
130.0,66.0,131.0,55.0,2667.0,,,,2003.0,9.0,0,7.0,0,0,0,1,0,0,0,0,0,0,0,4.02535169073515,4.882801922586371,4.204692619390966,,,
130.0,68.0,131.0,55.0,2800.0,,,,2003.0,9.0,0,7.0,0,0,0,1,0,0,0,0,0,0,0,4.02535169073515,4.882801922586371,4.23410650459726,,,
130.0,70.0,131.0,55.0,3067.0,,,,2003.0,9.0,0,7.0,0,0,0,1,0,0,0,0,0,0,0,4.02535169073515,4.882801922586371,4.2626798770413155,,,
130.0,76.0,131.0,55.0,3200.0,,,,2003.0,9.0,0,7.0,0,0,0,1,0,0,0,0,0,0,0,4.02535169073515,4.882801922586371,4.343805421853684,,,
130.0,66.0,131.0,55.0,2400.0,,,,2003.0,5.0,0,7.0,0,0,0,1,0,0,0,0,0,0,0,4.02535169073515,4.882801922586371,4.204692619390966,,,
130.0,69.0,131.0,55.0,2600.0,,,,2003.0,5.0,0,7.0,0,0,0,1,0,0,0,0,0,0,0,4.02535169073515,4.882801922586371,4.248495242049359,,,
130.0,70.0,131.0,55.0,2800.0,,,,2003.0,5.0,0,7.0,0,0,0,1,0,0,0,0,0,0,0,4.02535169073515,4.882801922586371,4.2626798770413155,,,
130.0,82.0,131.0,55.0,3000.0,,,,2003.0,4.0,0,7.0,0,0,0,1,0,0,0,0,0,0,0,4.02535169073515,4.882801922586371,4.418840607796598,,,
130.0,110.0,146.0,55.0,3060.0,,,,2003.0,6.0,0,7.0,0,0,0,1,0,0,0,0,0,0,0,4.02535169073515,4.990432586778736,4.709530201312334,,,
130.0,82.0,131.0,55.0,3200.0,,,,2003.0,6.0,0,7.0,0,0,0,1,0,0,0,0,0,0,0,4.02535169073515,4.882801922586371,4.418840607796598,,,
130.0,92.0,269.0,178.0,3200.0,,,,2003.0,11.0,0,7.0,0,0,0,1,0,0,0,0,0,0,0,5.187385805840755,5.598421958998375,4.532599493153256,,,
130.0,35.0,131.0,55.0,2400.0,,,,2003.0,1.0,0,7.0,0,0,0,1,0,0,0,0,0,0,0,4.02535169073515,4.882801922586371,3.58351893845611,,,
130.0,35.0,131.0,55.0,2500.0,,,,2003.0,4.0,0,7.0,0,0,0,1,0,0,0,0,0,0,0,4.02535169073515,4.882801922586371,3.58351893845611,,,
130.0,35.0,131.0,55.0,2600.0,,,,2003.0,6.0,0,7.0,0,0,0,1,0,0,0,0,0,0,0,4.02535169073515,4.882801922586371,3.58351893845611,,,
130.0,24.0,100.0,77.0,1300.0,,,,2003.0,3.0,0,7.0,0,0,0,1,0,0,0,0,0,0,0,4.356708826689592,4.61512051684126,3.2188758248682006,,,
130.0,24.0,100.0,77.0,1400.0,,,,2003.0,3.0,0,7.0,0,0,0,1,0,0,0,0,0,0,0,4.356708826689592,4.61512051684126,3.2188758248682006,,,
130.0,24.0,100.0,77.0,1500.0,,,,2003.0,3.0,0,7.0,0,0,0,1,0,0,0,0,0,0,0,4.356708826689592,4.61512051684126,3.2188758248682006,,,
130.0,24.0,100.0,77.0,1600.0,,,,2003.0,3.0,0,7.0,0,0,0,1,0,0,0,0,0,0,0,4.356708826689592,4.61512051684126,3.2188758248682006,,,
130.0,24.0,100.0,77.0,1700.0,,,,2003.0,6.0,0,7.0,0,0,0,1,0,0,0,0,0,0,0,4.356708826689592,4.61512051684126,3.2188758248682006,,,
130.0,97.0,237.0,286.0,3066.0,,,,2003.0,7.0,0,7.0,0,0,0,1,0,0,0,0,0,0,0,5.659482215759621,5.472270673671475,4.584967478670572,,,
130.0,89.0,217.0,55.0,3066.0,,,,2003.0,3.0,0,7.0,0,0,0,1,0,0,0,0,0,0,0,4.02535169073515,5.384495062789089,4.499809670330265,,,
130.0,97.0,237.0,286.0,3066.0,,,,2003.0,7.0,0,7.0,0,0,0,1,0,0,0,0,0,0,0,5.659482215759621,5.472270673671475,4.584967478670572,,,
130.0,97.0,237.0,286.0,3200.0,,,,2003.0,10.0,0,7.0,0,0,0,1,0,0,0,0,0,0,0,5.659482215759621,5.472270673671475,4.584967478670572,,,
90.0,67.0,84.0,69.0,1800.0,,,,2004.0,10.0,0,6.0,0,0,0,0,0,0,0,0,0,0,1,4.248495242049359,4.442651256490317,4.219507705176107,,,
90.0,67.0,84.0,69.0,2000.0,,,,2004.0,10.0,0,6.0,0,0,0,0,0,0,0,0,0,0,1,4.248495242049359,4.442651256490317,4.219507705176107,,,
130.0,89.0,193.0,106.0,2200.0,,,,2004.0,6.0,0,6.0,0,0,0,0,0,0,0,0,0,0,1,4.672828834461906,5.267858159063328,4.499809670330265,,,
130.0,89.0,144.0,69.0,2200.0,,,,2004.0,6.0,0,6.0,0,0,0,0,0,0,0,0,0,0,1,4.248495242049359,4.976733742420574,4.499809670330265,,,
90.0,67.0,84.0,69.0,2200.0,,,,2004.0,10.0,0,6.0,0,0,0,0,0,0,0,0,0,0,1,4.248495242049359,4.442651256490317,4.219507705176107,,,
130.0,89.0,193.0,106.0,2400.0,,,,2004.0,6.0,0,6.0,0,0,0,0,0,0,0,0,0,0,1,4.672828834461906,5.267858159063328,4.499809670330265,,,
130.0,89.0,193.0,105.0,2400.0,,,,2004.0,6.0,0,6.0,0,0,0,0,0,0,0,0,0,0,1,4.663439094112067,5.267858159063328,4.499809670330265,,,
130.0,89.0,193.0,106.0,2400.0,,,,2004.0,6.0,0,6.0,0,0,0,0,0,0,0,0,0,0,1,4.672828834461906,5.267858159063328,4.499809670330265,,,
130.0,89.0,144.0,69.0,2400.0,,,,2004.0,6.0,0,6.0,0,0,0,0,0,0,0,0,0,0,1,4.248495242049359,4.976733742420574,4.499809670330265,,,
130.0,89.0,193.0,106.0,2400.0,,,,2004.0,10.0,0,6.0,0,0,0,0,0,0,0,0,0,0,1,4.672828834461906,5.267858159063328,4.499809670330265,,,
90.0,89.0,115.0,105.0,2400.0,,,,2004.0,10.0,0,6.0,0,0,0,0,0,0,0,0,0,0,1,4.663439094112067,4.7535901911063645,4.499809670330265,,,
130.0,89.0,193.0,105.0,2400.0,,,,2004.0,6.0,0,6.0,0,0,0,0,0,0,0,0,0,0,1,4.663439094112067,5.267858159063328,4.499809670330265,,,
90.0,104.0,115.0,114.0,2600.0,,,,2004.0,10.0,0,6.0,0,0,0,0,0,0,0,0,0,0,1,4.74493212836325,4.7535901911063645,4.653960350157523,,,
130.0,104.0,193.0,105.0,2600.0,,,,2004.0,10.0,0,6.0,0,0,0,0,0,0,0,0,0,0,1,4.663439094112067,5.267858159063328,4.653960350157523,,,
130.0,55.0,101.0,63.0,1917.0,,,,2004.0,11.0,0,6.0,0,0,0,0,0,0,0,0,0,0,1,4.1588830833596715,4.624972813284271,4.02535169073515,,,
130.0,55.0,101.0,63.0,2083.0,,,,2004.0,12.0,0,6.0,0,0,0,0,0,0,0,0,0,0,1,4.1588830833596715,4.624972813284271,4.02535169073515,,,
130.0,27.0,101.0,63.0,1667.0,,,,2004.0,7.0,0,6.0,0,0,0,0,0,0,0,0,0,0,1,4.1588830833596715,4.624972813284271,3.332204510175204,,,
130.0,55.0,101.0,63.0,2133.0,,,,2004.0,7.0,0,6.0,0,0,0,0,0,0,0,0,0,0,1,4.1588830833596715,4.624972813284271,4.02535169073515,,,
130.0,72.0,101.0,63.0,2133.0,,,,2004.0,7.0,0,6.0,0,0,0,0,0,0,0,0,0,0,1,4.1588830833596715,4.624972813284271,4.290459441148391,,,
130.0,82.0,193.0,106.0,1600.0,,,,2004.0,8.0,0,6.0,0,0,0,0,0,0,0,0,0,0,1,4.672828834461906,5.267858159063328,4.418840607796598,,,
130.0,62.0,193.0,106.0,1800.0,,,,2004.0,8.0,0,6.0,0,0,0,0,0,0,0,0,0,0,1,4.672828834461906,5.267858159063328,4.143134726391533,,,
130.0,82.0,193.0,106.0,1800.0,,,,2004.0,8.0,0,6.0,0,0,0,0,0,0,0,0,0,0,1,4.672828834461906,5.267858159063328,4.418840607796598,,,
130.0,35.0,193.0,106.0,1800.0,,,,2004.0,8.0,0,6.0,0,0,0,0,0,0,0,0,0,0,1,4.672828834461906,5.267858159063328,3.58351893845611,,,
130.0,62.0,193.0,106.0,1800.0,,,,2004.0,8.0,0,6.0,0,0,0,0,0,0,0,0,0,0,1,4.672828834461906,5.267858159063328,4.143134726391533,,,
130.0,35.0,193.0,106.0,2000.0,,,,2004.0,8.0,0,6.0,0,0,0,0,0,0,0,0,0,0,1,4.672828834461906,5.267858159063328,3.58351893845611,,,
130.0,62.0,193.0,106.0,2000.0,,,,2004.0,8.0,0,6.0,0,0,0,0,0,0,0,0,0,0,1,4.672828834461906,5.267858159063328,4.143134726391533,,,
130.0,82.0,193.0,106.0,1400.0,,,,2004.0,5.0,0,6.0,0,0,0,0,0,0,0,0,0,0,1,4.672828834461906,5.267858159063328,4.418840607796598,,,
90.0,55.0,171.0,106.0,2200.0,,,,2004.0,12.0,0,6.0,0,0,0,0,0,0,0,0,0,0,1,4.672828834461906,5.147494476813453,4.02535169073515,,,
90.0,85.0,171.0,106.0,1600.0,,,,2004.0,12.0,0,6.0,0,0,0,0,0,0,0,0,0,0,1,4.672828834461906,5.147494476813453,4.454347296253507,,,
90.0,85.0,171.0,106.0,1800.0,,,,2004.0,12.0,0,6.0,0,0,0,0,0,0,0,0,0,0,1,4.672828834461906,5.147494476813453,4.454347296253507,,,
90.0,85.0,171.0,106.0,2000.0,,,,2004.0,12.0,0,6.0,0,0,0,0,0,0,0,0,0,0,1,4.672828834461906,5.147494476813453,4.454347296253507,,,
90.0,85.0,171.0,106.0,2000.0,,,,2004.0,12.0,0,6.0,0,0,0,0,0,0,0,0,0,0,1,4.672828834461906,5.147494476813453,4.454347296253507,,,
90.0,85.0,171.0,106.0,2200.0,,,,2004.0,12.0,0,6.0,0,0,0,0,0,0,0,0,0,0,1,4.672828834461906,5.147494476813453,4.454347296253507,,,
90.0,85.0,171.0,106.0,2200.0,,,,2004.0,12.0,0,6.0,0,0,0,0,0,0,0,0,0,0,1,4.672828834461906,5.147494476813453,4.454347296253507,,,
90.0,85.0,171.0,106.0,2400.0,,,,2004.0,12.0,0,6.0,0,0,0,0,0,0,0,0,0,0,1,4.672828834461906,5.147494476813453,4.454347296253507,,,
90.0,85.0,171.0,106.0,1600.0,,,,2004.0,12.0,0,6.0,0,0,0,0,0,0,0,0,0,0,1,4.672828834461906,5.147494476813453,4.454347296253507,,,
90.0,85.0,171.0,106.0,1800.0,,,,2004.0,12.0,0,6.0,0,0,0,0,0,0,0,0,0,0,1,4.672828834461906,5.147494476813453,4.454347296253507,,,
90.0,85.0,171.0,106.0,2000.0,,,,2004.0,12.0,0,6.0,0,0,0,0,0,0,0,0,0,0,1,4.672828834461906,5.147494476813453,4.454347296253507,,,
90.0,85.0,171.0,106.0,2000.0,,,,2004.0,12.0,0,6.0,0,0,0,0,0,0,0,0,0,0,1,4.672828834461906,5.147494476813453,4.454347296253507,,,
90.0,85.0,171.0,106.0,2200.0,,,,2004.0,12.0,0,6.0,0,0,0,0,0,0,0,0,0,0,1,4.672828834461906,5.147494476813453,4.454347296253507,,,
90.0,85.0,171.0,106.0,2400.0,,,,2004.0,12.0,0,6.0,0,0,0,0,0,0,0,0,0,0,1,4.672828834461906,5.147494476813453,4.454347296253507,,,
130.0,62.0,80.0,37.0,1500.0,,,,2004.0,7.0,0,6.0,0,0,0,0,0,0,0,0,0,0,1,3.6375861597263857,4.394449154672439,4.143134726391533,,,
130.0,62.0,80.0,37.0,1500.0,,,,2004.0,8.0,0,6.0,0,0,0,0,0,0,0,0,0,0,1,3.6375861597263857,4.394449154672439,4.143134726391533,,,
130.0,62.0,80.0,37.0,1583.0,,,,2004.0,7.0,0,6.0,0,0,0,0,0,0,0,0,0,0,1,3.6375861597263857,4.394449154672439,4.143134726391533,,,
130.0,62.0,80.0,37.0,1667.0,,,,2004.0,8.0,0,6.0,0,0,0,0,0,0,0,0,0,0,1,3.6375861597263857,4.394449154672439,4.143134726391533,,,
130.0,62.0,80.0,37.0,1667.0,,,,2004.0,7.0,0,6.0,0,0,0,0,0,0,0,0,0,0,1,3.6375861597263857,4.394449154672439,4.143134726391533,,,
130.0,62.0,80.0,37.0,1750.0,,,,2004.0,7.0,0,6.0,0,0,0,0,0,0,0,0,0,0,1,3.6375861597263857,4.394449154672439,4.143134726391533,,,
130.0,62.0,80.0,37.0,1833.0,,,,2004.0,7.0,0,6.0,0,0,0,0,0,0,0,0,0,0,1,3.6375861597263857,4.394449154672439,4.143134726391533,,,
90.0,25.0,171.0,63.0,1600.0,,,,2004.0,7.0,0,6.0,0,0,0,0,0,0,0,0,0,0,1,4.1588830833596715,5.147494476813453,3.258096538021482,,,
90.0,62.0,171.0,63.0,1600.0,,,,2004.0,7.0,0,6.0,0,0,0,0,0,0,0,0,0,0,1,4.1588830833596715,5.147494476813453,4.143134726391533,,,
90.0,62.0,84.0,63.0,1600.0,,,,2004.0,8.0,0,6.0,0,0,0,0,0,0,0,0,0,0,1,4.1588830833596715,4.442651256490317,4.143134726391533,,,
90.0,62.0,171.0,63.0,1600.0,,,,2004.0,7.0,0,6.0,0,0,0,0,0,0,0,0,0,0,1,4.1588830833596715,5.147494476813453,4.143134726391533,,,
130.0,62.0,80.0,37.0,1992.0,,,,2004.0,8.0,0,6.0,0,0,0,0,0,0,0,0,0,0,1,3.6375861597263857,4.394449154672439,4.143134726391533,,,
130.0,62.0,80.0,37.0,1992.0,,,,2004.0,7.0,0,6.0,0,0,0,0,0,0,0,0,0,0,1,3.6375861597263857,4.394449154672439,4.143134726391533,,,
90.0,62.0,84.0,63.0,1600.0,,,,2004.0,8.0,0,6.0,0,0,0,0,0,0,0,0,0,0,1,4.1588830833596715,4.442651256490317,4.143134726391533,,,
90.0,25.0,171.0,63.0,1600.0,,,,2004.0,7.0,0,6.0,0,0,0,0,0,0,0,0,0,0,1,4.1588830833596715,5.147494476813453,3.258096538021482,,,
90.0,62.0,171.0,63.0,1800.0,,,,2004.0,7.0,0,6.0,0,0,0,0,0,0,0,0,0,0,1,4.1588830833596715,5.147494476813453,4.143134726391533,,,
90.0,25.0,171.0,63.0,1800.0,,,,2004.0,11.0,0,6.0,0,0,0,0,0,0,0,0,0,0,1,4.1588830833596715,5.147494476813453,3.258096538021482,,,
130.0,62.0,101.0,63.0,2000.0,,,,2004.0,9.0,0,6.0,0,0,0,0,0,0,0,0,0,0,1,4.1588830833596715,4.624972813284271,4.143134726391533,,,
130.0,62.0,144.0,63.0,1800.0,,,,2004.0,7.0,0,6.0,0,0,0,0,0,0,0,0,0,0,1,4.1588830833596715,4.976733742420574,4.143134726391533,,,
90.0,73.0,109.0,125.0,2533.0,,,,2004.0,6.0,0,7.0,0,0,0,1,0,0,0,0,0,0,0,4.836281906951478,4.700480365792417,4.30406509320417,,,
90.0,73.0,109.0,125.0,2530.0,,,,2004.0,9.0,0,7.0,0,0,0,1,0,0,0,0,0,0,0,4.836281906951478,4.700480365792417,4.30406509320417,,,
90.0,84.0,109.0,125.0,2667.0,,,,2004.0,6.0,0,7.0,0,0,0,1,0,0,0,0,0,0,0,4.836281906951478,4.700480365792417,4.442651256490317,,,
90.0,84.0,109.0,125.0,2800.0,,,,2004.0,6.0,0,7.0,0,0,0,1,0,0,0,0,0,0,0,4.836281906951478,4.700480365792417,4.442651256490317,,,
90.0,84.0,109.0,125.0,2800.0,,,,2004.0,6.0,0,7.0,0,0,0,1,0,0,0,0,0,0,0,4.836281906951478,4.700480365792417,4.442651256490317,,,
90.0,84.0,109.0,125.0,2930.0,,,,2004.0,9.0,0,7.0,0,0,0,1,0,0,0,0,0,0,0,4.836281906951478,4.700480365792417,4.442651256490317,,,
90.0,84.0,109.0,125.0,2930.0,,,,2004.0,9.0,0,7.0,0,0,0,1,0,0,0,0,0,0,0,4.836281906951478,4.700480365792417,4.442651256490317,,,
90.0,73.0,109.0,125.0,3060.0,,,,2004.0,10.0,0,7.0,0,0,0,1,0,0,0,0,0,0,0,4.836281906951478,4.700480365792417,4.30406509320417,,,
90.0,88.0,112.0,125.0,2800.0,,,,2004.0,6.0,0,7.0,0,0,0,1,0,0,0,0,0,0,0,4.836281906951478,4.727387818712341,4.48863636973214,,,
90.0,88.0,112.0,125.0,3067.0,,,,2004.0,6.0,0,7.0,0,0,0,1,0,0,0,0,0,0,0,4.836281906951478,4.727387818712341,4.48863636973214,,,
90.0,88.0,112.0,125.0,3200.0,,,,2004.0,6.0,0,7.0,0,0,0,1,0,0,0,0,0,0,0,4.836281906951478,4.727387818712341,4.48863636973214,,,
90.0,88.0,112.0,125.0,3334.0,,,,2004.0,9.0,0,7.0,0,0,0,1,0,0,0,0,0,0,0,4.836281906951478,4.727387818712341,4.48863636973214,,,
90.0,84.0,109.0,125.0,2660.0,,,,2004.0,12.0,0,7.0,0,0,0,1,0,0,0,0,0,0,0,4.836281906951478,4.700480365792417,4.442651256490317,,,
90.0,84.0,109.0,125.0,2660.0,,,,2004.0,12.0,0,7.0,0,0,0,1,0,0,0,0,0,0,0,4.836281906951478,4.700480365792417,4.442651256490317,,,
90.0,84.0,109.0,125.0,3060.0,,,,2004.0,12.0,0,7.0,0,0,0,1,0,0,0,0,0,0,0,4.836281906951478,4.700480365792417,4.442651256490317,,,
90.0,115.0,109.0,125.0,3600.0,,,,2004.0,8.0,0,7.0,0,0,0,1,0,0,0,0,0,0,0,4.836281906951478,4.700480365792417,4.7535901911063645,,,
90.0,84.0,109.0,125.0,2933.0,,,,2004.0,6.0,0,7.0,0,0,0,1,0,0,0,0,0,0,0,4.836281906951478,4.700480365792417,4.442651256490317,,,
90.0,84.0,109.0,125.0,2933.0,,,,2004.0,6.0,0,7.0,0,0,0,1,0,0,0,0,0,0,0,4.836281906951478,4.700480365792417,4.442651256490317,,,
90.0,84.0,109.0,125.0,2933.0,,,,2004.0,6.0,0,7.0,0,0,0,1,0,0,0,0,0,0,0,4.836281906951478,4.700480365792417,4.442651256490317,,,
90.0,84.0,109.0,125.0,2933.0,,,,2004.0,6.0,0,7.0,0,0,0,1,0,0,0,0,0,0,0,4.836281906951478,4.700480365792417,4.442651256490317,,,
90.0,84.0,109.0,125.0,2933.0,,,,2004.0,6.0,0,7.0,0,0,0,1,0,0,0,0,0,0,0,4.836281906951478,4.700480365792417,4.442651256490317,,,
90.0,84.0,109.0,125.0,2933.0,,,,2004.0,6.0,0,7.0,0,0,0,1,0,0,0,0,0,0,0,4.836281906951478,4.700480365792417,4.442651256490317,,,
90.0,84.0,109.0,125.0,2800.0,,,,2004.0,6.0,0,7.0,0,0,0,1,0,0,0,0,0,0,0,4.836281906951478,4.700480365792417,4.442651256490317,,,
90.0,84.0,109.0,125.0,2800.0,,,,2004.0,6.0,0,7.0,0,0,0,1,0,0,0,0,0,0,0,4.836281906951478,4.700480365792417,4.442651256490317,,,
90.0,84.0,109.0,125.0,2800.0,,,,2004.0,6.0,0,7.0,0,0,0,1,0,0,0,0,0,0,0,4.836281906951478,4.700480365792417,4.442651256490317,,,
90.0,84.0,109.0,125.0,2933.0,,,,2004.0,6.0,0,7.0,0,0,0,1,0,0,0,0,0,0,0,4.836281906951478,4.700480365792417,4.442651256490317,,,
90.0,84.0,109.0,125.0,3000.0,,,,2004.0,6.0,0,7.0,0,0,0,1,0,0,0,0,0,0,0,4.836281906951478,4.700480365792417,4.442651256490317,,,
90.0,84.0,109.0,125.0,3200.0,,,,2004.0,6.0,0,7.0,0,0,0,1,0,0,0,0,0,0,0,4.836281906951478,4.700480365792417,4.442651256490317,,,
90.0,115.0,109.0,125.0,3400.0,,,,2004.0,6.0,0,7.0,0,0,0,1,0,0,0,0,0,0,0,4.836281906951478,4.700480365792417,4.7535901911063645,,,
90.0,115.0,109.0,125.0,3600.0,,,,2004.0,6.0,0,7.0,0,0,0,1,0,0,0,0,0,0,0,4.836281906951478,4.700480365792417,4.7535901911063645,,,
90.0,115.0,109.0,125.0,3800.0,,,,2004.0,6.0,0,7.0,0,0,0,1,0,0,0,0,0,0,0,4.836281906951478,4.700480365792417,4.7535901911063645,,,
130.0,103.0,269.0,178.0,3400.0,,,,2004.0,6.0,0,7.0,0,0,0,1,0,0,0,0,0,0,0,5.187385805840755,5.598421958998375,4.6443908991413725,,,
130.0,110.0,269.0,178.0,3466.0,,,,2004.0,10.0,0,7.0,0,0,0,1,0,0,0,0,0,0,0,5.187385805840755,5.598421958998375,4.709530201312334,,,
90.0,21.0,84.0,140.0,1500.0,,,,2004.0,6.0,0,7.0,0,0,0,1,0,0,0,0,0,0,0,4.948759890378168,4.442651256490317,3.091042453358316,,,
90.0,21.0,84.0,140.0,1600.0,,,,2004.0,6.0,0,7.0,0,0,0,1,0,0,0,0,0,0,0,4.948759890378168,4.442651256490317,3.091042453358316,,,
90.0,21.0,84.0,140.0,2100.0,,,,2004.0,10.0,0,7.0,0,0,0,1,0,0,0,0,0,0,0,4.948759890378168,4.442651256490317,3.091042453358316,,,
90.0,135.0,135.0,155.0,2800.0,,,,2004.0,6.0,0,7.0,0,0,0,1,0,0,0,0,0,0,0,5.049856007249537,4.912654885736052,4.912654885736052,,,
90.0,135.0,135.0,155.0,3000.0,,,,2004.0,6.0,0,7.0,0,0,0,1,0,0,0,0,0,0,0,5.049856007249537,4.912654885736052,4.912654885736052,,,
90.0,135.0,135.0,155.0,3200.0,,,,2004.0,6.0,0,7.0,0,0,0,1,0,0,0,0,0,0,0,5.049856007249537,4.912654885736052,4.912654885736052,,,
90.0,135.0,135.0,155.0,3400.0,,,,2004.0,6.0,0,7.0,0,0,0,1,0,0,0,0,0,0,0,5.049856007249537,4.912654885736052,4.912654885736052,,,
90.0,135.0,135.0,155.0,3600.0,,,,2004.0,6.0,0,7.0,0,0,0,1,0,0,0,0,0,0,0,5.049856007249537,4.912654885736052,4.912654885736052,,,
90.0,9.0,84.0,69.0,1000.0,,,,2005.0,11.0,0,6.0,0,0,0,0,0,0,0,0,0,0,1,4.248495242049359,4.442651256490317,2.302585092994046,,,
130.0,62.0,171.0,105.0,1800.0,,,,2005.0,4.0,0,6.0,0,0,0,0,0,0,0,0,0,0,1,4.663439094112067,5.147494476813453,4.143134726391533,,,
90.0,67.0,156.0,154.0,2000.0,,,,2005.0,5.0,0,6.0,0,0,0,0,0,0,0,0,0,0,1,5.043425116919247,5.056245805348308,4.219507705176107,,,
130.0,62.0,171.0,105.0,2000.0,,,,2005.0,4.0,0,6.0,0,0,0,0,0,0,0,0,0,0,1,4.663439094112067,5.147494476813453,4.143134726391533,,,
130.0,83.0,171.0,105.0,2000.0,,,,2005.0,4.0,0,6.0,0,0,0,0,0,0,0,0,0,0,1,4.663439094112067,5.147494476813453,4.430816798843313,,,
130.0,83.0,171.0,105.0,2200.0,,,,2005.0,4.0,0,6.0,0,0,0,0,0,0,0,0,0,0,1,4.663439094112067,5.147494476813453,4.430816798843313,,,
90.0,67.0,156.0,154.0,2200.0,,,,2005.0,5.0,0,6.0,0,0,0,0,0,0,0,0,0,0,1,5.043425116919247,5.056245805348308,4.219507705176107,,,
130.0,83.0,171.0,105.0,2400.0,,,,2005.0,4.0,0,6.0,0,0,0,0,0,0,0,0,0,0,1,4.663439094112067,5.147494476813453,4.430816798843313,,,
90.0,89.0,199.0,233.0,2200.0,,,,2005.0,5.0,0,6.0,0,0,0,0,0,0,0,0,0,0,1,5.455321115357702,5.298317366548036,4.499809670330265,,,
90.0,89.0,83.0,69.0,2400.0,,,,2005.0,4.0,0,6.0,0,0,0,0,0,0,0,0,0,0,1,4.248495242049359,4.430816798843313,4.499809670330265,,,
130.0,62.0,171.0,105.0,2600.0,,,,2005.0,8.0,0,6.0,0,0,0,0,0,0,0,0,0,0,1,4.663439094112067,5.147494476813453,4.143134726391533,,,
90.0,104.0,115.0,114.0,2800.0,,,,2005.0,6.0,0,6.0,0,0,0,0,0,0,0,0,0,0,1,4.74493212836325,4.7535901911063645,4.653960350157523,,,
90.0,89.0,156.0,154.0,2000.0,,,,2005.0,8.0,0,6.0,0,0,0,0,0,0,0,0,0,0,1,5.043425116919247,5.056245805348308,4.499809670330265,,,
90.0,89.0,156.0,154.0,2000.0,,,,2005.0,8.0,0,6.0,0,0,0,0,0,0,0,0,0,0,1,5.043425116919247,5.056245805348308,4.499809670330265,,,
90.0,110.0,199.0,233.0,2200.0,,,,2005.0,5.0,0,6.0,0,0,0,0,0,0,0,0,0,0,1,5.455321115357702,5.298317366548036,4.709530201312334,,,
130.0,35.0,193.0,106.0,1600.0,,,,2005.0,8.0,0,6.0,0,0,0,0,0,0,0,0,0,0,1,4.672828834461906,5.267858159063328,3.58351893845611,,,
130.0,35.0,193.0,106.0,1600.0,,,,2005.0,8.0,0,6.0,0,0,0,0,0,0,0,0,0,0,1,4.672828834461906,5.267858159063328,3.58351893845611,,,
130.0,62.0,193.0,106.0,2200.0,,,,2005.0,8.0,0,6.0,0,0,0,0,0,0,0,0,0,0,1,4.672828834461906,5.267858159063328,4.143134726391533,,,
130.0,82.0,193.0,106.0,2200.0,,,,2005.0,8.0,0,6.0,0,0,0,0,0,0,0,0,0,0,1,4.672828834461906,5.267858159063328,4.418840607796598,,,
130.0,82.0,193.0,106.0,2400.0,,,,2005.0,8.0,0,6.0,0,0,0,0,0,0,0,0,0,0,1,4.672828834461906,5.267858159063328,4.418840607796598,,,
90.0,67.0,171.0,106.0,1800.0,,,,2005.0,8.0,0,6.0,0,0,0,0,0,0,0,0,0,0,1,4.672828834461906,5.147494476813453,4.219507705176107,,,
90.0,67.0,171.0,106.0,1800.0,,,,2005.0,8.0,0,6.0,0,0,0,0,0,0,0,0,0,0,1,4.672828834461906,5.147494476813453,4.219507705176107,,,
90.0,67.0,171.0,106.0,2000.0,,,,2005.0,8.0,0,6.0,0,0,0,0,0,0,0,0,0,0,1,4.672828834461906,5.147494476813453,4.219507705176107,,,
90.0,67.0,171.0,106.0,2000.0,,,,2005.0,8.0,0,6.0,0,0,0,0,0,0,0,0,0,0,1,4.672828834461906,5.147494476813453,4.219507705176107,,,
90.0,67.0,171.0,106.0,2000.0,,,,2005.0,8.0,0,6.0,0,0,0,0,0,0,0,0,0,0,1,4.672828834461906,5.147494476813453,4.219507705176107,,,
90.0,85.0,171.0,106.0,2200.0,,,,2005.0,8.0,0,6.0,0,0,0,0,0,0,0,0,0,0,1,4.672828834461906,5.147494476813453,4.454347296253507,,,
90.0,85.0,171.0,106.0,2200.0,,,,2005.0,8.0,0,6.0,0,0,0,0,0,0,0,0,0,0,1,4.672828834461906,5.147494476813453,4.454347296253507,,,
90.0,85.0,171.0,106.0,2400.0,,,,2005.0,8.0,0,6.0,0,0,0,0,0,0,0,0,0,0,1,4.672828834461906,5.147494476813453,4.454347296253507,,,
90.0,85.0,171.0,106.0,2400.0,,,,2005.0,8.0,0,6.0,0,0,0,0,0,0,0,0,0,0,1,4.672828834461906,5.147494476813453,4.454347296253507,,,
90.0,104.0,171.0,106.0,2600.0,,,,2005.0,8.0,0,6.0,0,0,0,0,0,0,0,0,0,0,1,4.672828834461906,5.147494476813453,4.653960350157523,,,
90.0,104.0,171.0,106.0,2600.0,,,,2005.0,8.0,0,6.0,0,0,0,0,0,0,0,0,0,0,1,4.672828834461906,5.147494476813453,4.653960350157523,,,
90.0,104.0,171.0,106.0,2800.0,,,,2005.0,8.0,0,6.0,0,0,0,0,0,0,0,0,0,0,1,4.672828834461906,5.147494476813453,4.653960350157523,,,
90.0,104.0,171.0,106.0,3000.0,,,,2005.0,5.0,0,6.0,0,0,0,0,0,0,0,0,0,0,1,4.672828834461906,5.147494476813453,4.653960350157523,,,
90.0,92.0,171.0,106.0,2800.0,,,,2005.0,8.0,0,6.0,0,0,0,0,0,0,0,0,0,0,1,4.672828834461906,5.147494476813453,4.532599493153256,,,
90.0,92.0,171.0,106.0,2800.0,,,,2005.0,8.0,0,6.0,0,0,0,0,0,0,0,0,0,0,1,4.672828834461906,5.147494476813453,4.532599493153256,,,
90.0,110.0,171.0,233.0,1800.0,,,,2005.0,8.0,0,6.0,0,0,0,0,0,0,0,0,0,0,1,5.455321115357702,5.147494476813453,4.709530201312334,,,
90.0,110.0,171.0,233.0,2000.0,,,,2005.0,8.0,0,6.0,0,0,0,0,0,0,0,0,0,0,1,5.455321115357702,5.147494476813453,4.709530201312334,,,
90.0,110.0,171.0,233.0,2200.0,,,,2005.0,8.0,0,6.0,0,0,0,0,0,0,0,0,0,0,1,5.455321115357702,5.147494476813453,4.709530201312334,,,
90.0,110.0,171.0,233.0,2400.0,,,,2005.0,9.0,0,6.0,0,0,0,0,0,0,0,0,0,0,1,5.455321115357702,5.147494476813453,4.709530201312334,,,
90.0,55.0,171.0,233.0,1600.0,,,,2005.0,8.0,0,6.0,0,0,0,0,0,0,0,0,0,0,1,5.455321115357702,5.147494476813453,4.02535169073515,,,
90.0,95.0,171.0,233.0,1800.0,,,,2005.0,5.0,0,6.0,0,0,0,0,0,0,0,0,0,0,1,5.455321115357702,5.147494476813453,4.564348191467836,,,
90.0,55.0,171.0,233.0,1800.0,,,,2005.0,8.0,0,6.0,0,0,0,0,0,0,0,0,0,0,1,5.455321115357702,5.147494476813453,4.02535169073515,,,
90.0,95.0,171.0,233.0,2000.0,,,,2005.0,5.0,0,6.0,0,0,0,0,0,0,0,0,0,0,1,5.455321115357702,5.147494476813453,4.564348191467836,,,
90.0,55.0,171.0,233.0,2000.0,,,,2005.0,12.0,0,6.0,0,0,0,0,0,0,0,0,0,0,1,5.455321115357702,5.147494476813453,4.02535169073515,,,
90.0,95.0,171.0,233.0,2200.0,,,,2005.0,5.0,0,6.0,0,0,0,0,0,0,0,0,0,0,1,5.455321115357702,5.147494476813453,4.564348191467836,,,
90.0,95.0,171.0,233.0,2400.0,,,,2005.0,9.0,0,6.0,0,0,0,0,0,0,0,0,0,0,1,5.455321115357702,5.147494476813453,4.564348191467836,,,
90.0,55.0,171.0,233.0,1600.0,,,,2005.0,8.0,0,6.0,0,0,0,0,0,0,0,0,0,0,1,5.455321115357702,5.147494476813453,4.02535169073515,,,
90.0,95.0,171.0,233.0,1800.0,,,,2005.0,9.0,0,6.0,0,0,0,0,0,0,0,0,0,0,1,5.455321115357702,5.147494476813453,4.564348191467836,,,
90.0,55.0,171.0,233.0,1800.0,,,,2005.0,8.0,0,6.0,0,0,0,0,0,0,0,0,0,0,1,5.455321115357702,5.147494476813453,4.02535169073515,,,
90.0,95.0,171.0,233.0,2000.0,,,,2005.0,9.0,0,6.0,0,0,0,0,0,0,0,0,0,0,1,5.455321115357702,5.147494476813453,4.564348191467836,,,
90.0,55.0,171.0,233.0,2000.0,,,,2005.0,12.0,0,6.0,0,0,0,0,0,0,0,0,0,0,1,5.455321115357702,5.147494476813453,4.02535169073515,,,
90.0,95.0,171.0,233.0,2200.0,,,,2005.0,9.0,0,6.0,0,0,0,0,0,0,0,0,0,0,1,5.455321115357702,5.147494476813453,4.564348191467836,,,
90.0,95.0,171.0,233.0,2400.0,,,,2005.0,9.0,0,6.0,0,0,0,0,0,0,0,0,0,0,1,5.455321115357702,5.147494476813453,4.564348191467836,,,
90.0,62.0,84.0,63.0,1400.0,,,,2005.0,7.0,0,6.0,0,0,0,0,0,0,0,0,0,0,1,4.1588830833596715,4.442651256490317,4.143134726391533,,,
90.0,25.0,171.0,69.0,1600.0,,,,2005.0,7.0,0,6.0,0,0,0,0,0,0,0,0,0,0,1,4.248495242049359,5.147494476813453,3.258096538021482,,,
90.0,62.0,84.0,63.0,1800.0,,,,2005.0,10.0,0,6.0,0,0,0,0,0,0,0,0,0,0,1,4.1588830833596715,4.442651256490317,4.143134726391533,,,
90.0,62.0,171.0,69.0,1800.0,,,,2005.0,7.0,0,6.0,0,0,0,0,0,0,0,0,0,0,1,4.248495242049359,5.147494476813453,4.143134726391533,,,
90.0,25.0,171.0,69.0,1800.0,,,,2005.0,7.0,0,6.0,0,0,0,0,0,0,0,0,0,0,1,4.248495242049359,5.147494476813453,3.258096538021482,,,
90.0,62.0,171.0,63.0,1800.0,,,,2005.0,5.0,0,6.0,0,0,0,0,0,0,0,0,0,0,1,4.1588830833596715,5.147494476813453,4.143134726391533,,,
90.0,25.0,171.0,69.0,1800.0,,,,2005.0,7.0,0,6.0,0,0,0,0,0,0,0,0,0,0,1,4.248495242049359,5.147494476813453,3.258096538021482,,,
90.0,62.0,171.0,69.0,1800.0,,,,2005.0,7.0,0,6.0,0,0,0,0,0,0,0,0,0,0,1,4.248495242049359,5.147494476813453,4.143134726391533,,,
90.0,62.0,84.0,63.0,1800.0,,,,2005.0,10.0,0,6.0,0,0,0,0,0,0,0,0,0,0,1,4.1588830833596715,4.442651256490317,4.143134726391533,,,
90.0,62.0,171.0,63.0,2000.0,,,,2005.0,8.0,0,6.0,0,0,0,0,0,0,0,0,0,0,1,4.1588830833596715,5.147494476813453,4.143134726391533,,,
90.0,25.0,171.0,69.0,2000.0,,,,2005.0,7.0,0,6.0,0,0,0,0,0,0,0,0,0,0,1,4.248495242049359,5.147494476813453,3.258096538021482,,,
90.0,62.0,171.0,69.0,2000.0,,,,2005.0,7.0,0,6.0,0,0,0,0,0,0,0,0,0,0,1,4.248495242049359,5.147494476813453,4.143134726391533,,,
90.0,62.0,84.0,63.0,2000.0,,,,2005.0,8.0,0,6.0,0,0,0,0,0,0,0,0,0,0,1,4.1588830833596715,4.442651256490317,4.143134726391533,,,
90.0,62.0,84.0,63.0,2000.0,,,,2005.0,10.0,0,6.0,0,0,0,0,0,0,0,0,0,0,1,4.1588830833596715,4.442651256490317,4.143134726391533,,,
90.0,62.0,84.0,63.0,2000.0,,,,2005.0,10.0,0,6.0,0,0,0,0,0,0,0,0,0,0,1,4.1588830833596715,4.442651256490317,4.143134726391533,,,
90.0,32.0,125.0,114.0,1600.0,,,,2005.0,6.0,0,6.0,0,0,0,0,0,0,0,0,0,0,1,4.74493212836325,4.836281906951478,3.4965075614664802,,,
90.0,35.0,125.0,114.0,2200.0,,,,2005.0,6.0,0,6.0,0,0,0,0,0,0,0,0,0,0,1,4.74493212836325,4.836281906951478,3.58351893845611,,,
90.0,35.0,125.0,114.0,2400.0,,,,2005.0,10.0,0,6.0,0,0,0,0,0,0,0,0,0,0,1,4.74493212836325,4.836281906951478,3.58351893845611,,,
90.0,22.0,125.0,114.0,1600.0,,,,2005.0,6.0,0,6.0,0,0,0,0,0,0,0,0,0,0,1,4.74493212836325,4.836281906951478,3.1354942159291497,,,
90.0,25.0,125.0,114.0,2000.0,,,,2005.0,8.0,0,6.0,0,0,0,0,0,0,0,0,0,0,1,4.74493212836325,4.836281906951478,3.258096538021482,,,
90.0,25.0,125.0,114.0,2200.0,,,,2005.0,8.0,0,6.0,0,0,0,0,0,0,0,0,0,0,1,4.74493212836325,4.836281906951478,3.258096538021482,,,
90.0,84.0,109.0,125.0,3200.0,,,,2005.0,6.0,0,7.0,0,0,0,1,0,0,0,0,0,0,0,4.836281906951478,4.700480365792417,4.442651256490317,,,
65.0,31.0,90.0,151.0,1600.0,,,,2005.0,5.0,0,7.0,0,0,0,1,0,0,0,0,0,0,0,5.0238805208462765,4.51085950651685,3.4657359027997265,,,
90.0,84.0,109.0,125.0,2660.0,,,,2005.0,6.0,0,7.0,0,0,0,1,0,0,0,0,0,0,0,4.836281906951478,4.700480365792417,4.442651256490317,,,
90.0,84.0,109.0,125.0,2660.0,,,,2005.0,6.0,0,7.0,0,0,0,1,0,0,0,0,0,0,0,4.836281906951478,4.700480365792417,4.442651256490317,,,
90.0,84.0,109.0,125.0,2660.0,,,,2005.0,6.0,0,7.0,0,0,0,1,0,0,0,0,0,0,0,4.836281906951478,4.700480365792417,4.442651256490317,,,
90.0,84.0,109.0,125.0,2800.0,,,,2005.0,6.0,0,7.0,0,0,0,1,0,0,0,0,0,0,0,4.836281906951478,4.700480365792417,4.442651256490317,,,
90.0,84.0,109.0,125.0,3000.0,,,,2005.0,6.0,0,7.0,0,0,0,1,0,0,0,0,0,0,0,4.836281906951478,4.700480365792417,4.442651256490317,,,
90.0,84.0,109.0,125.0,3200.0,,,,2005.0,6.0,0,7.0,0,0,0,1,0,0,0,0,0,0,0,4.836281906951478,4.700480365792417,4.442651256490317,,,
90.0,115.0,109.0,125.0,3400.0,,,,2005.0,6.0,0,7.0,0,0,0,1,0,0,0,0,0,0,0,4.836281906951478,4.700480365792417,4.7535901911063645,,,
90.0,115.0,109.0,125.0,3600.0,,,,2005.0,6.0,0,7.0,0,0,0,1,0,0,0,0,0,0,0,4.836281906951478,4.700480365792417,4.7535901911063645,,,
90.0,115.0,109.0,125.0,3800.0,,,,2005.0,6.0,0,7.0,0,0,0,1,0,0,0,0,0,0,0,4.836281906951478,4.700480365792417,4.7535901911063645,,,
90.0,84.0,109.0,169.0,3600.0,,,,2005.0,11.0,0,7.0,0,0,0,1,0,0,0,0,0,0,0,5.135798437050262,4.700480365792417,4.442651256490317,,,
90.0,84.0,109.0,169.0,3800.0,,,,2005.0,5.0,0,7.0,0,0,0,1,0,0,0,0,0,0,0,5.135798437050262,4.700480365792417,4.442651256490317,,,
90.0,84.0,109.0,169.0,3800.0,,,,2005.0,11.0,0,7.0,0,0,0,1,0,0,0,0,0,0,0,5.135798437050262,4.700480365792417,4.442651256490317,,,
90.0,130.0,206.0,169.0,2800.0,,,,2005.0,5.0,0,7.0,0,0,0,1,0,0,0,0,0,0,0,5.135798437050262,5.332718793265369,4.875197323201151,,,
90.0,130.0,206.0,169.0,2800.0,,,,2005.0,5.0,0,7.0,0,0,0,1,0,0,0,0,0,0,0,5.135798437050262,5.332718793265369,4.875197323201151,,,
90.0,130.0,206.0,169.0,3000.0,,,,2005.0,5.0,0,7.0,0,0,0,1,0,0,0,0,0,0,0,5.135798437050262,5.332718793265369,4.875197323201151,,,
90.0,130.0,206.0,169.0,3200.0,,,,2005.0,5.0,0,7.0,0,0,0,1,0,0,0,0,0,0,0,5.135798437050262,5.332718793265369,4.875197323201151,,,
90.0,130.0,206.0,230.0,3200.0,,,,2005.0,4.0,0,7.0,0,0,0,1,0,0,0,0,0,0,0,5.442417710521793,5.332718793265369,4.875197323201151,,,
65.0,130.0,171.0,376.0,3466.0,,,,2005.0,12.0,0,7.0,0,0,0,1,0,0,0,0,0,0,0,5.932245187448011,5.147494476813453,4.875197323201151,,,
90.0,27.0,84.0,140.0,2260.0,,,,2005.0,7.0,0,7.0,0,0,0,1,0,0,0,0,0,0,0,4.948759890378168,4.442651256490317,3.332204510175204,,,
90.0,135.0,213.0,200.0,2800.0,,,,2005.0,10.0,0,7.0,0,0,0,1,0,0,0,0,0,0,0,5.303304908059076,5.365976015021851,4.912654885736052,,,
90.0,135.0,213.0,200.0,2667.0,,,,2005.0,12.0,0,7.0,0,0,0,1,0,0,0,0,0,0,0,5.303304908059076,5.365976015021851,4.912654885736052,,,
90.0,135.0,213.0,200.0,2833.0,,,,2005.0,12.0,0,7.0,0,0,0,1,0,0,0,0,0,0,0,5.303304908059076,5.365976015021851,4.912654885736052,,,
90.0,135.0,213.0,200.0,2800.0,,,,2005.0,12.0,0,7.0,0,0,0,1,0,0,0,0,0,0,0,5.303304908059076,5.365976015021851,4.912654885736052,,,
90.0,135.0,213.0,200.0,3000.0,,,,2005.0,12.0,0,7.0,0,0,0,1,0,0,0,0,0,0,0,5.303304908059076,5.365976015021851,4.912654885736052,,,
90.0,135.0,213.0,200.0,3000.0,,,,2005.0,12.0,0,7.0,0,0,0,1,0,0,0,0,0,0,0,5.303304908059076,5.365976015021851,4.912654885736052,,,
90.0,125.0,235.0,227.0,2600.0,,,,2006.0,11.0,0,6.0,0,0,0,0,0,0,0,0,0,0,1,5.429345628954441,5.4638318050256105,4.836281906951478,,,
90.0,125.0,235.0,227.0,2800.0,,,,2006.0,11.0,0,6.0,0,0,0,0,0,0,0,0,0,0,1,5.429345628954441,5.4638318050256105,4.836281906951478,,,
90.0,125.0,235.0,227.0,3000.0,,,,2006.0,11.0,0,6.0,0,0,0,0,0,0,0,0,0,0,1,5.429345628954441,5.4638318050256105,4.836281906951478,,,
90.0,125.0,235.0,227.0,3200.0,,,,,,0,6.0,0,0,0,0,0,0,0,0,0,0,1,5.429345628954441,5.4638318050256105,4.836281906951478,,,
65.0,65.0,126.0,154.0,1900.0,,,,2006.0,12.0,0,6.0,0,0,0,0,0,0,0,0,0,0,1,5.043425116919247,4.844187086458591,4.189654742026425,,,
90.0,65.0,220.0,154.0,2000.0,,,,2006.0,8.0,0,6.0,0,0,0,0,0,0,0,0,0,0,1,5.043425116919247,5.3981627015177525,4.189654742026425,,,
65.0,65.0,126.0,154.0,2100.0,,,,2006.0,12.0,0,6.0,0,0,0,0,0,0,0,0,0,0,1,5.043425116919247,4.844187086458591,4.189654742026425,,,
65.0,65.0,126.0,154.0,2200.0,,,,2006.0,12.0,0,6.0,0,0,0,0,0,0,0,0,0,0,1,5.043425116919247,4.844187086458591,4.189654742026425,,,
65.0,65.0,126.0,154.0,2300.0,,,,2006.0,12.0,0,6.0,0,0,0,0,0,0,0,0,0,0,1,5.043425116919247,4.844187086458591,4.189654742026425,,,
90.0,110.0,156.0,154.0,2400.0,,,,2006.0,5.0,0,6.0,0,0,0,0,0,0,0,0,0,0,1,5.043425116919247,5.056245805348308,4.709530201312334,,,
65.0,65.0,126.0,154.0,2500.0,,,,2006.0,12.0,0,6.0,0,0,0,0,0,0,0,0,0,0,1,5.043425116919247,4.844187086458591,4.189654742026425,,,
65.0,65.0,126.0,154.0,2600.0,,,,2006.0,12.0,0,6.0,0,0,0,0,0,0,0,0,0,0,1,5.043425116919247,4.844187086458591,4.189654742026425,,,
90.0,65.0,220.0,154.0,2600.0,,,,2006.0,9.0,0,6.0,0,0,0,0,0,0,0,0,0,0,1,5.043425116919247,5.3981627015177525,4.189654742026425,,,
90.0,89.0,220.0,154.0,2600.0,,,,2006.0,9.0,0,6.0,0,0,0,0,0,0,0,0,0,0,1,5.043425116919247,5.3981627015177525,4.499809670330265,,,
90.0,65.0,220.0,154.0,2600.0,,,,2006.0,9.0,0,6.0,0,0,0,0,0,0,0,0,0,0,1,5.043425116919247,5.3981627015177525,4.189654742026425,,,
90.0,89.0,220.0,154.0,2800.0,,,,2006.0,12.0,0,6.0,0,0,0,0,0,0,0,0,0,0,1,5.043425116919247,5.3981627015177525,4.499809670330265,,,
90.0,89.0,220.0,227.0,2800.0,,,,2006.0,12.0,0,6.0,0,0,0,0,0,0,0,0,0,0,1,5.429345628954441,5.3981627015177525,4.499809670330265,,,
90.0,45.0,235.0,227.0,1800.0,,,,2006.0,8.0,0,6.0,0,0,0,0,0,0,0,0,0,0,1,5.429345628954441,5.4638318050256105,3.828641396489095,,,
90.0,95.0,235.0,227.0,1800.0,,,,2006.0,8.0,0,6.0,0,0,0,0,0,0,0,0,0,0,1,5.429345628954441,5.4638318050256105,4.564348191467836,,,
90.0,95.0,235.0,227.0,1800.0,,,,2006.0,8.0,0,6.0,0,0,0,0,0,0,0,0,0,0,1,5.429345628954441,5.4638318050256105,4.564348191467836,,,
90.0,45.0,235.0,227.0,1800.0,,,,2006.0,8.0,0,6.0,0,0,0,0,0,0,0,0,0,0,1,5.429345628954441,5.4638318050256105,3.828641396489095,,,
90.0,68.0,235.0,227.0,1800.0,,,,2006.0,8.0,0,6.0,0,0,0,0,0,0,0,0,0,0,1,5.429345628954441,5.4638318050256105,4.23410650459726,,,
90.0,68.0,235.0,227.0,1800.0,,,,2006.0,8.0,0,6.0,0,0,0,0,0,0,0,0,0,0,1,5.429345628954441,5.4638318050256105,4.23410650459726,,,
90.0,95.0,235.0,227.0,2000.0,,,,2006.0,8.0,0,6.0,0,0,0,0,0,0,0,0,0,0,1,5.429345628954441,5.4638318050256105,4.564348191467836,,,
90.0,95.0,235.0,227.0,2000.0,,,,2006.0,8.0,0,6.0,0,0,0,0,0,0,0,0,0,0,1,5.429345628954441,5.4638318050256105,4.564348191467836,,,
90.0,68.0,235.0,227.0,2000.0,,,,2006.0,8.0,0,6.0,0,0,0,0,0,0,0,0,0,0,1,5.429345628954441,5.4638318050256105,4.23410650459726,,,
90.0,68.0,235.0,227.0,2000.0,,,,2006.0,8.0,0,6.0,0,0,0,0,0,0,0,0,0,0,1,5.429345628954441,5.4638318050256105,4.23410650459726,,,
90.0,95.0,235.0,227.0,2200.0,,,,2006.0,8.0,0,6.0,0,0,0,0,0,0,0,0,0,0,1,5.429345628954441,5.4638318050256105,4.564348191467836,,,
90.0,95.0,235.0,227.0,2200.0,,,,2006.0,8.0,0,6.0,0,0,0,0,0,0,0,0,0,0,1,5.429345628954441,5.4638318050256105,4.564348191467836,,,
90.0,68.0,235.0,227.0,2200.0,,,,2006.0,8.0,0,6.0,0,0,0,0,0,0,0,0,0,0,1,5.429345628954441,5.4638318050256105,4.23410650459726,,,
90.0,68.0,235.0,227.0,2200.0,,,,2006.0,8.0,0,6.0,0,0,0,0,0,0,0,0,0,0,1,5.429345628954441,5.4638318050256105,4.23410650459726,,,
90.0,95.0,235.0,227.0,2400.0,,,,2006.0,8.0,0,6.0,0,0,0,0,0,0,0,0,0,0,1,5.429345628954441,5.4638318050256105,4.564348191467836,,,
90.0,95.0,235.0,227.0,2400.0,,,,2006.0,8.0,0,6.0,0,0,0,0,0,0,0,0,0,0,1,5.429345628954441,5.4638318050256105,4.564348191467836,,,
90.0,68.0,235.0,227.0,2400.0,,,,2006.0,8.0,0,6.0,0,0,0,0,0,0,0,0,0,0,1,5.429345628954441,5.4638318050256105,4.23410650459726,,,
90.0,68.0,235.0,227.0,2400.0,,,,2006.0,8.0,0,6.0,0,0,0,0,0,0,0,0,0,0,1,5.429345628954441,5.4638318050256105,4.23410650459726,,,
90.0,95.0,235.0,227.0,2600.0,,,,2006.0,8.0,0,6.0,0,0,0,0,0,0,0,0,0,0,1,5.429345628954441,5.4638318050256105,4.564348191467836,,,
90.0,95.0,235.0,227.0,2600.0,,,,2006.0,8.0,0,6.0,0,0,0,0,0,0,0,0,0,0,1,5.429345628954441,5.4638318050256105,4.564348191467836,,,
90.0,119.0,235.0,227.0,2800.0,,,,2006.0,8.0,0,6.0,0,0,0,0,0,0,0,0,0,0,1,5.429345628954441,5.4638318050256105,4.787491742782046,,,
90.0,119.0,235.0,227.0,2800.0,,,,2006.0,8.0,0,6.0,0,0,0,0,0,0,0,0,0,0,1,5.429345628954441,5.4638318050256105,4.787491742782046,,,
90.0,45.0,235.0,227.0,1800.0,,,,2006.0,8.0,0,6.0,0,0,0,0,0,0,0,0,0,0,1,5.429345628954441,5.4638318050256105,3.828641396489095,,,
90.0,95.0,235.0,227.0,2000.0,,,,2006.0,8.0,0,6.0,0,0,0,0,0,0,0,0,0,0,1,5.429345628954441,5.4638318050256105,4.564348191467836,,,
90.0,95.0,235.0,227.0,2000.0,,,,2006.0,8.0,0,6.0,0,0,0,0,0,0,0,0,0,0,1,5.429345628954441,5.4638318050256105,4.564348191467836,,,
90.0,68.0,235.0,227.0,2000.0,,,,2006.0,8.0,0,6.0,0,0,0,0,0,0,0,0,0,0,1,5.429345628954441,5.4638318050256105,4.23410650459726,,,
90.0,68.0,235.0,227.0,2000.0,,,,2006.0,8.0,0,6.0,0,0,0,0,0,0,0,0,0,0,1,5.429345628954441,5.4638318050256105,4.23410650459726,,,
90.0,95.0,235.0,227.0,2200.0,,,,2006.0,8.0,0,6.0,0,0,0,0,0,0,0,0,0,0,1,5.429345628954441,5.4638318050256105,4.564348191467836,,,
90.0,95.0,235.0,227.0,2200.0,,,,2006.0,8.0,0,6.0,0,0,0,0,0,0,0,0,0,0,1,5.429345628954441,5.4638318050256105,4.564348191467836,,,
90.0,68.0,235.0,227.0,2200.0,,,,2006.0,8.0,0,6.0,0,0,0,0,0,0,0,0,0,0,1,5.429345628954441,5.4638318050256105,4.23410650459726,,,
90.0,68.0,235.0,227.0,2200.0,,,,2006.0,8.0,0,6.0,0,0,0,0,0,0,0,0,0,0,1,5.429345628954441,5.4638318050256105,4.23410650459726,,,
90.0,95.0,235.0,227.0,2400.0,,,,2006.0,8.0,0,6.0,0,0,0,0,0,0,0,0,0,0,1,5.429345628954441,5.4638318050256105,4.564348191467836,,,
90.0,95.0,235.0,227.0,2400.0,,,,2006.0,8.0,0,6.0,0,0,0,0,0,0,0,0,0,0,1,5.429345628954441,5.4638318050256105,4.564348191467836,,,
90.0,68.0,235.0,227.0,2400.0,,,,2006.0,8.0,0,6.0,0,0,0,0,0,0,0,0,0,0,1,5.429345628954441,5.4638318050256105,4.23410650459726,,,
90.0,68.0,235.0,227.0,2400.0,,,,2006.0,8.0,0,6.0,0,0,0,0,0,0,0,0,0,0,1,5.429345628954441,5.4638318050256105,4.23410650459726,,,
90.0,95.0,235.0,227.0,2600.0,,,,2006.0,8.0,0,6.0,0,0,0,0,0,0,0,0,0,0,1,5.429345628954441,5.4638318050256105,4.564348191467836,,,
90.0,95.0,235.0,227.0,2600.0,,,,2006.0,8.0,0,6.0,0,0,0,0,0,0,0,0,0,0,1,5.429345628954441,5.4638318050256105,4.564348191467836,,,
90.0,120.0,235.0,227.0,2800.0,,,,2006.0,8.0,0,6.0,0,0,0,0,0,0,0,0,0,0,1,5.429345628954441,5.4638318050256105,4.795790545596741,,,
90.0,120.0,235.0,227.0,2800.0,,,,2006.0,8.0,0,6.0,0,0,0,0,0,0,0,0,0,0,1,5.429345628954441,5.4638318050256105,4.795790545596741,,,
90.0,62.0,103.0,81.0,1600.0,,,,2006.0,5.0,0,6.0,0,0,0,0,0,0,0,0,0,0,1,4.406719247264253,4.6443908991413725,4.143134726391533,,,
90.0,62.0,103.0,81.0,1600.0,,,,2006.0,5.0,0,6.0,0,0,0,0,0,0,0,0,0,0,1,4.406719247264253,4.6443908991413725,4.143134726391533,,,
90.0,62.0,103.0,81.0,1800.0,,,,2006.0,5.0,0,6.0,0,0,0,0,0,0,0,0,0,0,1,4.406719247264253,4.6443908991413725,4.143134726391533,,,
90.0,62.0,103.0,81.0,2200.0,,,,2006.0,10.0,0,6.0,0,0,0,0,0,0,0,0,0,0,1,4.406719247264253,4.6443908991413725,4.143134726391533,,,
65.0,31.0,171.0,731.0,2000.0,,,,2006.0,6.0,0,6.0,0,0,0,0,0,0,0,0,0,0,1,6.595780513961311,5.147494476813453,3.4657359027997265,,,
65.0,84.0,109.0,125.0,3200.0,,,,2006.0,5.0,0,7.0,0,0,0,1,0,0,0,0,0,0,0,4.836281906951478,4.700480365792417,4.442651256490317,,,
65.0,65.0,111.0,167.0,1800.0,,,,2006.0,7.0,0,7.0,0,0,0,1,0,0,0,0,0,0,0,5.123963979403259,4.718498871295094,4.189654742026425,,,
65.0,65.0,143.0,291.0,1866.0,,,,2006.0,7.0,0,7.0,0,0,0,1,0,0,0,0,0,0,0,5.676753802268282,4.969813299576001,4.189654742026425,,,
65.0,65.0,143.0,291.0,2133.0,,,,2006.0,7.0,0,7.0,0,0,0,1,0,0,0,0,0,0,0,5.676753802268282,4.969813299576001,4.189654742026425,,,
65.0,65.0,143.0,291.0,2400.0,,,,2006.0,7.0,0,7.0,0,0,0,1,0,0,0,0,0,0,0,5.676753802268282,4.969813299576001,4.189654742026425,,,
65.0,65.0,143.0,291.0,2667.0,,,,2006.0,7.0,0,7.0,0,0,0,1,0,0,0,0,0,0,0,5.676753802268282,4.969813299576001,4.189654742026425,,,
65.0,35.0,143.0,731.0,1600.0,,,,2006.0,7.0,0,7.0,0,0,0,1,0,0,0,0,0,0,0,6.595780513961311,4.969813299576001,3.58351893845611,,,
65.0,35.0,143.0,731.0,1667.0,,,,2006.0,7.0,0,7.0,0,0,0,1,0,0,0,0,0,0,0,6.595780513961311,4.969813299576001,3.58351893845611,,,
65.0,35.0,143.0,731.0,1833.0,,,,2006.0,7.0,0,7.0,0,0,0,1,0,0,0,0,0,0,0,6.595780513961311,4.969813299576001,3.58351893845611,,,
65.0,35.0,143.0,293.0,2000.0,,,,2006.0,7.0,0,7.0,0,0,0,1,0,0,0,0,0,0,0,5.683579767338681,4.969813299576001,3.58351893845611,,,
65.0,35.0,143.0,293.0,2000.0,,,,2006.0,7.0,0,7.0,0,0,0,1,0,0,0,0,0,0,0,5.683579767338681,4.969813299576001,3.58351893845611,,,
65.0,35.0,143.0,293.0,2166.0,,,,2006.0,7.0,0,7.0,0,0,0,1,0,0,0,0,0,0,0,5.683579767338681,4.969813299576001,3.58351893845611,,,
65.0,35.0,143.0,293.0,2333.0,,,,2006.0,7.0,0,7.0,0,0,0,1,0,0,0,0,0,0,0,5.683579767338681,4.969813299576001,3.58351893845611,,,
65.0,35.0,143.0,293.0,2333.0,,,,2006.0,12.0,0,7.0,0,0,0,1,0,0,0,0,0,0,0,5.683579767338681,4.969813299576001,3.58351893845611,,,
65.0,130.0,171.0,582.0,2666.0,,,,2006.0,11.0,0,7.0,0,0,0,1,0,0,0,0,0,0,0,6.368187186350492,5.147494476813453,4.875197323201151,,,
65.0,75.0,143.0,291.0,2933.0,,,,2006.0,7.0,0,7.0,0,0,0,1,0,0,0,0,0,0,0,5.676753802268282,4.969813299576001,4.330733340286331,,,
65.0,15.0,90.0,151.0,1833.0,,,,2006.0,9.0,0,7.0,0,0,0,1,0,0,0,0,0,0,0,5.0238805208462765,4.51085950651685,2.772588722239781,,,
65.0,31.0,90.0,151.0,2333.0,,,,2006.0,6.0,0,7.0,0,0,0,1,0,0,0,0,0,0,0,5.0238805208462765,4.51085950651685,3.4657359027997265,,,
65.0,9.0,90.0,151.0,1066.0,,,,2006.0,9.0,0,7.0,0,0,0,1,0,0,0,0,0,0,0,5.0238805208462765,4.51085950651685,2.302585092994046,,,
65.0,9.0,90.0,151.0,1200.0,,,,2006.0,6.0,0,7.0,0,0,0,1,0,0,0,0,0,0,0,5.0238805208462765,4.51085950651685,2.302585092994046,,,
90.0,84.0,109.0,125.0,3060.0,,,,,,0,7.0,0,0,0,1,0,0,0,0,0,0,0,4.836281906951478,4.700480365792417,4.442651256490317,,,
65.0,95.0,171.0,376.0,2800.0,,,,2006.0,7.0,0,7.0,0,0,0,1,0,0,0,0,0,0,0,5.932245187448011,5.147494476813453,4.564348191467836,,,
65.0,95.0,171.0,376.0,3000.0,,,,2006.0,10.0,0,7.0,0,0,0,1,0,0,0,0,0,0,0,5.932245187448011,5.147494476813453,4.564348191467836,,,
65.0,95.0,171.0,376.0,3400.0,,,,2006.0,7.0,0,7.0,0,0,0,1,0,0,0,0,0,0,0,5.932245187448011,5.147494476813453,4.564348191467836,,,
65.0,65.0,171.0,731.0,1600.0,,,,2006.0,6.0,0,7.0,0,0,0,1,0,0,0,0,0,0,0,6.595780513961311,5.147494476813453,4.189654742026425,,,
65.0,65.0,171.0,731.0,1866.0,,,,2006.0,6.0,0,7.0,0,0,0,1,0,0,0,0,0,0,0,6.595780513961311,5.147494476813453,4.189654742026425,,,
65.0,65.0,171.0,731.0,2000.0,,,,2006.0,6.0,0,7.0,0,0,0,1,0,0,0,0,0,0,0,6.595780513961311,5.147494476813453,4.189654742026425,,,
65.0,65.0,171.0,731.0,2333.0,,,,2006.0,6.0,0,7.0,0,0,0,1,0,0,0,0,0,0,0,6.595780513961311,5.147494476813453,4.189654742026425,,,
65.0,40.0,171.0,731.0,2333.0,,,,2006.0,6.0,0,7.0,0,0,0,1,0,0,0,0,0,0,0,6.595780513961311,5.147494476813453,3.713572066704308,,,
65.0,65.0,171.0,731.0,2666.0,,,,2006.0,6.0,0,7.0,0,0,0,1,0,0,0,0,0,0,0,6.595780513961311,5.147494476813453,4.189654742026425,,,
65.0,80.0,171.0,731.0,3000.0,,,,2006.0,6.0,0,7.0,0,0,0,1,0,0,0,0,0,0,0,6.595780513961311,5.147494476813453,4.394449154672439,,,
65.0,95.0,435.0,1328.0,2600.0,,,,2006.0,8.0,0,7.0,0,0,0,1,0,0,0,0,0,0,0,7.192182058713246,6.077642243349034,4.564348191467836,,,
65.0,95.0,435.0,1328.0,2500.0,,,,2006.0,8.0,0,7.0,0,0,0,1,0,0,0,0,0,0,0,7.192182058713246,6.077642243349034,4.564348191467836,,,
65.0,95.0,435.0,1328.0,3000.0,,,,2006.0,8.0,0,7.0,0,0,0,1,0,0,0,0,0,0,0,7.192182058713246,6.077642243349034,4.564348191467836,,,
65.0,95.0,435.0,1328.0,3000.0,,,,2006.0,8.0,0,7.0,0,0,0,1,0,0,0,0,0,0,0,7.192182058713246,6.077642243349034,4.564348191467836,,,
65.0,150.0,435.0,1328.0,3200.0,,,,2006.0,8.0,0,7.0,0,0,0,1,0,0,0,0,0,0,0,7.192182058713246,6.077642243349034,5.017279836814924,,,
65.0,150.0,435.0,1328.0,3166.0,,,,2006.0,8.0,0,7.0,0,0,0,1,0,0,0,0,0,0,0,7.192182058713246,6.077642243349034,5.017279836814924,,,
65.0,150.0,435.0,1328.0,3400.0,,,,2006.0,8.0,0,7.0,0,0,0,1,0,0,0,0,0,0,0,7.192182058713246,6.077642243349034,5.017279836814924,,,
65.0,150.0,435.0,1328.0,3333.0,,,,2006.0,8.0,0,7.0,0,0,0,1,0,0,0,0,0,0,0,7.192182058713246,6.077642243349034,5.017279836814924,,,
65.0,150.0,435.0,1328.0,3500.0,,,,2006.0,8.0,0,7.0,0,0,0,1,0,0,0,0,0,0,0,7.192182058713246,6.077642243349034,5.017279836814924,,,
65.0,45.0,77.0,122.0,2000.0,,,,2007.0,2.0,0,6.0,0,0,0,0,0,0,0,0,0,0,1,4.812184355372417,4.356708826689592,3.828641396489095,,,
90.0,62.0,230.0,227.0,2200.0,,,,2007.0,2.0,0,6.0,0,0,0,0,0,0,0,0,0,0,1,5.429345628954441,5.442417710521793,4.143134726391533,,,
65.0,45.0,77.0,122.0,2200.0,,,,2007.0,2.0,0,6.0,0,0,0,0,0,0,0,0,0,0,1,4.812184355372417,4.356708826689592,3.828641396489095,,,
90.0,59.0,103.1,154.0,2200.0,,,,2007.0,2.0,0,6.0,0,0,0,0,0,0,0,0,0,0,1,5.043425116919247,4.645351975620923,4.0943445622221,,,
90.0,35.0,183.0,154.0,2200.0,,,,2007.0,2.0,0,6.0,0,0,0,0,0,0,0,0,0,0,1,5.043425116919247,5.214935757608986,3.58351893845611,,,
65.0,45.0,77.0,122.0,2400.0,,,,2007.0,2.0,0,6.0,0,0,0,0,0,0,0,0,0,0,1,4.812184355372417,4.356708826689592,3.828641396489095,,,
90.0,62.0,230.0,227.0,2400.0,,,,2007.0,2.0,0,6.0,0,0,0,0,0,0,0,0,0,0,1,5.429345628954441,5.442417710521793,4.143134726391533,,,
90.0,59.0,103.1,154.0,2400.0,,,,2007.0,2.0,0,6.0,0,0,0,0,0,0,0,0,0,0,1,5.043425116919247,4.645351975620923,4.0943445622221,,,
90.0,62.0,230.0,227.0,2600.0,,,,2007.0,2.0,0,6.0,0,0,0,0,0,0,0,0,0,0,1,5.429345628954441,5.442417710521793,4.143134726391533,,,
90.0,59.0,103.1,154.0,2600.0,,,,2007.0,2.0,0,6.0,0,0,0,0,0,0,0,0,0,0,1,5.043425116919247,4.645351975620923,4.0943445622221,,,
90.0,45.0,230.0,227.0,2200.0,,,,2007.0,10.0,0,6.0,0,0,0,0,0,0,0,0,0,0,1,5.429345628954441,5.442417710521793,3.828641396489095,,,
90.0,45.0,101.3,154.0,2200.0,,,,2007.0,10.0,0,6.0,0,0,0,0,0,0,0,0,0,0,1,5.043425116919247,4.627909672957581,3.828641396489095,,,
90.0,45.0,230.0,227.0,2400.0,,,,2007.0,10.0,0,6.0,0,0,0,0,0,0,0,0,0,0,1,5.429345628954441,5.442417710521793,3.828641396489095,,,
90.0,45.0,101.3,154.0,2400.0,,,,2007.0,10.0,0,6.0,0,0,0,0,0,0,0,0,0,0,1,5.043425116919247,4.627909672957581,3.828641396489095,,,
90.0,45.0,230.0,227.0,2600.0,,,,2007.0,10.0,0,6.0,0,0,0,0,0,0,0,0,0,0,1,5.429345628954441,5.442417710521793,3.828641396489095,,,
65.0,65.0,126.0,154.0,2600.0,,,,2007.0,9.0,0,6.0,0,0,0,0,0,0,0,0,0,0,1,5.043425116919247,4.844187086458591,4.189654742026425,,,
90.0,65.0,220.0,154.0,2600.0,,,,2007.0,2.0,0,6.0,0,0,0,0,0,0,0,0,0,0,1,5.043425116919247,5.3981627015177525,4.189654742026425,,,
65.0,65.0,126.0,154.0,2700.0,,,,2007.0,10.0,0,6.0,0,0,0,0,0,0,0,0,0,0,1,5.043425116919247,4.844187086458591,4.189654742026425,,,
90.0,125.0,220.0,227.0,3000.0,,,,2007.0,2.0,0,6.0,0,0,0,0,0,0,0,0,0,0,1,5.429345628954441,5.3981627015177525,4.836281906951478,,,
65.0,89.0,126.0,154.0,3100.0,,,,2007.0,8.0,0,6.0,0,0,0,0,0,0,0,0,0,0,1,5.043425116919247,4.844187086458591,4.499809670330265,,,
90.0,125.0,230.0,227.0,3200.0,,,,2007.0,8.0,0,6.0,0,0,0,0,0,0,0,0,0,0,1,5.429345628954441,5.442417710521793,4.836281906951478,,,
65.0,45.0,126.0,154.0,1900.0,,,,2007.0,10.0,0,6.0,0,0,0,0,0,0,0,0,0,0,1,5.043425116919247,4.844187086458591,3.828641396489095,,,
65.0,45.0,126.0,154.0,2100.0,,,,2007.0,10.0,0,6.0,0,0,0,0,0,0,0,0,0,0,1,5.043425116919247,4.844187086458591,3.828641396489095,,,
65.0,45.0,126.0,154.0,2300.0,,,,2007.0,10.0,0,6.0,0,0,0,0,0,0,0,0,0,0,1,5.043425116919247,4.844187086458591,3.828641396489095,,,
90.0,68.0,235.0,227.0,2600.0,,,,2007.0,2.0,0,6.0,0,0,0,0,0,0,0,0,0,0,1,5.429345628954441,5.4638318050256105,4.23410650459726,,,
90.0,95.0,235.0,227.0,2800.0,,,,2007.0,2.0,0,6.0,0,0,0,0,0,0,0,0,0,0,1,5.429345628954441,5.4638318050256105,4.564348191467836,,,
90.0,95.0,235.0,227.0,3000.0,,,,2007.0,8.0,0,6.0,0,0,0,0,0,0,0,0,0,0,1,5.429345628954441,5.4638318050256105,4.564348191467836,,,
90.0,119.0,235.0,227.0,3000.0,,,,2007.0,4.0,0,6.0,0,0,0,0,0,0,0,0,0,0,1,5.429345628954441,5.4638318050256105,4.787491742782046,,,
90.0,119.0,235.0,227.0,3200.0,,,,2007.0,8.0,0,6.0,0,0,0,0,0,0,0,0,0,0,1,5.429345628954441,5.4638318050256105,4.787491742782046,,,
90.0,68.0,235.0,227.0,2600.0,,,,2007.0,2.0,0,6.0,0,0,0,0,0,0,0,0,0,0,1,5.429345628954441,5.4638318050256105,4.23410650459726,,,
90.0,95.0,235.0,227.0,2800.0,,,,2007.0,2.0,0,6.0,0,0,0,0,0,0,0,0,0,0,1,5.429345628954441,5.4638318050256105,4.564348191467836,,,
90.0,95.0,235.0,227.0,3000.0,,,,2007.0,8.0,0,6.0,0,0,0,0,0,0,0,0,0,0,1,5.429345628954441,5.4638318050256105,4.564348191467836,,,
90.0,120.0,235.0,227.0,3000.0,,,,2007.0,4.0,0,6.0,0,0,0,0,0,0,0,0,0,0,1,5.429345628954441,5.4638318050256105,4.795790545596741,,,
90.0,120.0,235.0,227.0,3200.0,,,,2007.0,8.0,0,6.0,0,0,0,0,0,0,0,0,0,0,1,5.429345628954441,5.4638318050256105,4.795790545596741,,,
65.0,95.0,285.0,450.0,2200.0,,,,2007.0,11.0,0,6.0,0,0,0,0,0,0,0,0,0,0,1,6.111467339502679,5.655991810819852,4.564348191467836,,,
65.0,95.0,285.0,450.0,2300.0,,,,2007.0,11.0,0,6.0,0,0,0,0,0,0,0,0,0,0,1,6.111467339502679,5.655991810819852,4.564348191467836,,,
65.0,95.0,285.0,450.0,2300.0,,,,2007.0,12.0,0,6.0,0,0,0,0,0,0,0,0,0,0,1,6.111467339502679,5.655991810819852,4.564348191467836,,,
65.0,45.0,171.0,731.0,1900.0,,,,2007.0,8.0,0,6.0,0,0,0,0,0,0,0,0,0,0,1,6.595780513961311,5.147494476813453,3.828641396489095,,,
65.0,45.0,171.0,731.0,2000.0,,,,2007.0,8.0,0,6.0,0,0,0,0,0,0,0,0,0,0,1,6.595780513961311,5.147494476813453,3.828641396489095,,,
65.0,45.0,171.0,731.0,2100.0,,,,2007.0,8.0,0,6.0,0,0,0,0,0,0,0,0,0,0,1,6.595780513961311,5.147494476813453,3.828641396489095,,,
65.0,45.0,171.0,731.0,2200.0,,,,2007.0,10.0,0,6.0,0,0,0,0,0,0,0,0,0,0,1,6.595780513961311,5.147494476813453,3.828641396489095,,,
65.0,45.0,171.0,731.0,2300.0,,,,2007.0,10.0,0,6.0,0,0,0,0,0,0,0,0,0,0,1,6.595780513961311,5.147494476813453,3.828641396489095,,,
90.0,3.0,66.0,176.0,600.0,,,,2007.0,6.0,0,7.0,0,0,0,1,0,0,0,0,0,0,0,5.176149732573829,4.204692619390966,1.3862943611198906,,,
90.0,3.0,66.0,176.0,800.0,,,,2007.0,6.0,0,7.0,0,0,0,1,0,0,0,0,0,0,0,5.176149732573829,4.204692619390966,1.3862943611198906,,,
65.0,19.0,77.0,105.0,1200.0,,,,2007.0,10.0,0,7.0,0,0,0,1,0,0,0,0,0,0,0,4.663439094112067,4.356708826689592,2.995732273553991,,,
65.0,35.0,77.0,105.0,1600.0,,,,2007.0,6.0,0,7.0,0,0,0,1,0,0,0,0,0,0,0,4.663439094112067,4.356708826689592,3.58351893845611,,,
65.0,35.0,77.0,105.0,1800.0,,,,2007.0,6.0,0,7.0,0,0,0,1,0,0,0,0,0,0,0,4.663439094112067,4.356708826689592,3.58351893845611,,,
65.0,35.0,77.0,105.0,2000.0,,,,2007.0,6.0,0,7.0,0,0,0,1,0,0,0,0,0,0,0,4.663439094112067,4.356708826689592,3.58351893845611,,,
65.0,65.0,111.0,167.0,2000.0,,,,2007.0,7.0,0,7.0,0,0,0,1,0,0,0,0,0,0,0,5.123963979403259,4.718498871295094,4.189654742026425,,,
65.0,65.0,111.0,167.0,2200.0,,,,2007.0,7.0,0,7.0,0,0,0,1,0,0,0,0,0,0,0,5.123963979403259,4.718498871295094,4.189654742026425,,,
65.0,65.0,111.0,167.0,2400.0,,,,2007.0,10.0,0,7.0,0,0,0,1,0,0,0,0,0,0,0,5.123963979403259,4.718498871295094,4.189654742026425,,,
65.0,65.0,143.0,291.0,1860.0,,,,2007.0,4.0,0,7.0,0,0,0,1,0,0,0,0,0,0,0,5.676753802268282,4.969813299576001,4.189654742026425,,,
65.0,65.0,111.0,167.0,2133.0,,,,2007.0,4.0,0,7.0,0,0,0,1,0,0,0,0,0,0,0,5.123963979403259,4.718498871295094,4.189654742026425,,,
65.0,65.0,143.0,291.0,2333.0,,,,2007.0,7.0,0,7.0,0,0,0,1,0,0,0,0,0,0,0,5.676753802268282,4.969813299576001,4.189654742026425,,,
65.0,65.0,143.0,291.0,2667.0,,,,2007.0,7.0,0,7.0,0,0,0,1,0,0,0,0,0,0,0,5.676753802268282,4.969813299576001,4.189654742026425,,,
65.0,75.0,143.0,291.0,3000.0,,,,2007.0,7.0,0,7.0,0,0,0,1,0,0,0,0,0,0,0,5.676753802268282,4.969813299576001,4.330733340286331,,,
65.0,35.0,111.0,293.0,1800.0,,,,2007.0,5.0,0,7.0,0,0,0,1,0,0,0,0,0,0,0,5.683579767338681,4.718498871295094,3.58351893845611,,,
65.0,35.0,111.0,293.0,2000.0,,,,2007.0,9.0,0,7.0,0,0,0,1,0,0,0,0,0,0,0,5.683579767338681,4.718498871295094,3.58351893845611,,,
65.0,35.0,143.0,293.0,2200.0,,,,2007.0,5.0,0,7.0,0,0,0,1,0,0,0,0,0,0,0,5.683579767338681,4.969813299576001,3.58351893845611,,,
65.0,35.0,143.0,293.0,2400.0,,,,2007.0,5.0,0,7.0,0,0,0,1,0,0,0,0,0,0,0,5.683579767338681,4.969813299576001,3.58351893845611,,,
65.0,35.0,143.0,293.0,2600.0,,,,2007.0,9.0,0,7.0,0,0,0,1,0,0,0,0,0,0,0,5.683579767338681,4.969813299576001,3.58351893845611,,,
65.0,10.0,111.0,293.0,1073.0,,,,2007.0,4.0,0,7.0,0,0,0,1,0,0,0,0,0,0,0,5.683579767338681,4.718498871295094,2.3978952727983707,,,
65.0,10.0,111.0,293.0,1200.0,,,,2007.0,4.0,0,7.0,0,0,0,1,0,0,0,0,0,0,0,5.683579767338681,4.718498871295094,2.3978952727983707,,,
65.0,10.0,111.0,293.0,1200.0,,,,2007.0,4.0,0,7.0,0,0,0,1,0,0,0,0,0,0,0,5.683579767338681,4.718498871295094,2.3978952727983707,,,
65.0,10.0,111.0,293.0,1333.0,,,,2007.0,12.0,0,7.0,0,0,0,1,0,0,0,0,0,0,0,5.683579767338681,4.718498871295094,2.3978952727983707,,,
65.0,130.0,171.0,582.0,2933.0,,,,2007.0,4.0,0,7.0,0,0,0,1,0,0,0,0,0,0,0,6.368187186350492,5.147494476813453,4.875197323201151,,,
65.0,130.0,171.0,582.0,3000.0,,,,2007.0,7.0,0,7.0,0,0,0,1,0,0,0,0,0,0,0,6.368187186350492,5.147494476813453,4.875197323201151,,,
45.0,130.0,171.0,820.0,3000.0,,,,2007.0,11.0,0,7.0,0,0,0,1,0,0,0,0,0,0,0,6.710523109452428,5.147494476813453,4.875197323201151,,,
65.0,44.0,143.0,731.0,2800.0,,,,2007.0,8.0,0,7.0,0,0,0,1,0,0,0,0,0,0,0,6.595780513961311,4.969813299576001,3.8066624897703196,,,
65.0,105.0,171.0,582.0,2400.0,,,,2007.0,1.0,0,7.0,0,0,0,1,0,0,0,0,0,0,0,6.368187186350492,5.147494476813453,4.663439094112067,,,
65.0,95.0,171.0,582.0,2400.0,,,,2007.0,7.0,0,7.0,0,0,0,1,0,0,0,0,0,0,0,6.368187186350492,5.147494476813453,4.564348191467836,,,
65.0,95.0,171.0,582.0,2666.0,,,,2007.0,4.0,0,7.0,0,0,0,1,0,0,0,0,0,0,0,6.368187186350492,5.147494476813453,4.564348191467836,,,
65.0,5.0,143.0,291.0,1067.0,,,,2007.0,9.0,0,7.0,0,0,0,1,0,0,0,0,0,0,0,5.676753802268282,4.969813299576001,1.791759469228055,,,
65.0,5.0,143.0,291.0,1200.0,,,,2007.0,9.0,0,7.0,0,0,0,1,0,0,0,0,0,0,0,5.676753802268282,4.969813299576001,1.791759469228055,,,
65.0,95.0,171.0,376.0,3200.0,,,,2007.0,1.0,0,7.0,0,0,0,1,0,0,0,0,0,0,0,5.932245187448011,5.147494476813453,4.564348191467836,,,
65.0,65.0,77.0,105.0,1600.0,,,,2007.0,6.0,0,7.0,0,0,0,1,0,0,0,0,0,0,0,4.663439094112067,4.356708826689592,4.189654742026425,,,
65.0,65.0,77.0,105.0,1800.0,,,,2007.0,6.0,0,7.0,0,0,0,1,0,0,0,0,0,0,0,4.663439094112067,4.356708826689592,4.189654742026425,,,
65.0,65.0,77.0,105.0,2000.0,,,,2007.0,8.0,0,7.0,0,0,0,1,0,0,0,0,0,0,0,4.663439094112067,4.356708826689592,4.189654742026425,,,
65.0,65.0,77.0,105.0,2200.0,,,,2007.0,12.0,0,7.0,0,0,0,1,0,0,0,0,0,0,0,4.663439094112067,4.356708826689592,4.189654742026425,,,
65.0,150.0,171.0,582.0,3000.0,,,,2007.0,8.0,0,7.0,0,0,0,0,0,0,0,0,0,0,1,6.368187186350492,5.147494476813453,5.017279836814924,,,
65.0,8.0,77.0,122.0,1000.0,,,,2008.0,6.0,0,6.0,0,0,0,0,0,0,0,0,0,0,1,4.812184355372417,4.356708826689592,2.1972245773362196,,,
65.0,22.0,77.0,122.0,1800.0,,,,2008.0,8.0,0,6.0,0,0,0,0,0,0,0,0,0,0,1,4.812184355372417,4.356708826689592,3.1354942159291497,,,
65.0,25.0,77.0,122.0,2000.0,,,,2008.0,4.0,0,6.0,0,0,0,0,0,0,0,0,0,0,1,4.812184355372417,4.356708826689592,3.258096538021482,,,
65.0,45.0,77.0,122.0,2700.0,,,,2008.0,4.0,0,6.0,0,0,0,0,0,0,0,0,0,0,1,4.812184355372417,4.356708826689592,3.828641396489095,,,
65.0,45.0,77.0,122.0,2700.0,,,,2008.0,4.0,0,6.0,0,0,0,0,0,0,0,0,0,0,1,4.812184355372417,4.356708826689592,3.828641396489095,,,
65.0,45.0,77.0,122.0,2800.0,,,,2008.0,5.0,0,6.0,0,0,0,0,0,0,0,0,0,0,1,4.812184355372417,4.356708826689592,3.828641396489095,,,
65.0,65.0,126.0,154.0,2400.0,,,,2008.0,4.0,0,6.0,0,0,0,0,0,0,0,0,0,0,1,5.043425116919247,4.844187086458591,4.189654742026425,,,
65.0,89.0,126.0,154.0,3000.0,,,,2008.0,4.0,0,6.0,0,0,0,0,0,0,0,0,0,0,1,5.043425116919247,4.844187086458591,4.499809670330265,,,
65.0,45.0,126.0,154.0,2100.0,,,,2008.0,4.0,0,6.0,0,0,0,0,0,0,0,0,0,0,1,5.043425116919247,4.844187086458591,3.828641396489095,,,
65.0,45.0,126.0,154.0,2300.0,,,,2008.0,4.0,0,6.0,0,0,0,0,0,0,0,0,0,0,1,5.043425116919247,4.844187086458591,3.828641396489095,,,
65.0,45.0,126.0,154.0,2600.0,,,,2008.0,10.0,0,6.0,0,0,0,0,0,0,0,0,0,0,1,5.043425116919247,4.844187086458591,3.828641396489095,,,
65.0,95.0,285.0,450.0,2300.0,,,,2008.0,9.0,0,6.0,0,0,0,0,0,0,0,0,0,0,1,6.111467339502679,5.655991810819852,4.564348191467836,,,
65.0,95.0,285.0,450.0,2400.0,,,,2008.0,12.0,0,6.0,0,0,0,0,0,0,0,0,0,0,1,6.111467339502679,5.655991810819852,4.564348191467836,,,
65.0,95.0,285.0,450.0,2500.0,,,,2008.0,12.0,0,6.0,0,0,0,0,0,0,0,0,0,0,1,6.111467339502679,5.655991810819852,4.564348191467836,,,
65.0,95.0,285.0,450.0,2700.0,,,,2008.0,12.0,0,6.0,0,0,0,0,0,0,0,0,0,0,1,6.111467339502679,5.655991810819852,4.564348191467836,,,
65.0,35.0,171.0,731.0,1900.0,,,,2008.0,6.0,0,6.0,0,0,0,0,0,0,0,0,0,0,1,6.595780513961311,5.147494476813453,3.58351893845611,,,
65.0,25.0,171.0,731.0,2000.0,,,,2008.0,9.0,0,6.0,0,0,0,0,0,0,0,0,0,0,1,6.595780513961311,5.147494476813453,3.258096538021482,,,
65.0,35.0,171.0,731.0,2100.0,,,,2008.0,12.0,0,6.0,0,0,0,0,0,0,0,0,0,0,1,6.595780513961311,5.147494476813453,3.58351893845611,,,
65.0,35.0,171.0,731.0,2100.0,,,,2008.0,12.0,0,6.0,0,0,0,0,0,0,0,0,0,0,1,6.595780513961311,5.147494476813453,3.58351893845611,,,
65.0,35.0,171.0,731.0,2200.0,,,,2008.0,12.0,0,6.0,0,0,0,0,0,0,0,0,0,0,1,6.595780513961311,5.147494476813453,3.58351893845611,,,
65.0,95.0,285.0,463.0,2100.0,,,,2008.0,6.0,0,6.0,0,0,0,0,0,0,0,0,0,0,1,6.139884552226255,5.655991810819852,4.564348191467836,,,
65.0,79.0,285.0,463.0,2000.0,,,,2008.0,10.0,0,6.0,0,0,0,0,0,0,0,0,0,0,1,6.139884552226255,5.655991810819852,4.382026634673881,,,
65.0,65.0,285.0,450.0,1900.0,,,,2008.0,9.0,0,6.0,0,0,0,0,0,0,0,0,0,0,1,6.111467339502679,5.655991810819852,4.189654742026425,,,
65.0,95.0,285.0,450.0,2100.0,,,,2008.0,4.0,0,6.0,0,0,0,0,0,0,0,0,0,0,1,6.111467339502679,5.655991810819852,4.564348191467836,,,
65.0,65.0,285.0,450.0,2100.0,,,,2008.0,9.0,0,6.0,0,0,0,0,0,0,0,0,0,0,1,6.111467339502679,5.655991810819852,4.189654742026425,,,
65.0,95.0,285.0,450.0,2200.0,,,,2008.0,4.0,0,6.0,0,0,0,0,0,0,0,0,0,0,1,6.111467339502679,5.655991810819852,4.564348191467836,,,
65.0,95.0,285.0,450.0,2300.0,,,,2008.0,4.0,0,6.0,0,0,0,0,0,0,0,0,0,0,1,6.111467339502679,5.655991810819852,4.564348191467836,,,
65.0,95.0,285.0,450.0,2400.0,,,,2008.0,4.0,0,6.0,0,0,0,0,0,0,0,0,0,0,1,6.111467339502679,5.655991810819852,4.564348191467836,,,
65.0,95.0,285.0,450.0,2400.0,,,,2008.0,9.0,0,6.0,0,0,0,0,0,0,0,0,0,0,1,6.111467339502679,5.655991810819852,4.564348191467836,,,
65.0,95.0,285.0,450.0,2500.0,,,,2008.0,10.0,0,6.0,0,0,0,0,0,0,0,0,0,0,1,6.111467339502679,5.655991810819852,4.564348191467836,,,
65.0,65.0,285.0,450.0,1800.0,,,,2008.0,3.0,0,6.0,0,0,0,0,0,0,0,0,0,0,1,6.111467339502679,5.655991810819852,4.189654742026425,,,
65.0,65.0,285.0,450.0,1800.0,,,,2008.0,7.0,0,6.0,0,0,0,0,0,0,0,0,0,0,1,6.111467339502679,5.655991810819852,4.189654742026425,,,
65.0,65.0,285.0,450.0,2000.0,,,,2008.0,7.0,0,6.0,0,0,0,0,0,0,0,0,0,0,1,6.111467339502679,5.655991810819852,4.189654742026425,,,
65.0,65.0,285.0,450.0,2100.0,,,,2008.0,10.0,0,6.0,0,0,0,0,0,0,0,0,0,0,1,6.111467339502679,5.655991810819852,4.189654742026425,,,
65.0,95.0,285.0,450.0,2200.0,,,,2008.0,3.0,0,6.0,0,0,0,0,0,0,0,0,0,0,1,6.111467339502679,5.655991810819852,4.564348191467836,,,
65.0,95.0,285.0,450.0,2300.0,,,,2008.0,4.0,0,6.0,0,0,0,0,0,0,0,0,0,0,1,6.111467339502679,5.655991810819852,4.564348191467836,,,
65.0,95.0,285.0,450.0,2300.0,,,,2008.0,3.0,0,6.0,0,0,0,0,0,0,0,0,0,0,1,6.111467339502679,5.655991810819852,4.564348191467836,,,
65.0,95.0,285.0,450.0,2400.0,,,,2008.0,8.0,0,6.0,0,0,0,0,0,0,0,0,0,0,1,6.111467339502679,5.655991810819852,4.564348191467836,,,
65.0,125.0,285.0,450.0,2500.0,,,,2008.0,7.0,0,6.0,0,0,0,0,0,0,0,0,0,0,1,6.111467339502679,5.655991810819852,4.836281906951478,,,
65.0,95.0,285.0,450.0,2500.0,,,,2008.0,10.0,0,6.0,0,0,0,0,0,0,0,0,0,0,1,6.111467339502679,5.655991810819852,4.564348191467836,,,
65.0,95.0,285.0,450.0,2500.0,,,,2008.0,8.0,0,6.0,0,0,0,0,0,0,0,0,0,0,1,6.111467339502679,5.655991810819852,4.564348191467836,,,
65.0,125.0,285.0,450.0,2600.0,,,,2008.0,10.0,0,6.0,0,0,0,0,0,0,0,0,0,0,1,6.111467339502679,5.655991810819852,4.836281906951478,,,
65.0,35.0,171.0,731.0,2100.0,,,,2008.0,9.0,0,6.0,0,0,0,0,0,0,0,0,0,0,1,6.595780513961311,5.147494476813453,3.58351893845611,,,
65.0,35.0,171.0,731.0,2200.0,,,,2008.0,12.0,0,6.0,0,0,0,0,0,0,0,0,0,0,1,6.595780513961311,5.147494476813453,3.58351893845611,,,
65.0,35.0,171.0,731.0,2200.0,,,,2008.0,12.0,0,6.0,0,0,0,0,0,0,0,0,0,0,1,6.595780513961311,5.147494476813453,3.58351893845611,,,
65.0,35.0,171.0,731.0,2300.0,,,,2008.0,12.0,0,6.0,0,0,0,0,0,0,0,0,0,0,1,6.595780513961311,5.147494476813453,3.58351893845611,,,
65.0,32.0,171.0,731.0,2100.0,,,,2008.0,6.0,0,6.0,0,0,0,0,0,0,0,0,0,0,1,6.595780513961311,5.147494476813453,3.4965075614664802,,,
65.0,35.0,171.0,731.0,2200.0,,,,2008.0,6.0,0,6.0,0,0,0,0,0,0,0,0,0,0,1,6.595780513961311,5.147494476813453,3.58351893845611,,,
65.0,35.0,171.0,731.0,2300.0,,,,2008.0,9.0,0,6.0,0,0,0,0,0,0,0,0,0,0,1,6.595780513961311,5.147494476813453,3.58351893845611,,,
65.0,35.0,171.0,731.0,2300.0,,,,2008.0,9.0,0,6.0,0,0,0,0,0,0,0,0,0,0,1,6.595780513961311,5.147494476813453,3.58351893845611,,,
65.0,35.0,171.0,731.0,2400.0,,,,2008.0,6.0,0,6.0,0,0,0,0,0,0,0,0,0,0,1,6.595780513961311,5.147494476813453,3.58351893845611,,,
65.0,35.0,171.0,731.0,2400.0,,,,2008.0,6.0,0,6.0,0,0,0,0,0,0,0,0,0,0,1,6.595780513961311,5.147494476813453,3.58351893845611,,,
65.0,35.0,171.0,731.0,2500.0,,,,2008.0,12.0,0,6.0,0,0,0,0,0,0,0,0,0,0,1,6.595780513961311,5.147494476813453,3.58351893845611,,,
45.0,4.0,25.96,47.0,1600.0,,,,2008.0,6.0,0,7.0,0,0,0,1,0,0,0,0,0,0,0,3.871201010907891,3.2943542860441064,1.6094379124341003,,,
45.0,8.0,25.96,47.0,1600.0,,,,2008.0,6.0,0,7.0,0,0,0,1,0,0,0,0,0,0,0,3.871201010907891,3.2943542860441064,2.1972245773362196,,,
45.0,3.0,26.0,47.0,1600.0,,,,2008.0,6.0,0,7.0,0,0,0,1,0,0,0,0,0,0,0,3.871201010907891,3.295836866004329,1.3862943611198906,,,
45.0,3.0,26.0,47.0,1667.0,,,,2008.0,6.0,0,7.0,0,0,0,1,0,0,0,0,0,0,0,3.871201010907891,3.295836866004329,1.3862943611198906,,,
45.0,1.0,26.0,47.0,800.0,,,,2008.0,4.0,0,7.0,0,0,0,1,0,0,0,0,0,0,0,3.871201010907891,3.295836866004329,0.6931471805599453,,,
45.0,2.0,26.0,47.0,1100.0,,,,2008.0,4.0,0,7.0,0,0,0,1,0,0,0,0,0,0,0,3.871201010907891,3.295836866004329,1.0986122886681098,,,
45.0,2.0,26.0,47.0,1334.0,,,,2008.0,4.0,0,7.0,0,0,0,1,0,0,0,0,0,0,0,3.871201010907891,3.295836866004329,1.0986122886681098,,,
45.0,2.0,26.0,47.0,1600.0,,,,2008.0,4.0,0,7.0,0,0,0,1,0,0,0,0,0,0,0,3.871201010907891,3.295836866004329,1.0986122886681098,,,
45.0,2.0,26.0,47.0,1867.0,,,,2008.0,4.0,0,7.0,0,0,0,1,0,0,0,0,0,0,0,3.871201010907891,3.295836866004329,1.0986122886681098,,,
65.0,65.0,76.0,105.0,1866.0,,,,2008.0,5.0,0,7.0,0,0,0,1,0,0,0,0,0,0,0,4.663439094112067,4.343805421853684,4.189654742026425,,,
65.0,35.0,77.0,105.0,2200.0,,,,2008.0,8.0,0,7.0,0,0,0,1,0,0,0,0,0,0,0,4.663439094112067,4.356708826689592,3.58351893845611,,,
65.0,65.0,77.0,105.0,2000.0,,,,2008.0,4.0,0,7.0,0,0,0,1,0,0,0,0,0,0,0,4.663439094112067,4.356708826689592,4.189654742026425,,,
65.0,65.0,77.0,105.0,2200.0,,,,2008.0,11.0,0,7.0,0,0,0,1,0,0,0,0,0,0,0,4.663439094112067,4.356708826689592,4.189654742026425,,,
45.0,65.0,82.0,228.0,2533.0,,,,2008.0,4.0,0,7.0,0,0,0,1,0,0,0,0,0,0,0,5.43372200355424,4.418840607796598,4.189654742026425,,,
45.0,65.0,107.0,420.0,2667.0,,,,2008.0,8.0,0,7.0,0,0,0,1,0,0,0,0,0,0,0,6.042632833682381,4.68213122712422,4.189654742026425,,,
45.0,65.0,82.0,228.0,2800.0,,,,2008.0,10.0,0,7.0,0,0,0,1,0,0,0,0,0,0,0,5.43372200355424,4.418840607796598,4.189654742026425,,,
45.0,65.0,107.0,410.0,2833.0,,,,2008.0,4.0,0,7.0,0,0,0,1,0,0,0,0,0,0,0,6.018593214496234,4.68213122712422,4.189654742026425,,,
45.0,65.0,107.0,410.0,3333.0,,,,2008.0,8.0,0,7.0,0,0,0,1,0,0,0,0,0,0,0,6.018593214496234,4.68213122712422,4.189654742026425,,,
45.0,25.0,81.0,274.0,2267.0,,,,2008.0,6.0,0,7.0,0,0,0,1,0,0,0,0,0,0,0,5.616771097666572,4.406719247264253,3.258096538021482,,,
45.0,25.0,81.0,274.0,2400.0,,,,2008.0,6.0,0,7.0,0,0,0,1,0,0,0,0,0,0,0,5.616771097666572,4.406719247264253,3.258096538021482,,,
45.0,25.0,81.0,274.0,2533.0,,,,2008.0,12.0,0,7.0,0,0,0,1,0,0,0,0,0,0,0,5.616771097666572,4.406719247264253,3.258096538021482,,,
45.0,25.0,81.0,274.0,2667.0,,,,2008.0,12.0,0,7.0,0,0,0,1,0,0,0,0,0,0,0,5.616771097666572,4.406719247264253,3.258096538021482,,,
45.0,25.0,107.0,410.0,2533.0,,,,2008.0,7.0,0,7.0,0,0,0,1,0,0,0,0,0,0,0,6.018593214496234,4.68213122712422,3.258096538021482,,,
45.0,25.0,107.0,410.0,2667.0,,,,2008.0,12.0,0,7.0,0,0,0,1,0,0,0,0,0,0,0,6.018593214496234,4.68213122712422,3.258096538021482,,,
45.0,35.0,107.0,410.0,2533.0,,,,2008.0,7.0,0,7.0,0,0,0,1,0,0,0,0,0,0,0,6.018593214496234,4.68213122712422,3.58351893845611,,,
45.0,35.0,107.0,410.0,2667.0,,,,2008.0,12.0,0,7.0,0,0,0,1,0,0,0,0,0,0,0,6.018593214496234,4.68213122712422,3.58351893845611,,,
45.0,35.0,107.0,410.0,2800.0,,,,2008.0,7.0,0,7.0,0,0,0,1,0,0,0,0,0,0,0,6.018593214496234,4.68213122712422,3.58351893845611,,,
45.0,35.0,107.0,410.0,2933.0,,,,2008.0,12.0,0,7.0,0,0,0,1,0,0,0,0,0,0,0,6.018593214496234,4.68213122712422,3.58351893845611,,,
45.0,45.0,171.0,731.0,2534.0,,,,2008.0,8.0,0,7.0,0,0,0,1,0,0,0,0,0,0,0,6.595780513961311,5.147494476813453,3.828641396489095,,,
45.0,44.0,107.0,731.0,3067.0,,,,2008.0,7.0,0,7.0,0,0,0,1,0,0,0,0,0,0,0,6.595780513961311,4.68213122712422,3.8066624897703196,,,
45.0,95.0,171.0,456.0,2333.0,,,,2008.0,8.0,0,7.0,0,0,0,1,0,0,0,0,0,0,0,6.124683390894205,5.147494476813453,4.564348191467836,,,
45.0,95.0,171.0,456.0,2500.0,,,,2008.0,11.0,0,7.0,0,0,0,1,0,0,0,0,0,0,0,6.124683390894205,5.147494476813453,4.564348191467836,,,
45.0,45.0,171.0,731.0,2267.0,,,,2008.0,8.0,0,7.0,0,0,0,1,0,0,0,0,0,0,0,6.595780513961311,5.147494476813453,3.828641396489095,,,
45.0,95.0,171.0,456.0,2666.0,,,,2008.0,8.0,0,7.0,0,0,0,1,0,0,0,0,0,0,0,6.124683390894205,5.147494476813453,4.564348191467836,,,
45.0,95.0,171.0,820.0,3000.0,,,,2008.0,8.0,0,7.0,0,0,0,1,0,0,0,0,0,0,0,6.710523109452428,5.147494476813453,4.564348191467836,,,
45.0,5.0,107.0,410.0,1200.0,,,,2008.0,5.0,0,7.0,0,0,0,1,0,0,0,0,0,0,0,6.018593214496234,4.68213122712422,1.791759469228055,,,
45.0,130.0,263.0,731.0,2666.0,,,,2008.0,11.0,0,7.0,0,0,0,1,0,0,0,0,0,0,0,6.595780513961311,5.575949103146316,4.875197323201151,,,
45.0,130.0,263.0,731.0,2933.0,,,,2008.0,11.0,0,7.0,0,0,0,1,0,0,0,0,0,0,0,6.595780513961311,5.575949103146316,4.875197323201151,,,
45.0,130.0,263.0,731.0,3200.0,,,,2008.0,11.0,0,7.0,0,0,0,1,0,0,0,0,0,0,0,6.595780513961311,5.575949103146316,4.875197323201151,,,
45.0,65.0,82.0,228.0,2500.0,,,,2008.0,8.0,0,7.0,0,0,0,1,0,0,0,0,0,0,0,5.43372200355424,4.418840607796598,4.189654742026425,,,
45.0,65.0,82.0,228.0,2600.0,,,,2008.0,11.0,0,7.0,0,0,0,1,0,0,0,0,0,0,0,5.43372200355424,4.418840607796598,4.189654742026425,,,
45.0,150.0,171.0,820.0,3400.0,,,,2008.0,9.0,0,7.0,0,0,0,1,0,0,0,0,0,0,0,6.710523109452428,5.147494476813453,5.017279836814924,,,
65.0,25.0,63.0,94.0,1800.0,,,,2008.0,5.0,0,3.0,1,0,0,0,0,0,0,0,0,0,0,4.553876891600541,4.1588830833596715,3.258096538021482,,,
65.0,17.0,63.0,94.0,1600.0,,,,2008.0,5.0,0,3.0,1,0,0,0,0,0,0,0,0,0,0,4.553876891600541,4.1588830833596715,2.8903717578961645,,,
65.0,5.0,63.0,94.0,1000.0,,,,2008.0,5.0,0,3.0,1,0,0,0,0,0,0,0,0,0,0,4.553876891600541,4.1588830833596715,1.791759469228055,,,
65.0,8.0,63.0,94.0,1300.0,,,,2008.0,5.0,0,3.0,1,0,0,0,0,0,0,0,0,0,0,4.553876891600541,4.1588830833596715,2.1972245773362196,,,
65.0,8.0,63.0,94.0,1300.0,,,,2008.0,5.0,0,3.0,1,0,0,0,0,0,0,0,0,0,0,4.553876891600541,4.1588830833596715,2.1972245773362196,,,
65.0,7.0,63.0,94.0,1200.0,,,,2008.0,5.0,0,3.0,1,0,0,0,0,0,0,0,0,0,0,4.553876891600541,4.1588830833596715,2.0794415416798357,,,
45.0,65.0,117.0,410.0,2700.0,,,,2009.0,10.0,0,6.0,0,0,0,0,0,0,0,0,0,0,1,6.018593214496234,4.770684624465665,4.189654742026425,,,
45.0,45.0,117.0,410.0,2700.0,,,,2009.0,10.0,0,6.0,0,0,0,0,0,0,0,0,0,0,1,6.018593214496234,4.770684624465665,3.828641396489095,,,
45.0,65.0,117.0,410.0,2800.0,,,,2009.0,7.0,0,6.0,0,0,0,0,0,0,0,0,0,0,1,6.018593214496234,4.770684624465665,4.189654742026425,,,
45.0,45.0,117.0,410.0,2800.0,,,,2009.0,10.0,0,6.0,0,0,0,0,0,0,0,0,0,0,1,6.018593214496234,4.770684624465665,3.828641396489095,,,
45.0,65.0,117.0,410.0,2900.0,,,,2009.0,7.0,0,6.0,0,0,0,0,0,0,0,0,0,0,1,6.018593214496234,4.770684624465665,4.189654742026425,,,
45.0,65.0,117.0,410.0,3000.0,,,,2009.0,6.0,0,6.0,0,0,0,0,0,0,0,0,0,0,1,6.018593214496234,4.770684624465665,4.189654742026425,,,
45.0,25.0,117.0,410.0,1600.0,,,,2009.0,10.0,0,6.0,0,0,0,0,0,0,0,0,0,0,1,6.018593214496234,4.770684624465665,3.258096538021482,,,
45.0,25.0,117.0,410.0,1800.0,,,,2009.0,10.0,0,6.0,0,0,0,0,0,0,0,0,0,0,1,6.018593214496234,4.770684624465665,3.258096538021482,,,
45.0,45.0,169.0,300.0,2200.0,,,,2009.0,10.0,0,6.0,0,0,0,0,0,0,0,0,0,0,1,5.707110264748875,5.135798437050262,3.828641396489095,,,
45.0,45.0,169.0,300.0,2300.0,,,,2009.0,10.0,0,6.0,0,0,0,0,0,0,0,0,0,0,1,5.707110264748875,5.135798437050262,3.828641396489095,,,
45.0,95.0,169.0,300.0,2700.0,,,,2009.0,10.0,0,6.0,0,0,0,0,0,0,0,0,0,0,1,5.707110264748875,5.135798437050262,4.564348191467836,,,
45.0,95.0,169.0,300.0,2900.0,,,,2009.0,10.0,0,6.0,0,0,0,0,0,0,0,0,0,0,1,5.707110264748875,5.135798437050262,4.564348191467836,,,
45.0,45.0,169.0,300.0,2200.0,,,,2009.0,10.0,0,6.0,0,0,0,0,0,0,0,0,0,0,1,5.707110264748875,5.135798437050262,3.828641396489095,,,
45.0,45.0,169.0,300.0,2300.0,,,,2009.0,10.0,0,6.0,0,0,0,0,0,0,0,0,0,0,1,5.707110264748875,5.135798437050262,3.828641396489095,,,
45.0,95.0,169.0,300.0,2600.0,,,,2009.0,9.0,0,6.0,0,0,0,0,0,0,0,0,0,0,1,5.707110264748875,5.135798437050262,4.564348191467836,,,
45.0,95.0,169.0,300.0,2800.0,,,,2009.0,9.0,0,6.0,0,0,0,0,0,0,0,0,0,0,1,5.707110264748875,5.135798437050262,4.564348191467836,,,
65.0,95.0,285.0,450.0,2800.0,,,,2009.0,4.0,0,6.0,0,0,0,0,0,0,0,0,0,0,1,6.111467339502679,5.655991810819852,4.564348191467836,,,
45.0,125.0,258.0,758.0,2000.0,,,,2009.0,6.0,0,6.0,0,1,0,0,0,0,0,0,0,0,0,6.63200177739563,5.556828061699537,4.836281906951478,,,
45.0,80.0,258.0,758.0,3000.0,,,,2009.0,6.0,0,6.0,0,1,0,0,0,0,0,0,0,0,0,6.63200177739563,5.556828061699537,4.394449154672439,,,
45.0,80.0,258.0,758.0,3100.0,,,,2009.0,11.0,0,6.0,0,1,0,0,0,0,0,0,0,0,0,6.63200177739563,5.556828061699537,4.394449154672439,,,
45.0,80.0,258.0,758.0,3100.0,,,,2009.0,6.0,0,6.0,0,0,0,0,0,0,0,0,0,0,1,6.63200177739563,5.556828061699537,4.394449154672439,,,
45.0,80.0,258.0,758.0,2800.0,,,,2009.0,10.0,0,6.0,0,1,0,0,0,0,0,0,0,0,0,6.63200177739563,5.556828061699537,4.394449154672439,,,
45.0,80.0,258.0,758.0,3000.0,,,,2009.0,10.0,0,6.0,0,1,0,0,0,0,0,0,0,0,0,6.63200177739563,5.556828061699537,4.394449154672439,,,
45.0,65.0,258.0,758.0,2400.0,,,,2009.0,6.0,0,6.0,0,1,0,0,0,0,0,0,0,0,0,6.63200177739563,5.556828061699537,4.189654742026425,,,
45.0,65.0,258.0,758.0,2500.0,,,,2009.0,6.0,0,6.0,0,1,0,0,0,0,0,0,0,0,0,6.63200177739563,5.556828061699537,4.189654742026425,,,
45.0,95.0,258.0,758.0,3000.0,,,,2009.0,9.0,0,6.0,0,1,0,0,0,0,0,0,0,0,0,6.63200177739563,5.556828061699537,4.564348191467836,,,
45.0,95.0,258.0,758.0,2800.0,,,,2009.0,10.0,0,6.0,0,1,0,0,0,0,0,0,0,0,0,6.63200177739563,5.556828061699537,4.564348191467836,,,
45.0,95.0,258.0,758.0,3000.0,,,,2009.0,10.0,0,6.0,0,1,0,0,0,0,0,0,0,0,0,6.63200177739563,5.556828061699537,4.564348191467836,,,
45.0,95.0,258.0,758.0,2800.0,,,,2009.0,9.0,0,6.0,0,1,0,0,0,0,0,0,0,0,0,6.63200177739563,5.556828061699537,4.564348191467836,,,
45.0,95.0,258.0,758.0,2800.0,,,,2009.0,9.0,0,6.0,0,1,0,0,0,0,0,0,0,0,0,6.63200177739563,5.556828061699537,4.564348191467836,,,
45.0,65.0,258.0,758.0,2400.0,,,,2009.0,6.0,0,6.0,0,1,0,0,0,0,0,0,0,0,0,6.63200177739563,5.556828061699537,4.189654742026425,,,
45.0,65.0,258.0,758.0,2500.0,,,,2009.0,6.0,0,6.0,0,1,0,0,0,0,0,0,0,0,0,6.63200177739563,5.556828061699537,4.189654742026425,,,
45.0,95.0,258.0,758.0,2800.0,,,,2009.0,5.0,0,6.0,0,0,0,0,0,0,0,0,0,0,1,6.63200177739563,5.556828061699537,4.564348191467836,,,
45.0,125.0,258.0,758.0,3000.0,,,,2009.0,4.0,0,6.0,0,0,0,0,0,0,0,0,0,0,1,6.63200177739563,5.556828061699537,4.836281906951478,,,
45.0,95.0,258.0,758.0,3000.0,,,,2009.0,7.0,0,6.0,0,1,0,0,0,0,0,0,0,0,0,6.63200177739563,5.556828061699537,4.564348191467836,,,
45.0,125.0,258.0,758.0,3200.0,,,,2009.0,4.0,0,6.0,0,0,0,0,0,0,0,0,0,0,1,6.63200177739563,5.556828061699537,4.836281906951478,,,
45.0,95.0,258.0,758.0,3200.0,,,,2009.0,4.0,0,6.0,0,0,0,0,0,0,0,0,0,0,1,6.63200177739563,5.556828061699537,4.564348191467836,,,
45.0,125.0,258.0,758.0,3200.0,,,,2009.0,4.0,0,6.0,0,0,0,0,0,0,0,0,0,0,1,6.63200177739563,5.556828061699537,4.836281906951478,,,
45.0,125.0,258.0,758.0,3400.0,,,,2009.0,11.0,0,6.0,0,1,0,0,0,0,0,0,0,0,0,6.63200177739563,5.556828061699537,4.836281906951478,,,
45.0,140.0,258.0,758.0,3400.0,,,,2009.0,8.0,0,6.0,0,1,0,0,0,0,0,0,0,0,0,6.63200177739563,5.556828061699537,4.948759890378168,,,
45.0,95.0,258.0,758.0,2800.0,,,,2009.0,10.0,0,6.0,0,1,0,0,0,0,0,0,0,0,0,6.63200177739563,5.556828061699537,4.564348191467836,,,
45.0,95.0,258.0,758.0,3000.0,,,,2009.0,10.0,0,6.0,0,1,0,0,0,0,0,0,0,0,0,6.63200177739563,5.556828061699537,4.564348191467836,,,
45.0,45.0,117.0,234.0,2700.0,,,,2009.0,7.0,0,6.0,0,0,0,0,0,0,0,0,0,0,1,5.459585514144159,4.770684624465665,3.828641396489095,,,
45.0,7.0,96.0,47.0,1200.0,,,,2009.0,9.0,0,7.0,0,0,0,1,0,0,0,0,0,0,0,3.871201010907891,4.574710978503383,2.0794415416798357,,,
45.0,7.0,96.0,47.0,1200.0,,,,2009.0,9.0,0,7.0,0,0,0,1,0,0,0,0,0,0,0,3.871201010907891,4.574710978503383,2.0794415416798357,,,
45.0,7.0,96.0,47.0,1200.0,,,,2009.0,9.0,0,7.0,0,0,0,1,0,0,0,0,0,0,0,3.871201010907891,4.574710978503383,2.0794415416798357,,,
45.0,13.0,66.0,176.0,1667.0,,,,2009.0,12.0,0,7.0,0,0,0,1,0,0,0,0,0,0,0,5.176149732573829,4.204692619390966,2.6390573296152584,,,
45.0,6.0,66.0,123.0,1667.0,,,,2009.0,12.0,0,7.0,0,0,0,1,0,0,0,0,0,0,0,4.820281565605037,4.204692619390966,1.9459101490553132,,,
45.0,1.0,26.0,47.0,1200.0,,,,2009.0,4.0,0,7.0,0,0,0,1,0,0,0,0,0,0,0,3.871201010907891,3.295836866004329,0.6931471805599453,,,
45.0,2.0,26.0,47.0,2000.0,,,,2009.0,4.0,0,7.0,0,0,0,1,0,0,0,0,0,0,0,3.871201010907891,3.295836866004329,1.0986122886681098,,,
65.0,65.0,77.0,105.0,2400.0,,,,2009.0,5.0,0,7.0,0,0,0,1,0,0,0,0,0,0,0,4.663439094112067,4.356708826689592,4.189654742026425,,,
45.0,65.0,82.0,228.0,2400.0,,,,2009.0,8.0,0,7.0,0,0,0,1,0,0,0,0,0,0,0,5.43372200355424,4.418840607796598,4.189654742026425,,,
45.0,65.0,82.0,228.0,2500.0,,,,2009.0,8.0,0,7.0,0,0,0,1,0,0,0,0,0,0,0,5.43372200355424,4.418840607796598,4.189654742026425,,,
45.0,65.0,82.0,228.0,3067.0,,,,2009.0,5.0,0,7.0,0,0,0,1,0,0,0,0,0,0,0,5.43372200355424,4.418840607796598,4.189654742026425,,,
45.0,28.0,107.0,410.0,2800.0,,,,2009.0,6.0,0,7.0,0,0,0,1,0,0,0,0,0,0,0,6.018593214496234,4.68213122712422,3.367295829986474,,,
45.0,35.0,107.0,410.0,3067.0,,,,2009.0,6.0,0,7.0,0,0,0,1,0,0,0,0,0,0,0,6.018593214496234,4.68213122712422,3.58351893845611,,,
45.0,95.0,171.0,456.0,2700.0,,,,2009.0,8.0,0,7.0,0,0,0,1,0,0,0,0,0,0,0,6.124683390894205,5.147494476813453,4.564348191467836,,,
45.0,95.0,171.0,456.0,2666.0,,,,2009.0,4.0,0,7.0,0,0,0,1,0,0,0,0,0,0,0,6.124683390894205,5.147494476813453,4.564348191467836,,,
45.0,65.0,171.0,456.0,2666.0,,,,2009.0,4.0,0,7.0,0,0,0,1,0,0,0,0,0,0,0,6.124683390894205,5.147494476813453,4.189654742026425,,,
45.0,5.0,107.0,410.0,1400.0,,,,2009.0,3.0,0,7.0,0,0,0,1,0,0,0,0,0,0,0,6.018593214496234,4.68213122712422,1.791759469228055,,,
45.0,95.0,296.0,774.0,2666.0,,,,2009.0,9.0,0,7.0,0,0,0,1,0,0,0,0,0,0,0,6.652863029353347,5.6937321388027,4.564348191467836,,,
45.0,45.0,296.0,774.0,1600.0,,,,2009.0,9.0,0,7.0,0,0,0,1,0,0,0,0,0,0,0,6.652863029353347,5.6937321388027,3.828641396489095,,,
45.0,45.0,296.0,774.0,1733.0,,,,2009.0,9.0,0,7.0,0,0,0,1,0,0,0,0,0,0,0,6.652863029353347,5.6937321388027,3.828641396489095,,,
45.0,95.0,296.0,774.0,2800.0,,,,2009.0,9.0,0,7.0,0,0,0,1,0,0,0,0,0,0,0,6.652863029353347,5.6937321388027,4.564348191467836,,,
45.0,95.0,296.0,774.0,2933.0,,,,2009.0,9.0,0,7.0,0,0,0,1,0,0,0,0,0,0,0,6.652863029353347,5.6937321388027,4.564348191467836,,,
45.0,55.0,296.0,774.0,2000.0,,,,2009.0,9.0,0,7.0,0,0,0,1,0,0,0,0,0,0,0,6.652863029353347,5.6937321388027,4.02535169073515,,,
45.0,130.0,263.0,731.0,3066.0,,,,2009.0,6.0,0,7.0,0,0,0,1,0,0,0,0,0,0,0,6.595780513961311,5.575949103146316,4.875197323201151,,,
45.0,130.0,263.0,731.0,3200.0,,,,2009.0,10.0,0,7.0,0,0,0,1,0,0,0,0,0,0,0,6.595780513961311,5.575949103146316,4.875197323201151,,,
45.0,130.0,263.0,731.0,3333.0,,,,2009.0,6.0,0,7.0,0,0,0,1,0,0,0,0,0,0,0,6.595780513961311,5.575949103146316,4.875197323201151,,,
45.0,65.0,82.0,228.0,2200.0,,,,2009.0,6.0,0,7.0,0,0,0,1,0,0,0,0,0,0,0,5.43372200355424,4.418840607796598,4.189654742026425,,,
45.0,35.0,107.0,410.0,2100.0,,,,2009.0,4.0,0,7.0,0,0,0,1,0,0,0,0,0,0,0,6.018593214496234,4.68213122712422,3.58351893845611,,,
45.0,35.0,107.0,410.0,2200.0,,,,2009.0,12.0,0,7.0,0,0,0,1,0,0,0,0,0,0,0,6.018593214496234,4.68213122712422,3.58351893845611,,,
45.0,65.0,82.0,228.0,2800.0,,,,2009.0,5.0,0,7.0,0,0,0,1,0,0,0,0,0,0,0,5.43372200355424,4.418840607796598,4.189654742026425,,,
45.0,65.0,82.0,228.0,2933.0,,,,2009.0,8.0,0,7.0,0,0,0,1,0,0,0,0,0,0,0,5.43372200355424,4.418840607796598,4.189654742026425,,,
45.0,65.0,82.0,228.0,2933.0,,,,2009.0,8.0,0,7.0,0,0,0,1,0,0,0,0,0,0,0,5.43372200355424,4.418840607796598,4.189654742026425,,,
45.0,10.0,107.0,410.0,1300.0,,,,2009.0,6.0,0,7.0,0,0,0,1,0,0,0,0,0,0,0,6.018593214496234,4.68213122712422,2.3978952727983707,,,
45.0,10.0,107.0,410.0,1300.0,,,,2009.0,9.0,0,7.0,0,0,0,1,0,0,0,0,0,0,0,6.018593214496234,4.68213122712422,2.3978952727983707,,,
45.0,80.0,263.0,731.0,1866.0,,,,2009.0,3.0,0,7.0,0,0,0,1,0,0,0,0,0,0,0,6.595780513961311,5.575949103146316,4.394449154672439,,,
45.0,80.0,263.0,731.0,2000.0,,,,2009.0,3.0,0,7.0,0,0,0,1,0,0,0,0,0,0,0,6.595780513961311,5.575949103146316,4.394449154672439,,,
45.0,80.0,263.0,731.0,2133.0,,,,2009.0,3.0,0,7.0,0,0,0,1,0,0,0,0,0,0,0,6.595780513961311,5.575949103146316,4.394449154672439,,,
45.0,80.0,263.0,731.0,2266.0,,,,2009.0,3.0,0,7.0,0,0,0,1,0,0,0,0,0,0,0,6.595780513961311,5.575949103146316,4.394449154672439,,,
45.0,80.0,263.0,731.0,2400.0,,,,2009.0,3.0,0,7.0,0,0,0,1,0,0,0,0,0,0,0,6.595780513961311,5.575949103146316,4.394449154672439,,,
45.0,80.0,263.0,731.0,2533.0,,,,2009.0,3.0,0,7.0,0,0,0,1,0,0,0,0,0,0,0,6.595780513961311,5.575949103146316,4.394449154672439,,,
45.0,60.0,263.0,731.0,2133.0,,,,2009.0,3.0,0,7.0,0,0,0,1,0,0,0,0,0,0,0,6.595780513961311,5.575949103146316,4.110873864173311,,,
45.0,38.0,263.0,731.0,2000.0,,,,2009.0,3.0,0,7.0,0,0,0,1,0,0,0,0,0,0,0,6.595780513961311,5.575949103146316,3.6635616461296463,,,
45.0,60.0,263.0,731.0,2133.0,,,,2009.0,3.0,0,7.0,0,0,0,1,0,0,0,0,0,0,0,6.595780513961311,5.575949103146316,4.110873864173311,,,
45.0,60.0,263.0,731.0,2266.0,,,,2009.0,3.0,0,7.0,0,0,0,1,0,0,0,0,0,0,0,6.595780513961311,5.575949103146316,4.110873864173311,,,
45.0,60.0,263.0,731.0,2400.0,,,,2009.0,8.0,0,7.0,0,0,0,1,0,0,0,0,0,0,0,6.595780513961311,5.575949103146316,4.110873864173311,,,
45.0,130.0,263.0,731.0,2400.0,,,,2009.0,3.0,0,7.0,0,0,0,1,0,0,0,0,0,0,0,6.595780513961311,5.575949103146316,4.875197323201151,,,
45.0,130.0,263.0,731.0,2533.0,,,,2009.0,3.0,0,7.0,0,0,0,1,0,0,0,0,0,0,0,6.595780513961311,5.575949103146316,4.875197323201151,,,
45.0,130.0,263.0,731.0,2666.0,,,,2009.0,3.0,0,7.0,0,0,0,1,0,0,0,0,0,0,0,6.595780513961311,5.575949103146316,4.875197323201151,,,
45.0,130.0,263.0,731.0,2933.0,,,,2009.0,3.0,0,7.0,0,0,0,1,0,0,0,0,0,0,0,6.595780513961311,5.575949103146316,4.875197323201151,,,
45.0,130.0,263.0,731.0,3066.0,,,,2009.0,8.0,0,7.0,0,0,0,1,0,0,0,0,0,0,0,6.595780513961311,5.575949103146316,4.875197323201151,,,
45.0,130.0,263.0,731.0,3200.0,,,,2009.0,11.0,0,7.0,0,0,0,1,0,0,0,0,0,0,0,6.595780513961311,5.575949103146316,4.875197323201151,,,
45.0,130.0,263.0,731.0,3200.0,,,,2009.0,3.0,0,7.0,0,0,0,1,0,0,0,0,0,0,0,6.595780513961311,5.575949103146316,4.875197323201151,,,
45.0,130.0,263.0,731.0,3333.0,,,,2009.0,8.0,0,7.0,0,0,0,1,0,0,0,0,0,0,0,6.595780513961311,5.575949103146316,4.875197323201151,,,
45.0,130.0,263.0,731.0,3200.0,,,,2009.0,3.0,0,7.0,0,0,0,1,0,0,0,0,0,0,0,6.595780513961311,5.575949103146316,4.875197323201151,,,
45.0,130.0,263.0,731.0,3333.0,,,,2009.0,8.0,0,7.0,0,0,0,1,0,0,0,0,0,0,0,6.595780513961311,5.575949103146316,4.875197323201151,,,
45.0,95.0,263.0,731.0,2666.0,,,,2009.0,3.0,0,7.0,0,0,0,1,0,0,0,0,0,0,0,6.595780513961311,5.575949103146316,4.564348191467836,,,
45.0,95.0,263.0,731.0,2800.0,,,,2009.0,3.0,0,7.0,0,0,0,1,0,0,0,0,0,0,0,6.595780513961311,5.575949103146316,4.564348191467836,,,
45.0,95.0,263.0,731.0,2933.0,,,,2009.0,3.0,0,7.0,0,0,0,1,0,0,0,0,0,0,0,6.595780513961311,5.575949103146316,4.564348191467836,,,
45.0,45.0,117.0,410.0,2600.0,,,,2010.0,9.0,0,6.0,0,0,0,0,0,0,0,0,0,0,1,6.018593214496234,4.770684624465665,3.828641396489095,,,
45.0,65.0,117.0,410.0,2800.0,,,,2010.0,9.0,0,6.0,0,0,0,0,0,0,0,0,0,0,1,6.018593214496234,4.770684624465665,4.189654742026425,,,
45.0,45.0,117.0,410.0,2900.0,,,,2010.0,5.0,0,6.0,0,0,0,0,0,0,0,0,0,0,1,6.018593214496234,4.770684624465665,3.828641396489095,,,
45.0,45.0,117.0,410.0,3000.0,,,,2010.0,9.0,0,6.0,0,0,0,0,0,0,0,0,0,0,1,6.018593214496234,4.770684624465665,3.828641396489095,,,
45.0,65.0,117.0,410.0,3200.0,,,,2010.0,5.0,0,6.0,0,0,0,0,0,0,0,0,0,0,1,6.018593214496234,4.770684624465665,4.189654742026425,,,
45.0,65.0,117.0,410.0,3300.0,,,,2010.0,9.0,0,6.0,0,0,0,0,0,0,0,0,0,0,1,6.018593214496234,4.770684624465665,4.189654742026425,,,
45.0,25.0,117.0,410.0,2000.0,,,,2010.0,9.0,0,6.0,0,0,0,0,0,0,0,0,0,0,1,6.018593214496234,4.770684624465665,3.258096538021482,,,
45.0,45.0,169.0,300.0,2500.0,,,,2010.0,5.0,0,6.0,0,0,0,0,0,0,0,0,0,0,1,5.707110264748875,5.135798437050262,3.828641396489095,,,
45.0,45.0,169.0,300.0,2600.0,,,,2010.0,9.0,0,6.0,0,0,0,0,0,0,0,0,0,0,1,5.707110264748875,5.135798437050262,3.828641396489095,,,
45.0,95.0,169.0,300.0,3100.0,,,,2010.0,5.0,0,6.0,0,0,0,0,0,0,0,0,0,0,1,5.707110264748875,5.135798437050262,4.564348191467836,,,
45.0,95.0,169.0,300.0,3200.0,,,,2010.0,9.0,0,6.0,0,0,0,0,0,0,0,0,0,0,1,5.707110264748875,5.135798437050262,4.564348191467836,,,
45.0,95.0,169.0,300.0,3300.0,,,,2010.0,12.0,0,6.0,0,0,0,0,0,0,0,0,0,0,1,5.707110264748875,5.135798437050262,4.564348191467836,,,
45.0,45.0,169.0,300.0,2400.0,,,,2010.0,5.0,0,6.0,0,0,0,0,0,0,0,0,0,0,1,5.707110264748875,5.135798437050262,3.828641396489095,,,
45.0,45.0,169.0,300.0,2500.0,,,,2010.0,9.0,0,6.0,0,0,0,0,0,0,0,0,0,0,1,5.707110264748875,5.135798437050262,3.828641396489095,,,
45.0,95.0,169.0,300.0,3000.0,,,,2010.0,5.0,0,6.0,0,0,0,0,0,0,0,0,0,0,1,5.707110264748875,5.135798437050262,4.564348191467836,,,
45.0,95.0,169.0,300.0,3100.0,,,,2010.0,9.0,0,6.0,0,0,0,0,0,0,0,0,0,0,1,5.707110264748875,5.135798437050262,4.564348191467836,,,
45.0,80.0,258.0,758.0,3300.0,,,,2010.0,9.0,0,6.0,0,1,0,0,0,0,0,0,0,0,0,6.63200177739563,5.556828061699537,4.394449154672439,,,
45.0,80.0,258.0,758.0,3400.0,,,,2010.0,12.0,0,6.0,0,1,0,0,0,0,0,0,0,0,0,6.63200177739563,5.556828061699537,4.394449154672439,,,
45.0,80.0,258.0,758.0,3500.0,,,,2010.0,5.0,0,6.0,0,1,0,0,0,0,0,0,0,0,0,6.63200177739563,5.556828061699537,4.394449154672439,,,
45.0,80.0,258.0,758.0,3200.0,,,,2010.0,5.0,0,6.0,0,0,0,0,0,0,0,0,0,0,1,6.63200177739563,5.556828061699537,4.394449154672439,,,
45.0,95.0,258.0,758.0,2800.0,,,,2010.0,10.0,0,6.0,0,1,0,0,0,0,0,0,0,0,0,6.63200177739563,5.556828061699537,4.564348191467836,,,
45.0,95.0,258.0,758.0,3200.0,,,,2010.0,5.0,0,6.0,0,1,0,0,0,0,0,0,0,0,0,6.63200177739563,5.556828061699537,4.564348191467836,,,
45.0,95.0,346.0,904.0,2900.0,,,,2010.0,9.0,0,6.0,0,1,0,0,0,0,0,0,0,0,0,6.807934943699926,5.849324779946859,4.564348191467836,,,
45.0,95.0,346.0,904.0,3000.0,,,,2010.0,6.0,0,6.0,0,1,0,0,0,0,0,0,0,0,0,6.807934943699926,5.849324779946859,4.564348191467836,,,
45.0,125.0,346.0,904.0,3500.0,,,,2010.0,10.0,0,6.0,0,1,0,0,0,0,0,0,0,0,0,6.807934943699926,5.849324779946859,4.836281906951478,,,
45.0,125.0,258.0,758.0,3500.0,,,,2010.0,9.0,0,6.0,0,1,0,0,0,0,0,0,0,0,0,6.63200177739563,5.556828061699537,4.836281906951478,,,
45.0,95.0,258.0,758.0,3200.0,,,,2010.0,5.0,0,6.0,0,1,0,0,0,0,0,0,0,0,0,6.63200177739563,5.556828061699537,4.564348191467836,,,
45.0,95.0,346.0,904.0,2600.0,,,,2010.0,4.0,0,6.0,0,1,0,0,0,0,0,0,0,0,0,6.807934943699926,5.849324779946859,4.564348191467836,,,
45.0,95.0,346.0,904.0,2700.0,,,,2010.0,9.0,0,6.0,0,1,0,0,0,0,0,0,0,0,0,6.807934943699926,5.849324779946859,4.564348191467836,,,
45.0,125.0,346.0,904.0,2800.0,,,,2010.0,4.0,0,6.0,0,1,0,0,0,0,0,0,0,0,0,6.807934943699926,5.849324779946859,4.836281906951478,,,
45.0,95.0,346.0,904.0,2800.0,,,,2010.0,5.0,0,6.0,0,0,0,0,0,0,0,0,0,0,1,6.807934943699926,5.849324779946859,4.564348191467836,,,
45.0,125.0,346.0,904.0,2900.0,,,,2010.0,12.0,0,6.0,0,1,0,0,0,0,0,0,0,0,0,6.807934943699926,5.849324779946859,4.836281906951478,,,
45.0,125.0,346.0,904.0,3000.0,,,,2010.0,9.0,0,6.0,0,1,0,0,0,0,0,0,0,0,0,6.807934943699926,5.849324779946859,4.836281906951478,,,
45.0,125.0,346.0,904.0,3200.0,,,,2010.0,4.0,0,6.0,0,1,0,0,0,0,0,0,0,0,0,6.807934943699926,5.849324779946859,4.836281906951478,,,
45.0,125.0,346.0,904.0,3300.0,,,,2010.0,12.0,0,6.0,0,1,0,0,0,0,0,0,0,0,0,6.807934943699926,5.849324779946859,4.836281906951478,,,
45.0,45.0,117.0,234.0,2800.0,,,,2010.0,9.0,0,6.0,0,0,0,0,0,0,0,0,0,0,1,5.459585514144159,4.770684624465665,3.828641396489095,,,
45.0,45.0,117.0,234.0,2900.0,,,,2010.0,12.0,0,6.0,0,0,0,0,0,0,0,0,0,0,1,5.459585514144159,4.770684624465665,3.828641396489095,,,
45.0,45.0,117.0,234.0,2400.0,,,,2010.0,9.0,0,6.0,0,0,0,0,0,0,0,0,0,0,1,5.459585514144159,4.770684624465665,3.828641396489095,,,
45.0,10.0,66.0,123.0,1834.0,,,,2010.0,6.0,0,7.0,0,0,0,1,0,0,0,0,0,0,0,4.820281565605037,4.204692619390966,2.3978952727983707,,,
45.0,13.0,66.0,176.0,1834.0,,,,2010.0,6.0,0,7.0,0,0,0,1,0,0,0,0,0,0,0,5.176149732573829,4.204692619390966,2.6390573296152584,,,
45.0,3.0,26.0,47.0,600.0,,,,2010.0,9.0,0,7.0,0,0,0,1,0,0,0,0,0,0,0,3.871201010907891,3.295836866004329,1.3862943611198906,,,
45.0,3.0,26.0,47.0,600.0,,,,2010.0,9.0,0,7.0,0,0,0,1,0,0,0,0,0,0,0,3.871201010907891,3.295836866004329,1.3862943611198906,,,
45.0,3.0,26.0,47.0,600.0,,,,2010.0,11.0,0,7.0,0,0,0,1,0,0,0,0,0,0,0,3.871201010907891,3.295836866004329,1.3862943611198906,,,
45.0,3.0,26.0,47.0,600.0,,,,2010.0,11.0,0,7.0,0,0,0,1,0,0,0,0,0,0,0,3.871201010907891,3.295836866004329,1.3862943611198906,,,
45.0,3.0,26.0,47.0,1000.0,,,,2010.0,9.0,0,7.0,0,0,0,1,0,0,0,0,0,0,0,3.871201010907891,3.295836866004329,1.3862943611198906,,,
45.0,3.0,26.0,47.0,1000.0,,,,2010.0,9.0,0,7.0,0,0,0,1,0,0,0,0,0,0,0,3.871201010907891,3.295836866004329,1.3862943611198906,,,
45.0,4.0,26.0,47.0,1000.0,,,,2010.0,11.0,0,7.0,0,0,0,1,0,0,0,0,0,0,0,3.871201010907891,3.295836866004329,1.6094379124341003,,,
45.0,4.0,26.0,47.0,1000.0,,,,2010.0,11.0,0,7.0,0,0,0,1,0,0,0,0,0,0,0,3.871201010907891,3.295836866004329,1.6094379124341003,,,
45.0,3.0,26.0,47.0,1300.0,,,,2010.0,9.0,0,7.0,0,0,0,1,0,0,0,0,0,0,0,3.871201010907891,3.295836866004329,1.3862943611198906,,,
45.0,3.0,26.0,47.0,1300.0,,,,2010.0,9.0,0,7.0,0,0,0,1,0,0,0,0,0,0,0,3.871201010907891,3.295836866004329,1.3862943611198906,,,
45.0,4.0,26.0,47.0,1300.0,,,,2010.0,11.0,0,7.0,0,0,0,1,0,0,0,0,0,0,0,3.871201010907891,3.295836866004329,1.6094379124341003,,,
45.0,7.0,26.0,47.0,1300.0,,,,2010.0,11.0,0,7.0,0,0,0,1,0,0,0,0,0,0,0,3.871201010907891,3.295836866004329,2.0794415416798357,,,
45.0,4.0,26.0,47.0,1600.0,,,,2010.0,9.0,0,7.0,0,0,0,1,0,0,0,0,0,0,0,3.871201010907891,3.295836866004329,1.6094379124341003,,,
45.0,4.0,26.0,47.0,1600.0,,,,2010.0,9.0,0,7.0,0,0,0,1,0,0,0,0,0,0,0,3.871201010907891,3.295836866004329,1.6094379124341003,,,
45.0,7.0,66.0,123.0,1667.0,,,,2010.0,6.0,0,7.0,0,0,0,1,0,0,0,0,0,0,0,4.820281565605037,4.204692619390966,2.0794415416798357,,,
45.0,7.0,66.0,123.0,1834.0,,,,2010.0,6.0,0,7.0,0,0,0,1,0,0,0,0,0,0,0,4.820281565605037,4.204692619390966,2.0794415416798357,,,
45.0,9.0,87.0,176.0,1500.0,,,,2010.0,8.0,0,7.0,0,0,0,1,0,0,0,0,0,0,0,5.176149732573829,4.477336814478207,2.302585092994046,,,
45.0,2.0,26.0,47.0,2133.0,,,,2010.0,6.0,0,7.0,0,0,0,1,0,0,0,0,0,0,0,3.871201010907891,3.295836866004329,1.0986122886681098,,,
45.0,1.0,65.0,140.0,1200.0,,,,2010.0,5.0,0,7.0,0,0,0,1,0,0,0,0,0,0,0,4.948759890378168,4.189654742026425,0.6931471805599453,,,
45.0,2.0,65.0,140.0,1000.0,,,,2010.0,5.0,0,7.0,0,0,0,1,0,0,0,0,0,0,0,4.948759890378168,4.189654742026425,1.0986122886681098,,,
45.0,1.0,65.0,140.0,800.0,,,,2010.0,5.0,0,7.0,0,0,0,1,0,0,0,0,0,0,0,4.948759890378168,4.189654742026425,0.6931471805599453,,,
45.0,1.0,65.0,140.0,900.0,,,,2010.0,5.0,0,7.0,0,0,0,1,0,0,0,0,0,0,0,4.948759890378168,4.189654742026425,0.6931471805599453,,,
45.0,2.0,65.0,140.0,1600.0,,,,2010.0,5.0,0,7.0,0,0,0,1,0,0,0,0,0,0,0,4.948759890378168,4.189654742026425,1.0986122886681098,,,
45.0,1.0,65.0,140.0,900.0,,,,2010.0,5.0,0,7.0,0,0,0,1,0,0,0,0,0,0,0,4.948759890378168,4.189654742026425,0.6931471805599453,,,
45.0,2.0,65.0,140.0,1900.0,,,,2010.0,5.0,0,7.0,0,0,0,1,0,0,0,0,0,0,0,4.948759890378168,4.189654742026425,1.0986122886681098,,,
45.0,300.0,684.0,2300.0,1200.0,,,,2010.0,5.0,0,7.0,0,0,0,1,0,0,0,0,0,0,0,7.741099090035366,6.529418838262226,5.707110264748875,,,
45.0,65.0,82.0,228.0,2700.0,,,,2010.0,8.0,0,7.0,0,0,0,1,0,0,0,0,0,0,0,5.43372200355424,4.418840607796598,4.189654742026425,,,
32.0,35.0,81.0,382.0,2400.0,,,,2010.0,6.0,0,7.0,0,0,0,1,0,0,0,0,0,0,0,5.948034989180646,4.406719247264253,3.58351893845611,,,
32.0,35.0,81.0,382.0,2534.0,,,,2010.0,10.0,0,7.0,0,0,0,1,0,0,0,0,0,0,0,5.948034989180646,4.406719247264253,3.58351893845611,,,
32.0,73.0,81.0,382.0,3200.0,,,,2010.0,5.0,0,7.0,0,0,0,1,0,0,0,0,0,0,0,5.948034989180646,4.406719247264253,4.30406509320417,,,
32.0,73.0,81.0,382.0,3333.0,,,,2010.0,8.0,0,7.0,0,0,0,1,0,0,0,0,0,0,0,5.948034989180646,4.406719247264253,4.30406509320417,,,
32.0,35.0,81.0,382.0,2400.0,,,,2010.0,9.0,0,7.0,0,0,0,1,0,0,0,0,0,0,0,5.948034989180646,4.406719247264253,3.58351893845611,,,
32.0,35.0,81.0,382.0,2534.0,,,,2010.0,9.0,0,7.0,0,0,0,1,0,0,0,0,0,0,0,5.948034989180646,4.406719247264253,3.58351893845611,,,
32.0,35.0,81.0,382.0,2667.0,,,,2010.0,9.0,0,7.0,0,0,0,1,0,0,0,0,0,0,0,5.948034989180646,4.406719247264253,3.58351893845611,,,
32.0,35.0,81.0,382.0,2667.0,,,,2010.0,9.0,0,7.0,0,0,0,1,0,0,0,0,0,0,0,5.948034989180646,4.406719247264253,3.58351893845611,,,
32.0,73.0,81.0,382.0,3200.0,,,,2010.0,5.0,0,7.0,0,0,0,1,0,0,0,0,0,0,0,5.948034989180646,4.406719247264253,4.30406509320417,,,
32.0,73.0,81.0,382.0,3600.0,,,,2010.0,4.0,0,7.0,0,0,0,1,0,0,0,0,0,0,0,5.948034989180646,4.406719247264253,4.30406509320417,,,
45.0,95.0,296.0,774.0,2800.0,,,,2010.0,7.0,0,7.0,0,0,0,1,0,0,0,0,0,0,0,6.652863029353347,5.6937321388027,4.564348191467836,,,
32.0,35.0,81.0,382.0,2800.0,,,,2010.0,9.0,0,7.0,0,0,0,1,0,0,0,0,0,0,0,5.948034989180646,4.406719247264253,3.58351893845611,,,
32.0,35.0,81.0,382.0,2800.0,,,,2010.0,9.0,0,7.0,0,0,0,1,0,0,0,0,0,0,0,5.948034989180646,4.406719247264253,3.58351893845611,,,
32.0,18.0,81.0,382.0,1333.0,,,,2010.0,8.0,0,7.0,0,0,0,1,0,0,0,0,0,0,0,5.948034989180646,4.406719247264253,2.9444389791664403,,,
32.0,18.0,81.0,382.0,1333.0,,,,2010.0,5.0,0,7.0,0,0,0,1,0,0,0,0,0,0,0,5.948034989180646,4.406719247264253,2.9444389791664403,,,
32.0,18.0,81.0,382.0,1467.0,,,,2010.0,9.0,0,7.0,0,0,0,1,0,0,0,0,0,0,0,5.948034989180646,4.406719247264253,2.9444389791664403,,,
45.0,45.0,296.0,774.0,1733.0,,,,2010.0,6.0,0,7.0,0,0,0,1,0,0,0,0,0,0,0,6.652863029353347,5.6937321388027,3.828641396489095,,,
45.0,45.0,296.0,774.0,1867.0,,,,2010.0,6.0,0,7.0,0,0,0,1,0,0,0,0,0,0,0,6.652863029353347,5.6937321388027,3.828641396489095,,,
45.0,82.0,296.0,774.0,2666.0,,,,2010.0,7.0,0,7.0,0,0,0,1,0,0,0,0,0,0,0,6.652863029353347,5.6937321388027,4.418840607796598,,,
45.0,95.0,296.0,774.0,2933.0,,,,2010.0,5.0,0,7.0,0,0,0,1,0,0,0,0,0,0,0,6.652863029353347,5.6937321388027,4.564348191467836,,,
45.0,95.0,296.0,774.0,3066.0,,,,2010.0,5.0,0,7.0,0,0,0,1,0,0,0,0,0,0,0,6.652863029353347,5.6937321388027,4.564348191467836,,,
45.0,55.0,296.0,774.0,2133.0,,,,2010.0,6.0,0,7.0,0,0,0,1,0,0,0,0,0,0,0,6.652863029353347,5.6937321388027,4.02535169073515,,,
32.0,130.0,239.0,1170.0,3200.0,,,,2010.0,7.0,0,7.0,0,0,0,1,0,0,0,0,0,0,0,7.065613363597717,5.480638923341991,4.875197323201151,,,
45.0,65.0,82.0,228.0,2800.0,,,,2010.0,4.0,0,7.0,0,0,0,1,0,0,0,0,0,0,0,5.43372200355424,4.418840607796598,4.189654742026425,,,
45.0,65.0,82.0,228.0,3000.0,,,,2010.0,8.0,0,7.0,0,0,0,1,0,0,0,0,0,0,0,5.43372200355424,4.418840607796598,4.189654742026425,,,
45.0,65.0,82.0,228.0,3200.0,,,,2010.0,11.0,0,7.0,0,0,0,1,0,0,0,0,0,0,0,5.43372200355424,4.418840607796598,4.189654742026425,,,
45.0,65.0,82.0,228.0,3200.0,,,,2010.0,5.0,0,7.0,0,0,0,1,0,0,0,0,0,0,0,5.43372200355424,4.418840607796598,4.189654742026425,,,
45.0,65.0,82.0,228.0,3333.0,,,,2010.0,8.0,0,7.0,0,0,0,1,0,0,0,0,0,0,0,5.43372200355424,4.418840607796598,4.189654742026425,,,
32.0,73.0,81.0,382.0,2800.0,,,,2010.0,9.0,0,7.0,0,0,0,1,0,0,0,0,0,0,0,5.948034989180646,4.406719247264253,4.30406509320417,,,
32.0,35.0,81.0,384.0,1877.0,,,,2010.0,6.0,0,7.0,0,0,0,1,0,0,0,0,0,0,0,5.953243334287785,4.406719247264253,3.58351893845611,,,
32.0,35.0,81.0,384.0,2000.0,,,,2010.0,9.0,0,7.0,0,0,0,1,0,0,0,0,0,0,0,5.953243334287785,4.406719247264253,3.58351893845611,,,
32.0,35.0,81.0,384.0,2133.0,,,,2010.0,9.0,0,7.0,0,0,0,1,0,0,0,0,0,0,0,5.953243334287785,4.406719247264253,3.58351893845611,,,
32.0,18.0,81.0,384.0,1200.0,,,,2010.0,5.0,0,7.0,0,0,0,1,0,0,0,0,0,0,0,5.953243334287785,4.406719247264253,2.9444389791664403,,,
32.0,130.0,239.0,1170.0,3200.0,,,,2010.0,8.0,0,7.0,0,0,0,1,0,0,0,0,0,0,0,7.065613363597717,5.480638923341991,4.875197323201151,,,
32.0,65.0,228.0,1178.0,2500.0,,,,2011.0,9.0,0,6.0,0,0,0,0,0,0,0,0,0,0,1,7.072421900537371,5.43372200355424,4.189654742026425,,,
32.0,35.0,228.0,1178.0,1900.0,,,,2011.0,6.0,0,6.0,0,0,0,0,0,0,0,0,0,0,1,7.072421900537371,5.43372200355424,3.58351893845611,,,
32.0,35.0,228.0,1178.0,1900.0,,,,2011.0,6.0,0,6.0,0,0,0,0,0,0,0,0,0,0,1,7.072421900537371,5.43372200355424,3.58351893845611,,,
32.0,35.0,228.0,1178.0,2100.0,,,,2011.0,6.0,0,6.0,0,0,0,0,0,0,0,0,0,0,1,7.072421900537371,5.43372200355424,3.58351893845611,,,
32.0,35.0,228.0,1178.0,2000.0,,,,2011.0,12.0,0,6.0,0,0,0,0,0,0,0,0,0,0,1,7.072421900537371,5.43372200355424,3.58351893845611,,,
32.0,45.0,228.0,1178.0,2200.0,,,,2011.0,12.0,0,6.0,0,0,0,0,0,0,0,0,0,0,1,7.072421900537371,5.43372200355424,3.828641396489095,,,
32.0,65.0,228.0,1178.0,2700.0,,,,2011.0,9.0,0,6.0,0,0,0,0,0,0,0,0,0,0,1,7.072421900537371,5.43372200355424,4.189654742026425,,,
32.0,65.0,228.0,1178.0,2800.0,,,,2011.0,12.0,0,6.0,0,0,0,0,0,0,0,0,0,0,1,7.072421900537371,5.43372200355424,4.189654742026425,,,
32.0,35.0,228.0,1178.0,1400.0,,,,2011.0,6.0,0,6.0,0,0,0,0,0,0,0,0,0,0,1,7.072421900537371,5.43372200355424,3.58351893845611,,,
32.0,45.0,228.0,1178.0,1600.0,,,,2011.0,6.0,0,6.0,0,0,0,0,0,0,0,0,0,0,1,7.072421900537371,5.43372200355424,3.828641396489095,,,
32.0,35.0,228.0,1178.0,1500.0,,,,2011.0,12.0,0,6.0,0,0,0,0,0,0,0,0,0,0,1,7.072421900537371,5.43372200355424,3.58351893845611,,,
32.0,45.0,228.0,1178.0,1700.0,,,,2011.0,12.0,0,6.0,0,0,0,0,0,0,0,0,0,0,1,7.072421900537371,5.43372200355424,3.828641396489095,,,
32.0,65.0,228.0,1178.0,2100.0,,,,2011.0,8.0,0,6.0,0,0,0,0,0,0,0,0,0,0,1,7.072421900537371,5.43372200355424,4.189654742026425,,,
32.0,65.0,228.0,1178.0,2100.0,,,,2011.0,6.0,0,6.0,0,1,0,0,0,0,0,0,0,0,0,7.072421900537371,5.43372200355424,4.189654742026425,,,
32.0,65.0,228.0,1178.0,2200.0,,,,2011.0,12.0,0,6.0,0,1,0,0,0,0,0,0,0,0,0,7.072421900537371,5.43372200355424,4.189654742026425,,,
32.0,100.0,228.0,1178.0,2600.0,,,,2011.0,6.0,0,6.0,0,1,0,0,0,0,0,0,0,0,0,7.072421900537371,5.43372200355424,4.61512051684126,,,
32.0,100.0,228.0,1178.0,2700.0,,,,2011.0,12.0,0,6.0,0,1,0,0,0,0,0,0,0,0,0,7.072421900537371,5.43372200355424,4.61512051684126,,,
32.0,35.0,228.0,1178.0,1500.0,,,,2011.0,6.0,0,6.0,0,0,0,0,0,0,0,0,0,0,1,7.072421900537371,5.43372200355424,3.58351893845611,,,
32.0,45.0,228.0,1178.0,1800.0,,,,2011.0,6.0,0,6.0,0,0,0,0,0,0,0,0,0,0,1,7.072421900537371,5.43372200355424,3.828641396489095,,,
32.0,35.0,228.0,1178.0,1600.0,,,,2011.0,12.0,0,6.0,0,0,0,0,0,0,0,0,0,0,1,7.072421900537371,5.43372200355424,3.58351893845611,,,
32.0,45.0,228.0,1178.0,1900.0,,,,2011.0,6.0,0,6.0,0,0,0,0,0,0,0,0,0,0,1,7.072421900537371,5.43372200355424,3.828641396489095,,,
32.0,45.0,228.0,1178.0,2000.0,,,,2011.0,12.0,0,6.0,0,0,0,0,0,0,0,0,0,0,1,7.072421900537371,5.43372200355424,3.828641396489095,,,
32.0,65.0,228.0,1178.0,2400.0,,,,2011.0,6.0,0,6.0,0,1,0,0,0,0,0,0,0,0,0,7.072421900537371,5.43372200355424,4.189654742026425,,,
32.0,65.0,228.0,1178.0,2500.0,,,,2011.0,12.0,0,6.0,0,1,0,0,0,0,0,0,0,0,0,7.072421900537371,5.43372200355424,4.189654742026425,,,
32.0,100.0,228.0,1178.0,2900.0,,,,2011.0,6.0,0,6.0,0,1,0,0,0,0,0,0,0,0,0,7.072421900537371,5.43372200355424,4.61512051684126,,,
32.0,100.0,228.0,1178.0,3000.0,,,,2011.0,12.0,0,6.0,0,1,0,0,0,0,0,0,0,0,0,7.072421900537371,5.43372200355424,4.61512051684126,,,
45.0,65.0,117.0,410.0,3400.0,,,,2011.0,7.0,0,6.0,0,0,0,0,0,0,0,0,0,0,1,6.018593214496234,4.770684624465665,4.189654742026425,,,
32.0,100.0,228.0,1178.0,2600.0,,,,2011.0,8.0,0,6.0,0,1,0,0,0,0,0,0,0,0,0,7.072421900537371,5.43372200355424,4.61512051684126,,,
32.0,100.0,228.0,1178.0,3000.0,,,,2011.0,11.0,0,6.0,0,1,0,0,0,0,0,0,0,0,0,7.072421900537371,5.43372200355424,4.61512051684126,,,
32.0,100.0,228.0,1178.0,3000.0,,,,2011.0,11.0,0,6.0,0,1,0,0,0,0,0,0,0,0,0,7.072421900537371,5.43372200355424,4.61512051684126,,,
40.0,9.0,75.0,731.0,1000.0,,,,2011.0,8.0,0,6.0,0,0,0,0,0,0,0,0,0,0,1,6.595780513961311,4.330733340286331,2.302585092994046,,,
40.0,18.0,75.0,731.0,1300.0,,,,2011.0,8.0,0,6.0,0,0,0,0,0,0,0,0,0,0,1,6.595780513961311,4.330733340286331,2.9444389791664403,,,
40.0,18.0,75.0,731.0,1650.0,,,,2011.0,8.0,0,6.0,0,0,0,0,0,0,0,0,0,0,1,6.595780513961311,4.330733340286331,2.9444389791664403,,,
32.0,35.0,228.0,1178.0,1800.0,,,,2011.0,12.0,0,6.0,0,0,0,0,0,0,0,0,0,0,1,7.072421900537371,5.43372200355424,3.58351893845611,,,
32.0,65.0,228.0,1178.0,2400.0,,,,2011.0,9.0,0,6.0,0,0,0,0,0,0,0,0,0,0,1,7.072421900537371,5.43372200355424,4.189654742026425,,,
32.0,95.0,315.0,1200.0,3600.0,,,,2011.0,10.0,0,6.0,0,0,0,0,0,0,0,0,0,0,1,7.0909098220799835,5.755742213586912,4.564348191467836,,,
32.0,95.0,315.0,1200.0,3300.0,,,,2011.0,10.0,0,6.0,0,0,0,0,0,0,0,0,0,0,1,7.0909098220799835,5.755742213586912,4.564348191467836,,,
32.0,95.0,315.0,1200.0,2800.0,,,,2011.0,10.0,0,6.0,0,0,0,0,0,0,0,0,0,0,1,7.0909098220799835,5.755742213586912,4.564348191467836,,,
32.0,125.0,315.0,1200.0,3100.0,,,,2011.0,10.0,0,6.0,0,0,0,0,0,0,0,0,0,0,1,7.0909098220799835,5.755742213586912,4.836281906951478,,,
32.0,125.0,315.0,1200.0,3600.0,,,,2011.0,10.0,0,6.0,0,0,0,0,0,0,0,0,0,0,1,7.0909098220799835,5.755742213586912,4.836281906951478,,,
32.0,85.0,316.0,2400.0,1600.0,,,,2011.0,11.0,0,6.0,0,0,0,0,0,0,0,0,0,0,1,7.783640596221253,5.75890177387728,4.454347296253507,,,
32.0,115.0,316.0,2400.0,2100.0,,,,2011.0,11.0,0,6.0,0,0,0,0,0,0,0,0,0,0,1,7.783640596221253,5.75890177387728,4.7535901911063645,,,
32.0,115.0,316.0,2400.0,2200.0,,,,2011.0,11.0,0,6.0,0,0,0,0,0,0,0,0,0,0,1,7.783640596221253,5.75890177387728,4.7535901911063645,,,
32.0,115.0,316.0,2400.0,2300.0,,,,2011.0,11.0,0,6.0,0,0,0,0,0,0,0,0,0,0,1,7.783640596221253,5.75890177387728,4.7535901911063645,,,
32.0,140.0,316.0,2400.0,2600.0,,,,2011.0,11.0,0,6.0,0,0,0,0,0,0,0,0,0,0,1,7.783640596221253,5.75890177387728,4.948759890378168,,,
45.0,95.0,346.0,904.0,2700.0,,,,2011.0,7.0,0,6.0,0,1,0,0,0,0,0,0,0,0,0,6.807934943699926,5.849324779946859,4.564348191467836,,,
45.0,45.0,117.0,234.0,2600.0,,,,2011.0,8.0,0,6.0,0,0,0,0,0,0,0,0,0,0,1,5.459585514144159,4.770684624465665,3.828641396489095,,,
32.0,10.0,66.0,176.0,1867.0,,,,2011.0,11.0,0,7.0,0,0,0,1,0,0,0,0,0,0,0,5.176149732573829,4.204692619390966,2.3978952727983707,,,
32.0,10.0,66.0,176.0,1867.0,,,,2011.0,11.0,0,7.0,0,0,0,1,0,0,0,0,0,0,0,5.176149732573829,4.204692619390966,2.3978952727983707,,,
32.0,10.0,66.0,176.0,2133.0,,,,2011.0,11.0,0,7.0,0,0,0,1,0,0,0,0,0,0,0,5.176149732573829,4.204692619390966,2.3978952727983707,,,
32.0,4.0,66.0,176.0,1600.0,,,,2011.0,12.0,0,7.0,0,0,0,1,0,0,0,0,0,0,0,5.176149732573829,4.204692619390966,1.6094379124341003,,,
32.0,7.0,66.0,176.0,1867.0,,,,2011.0,12.0,0,7.0,0,0,0,1,0,0,0,0,0,0,0,5.176149732573829,4.204692619390966,2.0794415416798357,,,
32.0,17.0,131.0,504.0,1300.0,,,,2011.0,7.0,0,7.0,0,0,0,1,0,0,0,0,0,0,0,6.22455842927536,4.882801922586371,2.8903717578961645,,,
32.0,17.0,131.0,504.0,1300.0,,,,2011.0,7.0,0,7.0,0,0,0,1,0,0,0,0,0,0,0,6.22455842927536,4.882801922586371,2.8903717578961645,,,
32.0,17.0,131.0,504.0,1100.0,,,,2011.0,6.0,0,7.0,0,0,0,1,0,0,0,0,0,0,0,6.22455842927536,4.882801922586371,2.8903717578961645,,,
32.0,17.0,131.0,504.0,1200.0,,,,2011.0,7.0,0,7.0,0,0,0,1,0,0,0,0,0,0,0,6.22455842927536,4.882801922586371,2.8903717578961645,,,
32.0,35.0,131.0,504.0,1600.0,,,,2011.0,6.0,0,7.0,0,0,0,1,0,0,0,0,0,0,0,6.22455842927536,4.882801922586371,3.58351893845611,,,
32.0,35.0,131.0,504.0,1500.0,,,,2011.0,6.0,0,7.0,0,0,0,1,0,0,0,0,0,0,0,6.22455842927536,4.882801922586371,3.58351893845611,,,
32.0,35.0,131.0,504.0,1900.0,,,,2011.0,7.0,0,7.0,0,0,0,1,0,0,0,0,0,0,0,6.22455842927536,4.882801922586371,3.58351893845611,,,
32.0,35.0,131.0,504.0,1600.0,,,,2011.0,9.0,0,7.0,0,0,0,1,0,0,0,0,0,0,0,6.22455842927536,4.882801922586371,3.58351893845611,,,
32.0,35.0,131.0,504.0,1800.0,,,,2011.0,12.0,0,7.0,0,0,0,1,0,0,0,0,0,0,0,6.22455842927536,4.882801922586371,3.58351893845611,,,
32.0,65.0,131.0,504.0,2400.0,,,,2011.0,9.0,0,7.0,0,0,0,1,0,0,0,0,0,0,0,6.22455842927536,4.882801922586371,4.189654742026425,,,
32.0,35.0,131.0,504.0,2000.0,,,,2011.0,9.0,0,7.0,0,0,0,1,0,0,0,0,0,0,0,6.22455842927536,4.882801922586371,3.58351893845611,,,
32.0,65.0,131.0,504.0,2500.0,,,,2011.0,9.0,0,7.0,0,0,0,1,0,0,0,0,0,0,0,6.22455842927536,4.882801922586371,4.189654742026425,,,
32.0,35.0,131.0,504.0,2100.0,,,,2011.0,9.0,0,7.0,0,0,0,1,0,0,0,0,0,0,0,6.22455842927536,4.882801922586371,3.58351893845611,,,
32.0,35.0,131.0,504.0,2200.0,,,,2011.0,9.0,0,7.0,0,0,0,1,0,0,0,0,0,0,0,6.22455842927536,4.882801922586371,3.58351893845611,,,
32.0,65.0,131.0,504.0,3100.0,,,,2011.0,6.0,0,7.0,0,0,0,1,0,0,0,0,0,0,0,6.22455842927536,4.882801922586371,4.189654742026425,,,
32.0,35.0,131.0,504.0,2600.0,,,,2011.0,9.0,0,7.0,0,0,0,1,0,0,0,0,0,0,0,6.22455842927536,4.882801922586371,3.58351893845611,,,
32.0,65.0,131.0,504.0,3300.0,,,,2011.0,9.0,0,7.0,0,0,0,1,0,0,0,0,0,0,0,6.22455842927536,4.882801922586371,4.189654742026425,,,
32.0,65.0,131.0,504.0,3400.0,,,,2011.0,9.0,0,7.0,0,0,0,1,0,0,0,0,0,0,0,6.22455842927536,4.882801922586371,4.189654742026425,,,
32.0,35.0,149.0,624.0,2100.0,,,,2011.0,9.0,0,7.0,0,0,0,1,0,0,0,0,0,0,0,6.437751649736401,5.0106352940962555,3.58351893845611,,,
32.0,35.0,149.0,624.0,2200.0,,,,2011.0,9.0,0,7.0,0,0,0,1,0,0,0,0,0,0,0,6.437751649736401,5.0106352940962555,3.58351893845611,,,
32.0,35.0,149.0,624.0,2300.0,,,,2011.0,10.0,0,7.0,0,0,0,1,0,0,0,0,0,0,0,6.437751649736401,5.0106352940962555,3.58351893845611,,,
32.0,17.0,149.0,624.0,1400.0,,,,2011.0,10.0,0,7.0,0,0,0,1,0,0,0,0,0,0,0,6.437751649736401,5.0106352940962555,2.8903717578961645,,,
32.0,95.0,216.0,1160.0,3000.0,,,,2011.0,9.0,0,7.0,0,0,0,1,0,0,0,0,0,0,0,7.057036981697891,5.37989735354046,4.564348191467836,,,
32.0,35.0,149.0,624.0,2300.0,,,,2011.0,9.0,0,7.0,0,0,0,1,0,0,0,0,0,0,0,6.437751649736401,5.0106352940962555,3.58351893845611,,,
32.0,35.0,149.0,624.0,2400.0,,,,2011.0,10.0,0,7.0,0,0,0,1,0,0,0,0,0,0,0,6.437751649736401,5.0106352940962555,3.58351893845611,,,
32.0,35.0,149.0,624.0,2400.0,,,,2011.0,10.0,0,7.0,0,0,0,1,0,0,0,0,0,0,0,6.437751649736401,5.0106352940962555,3.58351893845611,,,
32.0,35.0,149.0,624.0,2400.0,,,,2011.0,9.0,0,7.0,0,0,0,1,0,0,0,0,0,0,0,6.437751649736401,5.0106352940962555,3.58351893845611,,,
32.0,35.0,149.0,624.0,2400.0,,,,2011.0,9.0,0,7.0,0,0,0,1,0,0,0,0,0,0,0,6.437751649736401,5.0106352940962555,3.58351893845611,,,
32.0,45.0,216.0,1160.0,2200.0,,,,2011.0,10.0,0,7.0,0,0,0,1,0,0,0,0,0,0,0,7.057036981697891,5.37989735354046,3.828641396489095,,,
32.0,45.0,216.0,1160.0,2200.0,,,,2011.0,10.0,0,7.0,0,0,0,1,0,0,0,0,0,0,0,7.057036981697891,5.37989735354046,3.828641396489095,,,
32.0,95.0,216.0,1160.0,3500.0,,,,2011.0,10.0,0,7.0,0,0,0,1,0,0,0,0,0,0,0,7.057036981697891,5.37989735354046,4.564348191467836,,,
32.0,45.0,216.0,1160.0,2400.0,,,,2011.0,9.0,0,7.0,0,0,0,1,0,0,0,0,0,0,0,7.057036981697891,5.37989735354046,3.828641396489095,,,
32.0,45.0,216.0,1160.0,2400.0,,,,2011.0,9.0,0,7.0,0,0,0,1,0,0,0,0,0,0,0,7.057036981697891,5.37989735354046,3.828641396489095,,,
32.0,45.0,216.0,1160.0,2500.0,,,,2011.0,9.0,0,7.0,0,0,0,1,0,0,0,0,0,0,0,7.057036981697891,5.37989735354046,3.828641396489095,,,
32.0,45.0,216.0,1160.0,2500.0,,,,2011.0,9.0,0,7.0,0,0,0,1,0,0,0,0,0,0,0,7.057036981697891,5.37989735354046,3.828641396489095,,,
32.0,55.0,216.0,1160.0,2700.0,,,,2011.0,9.0,0,7.0,0,0,0,1,0,0,0,0,0,0,0,7.057036981697891,5.37989735354046,4.02535169073515,,,
32.0,130.0,435.0,2270.0,3200.0,,,,2011.0,11.0,0,7.0,0,0,0,1,0,0,0,0,0,0,0,7.7279755421055585,6.077642243349034,4.875197323201151,,,
32.0,130.0,435.0,2270.0,3300.0,,,,2011.0,11.0,0,7.0,0,0,0,1,0,0,0,0,0,0,0,7.7279755421055585,6.077642243349034,4.875197323201151,,,
32.0,130.0,239.0,1170.0,3333.0,,,,2011.0,6.0,0,7.0,0,0,0,1,0,0,0,0,0,0,0,7.065613363597717,5.480638923341991,4.875197323201151,,,
32.0,15.0,131.0,504.0,1200.0,,,,2011.0,11.0,0,7.0,0,0,0,1,0,0,0,0,0,0,0,6.22455842927536,4.882801922586371,2.772588722239781,,,
32.0,17.0,131.0,504.0,1200.0,,,,2011.0,6.0,0,7.0,0,0,0,1,0,0,0,0,0,0,0,6.22455842927536,4.882801922586371,2.8903717578961645,,,
32.0,17.0,131.0,504.0,1300.0,,,,2011.0,10.0,0,7.0,0,0,0,1,0,0,0,0,0,0,0,6.22455842927536,4.882801922586371,2.8903717578961645,,,
32.0,35.0,131.0,504.0,2000.0,,,,2011.0,6.0,0,7.0,0,0,0,1,0,0,0,0,0,0,0,6.22455842927536,4.882801922586371,3.58351893845611,,,
32.0,35.0,131.0,504.0,2100.0,,,,2011.0,6.0,0,7.0,0,0,0,1,0,0,0,0,0,0,0,6.22455842927536,4.882801922586371,3.58351893845611,,,
32.0,35.0,131.0,504.0,2200.0,,,,2011.0,10.0,0,7.0,0,0,0,1,0,0,0,0,0,0,0,6.22455842927536,4.882801922586371,3.58351893845611,,,
32.0,65.0,131.0,504.0,2700.0,,,,2011.0,9.0,0,7.0,0,0,0,1,0,0,0,0,0,0,0,6.22455842927536,4.882801922586371,4.189654742026425,,,
32.0,35.0,131.0,504.0,2300.0,,,,2011.0,9.0,0,7.0,0,0,0,1,0,0,0,0,0,0,0,6.22455842927536,4.882801922586371,3.58351893845611,,,
32.0,65.0,131.0,504.0,2700.0,,,,2011.0,9.0,0,7.0,0,0,0,1,0,0,0,0,0,0,0,6.22455842927536,4.882801922586371,4.189654742026425,,,
32.0,65.0,131.0,504.0,3000.0,,,,2011.0,9.0,0,7.0,0,0,0,1,0,0,0,0,0,0,0,6.22455842927536,4.882801922586371,4.189654742026425,,,
32.0,65.0,246.0,1303.0,3400.0,,,,2012.0,10.0,0,6.0,0,1,0,0,0,0,0,0,0,0,0,7.1731917424865985,5.5093883366279774,4.189654742026425,,,
32.0,100.0,246.0,1303.0,3800.0,,,,2012.0,10.0,0,6.0,0,1,0,0,0,0,0,0,0,0,0,7.1731917424865985,5.5093883366279774,4.61512051684126,,,
32.0,100.0,246.0,1303.0,3800.0,,,,2012.0,10.0,0,6.0,0,1,0,0,0,0,0,0,0,0,0,7.1731917424865985,5.5093883366279774,4.61512051684126,,,
32.0,17.0,246.0,1303.0,1900.0,,,,2012.0,9.0,0,6.0,0,1,0,0,0,0,0,0,0,0,0,7.1731917424865985,5.5093883366279774,2.8903717578961645,,,
32.0,65.0,246.0,1303.0,3400.0,,,,2012.0,10.0,0,6.0,0,1,0,0,0,0,0,0,0,0,0,7.1731917424865985,5.5093883366279774,4.189654742026425,,,
32.0,65.0,246.0,1303.0,3400.0,,,,2012.0,10.0,0,6.0,0,1,0,0,0,0,0,0,0,0,0,7.1731917424865985,5.5093883366279774,4.189654742026425,,,
32.0,65.0,246.0,1303.0,3600.0,,,,2012.0,10.0,0,6.0,0,1,0,0,0,0,0,0,0,0,0,7.1731917424865985,5.5093883366279774,4.189654742026425,,,
32.0,65.0,246.0,1303.0,3600.0,,,,2012.0,10.0,0,6.0,0,1,0,0,0,0,0,0,0,0,0,7.1731917424865985,5.5093883366279774,4.189654742026425,,,
32.0,19.0,246.0,1303.0,1600.0,,,,2012.0,9.0,0,6.0,0,1,0,0,0,0,0,0,0,0,0,7.1731917424865985,5.5093883366279774,2.995732273553991,,,
32.0,65.0,246.0,1303.0,3200.0,,,,2012.0,10.0,0,6.0,0,1,0,0,0,0,0,0,0,0,0,7.1731917424865985,5.5093883366279774,4.189654742026425,,,
32.0,65.0,246.0,1303.0,3200.0,,,,2012.0,10.0,0,6.0,0,1,0,0,0,0,0,0,0,0,0,7.1731917424865985,5.5093883366279774,4.189654742026425,,,
32.0,100.0,246.0,1303.0,3600.0,,,,2012.0,10.0,0,6.0,0,1,0,0,0,0,0,0,0,0,0,7.1731917424865985,5.5093883366279774,4.61512051684126,,,
32.0,65.0,246.0,1303.0,3200.0,,,,2012.0,10.0,0,6.0,0,1,0,0,0,0,0,0,0,0,0,7.1731917424865985,5.5093883366279774,4.189654742026425,,,
32.0,65.0,246.0,1303.0,2800.0,,,,2012.0,10.0,0,6.0,0,1,0,0,0,0,0,0,0,0,0,7.1731917424865985,5.5093883366279774,4.189654742026425,,,
32.0,65.0,246.0,1303.0,3200.0,,,,2012.0,10.0,0,6.0,0,1,0,0,0,0,0,0,0,0,0,7.1731917424865985,5.5093883366279774,4.189654742026425,,,
32.0,100.0,246.0,1303.0,3400.0,,,,2012.0,10.0,0,6.0,0,1,0,0,0,0,0,0,0,0,0,7.1731917424865985,5.5093883366279774,4.61512051684126,,,
40.0,9.0,75.0,731.0,1000.0,,,,2012.0,9.0,0,6.0,0,0,0,0,0,0,0,0,0,0,1,6.595780513961311,4.330733340286331,2.302585092994046,,,
32.0,95.0,315.0,1200.0,3900.0,,,,2012.0,10.0,0,6.0,0,0,0,0,0,0,0,0,0,0,1,7.0909098220799835,5.755742213586912,4.564348191467836,,,
32.0,95.0,315.0,1200.0,3800.0,,,,2012.0,10.0,0,6.0,0,0,0,0,0,0,0,0,0,0,1,7.0909098220799835,5.755742213586912,4.564348191467836,,,
32.0,95.0,315.0,1200.0,3800.0,,,,2012.0,10.0,0,6.0,0,1,0,0,0,0,0,0,0,0,0,7.0909098220799835,5.755742213586912,4.564348191467836,,,
32.0,95.0,315.0,1200.0,4000.0,,,,2012.0,10.0,0,6.0,0,0,0,0,0,0,0,0,0,0,1,7.0909098220799835,5.755742213586912,4.564348191467836,,,
32.0,95.0,315.0,1200.0,3600.0,,,,2012.0,10.0,0,6.0,0,0,0,0,0,0,0,0,0,0,1,7.0909098220799835,5.755742213586912,4.564348191467836,,,
32.0,95.0,315.0,1200.0,3600.0,,,,2012.0,10.0,0,6.0,0,0,0,0,0,0,0,0,0,0,1,7.0909098220799835,5.755742213586912,4.564348191467836,,,
32.0,95.0,315.0,1200.0,3500.0,,,,2012.0,10.0,0,6.0,0,1,0,0,0,0,0,0,0,0,0,7.0909098220799835,5.755742213586912,4.564348191467836,,,
32.0,95.0,315.0,1200.0,3200.0,,,,2012.0,10.0,0,6.0,0,0,0,0,0,0,0,0,0,0,1,7.0909098220799835,5.755742213586912,4.564348191467836,,,
32.0,125.0,315.0,1200.0,3900.0,,,,2012.0,10.0,0,6.0,0,0,0,0,0,0,0,0,0,0,1,7.0909098220799835,5.755742213586912,4.836281906951478,,,
32.0,95.0,315.0,1200.0,3300.0,,,,2012.0,10.0,0,6.0,0,0,0,0,0,0,0,0,0,0,1,7.0909098220799835,5.755742213586912,4.564348191467836,,,
32.0,125.0,315.0,1200.0,3500.0,,,,2012.0,10.0,0,6.0,0,1,0,0,0,0,0,0,0,0,0,7.0909098220799835,5.755742213586912,4.836281906951478,,,
32.0,125.0,315.0,1200.0,4000.0,,,,2012.0,10.0,0,6.0,0,1,0,0,0,0,0,0,0,0,0,7.0909098220799835,5.755742213586912,4.836281906951478,,,
32.0,100.0,246.0,1303.0,3800.0,,,,2012.0,8.0,0,6.0,0,1,0,0,0,0,0,0,0,0,0,7.1731917424865985,5.5093883366279774,4.61512051684126,,,
32.0,25.0,315.0,1200.0,1900.0,,,,2012.0,12.0,0,6.0,0,0,0,0,0,0,0,0,0,0,1,7.0909098220799835,5.755742213586912,3.258096538021482,,,
32.0,45.0,315.0,1200.0,2800.0,,,,2012.0,12.0,0,6.0,0,0,0,0,0,0,0,0,0,0,1,7.0909098220799835,5.755742213586912,3.828641396489095,,,
32.0,65.0,315.0,1200.0,2600.0,,,,2012.0,12.0,0,6.0,0,0,0,0,0,0,0,0,0,0,1,7.0909098220799835,5.755742213586912,4.189654742026425,,,
32.0,35.0,315.0,1200.0,2200.0,,,,2012.0,12.0,0,6.0,0,0,0,0,0,0,0,0,0,0,1,7.0909098220799835,5.755742213586912,3.58351893845611,,,
32.0,65.0,315.0,1200.0,3000.0,,,,2012.0,12.0,0,6.0,0,0,0,0,0,0,0,0,0,0,1,7.0909098220799835,5.755742213586912,4.189654742026425,,,
32.0,95.0,315.0,1200.0,3100.0,,,,2012.0,12.0,0,6.0,0,0,0,0,0,0,0,0,0,0,1,7.0909098220799835,5.755742213586912,4.564348191467836,,,
32.0,95.0,315.0,1200.0,3500.0,,,,2012.0,12.0,0,6.0,0,0,0,0,0,0,0,0,0,0,1,7.0909098220799835,5.755742213586912,4.564348191467836,,,
32.0,65.0,315.0,1200.0,2600.0,,,,2012.0,12.0,0,6.0,0,0,0,0,0,0,0,0,0,0,1,7.0909098220799835,5.755742213586912,4.189654742026425,,,
32.0,95.0,315.0,1200.0,3100.0,,,,2012.0,12.0,0,6.0,0,0,0,0,0,0,0,0,0,0,1,7.0909098220799835,5.755742213586912,4.564348191467836,,,
32.0,35.0,315.0,1200.0,2200.0,,,,2012.0,12.0,0,6.0,0,0,0,0,0,0,0,0,0,0,1,7.0909098220799835,5.755742213586912,3.58351893845611,,,
32.0,65.0,315.0,1200.0,2600.0,,,,2012.0,12.0,0,6.0,0,0,0,0,0,0,0,0,0,0,1,7.0909098220799835,5.755742213586912,4.189654742026425,,,
32.0,115.0,171.0,2400.0,2800.0,,,,2012.0,11.0,0,6.0,0,1,0,0,0,0,0,0,0,0,0,7.783640596221253,5.147494476813453,4.7535901911063645,,,
32.0,85.0,315.0,2400.0,1800.0,,,,2012.0,11.0,0,6.0,0,0,0,0,0,0,0,0,0,0,1,7.783640596221253,5.755742213586912,4.454347296253507,,,
32.0,115.0,315.0,2400.0,2300.0,,,,2012.0,11.0,0,6.0,0,0,0,0,0,0,0,0,0,0,1,7.783640596221253,5.755742213586912,4.7535901911063645,,,
32.0,115.0,315.0,2400.0,2400.0,,,,2012.0,11.0,0,6.0,0,0,0,0,0,0,0,0,0,0,1,7.783640596221253,5.755742213586912,4.7535901911063645,,,
32.0,115.0,315.0,2400.0,2500.0,,,,2012.0,11.0,0,6.0,0,0,0,0,0,0,0,0,0,0,1,7.783640596221253,5.755742213586912,4.7535901911063645,,,
32.0,140.0,315.0,2400.0,2800.0,,,,2012.0,11.0,0,6.0,0,0,0,0,0,0,0,0,0,0,1,7.783640596221253,5.755742213586912,4.948759890378168,,,
32.0,65.0,246.0,1303.0,2900.0,,,,,,0,6.0,0,1,0,0,0,0,0,0,0,0,0,7.1731917424865985,5.5093883366279774,4.189654742026425,,,
40.0,5.0,171.0,731.0,1000.0,,,,2012.0,10.0,0,6.0,0,0,0,0,0,0,0,0,0,0,1,6.595780513961311,5.147494476813453,1.791759469228055,,,
32.0,8.0,171.0,731.0,1600.0,,,,2012.0,12.0,0,7.0,0,0,0,1,0,0,0,0,0,0,0,6.595780513961311,5.147494476813453,2.1972245773362196,,,
32.0,6.0,171.0,731.0,1600.0,,,,2012.0,12.0,0,7.0,0,0,0,1,0,0,0,0,0,0,0,6.595780513961311,5.147494476813453,1.9459101490553132,,,
32.0,9.0,171.0,731.0,2000.0,,,,2012.0,12.0,0,7.0,0,0,0,1,0,0,0,0,0,0,0,6.595780513961311,5.147494476813453,2.302585092994046,,,
32.0,3.0,65.0,140.0,1800.0,,,,2012.0,9.0,0,7.0,0,0,0,1,0,0,0,0,0,0,0,4.948759890378168,4.189654742026425,1.3862943611198906,,,
32.0,17.0,131.0,504.0,1500.0,,,,2012.0,9.0,0,7.0,0,0,0,1,0,0,0,0,0,0,0,6.22455842927536,4.882801922586371,2.8903717578961645,,,
32.0,35.0,131.0,504.0,1800.0,,,,2012.0,9.0,0,7.0,0,0,0,1,0,0,0,0,0,0,0,6.22455842927536,4.882801922586371,3.58351893845611,,,
22.0,55.0,94.0,731.0,2600.0,,,,2012.0,12.0,0,7.0,0,0,0,1,0,0,0,0,0,0,0,6.595780513961311,4.553876891600541,4.02535169073515,,,
22.0,35.0,94.0,731.0,2300.0,,,,2012.0,12.0,0,7.0,0,0,0,1,0,0,0,0,0,0,0,6.595780513961311,4.553876891600541,3.58351893845611,,,
22.0,55.0,94.0,731.0,2700.0,,,,2012.0,12.0,0,7.0,0,0,0,1,0,0,0,0,0,0,0,6.595780513961311,4.553876891600541,4.02535169073515,,,
32.0,35.0,131.0,504.0,1900.0,,,,2012.0,9.0,0,7.0,0,0,0,1,0,0,0,0,0,0,0,6.22455842927536,4.882801922586371,3.58351893845611,,,
32.0,65.0,131.0,504.0,2700.0,,,,2012.0,9.0,0,7.0,0,0,0,1,0,0,0,0,0,0,0,6.22455842927536,4.882801922586371,4.189654742026425,,,
32.0,35.0,149.0,624.0,2200.0,,,,2012.0,9.0,0,7.0,0,0,0,1,0,0,0,0,0,0,0,6.437751649736401,5.0106352940962555,3.58351893845611,,,
32.0,17.0,149.0,624.0,1500.0,,,,2012.0,9.0,0,7.0,0,0,0,1,0,0,0,0,0,0,0,6.437751649736401,5.0106352940962555,2.8903717578961645,,,
22.0,35.0,118.0,731.0,2500.0,,,,2012.0,9.0,0,7.0,0,0,0,1,0,0,0,0,0,0,0,6.595780513961311,4.77912349311153,3.58351893845611,,,
22.0,35.0,118.0,731.0,2500.0,,,,2012.0,9.0,0,7.0,0,0,0,1,0,0,0,0,0,0,0,6.595780513961311,4.77912349311153,3.58351893845611,,,
22.0,55.0,94.0,731.0,3300.0,,,,2012.0,9.0,0,7.0,0,0,0,1,0,0,0,0,0,0,0,6.595780513961311,4.553876891600541,4.02535169073515,,,
22.0,35.0,94.0,731.0,2800.0,,,,2012.0,9.0,0,7.0,0,0,0,1,0,0,0,0,0,0,0,6.595780513961311,4.553876891600541,3.58351893845611,,,
22.0,55.0,118.0,731.0,3300.0,,,,2012.0,9.0,0,7.0,0,0,0,1,0,0,0,0,0,0,0,6.595780513961311,4.77912349311153,4.02535169073515,,,
22.0,55.0,94.0,731.0,3400.0,,,,2012.0,9.0,0,7.0,0,0,0,1,0,0,0,0,0,0,0,6.595780513961311,4.553876891600541,4.02535169073515,,,
22.0,35.0,94.0,731.0,3000.0,,,,2012.0,9.0,0,7.0,0,0,0,1,0,0,0,0,0,0,0,6.595780513961311,4.553876891600541,3.58351893845611,,,
22.0,77.0,133.0,731.0,3000.0,,,,2012.0,9.0,0,7.0,0,0,0,1,0,0,0,0,0,0,0,6.595780513961311,4.897839799950911,4.356708826689592,,,
22.0,77.0,133.0,731.0,2700.0,,,,2012.0,9.0,0,7.0,0,0,0,1,0,0,0,0,0,0,0,6.595780513961311,4.897839799950911,4.356708826689592,,,
22.0,65.0,160.0,1480.0,2700.0,,,,2012.0,11.0,0,7.0,0,0,0,1,0,0,0,0,0,0,0,7.300472814267799,5.081404364984463,4.189654742026425,,,
22.0,69.0,133.0,731.0,3100.0,,,,2012.0,9.0,0,7.0,0,0,0,1,0,0,0,0,0,0,0,6.595780513961311,4.897839799950911,4.248495242049359,,,
22.0,35.0,160.0,731.0,2800.0,,,,2012.0,11.0,0,7.0,0,0,0,1,0,0,0,0,0,0,0,6.595780513961311,5.081404364984463,3.58351893845611,,,
22.0,35.0,160.0,1480.0,2900.0,,,,2012.0,11.0,0,7.0,0,0,0,1,0,0,0,0,0,0,0,7.300472814267799,5.081404364984463,3.58351893845611,,,
22.0,45.0,160.0,1480.0,2400.0,,,,2012.0,9.0,0,7.0,0,0,0,1,0,0,0,0,0,0,0,7.300472814267799,5.081404364984463,3.828641396489095,,,
22.0,35.0,160.0,1480.0,2200.0,,,,2012.0,10.0,0,7.0,0,0,0,1,0,0,0,0,0,0,0,7.300472814267799,5.081404364984463,3.58351893845611,,,
22.0,35.0,160.0,1480.0,2200.0,,,,2012.0,10.0,0,7.0,0,0,0,1,0,0,0,0,0,0,0,7.300472814267799,5.081404364984463,3.58351893845611,,,
22.0,45.0,160.0,1480.0,2400.0,,,,2012.0,9.0,0,7.0,0,0,0,1,0,0,0,0,0,0,0,7.300472814267799,5.081404364984463,3.828641396489095,,,
22.0,45.0,160.0,1400.0,2700.0,,,,2012.0,9.0,0,7.0,0,0,0,1,0,0,0,0,0,0,0,7.244941546337007,5.081404364984463,3.828641396489095,,,
22.0,45.0,160.0,1400.0,2700.0,,,,2012.0,9.0,0,7.0,0,0,0,1,0,0,0,0,0,0,0,7.244941546337007,5.081404364984463,3.828641396489095,,,
22.0,45.0,160.0,1400.0,2800.0,,,,2012.0,9.0,0,7.0,0,0,0,1,0,0,0,0,0,0,0,7.244941546337007,5.081404364984463,3.828641396489095,,,
22.0,45.0,160.0,1400.0,2800.0,,,,2012.0,9.0,0,7.0,0,0,0,1,0,0,0,0,0,0,0,7.244941546337007,5.081404364984463,3.828641396489095,,,
22.0,55.0,160.0,1400.0,3000.0,,,,2012.0,9.0,0,7.0,0,0,0,1,0,0,0,0,0,0,0,7.244941546337007,5.081404364984463,4.02535169073515,,,
32.0,150.0,435.0,2270.0,3500.0,,,,2012.0,11.0,0,7.0,0,0,0,1,0,0,0,0,0,0,0,7.7279755421055585,6.077642243349034,5.017279836814924,,,
22.0,35.0,118.0,1400.0,2400.0,,,,2012.0,9.0,0,7.0,0,0,0,1,0,0,0,0,0,0,0,7.244941546337007,4.77912349311153,3.58351893845611,,,
22.0,17.0,118.0,1400.0,1800.0,,,,2012.0,9.0,0,7.0,0,0,0,1,0,0,0,0,0,0,0,7.244941546337007,4.77912349311153,2.8903717578961645,,,
22.0,17.0,118.0,1400.0,1800.0,,,,2012.0,9.0,0,7.0,0,0,0,1,0,0,0,0,0,0,0,7.244941546337007,4.77912349311153,2.8903717578961645,,,
22.0,10.0,118.0,1400.0,1100.0,,,,2012.0,9.0,0,7.0,0,0,0,1,0,0,0,0,0,0,0,7.244941546337007,4.77912349311153,2.3978952727983707,,,
32.0,17.0,131.0,504.0,1600.0,,,,2012.0,9.0,0,7.0,0,0,0,1,0,0,0,0,0,0,0,6.22455842927536,4.882801922586371,2.8903717578961645,,,
32.0,35.0,131.0,504.0,2400.0,,,,2012.0,9.0,0,7.0,0,0,0,1,0,0,0,0,0,0,0,6.22455842927536,4.882801922586371,3.58351893845611,,,
22.0,35.0,94.0,731.0,2600.0,,,,2012.0,9.0,0,7.0,0,0,0,1,0,0,0,0,0,0,0,6.595780513961311,4.553876891600541,3.58351893845611,,,
22.0,55.0,94.0,731.0,3100.0,,,,2012.0,9.0,0,7.0,0,0,0,1,0,0,0,0,0,0,0,6.595780513961311,4.553876891600541,4.02535169073515,,,
32.0,65.0,131.0,504.0,2900.0,,,,2012.0,9.0,0,7.0,0,0,0,1,0,0,0,0,0,0,0,6.22455842927536,4.882801922586371,4.189654742026425,,,
32.0,35.0,131.0,504.0,2500.0,,,,2012.0,9.0,0,7.0,0,0,0,1,0,0,0,0,0,0,0,6.22455842927536,4.882801922586371,3.58351893845611,,,
22.0,300.0,350.0,5000.0,1053.0,,,,2012.0,11.0,0,7.0,0,0,0,1,0,0,0,0,0,0,0,8.517393171418904,5.860786223465865,5.707110264748875,,,
22.0,225.0,350.0,5000.0,1053.0,,,,2012.0,11.0,0,7.0,0,0,0,1,0,0,0,0,0,0,0,8.517393171418904,5.860786223465865,5.420534999272286,,,
22.0,300.0,350.0,5000.0,1250.0,,,,2012.0,11.0,0,7.0,0,0,0,1,0,0,0,0,0,0,0,8.517393171418904,5.860786223465865,5.707110264748875,,,
22.0,300.0,350.0,5000.0,1250.0,,,,2012.0,11.0,0,7.0,0,0,0,1,0,0,0,0,0,0,0,8.517393171418904,5.860786223465865,5.707110264748875,,,
22.0,300.0,350.0,5000.0,1100.0,,,,2012.0,11.0,0,7.0,0,0,0,1,0,0,0,0,0,0,0,8.517393171418904,5.860786223465865,5.707110264748875,,,
22.0,300.0,350.0,5000.0,1100.0,,,,2012.0,11.0,0,7.0,0,0,0,1,0,0,0,0,0,0,0,8.517393171418904,5.860786223465865,5.707110264748875,,,
32.0,45.0,246.0,1303.0,2500.0,,,,2013.0,9.0,0,6.0,0,1,0,0,0,0,0,0,0,0,0,7.1731917424865985,5.5093883366279774,3.828641396489095,,,
32.0,100.0,246.0,1303.0,4000.0,,,,2013.0,10.0,0,6.0,0,1,0,0,0,0,0,0,0,0,0,7.1731917424865985,5.5093883366279774,4.61512051684126,,,
32.0,100.0,246.0,1303.0,4000.0,,,,2013.0,10.0,0,6.0,0,1,0,0,0,0,0,0,0,0,0,7.1731917424865985,5.5093883366279774,4.61512051684126,,,
28.0,8.0,107.0,731.0,1000.0,,,,2013.0,10.0,0,6.0,0,0,0,0,0,0,0,0,0,0,1,6.595780513961311,4.68213122712422,2.1972245773362196,,,
32.0,65.0,246.0,1303.0,3800.0,,,,,,0,6.0,0,1,0,0,0,0,0,0,0,0,0,7.1731917424865985,5.5093883366279774,4.189654742026425,,,
32.0,45.0,246.0,1303.0,2100.0,,,,2013.0,9.0,0,6.0,0,1,0,0,0,0,0,0,0,0,0,7.1731917424865985,5.5093883366279774,3.828641396489095,,,
32.0,65.0,246.0,1303.0,3400.0,,,,,,0,6.0,0,1,0,0,0,0,0,0,0,0,0,7.1731917424865985,5.5093883366279774,4.189654742026425,,,
22.0,5.0,171.0,731.0,1467.0,,,,2013.0,10.0,0,7.0,0,0,0,1,0,0,0,0,0,0,0,6.595780513961311,5.147494476813453,1.791759469228055,,,
22.0,6.0,171.0,731.0,1333.0,,,,2013.0,10.0,0,7.0,0,0,0,1,0,0,0,0,0,0,0,6.595780513961311,5.147494476813453,1.9459101490553132,,,
22.0,7.0,171.0,731.0,1467.0,,,,2013.0,10.0,0,7.0,0,0,0,1,0,0,0,0,0,0,0,6.595780513961311,5.147494476813453,2.0794415416798357,,,
22.0,8.0,171.0,731.0,1750.0,,,,2013.0,10.0,0,7.0,0,0,0,1,0,0,0,0,0,0,0,6.595780513961311,5.147494476813453,2.1972245773362196,,,
22.0,10.0,171.0,731.0,1910.0,,,,2013.0,10.0,0,7.0,0,0,0,1,0,0,0,0,0,0,0,6.595780513961311,5.147494476813453,2.3978952727983707,,,
22.0,2.0,100.0,731.0,1333.0,,,,2013.0,9.0,0,7.0,0,0,0,1,0,0,0,0,0,0,0,6.595780513961311,4.61512051684126,1.0986122886681098,,,
22.0,8.0,100.0,731.0,1467.0,,,,2013.0,9.0,0,7.0,0,0,0,1,0,0,0,0,0,0,0,6.595780513961311,4.61512051684126,2.1972245773362196,,,
22.0,37.0,118.0,1400.0,2000.0,,,,2013.0,9.0,0,7.0,0,0,0,1,0,0,0,0,0,0,0,7.244941546337007,4.77912349311153,3.6375861597263857,,,
22.0,37.0,118.0,1400.0,2000.0,,,,2013.0,9.0,0,7.0,0,0,0,1,0,0,0,0,0,0,0,7.244941546337007,4.77912349311153,3.6375861597263857,,,
22.0,15.0,118.0,1400.0,1400.0,,,,2013.0,9.0,0,7.0,0,0,0,1,0,0,0,0,0,0,0,7.244941546337007,4.77912349311153,2.772588722239781,,,
22.0,15.0,118.0,1400.0,1400.0,,,,2013.0,9.0,0,7.0,0,0,0,1,0,0,0,0,0,0,0,7.244941546337007,4.77912349311153,2.772588722239781,,,
22.0,12.0,118.0,1400.0,1100.0,,,,2013.0,12.0,0,7.0,0,0,0,1,0,0,0,0,0,0,0,7.244941546337007,4.77912349311153,2.5649493574615367,,,
22.0,15.0,118.0,1400.0,1600.0,,,,2013.0,9.0,0,7.0,0,0,0,1,0,0,0,0,0,0,0,7.244941546337007,4.77912349311153,2.772588722239781,,,
22.0,35.0,94.0,731.0,2400.0,,,,2013.0,9.0,0,7.0,0,0,0,1,0,0,0,0,0,0,0,6.595780513961311,4.553876891600541,3.58351893845611,,,
22.0,55.0,94.0,731.0,2800.0,,,,2013.0,9.0,0,7.0,0,0,0,1,0,0,0,0,0,0,0,6.595780513961311,4.553876891600541,4.02535169073515,,,
22.0,54.0,177.0,1400.0,2700.0,,,,2013.0,12.0,0,7.0,0,0,0,1,0,0,0,0,0,0,0,7.244941546337007,5.181783550292085,4.007333185232471,,,
22.0,54.0,177.0,1400.0,2400.0,,,,2013.0,12.0,0,7.0,0,0,0,1,0,0,0,0,0,0,0,7.244941546337007,5.181783550292085,4.007333185232471,,,
22.0,54.0,177.0,1400.0,2200.0,,,,2013.0,12.0,0,7.0,0,0,0,1,0,0,0,0,0,0,0,7.244941546337007,5.181783550292085,4.007333185232471,,,
22.0,54.0,177.0,1400.0,2800.0,,,,2013.0,12.0,0,7.0,0,0,0,1,0,0,0,0,0,0,0,7.244941546337007,5.181783550292085,4.007333185232471,,,
22.0,4.0,171.0,731.0,1463.0,,,,2013.0,9.0,0,7.0,0,0,0,1,0,0,0,0,0,0,0,6.595780513961311,5.147494476813453,1.6094379124341003,,,
22.0,4.0,171.0,731.0,1580.0,,,,2013.0,12.0,0,7.0,0,0,0,1,0,0,0,0,0,0,0,6.595780513961311,5.147494476813453,1.6094379124341003,,,
22.0,7.0,171.0,731.0,2000.0,,,,2013.0,9.0,0,7.0,0,0,0,1,0,0,0,0,0,0,0,6.595780513961311,5.147494476813453,2.0794415416798357,,,
22.0,7.0,171.0,731.0,2170.0,,,,2013.0,12.0,0,7.0,0,0,0,1,0,0,0,0,0,0,0,6.595780513961311,5.147494476813453,2.0794415416798357,,,
22.0,7.0,171.0,731.0,1600.0,,,,2013.0,9.0,0,7.0,0,0,0,1,0,0,0,0,0,0,0,6.595780513961311,5.147494476813453,2.0794415416798357,,,
22.0,7.0,171.0,731.0,1860.0,,,,2013.0,12.0,0,7.0,0,0,0,1,0,0,0,0,0,0,0,6.595780513961311,5.147494476813453,2.0794415416798357,,,
22.0,37.0,118.0,1400.0,2400.0,,,,2013.0,9.0,0,7.0,0,0,0,1,0,0,0,0,0,0,0,7.244941546337007,4.77912349311153,3.6375861597263857,,,
22.0,15.0,118.0,1400.0,1700.0,,,,2013.0,9.0,0,7.0,0,0,0,1,0,0,0,0,0,0,0,7.244941546337007,4.77912349311153,2.772588722239781,,,
22.0,37.0,118.0,1400.0,2400.0,,,,2013.0,9.0,0,7.0,0,0,0,1,0,0,0,0,0,0,0,7.244941546337007,4.77912349311153,3.6375861597263857,,,
22.0,25.0,118.0,1400.0,1600.0,,,,2013.0,9.0,0,7.0,0,0,0,1,0,0,0,0,0,0,0,7.244941546337007,4.77912349311153,3.258096538021482,,,
22.0,54.0,177.0,1400.0,3400.0,,,,2013.0,9.0,0,7.0,0,0,0,1,0,0,0,0,0,0,0,7.244941546337007,5.181783550292085,4.007333185232471,,,
22.0,35.0,177.0,1400.0,2900.0,,,,2013.0,9.0,0,7.0,0,0,0,1,0,0,0,0,0,0,0,7.244941546337007,5.181783550292085,3.58351893845611,,,
22.0,54.0,177.0,1400.0,3500.0,,,,2013.0,9.0,0,7.0,0,0,0,1,0,0,0,0,0,0,0,7.244941546337007,5.181783550292085,4.007333185232471,,,
22.0,35.0,177.0,1400.0,3000.0,,,,2013.0,9.0,0,7.0,0,0,0,1,0,0,0,0,0,0,0,7.244941546337007,5.181783550292085,3.58351893845611,,,
22.0,54.0,177.0,1400.0,3600.0,,,,2013.0,9.0,0,7.0,0,0,0,1,0,0,0,0,0,0,0,7.244941546337007,5.181783550292085,4.007333185232471,,,
22.0,37.0,118.0,1400.0,2600.0,,,,2013.0,9.0,0,7.0,0,0,0,1,0,0,0,0,0,0,0,7.244941546337007,4.77912349311153,3.6375861597263857,,,
22.0,37.0,118.0,1400.0,2800.0,,,,2013.0,9.0,0,7.0,0,0,0,1,0,0,0,0,0,0,0,7.244941546337007,4.77912349311153,3.6375861597263857,,,
22.0,84.0,177.0,1400.0,3100.0,,,,2013.0,9.0,0,7.0,0,0,0,1,0,0,0,0,0,0,0,7.244941546337007,5.181783550292085,4.442651256490317,,,
22.0,65.0,177.0,1400.0,2800.0,,,,2013.0,9.0,0,7.0,0,0,0,1,0,0,0,0,0,0,0,7.244941546337007,5.181783550292085,4.189654742026425,,,
32.0,130.0,435.0,2270.0,3000.0,,,,2013.0,7.0,0,7.0,0,0,0,1,0,0,0,0,0,0,0,7.7279755421055585,6.077642243349034,4.875197323201151,,,
22.0,37.0,131.0,960.0,2900.0,,,,2013.0,9.0,0,7.0,0,0,0,1,0,0,0,0,0,0,0,6.8679744089702925,4.882801922586371,3.6375861597263857,,,
22.0,15.0,118.0,1300.0,2100.0,,,,2013.0,9.0,0,7.0,0,0,0,1,0,0,0,0,0,0,0,7.170888478512505,4.77912349311153,2.772588722239781,,,
22.0,84.0,177.0,1400.0,3500.0,,,,2013.0,9.0,0,7.0,0,0,0,1,0,0,0,0,0,0,0,7.244941546337007,5.181783550292085,4.442651256490317,,,
22.0,130.0,257.0,1860.0,3700.0,,,,2013.0,9.0,0,7.0,0,0,0,1,0,0,0,0,0,0,0,7.528869256642251,5.552959584921617,4.875197323201151,,,
22.0,47.0,264.0,1400.0,1600.0,,,,2013.0,8.0,0,7.0,0,0,0,1,0,0,0,0,0,0,0,7.244941546337007,5.579729825986222,3.871201010907891,,,
22.0,47.0,264.0,1400.0,1800.0,,,,2013.0,8.0,0,7.0,0,0,0,1,0,0,0,0,0,0,0,7.244941546337007,5.579729825986222,3.871201010907891,,,
22.0,130.0,257.0,1860.0,3400.0,,,,2013.0,9.0,0,7.0,0,0,0,1,0,0,0,0,0,0,0,7.528869256642251,5.552959584921617,4.875197323201151,,,
22.0,47.0,264.0,1400.0,2600.0,,,,2013.0,9.0,0,7.0,0,0,0,1,0,0,0,0,0,0,0,7.244941546337007,5.579729825986222,3.871201010907891,,,
22.0,130.0,257.0,1860.0,3600.0,,,,2013.0,9.0,0,7.0,0,0,0,1,0,0,0,0,0,0,0,7.528869256642251,5.552959584921617,4.875197323201151,,,
22.0,47.0,264.0,1400.0,2800.0,,,,2013.0,9.0,0,7.0,0,0,0,1,0,0,0,0,0,0,0,7.244941546337007,5.579729825986222,3.871201010907891,,,
22.0,37.0,118.0,1400.0,2300.0,,,,2013.0,9.0,0,7.0,0,0,0,1,0,0,0,0,0,0,0,7.244941546337007,4.77912349311153,3.6375861597263857,,,
22.0,15.0,118.0,1400.0,1700.0,,,,2013.0,9.0,0,7.0,0,0,0,1,0,0,0,0,0,0,0,7.244941546337007,4.77912349311153,2.772588722239781,,,
22.0,12.0,118.0,1400.0,1200.0,,,,2013.0,9.0,0,7.0,0,0,0,1,0,0,0,0,0,0,0,7.244941546337007,4.77912349311153,2.5649493574615367,,,
22.0,54.0,177.0,1400.0,3000.0,,,,2013.0,9.0,0,7.0,0,0,0,1,0,0,0,0,0,0,0,7.244941546337007,5.181783550292085,4.007333185232471,,,
22.0,35.0,177.0,1400.0,2600.0,,,,2013.0,9.0,0,7.0,0,0,0,1,0,0,0,0,0,0,0,7.244941546337007,5.181783550292085,3.58351893845611,,,
22.0,54.0,177.0,1400.0,3200.0,,,,2013.0,9.0,0,7.0,0,0,0,1,0,0,0,0,0,0,0,7.244941546337007,5.181783550292085,4.007333185232471,,,
22.0,35.0,177.0,1400.0,2700.0,,,,2013.0,9.0,0,7.0,0,0,0,1,0,0,0,0,0,0,0,7.244941546337007,5.181783550292085,3.58351893845611,,,
22.0,54.0,177.0,1400.0,3300.0,,,,2013.0,9.0,0,7.0,0,0,0,1,0,0,0,0,0,0,0,7.244941546337007,5.181783550292085,4.007333185232471,,,
22.0,13.0,160.0,1400.0,1100.0,,,,2013.0,9.0,0,7.0,0,0,0,1,0,0,0,0,0,0,0,7.244941546337007,5.081404364984463,2.6390573296152584,,,
22.0,130.0,257.0,1860.0,3000.0,,,,2013.0,9.0,0,7.0,0,0,0,1,0,0,0,0,0,0,0,7.528869256642251,5.552959584921617,4.875197323201151,,,
22.0,130.0,257.0,1860.0,3700.0,,,,2013.0,9.0,0,7.0,0,0,0,1,0,0,0,0,0,0,0,7.528869256642251,5.552959584921617,4.875197323201151,,,
22.0,130.0,257.0,1860.0,3500.0,,,,2013.0,9.0,0,7.0,0,0,0,1,0,0,0,0,0,0,0,7.528869256642251,5.552959584921617,4.875197323201151,,,
22.0,130.0,257.0,1860.0,3700.0,,,,2013.0,9.0,0,7.0,0,0,0,1,0,0,0,0,0,0,0,7.528869256642251,5.552959584921617,4.875197323201151,,,
22.0,130.0,341.0,2800.0,3000.0,,,,2013.0,9.0,0,7.0,0,0,0,1,0,0,0,0,0,0,0,7.937731775260109,5.834810737062605,4.875197323201151,,,
22.0,80.0,160.0,1400.0,1800.0,,,,2013.0,9.0,0,7.0,0,0,0,1,0,0,0,0,0,0,0,7.244941546337007,5.081404364984463,4.394449154672439,,,
22.0,80.0,160.0,1400.0,2400.0,,,,2013.0,9.0,0,7.0,0,0,0,1,0,0,0,0,0,0,0,7.244941546337007,5.081404364984463,4.394449154672439,,,
22.0,80.0,160.0,1400.0,2200.0,,,,2013.0,9.0,0,7.0,0,0,0,1,0,0,0,0,0,0,0,7.244941546337007,5.081404364984463,4.394449154672439,,,
22.0,80.0,160.0,1400.0,2500.0,,,,2013.0,9.0,0,7.0,0,0,0,1,0,0,0,0,0,0,0,7.244941546337007,5.081404364984463,4.394449154672439,,,
22.0,95.0,160.0,1400.0,1900.0,,,,2013.0,9.0,0,7.0,0,0,0,1,0,0,0,0,0,0,0,7.244941546337007,5.081404364984463,4.564348191467836,,,
22.0,95.0,160.0,1400.0,2500.0,,,,2013.0,9.0,0,7.0,0,0,0,1,0,0,0,0,0,0,0,7.244941546337007,5.081404364984463,4.564348191467836,,,
22.0,95.0,160.0,1400.0,2400.0,,,,2013.0,9.0,0,7.0,0,0,0,1,0,0,0,0,0,0,0,7.244941546337007,5.081404364984463,4.564348191467836,,,
22.0,80.0,160.0,1400.0,1800.0,,,,2013.0,9.0,0,7.0,0,0,0,1,0,0,0,0,0,0,0,7.244941546337007,5.081404364984463,4.394449154672439,,,
22.0,80.0,160.0,1400.0,2500.0,,,,2013.0,9.0,0,7.0,0,0,0,1,0,0,0,0,0,0,0,7.244941546337007,5.081404364984463,4.394449154672439,,,
22.0,80.0,160.0,1400.0,2100.0,,,,2013.0,9.0,0,7.0,0,0,0,1,0,0,0,0,0,0,0,7.244941546337007,5.081404364984463,4.394449154672439,,,
22.0,80.0,160.0,1400.0,2600.0,,,,2013.0,9.0,0,7.0,0,0,0,1,0,0,0,0,0,0,0,7.244941546337007,5.081404364984463,4.394449154672439,,,
22.0,60.0,160.0,1400.0,2400.0,,,,2013.0,9.0,0,7.0,0,0,0,1,0,0,0,0,0,0,0,7.244941546337007,5.081404364984463,4.110873864173311,,,
22.0,130.0,160.0,1400.0,3500.0,,,,2013.0,9.0,0,7.0,0,0,0,1,0,0,0,0,0,0,0,7.244941546337007,5.081404364984463,4.875197323201151,,,
22.0,95.0,160.0,1400.0,2000.0,,,,2013.0,9.0,0,7.0,0,0,0,1,0,0,0,0,0,0,0,7.244941546337007,5.081404364984463,4.564348191467836,,,
22.0,130.0,160.0,1400.0,3500.0,,,,2013.0,9.0,0,7.0,0,0,0,1,0,0,0,0,0,0,0,7.244941546337007,5.081404364984463,4.875197323201151,,,
22.0,95.0,160.0,1400.0,2600.0,,,,2013.0,9.0,0,7.0,0,0,0,1,0,0,0,0,0,0,0,7.244941546337007,5.081404364984463,4.564348191467836,,,
22.0,70.0,160.0,1400.0,1700.0,,,,2013.0,9.0,0,7.0,0,0,0,1,0,0,0,0,0,0,0,7.244941546337007,5.081404364984463,4.2626798770413155,,,
22.0,95.0,160.0,1400.0,2200.0,,,,2013.0,9.0,0,7.0,0,0,0,1,0,0,0,0,0,0,0,7.244941546337007,5.081404364984463,4.564348191467836,,,
22.0,130.0,160.0,1400.0,3300.0,,,,2013.0,9.0,0,7.0,0,0,0,1,0,0,0,0,0,0,0,7.244941546337007,5.081404364984463,4.875197323201151,,,
22.0,115.0,160.0,1400.0,2500.0,,,,2013.0,9.0,0,7.0,0,0,0,1,0,0,0,0,0,0,0,7.244941546337007,5.081404364984463,4.7535901911063645,,,
22.0,115.0,160.0,1400.0,2800.0,,,,2013.0,9.0,0,7.0,0,0,0,1,0,0,0,0,0,0,0,7.244941546337007,5.081404364984463,4.7535901911063645,,,
22.0,130.0,160.0,1400.0,3400.0,,,,2013.0,9.0,0,7.0,0,0,0,1,0,0,0,0,0,0,0,7.244941546337007,5.081404364984463,4.875197323201151,,,
22.0,130.0,160.0,1400.0,3000.0,,,,2013.0,9.0,0,7.0,0,0,0,1,0,0,0,0,0,0,0,7.244941546337007,5.081404364984463,4.875197323201151,,,
22.0,100.0,160.0,1400.0,2200.0,,,,2013.0,9.0,0,7.0,0,0,0,1,0,0,0,0,0,0,0,7.244941546337007,5.081404364984463,4.61512051684126,,,
22.0,115.0,160.0,1400.0,2400.0,,,,2013.0,9.0,0,7.0,0,0,0,1,0,0,0,0,0,0,0,7.244941546337007,5.081404364984463,4.7535901911063645,,,
22.0,130.0,160.0,1400.0,2700.0,,,,2013.0,9.0,0,7.0,0,0,0,1,0,0,0,0,0,0,0,7.244941546337007,5.081404364984463,4.875197323201151,,,
22.0,300.0,350.0,5000.0,1100.0,,,,2013.0,6.0,0,7.0,0,0,0,1,0,0,0,0,0,0,0,8.517393171418904,5.860786223465865,5.707110264748875,,,
22.0,300.0,350.0,5000.0,1100.0,,,,2013.0,6.0,0,7.0,0,0,0,1,0,0,0,0,0,0,0,8.517393171418904,5.860786223465865,5.707110264748875,,,
22.0,270.0,350.0,5000.0,1100.0,,,,2013.0,6.0,0,7.0,0,0,0,1,0,0,0,0,0,0,0,8.517393171418904,5.860786223465865,5.602118820879701,,,
22.0,245.0,350.0,5000.0,1053.0,,,,2013.0,6.0,0,7.0,0,0,0,1,0,0,0,0,0,0,0,8.517393171418904,5.860786223465865,5.5053315359323625,,,
22.0,300.0,350.0,5000.0,1238.0,,,,2013.0,6.0,0,7.0,0,0,0,1,0,0,0,0,0,0,0,8.517393171418904,5.860786223465865,5.707110264748875,,,
28.0,65.0,245.0,2411.0,3500.0,,,,2014.0,7.0,0,6.0,0,1,0,0,0,0,0,0,0,0,0,7.788211557847076,5.5053315359323625,4.189654742026425,,,
28.0,95.0,245.0,2411.0,3700.0,,,,2014.0,7.0,0,6.0,0,1,0,0,0,0,0,0,0,0,0,7.788211557847076,5.5053315359323625,4.564348191467836,,,
28.0,65.0,245.0,2411.0,3500.0,,,,2014.0,7.0,0,6.0,0,1,0,0,0,0,0,0,0,0,0,7.788211557847076,5.5053315359323625,4.189654742026425,,,
32.0,65.0,246.0,1303.0,3800.0,,,,,,0,6.0,0,1,0,0,0,0,0,0,0,0,0,7.1731917424865985,5.5093883366279774,4.189654742026425,,,
28.0,65.0,245.0,2411.0,3400.0,,,,2014.0,7.0,0,6.0,0,1,0,0,0,0,0,0,0,0,0,7.788211557847076,5.5053315359323625,4.189654742026425,,,
32.0,65.0,246.0,1303.0,3800.0,,,,,,0,6.0,0,1,0,0,0,0,0,0,0,0,0,7.1731917424865985,5.5093883366279774,4.189654742026425,,,
28.0,65.0,245.0,2411.0,3500.0,,,,2014.0,7.0,0,6.0,0,1,0,0,0,0,0,0,0,0,0,7.788211557847076,5.5053315359323625,4.189654742026425,,,
28.0,65.0,245.0,2411.0,3500.0,,,,2014.0,7.0,0,6.0,0,1,0,0,0,0,0,0,0,0,0,7.788211557847076,5.5053315359323625,4.189654742026425,,,
28.0,65.0,245.0,2411.0,3100.0,,,,2014.0,7.0,0,6.0,0,1,0,0,0,0,0,0,0,0,0,7.788211557847076,5.5053315359323625,4.189654742026425,,,
28.0,65.0,245.0,2411.0,3100.0,,,,2014.0,7.0,0,6.0,0,1,0,0,0,0,0,0,0,0,0,7.788211557847076,5.5053315359323625,4.189654742026425,,,
28.0,65.0,245.0,2411.0,3500.0,,,,2014.0,7.0,0,6.0,0,1,0,0,0,0,0,0,0,0,0,7.788211557847076,5.5053315359323625,4.189654742026425,,,
28.0,65.0,245.0,2411.0,3100.0,,,,2014.0,8.0,0,6.0,0,1,0,0,0,0,0,0,0,0,0,7.788211557847076,5.5053315359323625,4.189654742026425,,,
28.0,95.0,245.0,2411.0,3700.0,,,,2014.0,8.0,0,6.0,0,1,0,0,0,0,0,0,0,0,0,7.788211557847076,5.5053315359323625,4.564348191467836,,,
28.0,65.0,245.0,2411.0,3500.0,,,,,,0,6.0,0,1,0,0,0,0,0,0,0,0,0,7.788211557847076,5.5053315359323625,4.189654742026425,,,
32.0,95.0,315.0,1200.0,3200.0,,,,2014.0,9.0,0,6.0,0,0,0,0,0,0,0,0,0,0,1,7.0909098220799835,5.755742213586912,4.564348191467836,,,
32.0,125.0,315.0,1200.0,4000.0,,,,2014.0,9.0,0,6.0,0,0,0,0,0,0,0,0,0,0,1,7.0909098220799835,5.755742213586912,4.836281906951478,,,
32.0,95.0,315.0,1200.0,3300.0,,,,2014.0,9.0,0,6.0,0,0,0,0,0,0,0,0,0,0,1,7.0909098220799835,5.755742213586912,4.564348191467836,,,
14.0,7.0,171.0,731.0,1300.0,,,,2014.0,8.0,0,7.0,0,0,0,1,0,0,0,0,0,0,0,6.595780513961311,5.147494476813453,2.0794415416798357,,,
14.0,10.0,171.0,731.0,1600.0,,,,2014.0,8.0,0,7.0,0,0,0,1,0,0,0,0,0,0,0,6.595780513961311,5.147494476813453,2.3978952727983707,,,
14.0,12.0,171.0,731.0,1600.0,,,,2014.0,8.0,0,7.0,0,0,0,1,0,0,0,0,0,0,0,6.595780513961311,5.147494476813453,2.5649493574615367,,,
22.0,4.0,171.0,731.0,1580.0,,,,2014.0,5.0,0,7.0,0,0,0,1,0,0,0,0,0,0,0,6.595780513961311,5.147494476813453,1.6094379124341003,,,
22.0,7.0,171.0,731.0,2160.0,,,,2014.0,5.0,0,7.0,0,0,0,1,0,0,0,0,0,0,0,6.595780513961311,5.147494476813453,2.0794415416798357,,,
22.0,7.0,171.0,731.0,1830.0,,,,2014.0,5.0,0,7.0,0,0,0,1,0,0,0,0,0,0,0,6.595780513961311,5.147494476813453,2.0794415416798357,,,
14.0,5.0,50.0,731.0,800.0,,,,2014.0,9.0,0,7.0,0,0,0,1,0,0,0,0,0,0,0,6.595780513961311,3.9318256327243257,1.791759469228055,,,
14.0,5.0,50.0,731.0,800.0,,,,2014.0,9.0,0,7.0,0,0,0,1,0,0,0,0,0,0,0,6.595780513961311,3.9318256327243257,1.791759469228055,,,
14.0,5.0,50.0,731.0,800.0,,,,2014.0,10.0,0,7.0,0,0,0,1,0,0,0,0,0,0,0,6.595780513961311,3.9318256327243257,1.791759469228055,,,
14.0,5.0,50.0,731.0,900.0,,,,2014.0,10.0,0,7.0,0,0,0,1,0,0,0,0,0,0,0,6.595780513961311,3.9318256327243257,1.791759469228055,,,
14.0,5.0,50.0,731.0,1100.0,,,,2014.0,10.0,0,7.0,0,0,0,1,0,0,0,0,0,0,0,6.595780513961311,3.9318256327243257,1.791759469228055,,,
14.0,5.0,50.0,731.0,1100.0,,,,2014.0,9.0,0,7.0,0,0,0,1,0,0,0,0,0,0,0,6.595780513961311,3.9318256327243257,1.791759469228055,,,
14.0,5.0,50.0,731.0,1200.0,,,,2014.0,10.0,0,7.0,0,0,0,1,0,0,0,0,0,0,0,6.595780513961311,3.9318256327243257,1.791759469228055,,,
22.0,54.0,177.0,1400.0,3600.0,,,,2014.0,7.0,0,7.0,0,0,0,1,0,0,0,0,0,0,0,7.244941546337007,5.181783550292085,4.007333185232471,,,
22.0,35.0,177.0,1400.0,3100.0,,,,2014.0,7.0,0,7.0,0,0,0,1,0,0,0,0,0,0,0,7.244941546337007,5.181783550292085,3.58351893845611,,,
22.0,35.0,177.0,1400.0,3200.0,,,,2014.0,7.0,0,7.0,0,0,0,1,0,0,0,0,0,0,0,7.244941546337007,5.181783550292085,3.58351893845611,,,
22.0,54.0,177.0,1400.0,3800.0,,,,2014.0,7.0,0,7.0,0,0,0,1,0,0,0,0,0,0,0,7.244941546337007,5.181783550292085,4.007333185232471,,,
22.0,88.0,177.0,1400.0,3500.0,,,,2014.0,6.0,0,7.0,0,0,0,1,0,0,0,0,0,0,0,7.244941546337007,5.181783550292085,4.48863636973214,,,
22.0,47.0,264.0,1400.0,2200.0,,,,2014.0,7.0,0,7.0,0,0,0,1,0,0,0,0,0,0,0,7.244941546337007,5.579729825986222,3.871201010907891,,,
22.0,47.0,264.0,1400.0,2500.0,,,,2014.0,7.0,0,7.0,0,0,0,1,0,0,0,0,0,0,0,7.244941546337007,5.579729825986222,3.871201010907891,,,
22.0,140.0,356.0,2600.0,3300.0,,,,2014.0,9.0,0,7.0,0,0,0,1,0,0,0,0,0,0,0,7.8636512654486515,5.877735781779639,4.948759890378168,,,
22.0,140.0,356.0,2600.0,3500.0,,,,2014.0,9.0,0,7.0,0,0,0,1,0,0,0,0,0,0,0,7.8636512654486515,5.877735781779639,4.948759890378168,,,
22.0,140.0,356.0,2600.0,3000.0,,,,2014.0,9.0,0,7.0,0,0,0,1,0,0,0,0,0,0,0,7.8636512654486515,5.877735781779639,4.948759890378168,,,
22.0,54.0,177.0,1400.0,3200.0,,,,2014.0,7.0,0,7.0,0,0,0,1,0,0,0,0,0,0,0,7.244941546337007,5.181783550292085,4.007333185232471,,,
22.0,35.0,177.0,1400.0,2800.0,,,,2014.0,7.0,0,7.0,0,0,0,1,0,0,0,0,0,0,0,7.244941546337007,5.181783550292085,3.58351893845611,,,
22.0,54.0,131.0,960.0,3200.0,,,,2014.0,6.0,0,7.0,0,0,0,1,0,0,0,0,0,0,0,6.8679744089702925,4.882801922586371,4.007333185232471,,,
22.0,35.0,177.0,1400.0,2900.0,,,,2014.0,7.0,0,7.0,0,0,0,1,0,0,0,0,0,0,0,7.244941546337007,5.181783550292085,3.58351893845611,,,
22.0,54.0,177.0,1400.0,3500.0,,,,2014.0,7.0,0,7.0,0,0,0,1,0,0,0,0,0,0,0,7.244941546337007,5.181783550292085,4.007333185232471,,,
22.0,84.0,160.0,1400.0,3300.0,,,,2014.0,5.0,0,7.0,0,0,0,1,0,0,0,0,0,0,0,7.244941546337007,5.081404364984463,4.442651256490317,,,
22.0,80.0,160.0,1400.0,3400.0,,,,2014.0,5.0,0,7.0,0,0,0,1,0,0,0,0,0,0,0,7.244941546337007,5.081404364984463,4.394449154672439,,,
22.0,25.0,160.0,1400.0,2000.0,,,,2014.0,5.0,0,7.0,0,0,0,1,0,0,0,0,0,0,0,7.244941546337007,5.081404364984463,3.258096538021482,,,
22.0,80.0,160.0,1400.0,3500.0,,,,2014.0,5.0,0,7.0,0,0,0,1,0,0,0,0,0,0,0,7.244941546337007,5.081404364984463,4.394449154672439,,,
22.0,140.0,356.0,2600.0,2800.0,,,,2014.0,9.0,0,7.0,0,0,0,1,0,0,0,0,0,0,0,7.8636512654486515,5.877735781779639,4.948759890378168,,,
22.0,140.0,356.0,2600.0,3100.0,,,,2014.0,9.0,0,7.0,0,0,0,1,0,0,0,0,0,0,0,7.8636512654486515,5.877735781779639,4.948759890378168,,,
22.0,140.0,356.0,2600.0,3500.0,,,,2014.0,9.0,0,7.0,0,0,0,1,0,0,0,0,0,0,0,7.8636512654486515,5.877735781779639,4.948759890378168,,,
22.0,140.0,356.0,2600.0,3700.0,,,,2014.0,9.0,0,7.0,0,0,0,1,0,0,0,0,0,0,0,7.8636512654486515,5.877735781779639,4.948759890378168,,,
22.0,140.0,356.0,2600.0,3500.0,,,,2014.0,9.0,0,7.0,0,0,0,1,0,0,0,0,0,0,0,7.8636512654486515,5.877735781779639,4.948759890378168,,,
22.0,140.0,356.0,2600.0,3000.0,,,,2014.0,9.0,0,7.0,0,0,0,1,0,0,0,0,0,0,0,7.8636512654486515,5.877735781779639,4.948759890378168,,,
22.0,140.0,356.0,2600.0,3200.0,,,,2014.0,9.0,0,7.0,0,0,0,1,0,0,0,0,0,0,0,7.8636512654486515,5.877735781779639,4.948759890378168,,,
22.0,135.0,356.0,2600.0,2900.0,,,,2014.0,9.0,0,7.0,0,0,0,1,0,0,0,0,0,0,0,7.8636512654486515,5.877735781779639,4.912654885736052,,,
22.0,135.0,356.0,2600.0,2600.0,,,,2014.0,9.0,0,7.0,0,0,0,1,0,0,0,0,0,0,0,7.8636512654486515,5.877735781779639,4.912654885736052,,,
22.0,135.0,356.0,2600.0,2500.0,,,,2014.0,9.0,0,7.0,0,0,0,1,0,0,0,0,0,0,0,7.8636512654486515,5.877735781779639,4.912654885736052,,,
22.0,85.0,356.0,2600.0,1600.0,,,,2014.0,9.0,0,7.0,0,0,0,1,0,0,0,0,0,0,0,7.8636512654486515,5.877735781779639,4.454347296253507,,,
22.0,52.0,356.0,2600.0,2000.0,,,,2014.0,9.0,0,7.0,0,0,0,1,0,0,0,0,0,0,0,7.8636512654486515,5.877735781779639,3.970291913552122,,,
22.0,85.0,356.0,2600.0,1900.0,,,,2014.0,9.0,0,7.0,0,0,0,1,0,0,0,0,0,0,0,7.8636512654486515,5.877735781779639,4.454347296253507,,,
22.0,75.0,356.0,2600.0,2300.0,,,,2014.0,9.0,0,7.0,0,0,0,1,0,0,0,0,0,0,0,7.8636512654486515,5.877735781779639,4.330733340286331,,,
22.0,85.0,356.0,2600.0,2400.0,,,,2014.0,9.0,0,7.0,0,0,0,1,0,0,0,0,0,0,0,7.8636512654486515,5.877735781779639,4.454347296253507,,,
22.0,85.0,356.0,2600.0,2400.0,,,,2014.0,9.0,0,7.0,0,0,0,1,0,0,0,0,0,0,0,7.8636512654486515,5.877735781779639,4.454347296253507,,,
22.0,105.0,356.0,2600.0,3000.0,,,,2014.0,9.0,0,7.0,0,0,0,1,0,0,0,0,0,0,0,7.8636512654486515,5.877735781779639,4.663439094112067,,,
22.0,85.0,356.0,2600.0,2500.0,,,,2014.0,9.0,0,7.0,0,0,0,1,0,0,0,0,0,0,0,7.8636512654486515,5.877735781779639,4.454347296253507,,,
22.0,75.0,356.0,2600.0,2000.0,,,,2014.0,9.0,0,7.0,0,0,0,1,0,0,0,0,0,0,0,7.8636512654486515,5.877735781779639,4.330733340286331,,,
22.0,85.0,356.0,2600.0,2400.0,,,,2014.0,9.0,0,7.0,0,0,0,1,0,0,0,0,0,0,0,7.8636512654486515,5.877735781779639,4.454347296253507,,,
22.0,85.0,356.0,2600.0,2400.0,,,,2014.0,9.0,0,7.0,0,0,0,1,0,0,0,0,0,0,0,7.8636512654486515,5.877735781779639,4.454347296253507,,,
22.0,55.0,356.0,2600.0,1800.0,,,,2014.0,9.0,0,7.0,0,0,0,1,0,0,0,0,0,0,0,7.8636512654486515,5.877735781779639,4.02535169073515,,,
22.0,135.0,356.0,2600.0,3500.0,,,,2014.0,9.0,0,7.0,0,0,0,1,0,0,0,0,0,0,0,7.8636512654486515,5.877735781779639,4.912654885736052,,,
22.0,90.0,356.0,2600.0,2600.0,,,,2014.0,9.0,0,7.0,0,0,0,1,0,0,0,0,0,0,0,7.8636512654486515,5.877735781779639,4.51085950651685,,,
22.0,135.0,356.0,2600.0,3400.0,,,,2014.0,9.0,0,7.0,0,0,0,1,0,0,0,0,0,0,0,7.8636512654486515,5.877735781779639,4.912654885736052,,,
22.0,75.0,356.0,2600.0,1800.0,,,,2014.0,9.0,0,7.0,0,0,0,1,0,0,0,0,0,0,0,7.8636512654486515,5.877735781779639,4.330733340286331,,,
22.0,105.0,356.0,2600.0,2300.0,,,,2014.0,9.0,0,7.0,0,0,0,1,0,0,0,0,0,0,0,7.8636512654486515,5.877735781779639,4.663439094112067,,,
22.0,105.0,356.0,2600.0,2300.0,,,,2014.0,9.0,0,7.0,0,0,0,1,0,0,0,0,0,0,0,7.8636512654486515,5.877735781779639,4.663439094112067,,,
22.0,65.0,356.0,2600.0,1800.0,,,,2014.0,9.0,0,7.0,0,0,0,1,0,0,0,0,0,0,0,7.8636512654486515,5.877735781779639,4.189654742026425,,,
22.0,105.0,356.0,2600.0,2300.0,,,,2014.0,9.0,0,7.0,0,0,0,1,0,0,0,0,0,0,0,7.8636512654486515,5.877735781779639,4.663439094112067,,,
22.0,105.0,356.0,2600.0,2200.0,,,,2014.0,9.0,0,7.0,0,0,0,1,0,0,0,0,0,0,0,7.8636512654486515,5.877735781779639,4.663439094112067,,,
22.0,105.0,356.0,2600.0,2600.0,,,,2014.0,9.0,0,7.0,0,0,0,1,0,0,0,0,0,0,0,7.8636512654486515,5.877735781779639,4.663439094112067,,,
22.0,105.0,356.0,2600.0,2800.0,,,,2014.0,9.0,0,7.0,0,0,0,1,0,0,0,0,0,0,0,7.8636512654486515,5.877735781779639,4.663439094112067,,,
22.0,135.0,356.0,2600.0,2900.0,,,,2014.0,11.0,0,7.0,0,0,0,1,0,0,0,0,0,0,0,7.8636512654486515,5.877735781779639,4.912654885736052,,,
22.0,135.0,356.0,2600.0,3200.0,,,,2014.0,9.0,0,7.0,0,0,0,1,0,0,0,0,0,0,0,7.8636512654486515,5.877735781779639,4.912654885736052,,,
22.0,120.0,356.0,2600.0,2300.0,,,,2014.0,9.0,0,7.0,0,0,0,1,0,0,0,0,0,0,0,7.8636512654486515,5.877735781779639,4.795790545596741,,,
22.0,105.0,356.0,2600.0,2400.0,,,,2014.0,9.0,0,7.0,0,0,0,1,0,0,0,0,0,0,0,7.8636512654486515,5.877735781779639,4.663439094112067,,,
22.0,110.0,356.0,2600.0,1800.0,,,,2014.0,9.0,0,7.0,0,0,0,1,0,0,0,0,0,0,0,7.8636512654486515,5.877735781779639,4.709530201312334,,,
22.0,120.0,356.0,2600.0,2500.0,,,,2014.0,9.0,0,7.0,0,0,0,1,0,0,0,0,0,0,0,7.8636512654486515,5.877735781779639,4.795790545596741,,,
22.0,120.0,356.0,2600.0,2000.0,,,,2014.0,9.0,0,7.0,0,0,0,1,0,0,0,0,0,0,0,7.8636512654486515,5.877735781779639,4.795790545596741,,,
22.0,120.0,356.0,2600.0,2600.0,,,,2014.0,9.0,0,7.0,0,0,0,1,0,0,0,0,0,0,0,7.8636512654486515,5.877735781779639,4.795790545596741,,,
22.0,120.0,356.0,2600.0,2000.0,,,,2014.0,9.0,0,7.0,0,0,0,1,0,0,0,0,0,0,0,7.8636512654486515,5.877735781779639,4.795790545596741,,,
22.0,160.0,356.0,2600.0,3100.0,,,,2014.0,9.0,0,7.0,0,0,0,1,0,0,0,0,0,0,0,7.8636512654486515,5.877735781779639,5.081404364984463,,,
22.0,135.0,356.0,2600.0,2600.0,,,,2014.0,9.0,0,7.0,0,0,0,1,0,0,0,0,0,0,0,7.8636512654486515,5.877735781779639,4.912654885736052,,,
22.0,165.0,356.0,2600.0,3000.0,,,,2014.0,9.0,0,7.0,0,0,0,1,0,0,0,0,0,0,0,7.8636512654486515,5.877735781779639,5.111987788356544,,,
22.0,160.0,356.0,2600.0,2800.0,,,,,,0,7.0,0,0,0,1,0,0,0,0,0,0,0,7.8636512654486515,5.877735781779639,5.081404364984463,,,
22.0,120.0,356.0,2600.0,2300.0,,,,2014.0,9.0,0,7.0,0,0,0,1,0,0,0,0,0,0,0,7.8636512654486515,5.877735781779639,4.795790545596741,,,
22.0,145.0,622.0,5690.0,2300.0,,,,2014.0,9.0,0,7.0,0,0,0,1,0,0,0,0,0,0,0,8.646641258603124,6.434546518787453,4.983606621708336,,,
22.0,145.0,356.0,2600.0,2600.0,,,,2014.0,9.0,0,7.0,0,0,0,1,0,0,0,0,0,0,0,7.8636512654486515,5.877735781779639,4.983606621708336,,,
22.0,135.0,356.0,2600.0,2300.0,,,,2014.0,9.0,0,7.0,0,0,0,1,0,0,0,0,0,0,0,7.8636512654486515,5.877735781779639,4.912654885736052,,,
22.0,165.0,356.0,2600.0,2800.0,,,,2014.0,11.0,0,7.0,0,0,0,1,0,0,0,0,0,0,0,7.8636512654486515,5.877735781779639,5.111987788356544,,,
22.0,145.0,356.0,2600.0,2300.0,,,,2014.0,9.0,0,7.0,0,0,0,1,0,0,0,0,0,0,0,7.8636512654486515,5.877735781779639,4.983606621708336,,,
28.0,95.0,245.0,2411.0,3900.0,,,,2015.0,5.0,0,6.0,0,1,0,0,0,0,0,0,0,0,0,7.788211557847076,5.5053315359323625,4.564348191467836,,,
28.0,95.0,245.0,2411.0,3600.0,,,,2015.0,7.0,0,6.0,0,1,0,0,0,0,0,0,0,0,0,7.788211557847076,5.5053315359323625,4.564348191467836,,,
28.0,65.0,245.0,2411.0,3200.0,,,,,,0,6.0,0,1,0,0,0,0,0,0,0,0,0,7.788211557847076,5.5053315359323625,4.189654742026425,,,
28.0,95.0,245.0,2411.0,3900.0,,,,,,0,6.0,0,1,0,0,0,0,0,0,0,0,0,7.788211557847076,5.5053315359323625,4.564348191467836,,,
28.0,95.0,245.0,2411.0,4000.0,,,,,,0,6.0,0,1,0,0,0,0,0,0,0,0,0,7.788211557847076,5.5053315359323625,4.564348191467836,,,
32.0,125.0,315.0,1200.0,3600.0,,,,2015.0,12.0,0,6.0,0,0,0,0,0,0,0,0,0,0,1,7.0909098220799835,5.755742213586912,4.836281906951478,,,
28.0,95.0,245.0,2411.0,3600.0,,,,2015.0,9.0,0,6.0,0,1,0,0,0,0,0,0,0,0,0,7.788211557847076,5.5053315359323625,4.564348191467836,,,
28.0,95.0,245.0,2411.0,3900.0,,,,2015.0,9.0,0,6.0,0,1,0,0,0,0,0,0,0,0,0,7.788211557847076,5.5053315359323625,4.564348191467836,,,
28.0,65.0,245.0,2411.0,3500.0,,,,2015.0,9.0,0,6.0,0,1,0,0,0,0,0,0,0,0,0,7.788211557847076,5.5053315359323625,4.189654742026425,,,
28.0,65.0,245.0,2411.0,3500.0,,,,2015.0,9.0,0,6.0,0,1,0,0,0,0,0,0,0,0,0,7.788211557847076,5.5053315359323625,4.189654742026425,,,
28.0,65.0,245.0,2411.0,3200.0,,,,2015.0,9.0,0,6.0,0,1,0,0,0,0,0,0,0,0,0,7.788211557847076,5.5053315359323625,4.189654742026425,,,
28.0,2.0,171.0,731.0,1200.0,,,,2015.0,3.0,0,7.0,0,0,0,0,0,0,0,0,1,0,0,6.595780513961311,5.147494476813453,1.0986122886681098,,,
14.0,15.0,82.0,1300.0,1500.0,,,,2015.0,3.0,0,7.0,0,0,0,1,0,0,0,0,0,0,0,7.170888478512505,4.418840607796598,2.772588722239781,,,
14.0,15.0,82.0,1300.0,1700.0,,,,2015.0,3.0,0,7.0,0,0,0,1,0,0,0,0,0,0,0,7.170888478512505,4.418840607796598,2.772588722239781,,,
14.0,51.0,150.0,1400.0,2800.0,,,,2015.0,9.0,0,7.0,0,0,0,1,0,0,0,0,0,0,0,7.244941546337007,5.017279836814924,3.9512437185814275,,,
14.0,51.0,150.0,1400.0,2900.0,,,,2015.0,9.0,0,7.0,0,0,0,1,0,0,0,0,0,0,0,7.244941546337007,5.017279836814924,3.9512437185814275,,,
14.0,15.0,82.0,1300.0,2000.0,,,,2015.0,3.0,0,7.0,0,0,0,1,0,0,0,0,0,0,0,7.170888478512505,4.418840607796598,2.772588722239781,,,
14.0,51.0,150.0,1400.0,3700.0,,,,2015.0,9.0,0,7.0,0,0,0,1,0,0,0,0,0,0,0,7.244941546337007,5.017279836814924,3.9512437185814275,,,
14.0,51.0,150.0,1400.0,3800.0,,,,2015.0,9.0,0,7.0,0,0,0,1,0,0,0,0,0,0,0,7.244941546337007,5.017279836814924,3.9512437185814275,,,
14.0,51.0,150.0,1400.0,3900.0,,,,2015.0,9.0,0,7.0,0,0,0,1,0,0,0,0,0,0,0,7.244941546337007,5.017279836814924,3.9512437185814275,,,
14.0,65.0,182.0,731.0,2800.0,,,,2015.0,5.0,0,7.0,0,0,0,1,0,0,0,0,0,0,0,6.595780513961311,5.209486152841421,4.189654742026425,,,
14.0,65.0,182.0,731.0,3100.0,,,,2015.0,5.0,0,7.0,0,0,0,1,0,0,0,0,0,0,0,6.595780513961311,5.209486152841421,4.189654742026425,,,
14.0,65.0,182.0,731.0,3100.0,,,,2015.0,5.0,0,7.0,0,0,0,1,0,0,0,0,0,0,0,6.595780513961311,5.209486152841421,4.189654742026425,,,
14.0,65.0,177.0,731.0,2700.0,,,,2015.0,7.0,0,7.0,0,0,0,1,0,0,0,0,0,0,0,6.595780513961311,5.181783550292085,4.189654742026425,,,
14.0,65.0,177.0,731.0,3200.0,,,,2015.0,7.0,0,7.0,0,0,0,1,0,0,0,0,0,0,0,6.595780513961311,5.181783550292085,4.189654742026425,,,
14.0,35.0,177.0,731.0,3300.0,,,,2015.0,7.0,0,7.0,0,0,0,1,0,0,0,0,0,0,0,6.595780513961311,5.181783550292085,3.58351893845611,,,
14.0,95.0,171.0,731.0,3500.0,,,,2015.0,7.0,0,7.0,0,0,0,1,0,0,0,0,0,0,0,6.595780513961311,5.147494476813453,4.564348191467836,,,
14.0,35.0,177.0,731.0,2700.0,,,,2015.0,7.0,0,7.0,0,0,0,1,0,0,0,0,0,0,0,6.595780513961311,5.181783550292085,3.58351893845611,,,
14.0,47.0,182.0,731.0,2700.0,,,,2015.0,6.0,0,7.0,0,0,0,1,0,0,0,0,0,0,0,6.595780513961311,5.209486152841421,3.871201010907891,,,
14.0,47.0,182.0,731.0,2500.0,,,,2015.0,6.0,0,7.0,0,0,0,1,0,0,0,0,0,0,0,6.595780513961311,5.209486152841421,3.871201010907891,,,
14.0,65.0,182.0,731.0,3300.0,,,,2015.0,5.0,0,7.0,0,0,0,1,0,0,0,0,0,0,0,6.595780513961311,5.209486152841421,4.189654742026425,,,
14.0,65.0,182.0,731.0,3300.0,,,,2015.0,5.0,0,7.0,0,0,0,1,0,0,0,0,0,0,0,6.595780513961311,5.209486152841421,4.189654742026425,,,
14.0,47.0,182.0,731.0,2700.0,,,,2015.0,6.0,0,7.0,0,0,0,1,0,0,0,0,0,0,0,6.595780513961311,5.209486152841421,3.871201010907891,,,
14.0,47.0,182.0,731.0,2900.0,,,,2015.0,6.0,0,7.0,0,0,0,1,0,0,0,0,0,0,0,6.595780513961311,5.209486152841421,3.871201010907891,,,
14.0,65.0,171.0,731.0,3400.0,,,,2015.0,7.0,0,7.0,0,0,0,1,0,0,0,0,0,0,0,6.595780513961311,5.147494476813453,4.189654742026425,,,
14.0,95.0,171.0,731.0,4000.0,,,,2015.0,8.0,0,7.0,0,0,0,1,0,0,0,0,0,0,0,6.595780513961311,5.147494476813453,4.564348191467836,,,
14.0,35.0,171.0,731.0,2800.0,,,,2015.0,9.0,0,7.0,0,0,0,1,0,0,0,0,0,0,0,6.595780513961311,5.147494476813453,3.58351893845611,,,
14.0,35.0,171.0,731.0,2400.0,,,,2015.0,9.0,0,7.0,0,0,0,1,0,0,0,0,0,0,0,6.595780513961311,5.147494476813453,3.58351893845611,,,
14.0,15.0,82.0,1300.0,1900.0,,,,2015.0,3.0,0,7.0,0,0,0,1,0,0,0,0,0,0,0,7.170888478512505,4.418840607796598,2.772588722239781,,,
14.0,51.0,150.0,1400.0,3300.0,,,,2015.0,9.0,0,7.0,0,0,0,1,0,0,0,0,0,0,0,7.244941546337007,5.017279836814924,3.9512437185814275,,,
14.0,51.0,150.0,1400.0,3500.0,,,,2015.0,9.0,0,7.0,0,0,0,1,0,0,0,0,0,0,0,7.244941546337007,5.017279836814924,3.9512437185814275,,,
14.0,51.0,150.0,1400.0,3600.0,,,,2015.0,9.0,0,7.0,0,0,0,1,0,0,0,0,0,0,0,7.244941546337007,5.017279836814924,3.9512437185814275,,,
14.0,35.0,246.0,3200.0,2200.0,,,,2015.0,3.0,0,7.0,0,0,0,1,0,0,0,0,0,0,0,8.071218539969863,5.5093883366279774,3.58351893845611,,,
14.0,45.0,246.0,3200.0,2200.0,,,,2015.0,3.0,0,7.0,0,0,0,1,0,0,0,0,0,0,0,8.071218539969863,5.5093883366279774,3.828641396489095,,,
14.0,45.0,246.0,3200.0,2400.0,,,,2015.0,11.0,0,7.0,0,0,0,1,0,0,0,0,0,0,0,8.071218539969863,5.5093883366279774,3.828641396489095,,,
14.0,35.0,246.0,3200.0,2200.0,,,,2015.0,11.0,0,7.0,0,0,0,1,0,0,0,0,0,0,0,8.071218539969863,5.5093883366279774,3.58351893845611,,,
14.0,35.0,246.0,3200.0,1900.0,,,,2015.0,11.0,0,7.0,0,0,0,1,0,0,0,0,0,0,0,8.071218539969863,5.5093883366279774,3.58351893845611,,,
14.0,35.0,246.0,3200.0,2200.0,,,,2015.0,11.0,0,7.0,0,0,0,1,0,0,0,0,0,0,0,8.071218539969863,5.5093883366279774,3.58351893845611,,,
14.0,35.0,246.0,3200.0,1700.0,,,,2015.0,11.0,0,7.0,0,0,0,1,0,0,0,0,0,0,0,8.071218539969863,5.5093883366279774,3.58351893845611,,,
14.0,45.0,246.0,3200.0,2000.0,,,,2015.0,3.0,0,7.0,0,0,0,1,0,0,0,0,0,0,0,8.071218539969863,5.5093883366279774,3.828641396489095,,,
14.0,45.0,246.0,3200.0,2100.0,,,,2015.0,11.0,0,7.0,0,0,0,1,0,0,0,0,0,0,0,8.071218539969863,5.5093883366279774,3.828641396489095,,,
14.0,45.0,246.0,3200.0,2000.0,,,,2015.0,11.0,0,7.0,0,0,0,1,0,0,0,0,0,0,0,8.071218539969863,5.5093883366279774,3.828641396489095,,,
14.0,80.0,122.0,1750.0,3000.0,,,,2015.0,10.0,0,7.0,0,0,0,1,0,0,0,0,0,0,0,7.467942332285852,4.812184355372417,4.394449154672439,,,
14.0,80.0,122.0,1750.0,3300.0,,,,2015.0,10.0,0,7.0,0,0,0,1,0,0,0,0,0,0,0,7.467942332285852,4.812184355372417,4.394449154672439,,,
14.0,80.0,122.0,1750.0,3400.0,,,,2015.0,10.0,0,7.0,0,0,0,1,0,0,0,0,0,0,0,7.467942332285852,4.812184355372417,4.394449154672439,,,
14.0,25.0,122.0,1750.0,2000.0,,,,2015.0,10.0,0,7.0,0,0,0,1,0,0,0,0,0,0,0,7.467942332285852,4.812184355372417,3.258096538021482,,,
14.0,80.0,122.0,1750.0,3500.0,,,,2015.0,10.0,0,7.0,0,0,0,1,0,0,0,0,0,0,0,7.467942332285852,4.812184355372417,4.394449154672439,,,
14.0,25.0,122.0,1750.0,2100.0,,,,2015.0,10.0,0,7.0,0,0,0,1,0,0,0,0,0,0,0,7.467942332285852,4.812184355372417,3.258096538021482,,,
14.0,80.0,122.0,1750.0,3500.0,,,,2015.0,10.0,0,7.0,0,0,0,1,0,0,0,0,0,0,0,7.467942332285852,4.812184355372417,4.394449154672439,,,
14.0,47.0,182.0,731.0,1800.0,,,,2015.0,6.0,0,7.0,0,0,0,1,0,0,0,0,0,0,0,6.595780513961311,5.209486152841421,3.871201010907891,,,
14.0,45.0,122.0,1750.0,2900.0,,,,2015.0,10.0,0,7.0,0,0,0,1,0,0,0,0,0,0,0,7.467942332285852,4.812184355372417,3.828641396489095,,,
14.0,35.0,182.0,731.0,2300.0,,,,2015.0,6.0,0,7.0,0,0,0,1,0,0,0,0,0,0,0,6.595780513961311,5.209486152841421,3.58351893845611,,,
14.0,35.0,122.0,1750.0,2400.0,,,,2015.0,10.0,0,7.0,0,0,0,1,0,0,0,0,0,0,0,7.467942332285852,4.812184355372417,3.58351893845611,,,
14.0,80.0,122.0,1750.0,3600.0,,,,2015.0,10.0,0,7.0,0,0,0,1,0,0,0,0,0,0,0,7.467942332285852,4.812184355372417,4.394449154672439,,,
14.0,45.0,182.0,731.0,3000.0,,,,2015.0,6.0,0,7.0,0,0,0,1,0,0,0,0,0,0,0,6.595780513961311,5.209486152841421,3.828641396489095,,,
14.0,80.0,122.0,1750.0,3600.0,,,,2015.0,10.0,0,7.0,0,0,0,1,0,0,0,0,0,0,0,7.467942332285852,4.812184355372417,4.394449154672439,,,
14.0,47.0,182.0,731.0,2000.0,,,,2015.0,6.0,0,7.0,0,0,0,1,0,0,0,0,0,0,0,6.595780513961311,5.209486152841421,3.871201010907891,,,
14.0,80.0,122.0,1750.0,3700.0,,,,2015.0,10.0,0,7.0,0,0,0,1,0,0,0,0,0,0,0,7.467942332285852,4.812184355372417,4.394449154672439,,,
14.0,47.0,182.0,731.0,2900.0,,,,2015.0,6.0,0,7.0,0,0,0,1,0,0,0,0,0,0,0,6.595780513961311,5.209486152841421,3.871201010907891,,,
14.0,47.0,182.0,731.0,2900.0,,,,2015.0,6.0,0,7.0,0,0,0,1,0,0,0,0,0,0,0,6.595780513961311,5.209486152841421,3.871201010907891,,,
14.0,95.0,182.0,731.0,3500.0,,,,2015.0,6.0,0,7.0,0,0,0,1,0,0,0,0,0,0,0,6.595780513961311,5.209486152841421,4.564348191467836,,,
14.0,65.0,160.0,1400.0,3400.0,,,,2015.0,6.0,0,7.0,0,0,0,1,0,0,0,0,0,0,0,7.244941546337007,5.081404364984463,4.189654742026425,,,
14.0,25.0,122.0,2300.0,2000.0,,,,2015.0,10.0,0,7.0,0,0,0,1,0,0,0,0,0,0,0,7.741099090035366,4.812184355372417,3.258096538021482,,,
14.0,45.0,122.0,2300.0,2800.0,,,,2015.0,10.0,0,7.0,0,0,0,1,0,0,0,0,0,0,0,7.741099090035366,4.812184355372417,3.828641396489095,,,
14.0,45.0,122.0,2300.0,2900.0,,,,2015.0,10.0,0,7.0,0,0,0,1,0,0,0,0,0,0,0,7.741099090035366,4.812184355372417,3.828641396489095,,,
22.0,120.0,356.0,2600.0,2400.0,,,,,,0,7.0,0,0,0,1,0,0,0,0,0,0,0,7.8636512654486515,5.877735781779639,4.795790545596741,,,
22.0,120.0,356.0,2600.0,2500.0,,,,,,0,7.0,0,0,0,1,0,0,0,0,0,0,0,7.8636512654486515,5.877735781779639,4.795790545596741,,,
22.0,105.0,356.0,2600.0,1700.0,,,,2015.0,6.0,0,7.0,0,0,0,1,0,0,0,0,0,0,0,7.8636512654486515,5.877735781779639,4.663439094112067,,,
22.0,105.0,356.0,2600.0,2000.0,,,,2015.0,6.0,0,7.0,0,0,0,1,0,0,0,0,0,0,0,7.8636512654486515,5.877735781779639,4.663439094112067,,,
22.0,135.0,356.0,2600.0,2600.0,,,,2015.0,6.0,0,7.0,0,0,0,1,0,0,0,0,0,0,0,7.8636512654486515,5.877735781779639,4.912654885736052,,,
22.0,105.0,356.0,2600.0,1900.0,,,,2015.0,6.0,0,7.0,0,0,0,1,0,0,0,0,0,0,0,7.8636512654486515,5.877735781779639,4.663439094112067,,,
22.0,105.0,356.0,2600.0,1700.0,,,,2015.0,6.0,0,7.0,0,0,0,1,0,0,0,0,0,0,0,7.8636512654486515,5.877735781779639,4.663439094112067,,,
22.0,105.0,356.0,2600.0,2100.0,,,,2015.0,6.0,0,7.0,0,0,0,1,0,0,0,0,0,0,0,7.8636512654486515,5.877735781779639,4.663439094112067,,,
22.0,135.0,356.0,2600.0,2900.0,,,,2015.0,6.0,0,7.0,0,0,0,1,0,0,0,0,0,0,0,7.8636512654486515,5.877735781779639,4.912654885736052,,,
22.0,120.0,356.0,2600.0,2100.0,,,,2015.0,6.0,0,7.0,0,0,0,1,0,0,0,0,0,0,0,7.8636512654486515,5.877735781779639,4.795790545596741,,,
22.0,135.0,356.0,2600.0,2000.0,,,,2015.0,6.0,0,7.0,0,0,0,1,0,0,0,0,0,0,0,7.8636512654486515,5.877735781779639,4.912654885736052,,,
22.0,135.0,356.0,2600.0,2100.0,,,,2015.0,6.0,0,7.0,0,0,0,1,0,0,0,0,0,0,0,7.8636512654486515,5.877735781779639,4.912654885736052,,,
22.0,115.0,356.0,2600.0,2000.0,,,,2015.0,6.0,0,7.0,0,0,0,1,0,0,0,0,0,0,0,7.8636512654486515,5.877735781779639,4.7535901911063645,,,
22.0,115.0,622.0,5960.0,1900.0,,,,2015.0,6.0,0,7.0,0,0,0,1,0,0,0,0,0,0,0,8.692993531219926,6.434546518787453,4.7535901911063645,,,
22.0,115.0,160.0,1400.0,2100.0,,,,2015.0,6.0,0,7.0,0,0,0,1,0,0,0,0,0,0,0,7.244941546337007,5.081404364984463,4.7535901911063645,,,
22.0,115.0,160.0,1400.0,2200.0,,,,2015.0,6.0,0,7.0,0,0,0,1,0,0,0,0,0,0,0,7.244941546337007,5.081404364984463,4.7535901911063645,,,
22.0,140.0,160.0,1400.0,2200.0,,,,2015.0,6.0,0,7.0,0,0,0,1,0,0,0,0,0,0,0,7.244941546337007,5.081404364984463,4.948759890378168,,,
22.0,165.0,160.0,1400.0,2500.0,,,,2015.0,6.0,0,7.0,0,0,0,1,0,0,0,0,0,0,0,7.244941546337007,5.081404364984463,5.111987788356544,,,
22.0,140.0,160.0,1400.0,2100.0,,,,2015.0,6.0,0,7.0,0,0,0,1,0,0,0,0,0,0,0,7.244941546337007,5.081404364984463,4.948759890378168,,,
22.0,150.0,160.0,1400.0,2300.0,,,,2015.0,6.0,0,7.0,0,0,0,1,0,0,0,0,0,0,0,7.244941546337007,5.081404364984463,5.017279836814924,,,
22.0,115.0,160.0,1400.0,2000.0,,,,2015.0,6.0,0,7.0,0,0,0,1,0,0,0,0,0,0,0,7.244941546337007,5.081404364984463,4.7535901911063645,,,
22.0,165.0,160.0,1400.0,2500.0,,,,2015.0,6.0,0,7.0,0,0,0,1,0,0,0,0,0,0,0,7.244941546337007,5.081404364984463,5.111987788356544,,,
22.0,165.0,160.0,1400.0,2800.0,,,,2015.0,6.0,0,7.0,0,0,0,1,0,0,0,0,0,0,0,7.244941546337007,5.081404364984463,5.111987788356544,,,
22.0,140.0,160.0,1400.0,3200.0,,,,2015.0,6.0,0,7.0,0,0,0,1,0,0,0,0,0,0,0,7.244941546337007,5.081404364984463,4.948759890378168,,,
28.0,18.0,46.0,731.0,1333.0,,,,,,0,3.0,0,0,0,0,0,0,0,0,1,0,0,6.595780513961311,3.8501476017100584,2.9444389791664403,,,
28.0,18.0,46.0,731.0,2000.0,,,,,,0,3.0,0,0,0,0,0,0,0,0,1,0,0,6.595780513961311,3.8501476017100584,2.9444389791664403,,,
28.0,65.0,245.0,2411.0,3600.0,,,,2016.0,2.0,0,6.0,0,1,0,0,0,0,0,0,0,0,0,7.788211557847076,5.5053315359323625,4.189654742026425,,,
28.0,95.0,245.0,2411.0,4000.0,,,,2016.0,1.0,0,6.0,0,1,0,0,0,0,0,0,0,0,0,7.788211557847076,5.5053315359323625,4.564348191467836,,,
28.0,65.0,245.0,2411.0,3700.0,,,,2016.0,2.0,0,6.0,0,1,0,0,0,0,0,0,0,0,0,7.788211557847076,5.5053315359323625,4.189654742026425,,,
28.0,65.0,250.0,3100.0,3500.0,,,,2016.0,9.0,0,6.0,0,1,0,0,0,0,0,0,0,0,0,8.03947991910045,5.5254529391317835,4.189654742026425,,,
28.0,35.0,250.0,3100.0,3000.0,,,,2016.0,9.0,0,6.0,0,0,0,0,0,0,0,0,0,0,1,8.03947991910045,5.5254529391317835,3.58351893845611,,,
28.0,10.0,124.0,1200.0,2400.0,,,,2016.0,5.0,0,6.0,0,0,0,0,0,0,0,0,0,0,1,7.0909098220799835,4.8283137373023015,2.3978952727983707,,,
28.0,25.0,124.0,1200.0,2900.0,,,,2016.0,5.0,0,6.0,0,0,0,0,0,0,0,0,0,0,1,7.0909098220799835,4.8283137373023015,3.258096538021482,,,
28.0,15.0,124.0,1200.0,3000.0,,,,2016.0,5.0,0,6.0,0,0,0,0,0,0,0,0,0,0,1,7.0909098220799835,4.8283137373023015,2.772588722239781,,,
28.0,15.0,124.0,1200.0,3100.0,,,,2016.0,5.0,0,6.0,0,0,0,0,0,0,0,0,0,0,1,7.0909098220799835,4.8283137373023015,2.772588722239781,,,
28.0,65.0,250.0,3100.0,3500.0,,,,2016.0,2.0,0,6.0,0,1,0,0,0,0,0,0,0,0,0,8.03947991910045,5.5254529391317835,4.189654742026425,,,
28.0,25.0,182.0,731.0,1700.0,,,,2016.0,1.0,0,6.0,0,1,0,0,0,0,0,0,0,0,0,6.595780513961311,5.209486152841421,3.258096538021482,,,
28.0,32.0,182.0,731.0,1700.0,,,,2016.0,1.0,0,6.0,0,1,0,0,0,0,0,0,0,0,0,6.595780513961311,5.209486152841421,3.4965075614664802,,,
28.0,32.0,182.0,731.0,2000.0,,,,2016.0,1.0,0,6.0,0,1,0,0,0,0,0,0,0,0,0,6.595780513961311,5.209486152841421,3.4965075614664802,,,
28.0,25.0,171.0,731.0,2400.0,,,,2016.0,9.0,0,6.0,0,0,0,0,0,0,0,0,0,0,1,6.595780513961311,5.147494476813453,3.258096538021482,,,
28.0,65.0,250.0,3100.0,3500.0,,,,,,0,6.0,0,1,0,0,0,0,0,0,0,0,0,8.03947991910045,5.5254529391317835,4.189654742026425,,,
28.0,35.0,250.0,3100.0,2800.0,,,,,,0,6.0,0,1,0,0,0,0,0,0,0,0,0,8.03947991910045,5.5254529391317835,3.58351893845611,,,
28.0,35.0,250.0,3100.0,3000.0,,,,2016.0,10.0,0,6.0,0,1,0,0,0,0,0,0,0,0,0,8.03947991910045,5.5254529391317835,3.58351893845611,,,
28.0,65.0,250.0,3100.0,3700.0,,,,,,0,6.0,0,1,0,0,0,0,0,0,0,0,0,8.03947991910045,5.5254529391317835,4.189654742026425,,,
28.0,35.0,250.0,3100.0,2900.0,,,,,,0,6.0,0,1,0,0,0,0,0,0,0,0,0,8.03947991910045,5.5254529391317835,3.58351893845611,,,
28.0,65.0,250.0,3100.0,3800.0,,,,2016.0,10.0,0,6.0,0,1,0,0,0,0,0,0,0,0,0,8.03947991910045,5.5254529391317835,4.189654742026425,,,
28.0,65.0,250.0,3100.0,3500.0,,,,2016.0,10.0,0,6.0,0,1,0,0,0,0,0,0,0,0,0,8.03947991910045,5.5254529391317835,4.189654742026425,,,
28.0,35.0,250.0,3100.0,3000.0,,,,2016.0,10.0,0,6.0,0,1,0,0,0,0,0,0,0,0,0,8.03947991910045,5.5254529391317835,3.58351893845611,,,
28.0,65.0,250.0,3100.0,3100.0,,,,2016.0,10.0,0,6.0,0,1,0,0,0,0,0,0,0,0,0,8.03947991910045,5.5254529391317835,4.189654742026425,,,
14.0,45.0,171.0,2300.0,2300.0,,,,2016.0,1.0,0,7.0,0,0,0,1,0,0,0,0,0,0,0,7.741099090035366,5.147494476813453,3.828641396489095,,,
14.0,140.0,246.0,3400.0,3400.0,,,,2016.0,5.0,0,7.0,0,0,0,1,0,0,0,0,0,0,0,8.131824785007195,5.5093883366279774,4.948759890378168,,,
14.0,140.0,246.0,3400.0,3600.0,,,,2016.0,5.0,0,7.0,0,0,0,1,0,0,0,0,0,0,0,8.131824785007195,5.5093883366279774,4.948759890378168,,,
14.0,140.0,246.0,3400.0,3200.0,,,,2016.0,5.0,0,7.0,0,0,0,1,0,0,0,0,0,0,0,8.131824785007195,5.5093883366279774,4.948759890378168,,,
14.0,140.0,246.0,3400.0,3000.0,,,,2016.0,5.0,0,7.0,0,0,0,1,0,0,0,0,0,0,0,8.131824785007195,5.5093883366279774,4.948759890378168,,,
14.0,45.0,246.0,3200.0,1500.0,,,,2016.0,2.0,0,7.0,0,0,0,1,0,0,0,0,0,0,0,8.071218539969863,5.5093883366279774,3.828641396489095,,,
14.0,65.0,246.0,3200.0,2100.0,,,,2016.0,2.0,0,7.0,0,0,0,1,0,0,0,0,0,0,0,8.071218539969863,5.5093883366279774,4.189654742026425,,,
14.0,45.0,246.0,3200.0,1300.0,,,,2016.0,2.0,0,7.0,0,0,0,1,0,0,0,0,0,0,0,8.071218539969863,5.5093883366279774,3.828641396489095,,,
14.0,45.0,246.0,3200.0,1300.0,,,,2016.0,2.0,0,7.0,0,0,0,1,0,0,0,0,0,0,0,8.071218539969863,5.5093883366279774,3.828641396489095,,,
14.0,65.0,246.0,3200.0,1800.0,,,,2016.0,2.0,0,7.0,0,0,0,1,0,0,0,0,0,0,0,8.071218539969863,5.5093883366279774,4.189654742026425,,,
14.0,65.0,246.0,3200.0,1700.0,,,,2016.0,2.0,0,7.0,0,0,0,1,0,0,0,0,0,0,0,8.071218539969863,5.5093883366279774,4.189654742026425,,,
14.0,45.0,171.0,2300.0,2800.0,,,,2016.0,1.0,0,7.0,0,0,0,1,0,0,0,0,0,0,0,7.741099090035366,5.147494476813453,3.828641396489095,,,
14.0,45.0,171.0,2300.0,2900.0,,,,2016.0,1.0,0,7.0,0,0,0,1,0,0,0,0,0,0,0,7.741099090035366,5.147494476813453,3.828641396489095,,,
14.0,45.0,171.0,2300.0,1900.0,,,,2016.0,5.0,0,7.0,0,0,0,1,0,0,0,0,0,0,0,7.741099090035366,5.147494476813453,3.828641396489095,,,
14.0,35.0,171.0,2300.0,2500.0,,,,2016.0,5.0,0,7.0,0,0,0,1,0,0,0,0,0,0,0,7.741099090035366,5.147494476813453,3.58351893845611,,,
14.0,45.0,171.0,2300.0,3000.0,,,,2016.0,1.0,0,7.0,0,0,0,1,0,0,0,0,0,0,0,7.741099090035366,5.147494476813453,3.828641396489095,,,
14.0,45.0,171.0,2300.0,2000.0,,,,2016.0,5.0,0,7.0,0,0,0,1,0,0,0,0,0,0,0,7.741099090035366,5.147494476813453,3.828641396489095,,,
14.0,65.0,171.0,2300.0,3500.0,,,,2016.0,5.0,0,7.0,0,0,0,1,0,0,0,0,0,0,0,7.741099090035366,5.147494476813453,4.189654742026425,,,
14.0,45.0,171.0,2300.0,3000.0,,,,2016.0,5.0,0,7.0,0,0,0,1,0,0,0,0,0,0,0,7.741099090035366,5.147494476813453,3.828641396489095,,,
14.0,140.0,246.0,3400.0,3500.0,,,,2016.0,6.0,0,7.0,0,0,0,1,0,0,0,0,0,0,0,8.131824785007195,5.5093883366279774,4.948759890378168,,,
14.0,140.0,246.0,3400.0,3700.0,,,,2016.0,6.0,0,7.0,0,0,0,1,0,0,0,0,0,0,0,8.131824785007195,5.5093883366279774,4.948759890378168,,,
14.0,140.0,246.0,3400.0,3600.0,,,,2016.0,6.0,0,7.0,0,0,0,1,0,0,0,0,0,0,0,8.131824785007195,5.5093883366279774,4.948759890378168,,,
14.0,140.0,246.0,3400.0,3200.0,,,,2016.0,6.0,0,7.0,0,0,0,1,0,0,0,0,0,0,0,8.131824785007195,5.5093883366279774,4.948759890378168,,,
14.0,140.0,246.0,3400.0,3400.0,,,,2016.0,6.0,0,7.0,0,0,0,1,0,0,0,0,0,0,0,8.131824785007195,5.5093883366279774,4.948759890378168,,,
14.0,145.0,456.0,7200.0,2400.0,,,,2016.0,10.0,0,7.0,0,0,0,1,0,0,0,0,0,0,0,8.881975184248867,6.124683390894205,4.983606621708336,,,
14.0,215.0,171.0,8000.0,1300.0,,,,2016.0,6.0,0,7.0,0,0,0,1,0,0,0,0,0,0,0,8.987321812850125,5.147494476813453,5.375278407684165,,,
14.0,230.0,171.0,8000.0,1300.0,,,,2016.0,6.0,0,7.0,0,0,0,1,0,0,0,0,0,0,0,8.987321812850125,5.147494476813453,5.442417710521793,,,
14.0,215.0,171.0,8000.0,1300.0,,,,2016.0,6.0,0,7.0,0,0,0,1,0,0,0,0,0,0,0,8.987321812850125,5.147494476813453,5.375278407684165,,,
14.0,230.0,171.0,8000.0,1300.0,,,,2016.0,6.0,0,7.0,0,0,0,1,0,0,0,0,0,0,0,8.987321812850125,5.147494476813453,5.442417710521793,,,
14.0,215.0,171.0,8000.0,1400.0,,,,2016.0,6.0,0,7.0,0,0,0,1,0,0,0,0,0,0,0,8.987321812850125,5.147494476813453,5.375278407684165,,,
14.0,230.0,171.0,8000.0,1400.0,,,,2016.0,6.0,0,7.0,0,0,0,1,0,0,0,0,0,0,0,8.987321812850125,5.147494476813453,5.442417710521793,,,
14.0,245.0,171.0,8000.0,1500.0,,,,2016.0,6.0,0,7.0,0,0,0,1,0,0,0,0,0,0,0,8.987321812850125,5.147494476813453,5.5053315359323625,,,
14.0,260.0,171.0,8000.0,1500.0,,,,2016.0,6.0,0,7.0,0,0,0,1,0,0,0,0,0,0,0,8.987321812850125,5.147494476813453,5.564520407322694,,,
28.0,65.0,250.0,3100.0,3500.0,,,,2017.0,7.0,0,6.0,0,1,0,0,0,0,0,0,0,0,0,8.03947991910045,5.5254529391317835,4.189654742026425,,,
28.0,35.0,250.0,3100.0,3000.0,,,,2017.0,7.0,0,6.0,0,1,0,0,0,0,0,0,0,0,0,8.03947991910045,5.5254529391317835,3.58351893845611,,,
28.0,65.0,250.0,3100.0,3800.0,,,,2017.0,7.0,0,6.0,0,1,0,0,0,0,0,0,0,0,0,8.03947991910045,5.5254529391317835,4.189654742026425,,,
28.0,35.0,250.0,3100.0,3100.0,,,,2017.0,7.0,0,6.0,0,1,0,0,0,0,0,0,0,0,0,8.03947991910045,5.5254529391317835,3.58351893845611,,,
28.0,65.0,250.0,3100.0,3800.0,,,,2017.0,7.0,0,6.0,0,1,0,0,0,0,0,0,0,0,0,8.03947991910045,5.5254529391317835,4.189654742026425,,,
28.0,65.0,250.0,3100.0,3100.0,,,,2017.0,7.0,0,6.0,0,1,0,0,0,0,0,0,0,0,0,8.03947991910045,5.5254529391317835,4.189654742026425,,,
28.0,65.0,250.0,3100.0,3200.0,,,,2017.0,7.0,0,6.0,0,1,0,0,0,0,0,0,0,0,0,8.03947991910045,5.5254529391317835,4.189654742026425,,,
28.0,65.0,250.0,3100.0,3500.0,,,,2017.0,7.0,0,6.0,0,1,0,0,0,0,0,0,0,0,0,8.03947991910045,5.5254529391317835,4.189654742026425,,,
28.0,65.0,250.0,3100.0,3800.0,,,,2017.0,7.0,0,6.0,0,1,0,0,0,0,0,0,0,0,0,8.03947991910045,5.5254529391317835,4.189654742026425,,,
14.0,120.0,213.0,4800.0,2100.0,,,,2017.0,6.0,0,6.0,0,1,0,0,0,0,0,0,0,0,0,8.476579508530941,5.365976015021851,4.795790545596741,,,
14.0,170.0,213.0,4800.0,2100.0,,,,2017.0,6.0,0,6.0,0,1,0,0,0,0,0,0,0,0,0,8.476579508530941,5.365976015021851,5.14166355650266,,,
14.0,170.0,213.0,4800.0,2200.0,,,,2017.0,6.0,0,6.0,0,1,0,0,0,0,0,0,0,0,0,8.476579508530941,5.365976015021851,5.14166355650266,,,
14.0,170.0,213.0,4800.0,2400.0,,,,2017.0,6.0,0,6.0,0,1,0,0,0,0,0,0,0,0,0,8.476579508530941,5.365976015021851,5.14166355650266,,,
14.0,170.0,213.0,4800.0,2400.0,,,,2017.0,6.0,0,6.0,0,1,0,0,0,0,0,0,0,0,0,8.476579508530941,5.365976015021851,5.14166355650266,,,
14.0,170.0,213.0,4800.0,2000.0,,,,2017.0,6.0,0,6.0,0,1,0,0,0,0,0,0,0,0,0,8.476579508530941,5.365976015021851,5.14166355650266,,,
14.0,170.0,213.0,4800.0,2000.0,,,,2017.0,6.0,0,6.0,0,1,0,0,0,0,0,0,0,0,0,8.476579508530941,5.365976015021851,5.14166355650266,,,
14.0,180.0,213.0,4800.0,2300.0,,,,2017.0,6.0,0,6.0,0,1,0,0,0,0,0,0,0,0,0,8.476579508530941,5.365976015021851,5.198497031265826,,,
14.0,170.0,213.0,4800.0,2000.0,,,,2017.0,6.0,0,6.0,0,1,0,0,0,0,0,0,0,0,0,8.476579508530941,5.365976015021851,5.14166355650266,,,
14.0,180.0,213.0,4800.0,2000.0,,,,2017.0,6.0,0,6.0,0,1,0,0,0,0,0,0,0,0,0,8.476579508530941,5.365976015021851,5.198497031265826,,,
14.0,180.0,213.0,4800.0,2000.0,,,,2017.0,6.0,0,6.0,0,1,0,0,0,0,0,0,0,0,0,8.476579508530941,5.365976015021851,5.198497031265826,,,
14.0,180.0,213.0,4800.0,2200.0,,,,2017.0,6.0,0,6.0,0,1,0,0,0,0,0,0,0,0,0,8.476579508530941,5.365976015021851,5.198497031265826,,,
28.0,15.0,250.0,3100.0,1600.0,,,,2017.0,6.0,0,6.0,0,1,0,0,0,0,0,0,0,0,0,8.03947991910045,5.5254529391317835,2.772588722239781,,,
28.0,65.0,250.0,3100.0,3500.0,,,,2017.0,7.0,0,6.0,0,1,0,0,0,0,0,0,0,0,0,8.03947991910045,5.5254529391317835,4.189654742026425,,,
28.0,35.0,250.0,3100.0,3100.0,,,,2017.0,7.0,0,6.0,0,1,0,0,0,0,0,0,0,0,0,8.03947991910045,5.5254529391317835,3.58351893845611,,,
14.0,65.0,213.0,4800.0,3100.0,,,,2017.0,7.0,0,6.0,0,1,0,0,0,0,0,0,0,0,0,8.476579508530941,5.365976015021851,4.189654742026425,,,
14.0,65.0,213.0,4800.0,3400.0,,,,2017.0,7.0,0,6.0,0,1,0,0,0,0,0,0,0,0,0,8.476579508530941,5.365976015021851,4.189654742026425,,,
14.0,65.0,213.0,4800.0,3100.0,,,,2017.0,6.0,0,6.0,0,1,0,0,0,0,0,0,0,0,0,8.476579508530941,5.365976015021851,4.189654742026425,,,
14.0,65.0,213.0,4800.0,3500.0,,,,2017.0,6.0,0,6.0,0,1,0,0,0,0,0,0,0,0,0,8.476579508530941,5.365976015021851,4.189654742026425,,,
14.0,65.0,213.0,4800.0,3200.0,,,,2017.0,4.0,0,6.0,0,1,0,0,0,0,0,0,0,0,0,8.476579508530941,5.365976015021851,4.189654742026425,,,
14.0,65.0,213.0,4800.0,3500.0,,,,2017.0,4.0,0,6.0,0,1,0,0,0,0,0,0,0,0,0,8.476579508530941,5.365976015021851,4.189654742026425,,,
14.0,65.0,213.0,4800.0,3200.0,,,,2017.0,4.0,0,6.0,0,1,0,0,0,0,0,0,0,0,0,8.476579508530941,5.365976015021851,4.189654742026425,,,
14.0,95.0,213.0,4800.0,3600.0,,,,2017.0,4.0,0,6.0,0,1,0,0,0,0,0,0,0,0,0,8.476579508530941,5.365976015021851,4.564348191467836,,,
14.0,15.0,246.0,731.0,2000.0,,,,2017.0,10.0,0,6.0,0,1,0,0,0,0,0,0,0,0,0,6.595780513961311,5.5093883366279774,2.772588722239781,,,
14.0,65.0,192.0,4800.0,3500.0,,,,2017.0,6.0,0,6.0,0,1,0,0,0,0,0,0,0,0,0,8.476579508530941,5.262690188904886,4.189654742026425,,,
14.0,65.0,192.0,4800.0,3200.0,,,,2017.0,6.0,0,6.0,0,1,0,0,0,0,0,0,0,0,0,8.476579508530941,5.262690188904886,4.189654742026425,,,
14.0,65.0,213.0,4800.0,3000.0,,,,2017.0,3.0,0,6.0,0,1,0,0,0,0,0,0,0,0,0,8.476579508530941,5.365976015021851,4.189654742026425,,,
14.0,95.0,213.0,4800.0,3400.0,,,,2017.0,3.0,0,6.0,0,1,0,0,0,0,0,0,0,0,0,8.476579508530941,5.365976015021851,4.564348191467836,,,
14.0,95.0,213.0,4800.0,3600.0,,,,2017.0,3.0,0,6.0,0,1,0,0,0,0,0,0,0,0,0,8.476579508530941,5.365976015021851,4.564348191467836,,,
14.0,15.0,246.0,731.0,2200.0,,,,2017.0,10.0,0,6.0,0,1,0,0,0,0,0,0,0,0,0,6.595780513961311,5.5093883366279774,2.772588722239781,,,
14.0,65.0,213.0,4800.0,3000.0,,,,2017.0,6.0,0,6.0,0,1,0,0,0,0,0,0,0,0,0,8.476579508530941,5.365976015021851,4.189654742026425,,,
14.0,95.0,213.0,4800.0,3400.0,,,,2017.0,6.0,0,6.0,0,1,0,0,0,0,0,0,0,0,0,8.476579508530941,5.365976015021851,4.564348191467836,,,
14.0,15.0,246.0,731.0,2200.0,,,,2017.0,10.0,0,6.0,0,1,0,0,0,0,0,0,0,0,0,6.595780513961311,5.5093883366279774,2.772588722239781,,,
14.0,125.0,171.0,9600.0,3100.0,,,,,,0,6.0,0,1,0,0,0,0,0,0,0,0,0,9.169622538697624,5.147494476813453,4.836281906951478,,,
14.0,180.0,171.0,9600.0,3800.0,,,,2017.0,8.0,0,6.0,0,1,0,0,0,0,0,0,0,0,0,9.169622538697624,5.147494476813453,5.198497031265826,,,
14.0,140.0,171.0,9600.0,3200.0,,,,,,0,6.0,0,1,0,0,0,0,0,0,0,0,0,9.169622538697624,5.147494476813453,4.948759890378168,,,
14.0,180.0,171.0,9600.0,3500.0,,,,2017.0,8.0,0,6.0,0,1,0,0,0,0,0,0,0,0,0,9.169622538697624,5.147494476813453,5.198497031265826,,,
14.0,180.0,213.0,9600.0,3200.0,,,,,,0,6.0,0,1,0,0,0,0,0,0,0,0,0,9.169622538697624,5.365976015021851,5.198497031265826,,,
14.0,180.0,171.0,9600.0,3500.0,,,,,,0,6.0,0,1,0,0,0,0,0,0,0,0,0,9.169622538697624,5.147494476813453,5.198497031265826,,,
14.0,180.0,171.0,9600.0,3200.0,,,,,,0,6.0,0,1,0,0,0,0,0,0,0,0,0,9.169622538697624,5.147494476813453,5.198497031265826,,,
14.0,180.0,171.0,9600.0,3400.0,,,,2017.0,8.0,0,6.0,0,1,0,0,0,0,0,0,0,0,0,9.169622538697624,5.147494476813453,5.198497031265826,,,
14.0,10.0,93.0,731.0,2000.0,,,,2017.0,12.0,0,7.0,0,0,0,1,0,0,0,0,0,0,0,6.595780513961311,4.543294782270004,2.3978952727983707,,,
14.0,10.0,93.0,731.0,1500.0,,,,2017.0,12.0,0,7.0,0,0,0,1,0,0,0,0,0,0,0,6.595780513961311,4.543294782270004,2.3978952727983707,,,
14.0,51.0,171.0,731.0,4000.0,,,,2017.0,7.0,0,7.0,0,0,0,1,0,0,0,0,0,0,0,6.595780513961311,5.147494476813453,3.9512437185814275,,,
14.0,35.0,171.0,731.0,3600.0,,,,2017.0,7.0,0,7.0,0,0,0,1,0,0,0,0,0,0,0,6.595780513961311,5.147494476813453,3.58351893845611,,,
14.0,35.0,171.0,731.0,3600.0,,,,2017.0,7.0,0,7.0,0,0,0,1,0,0,0,0,0,0,0,6.595780513961311,5.147494476813453,3.58351893845611,,,
14.0,51.0,171.0,731.0,4200.0,,,,2017.0,7.0,0,7.0,0,0,0,1,0,0,0,0,0,0,0,6.595780513961311,5.147494476813453,3.9512437185814275,,,
14.0,112.0,171.0,731.0,4300.0,,,,2017.0,10.0,0,7.0,0,0,0,1,0,0,0,0,0,0,0,6.595780513961311,5.147494476813453,4.727387818712341,,,
14.0,65.0,126.0,731.0,3600.0,,,,2017.0,10.0,0,7.0,0,0,0,1,0,0,0,0,0,0,0,6.595780513961311,4.844187086458591,4.189654742026425,,,
14.0,91.0,126.0,731.0,4000.0,,,,2017.0,10.0,0,7.0,0,0,0,1,0,0,0,0,0,0,0,6.595780513961311,4.844187086458591,4.5217885770490405,,,
14.0,112.0,171.0,731.0,3900.0,,,,2017.0,6.0,0,7.0,0,0,0,1,0,0,0,0,0,0,0,6.595780513961311,5.147494476813453,4.727387818712341,,,
14.0,15.0,123.0,731.0,1600.0,,,,2017.0,8.0,0,7.0,0,0,0,1,0,0,0,0,0,0,0,6.595780513961311,4.820281565605037,2.772588722239781,,,
14.0,15.0,123.0,731.0,1700.0,,,,2017.0,8.0,0,7.0,0,0,0,1,0,0,0,0,0,0,0,6.595780513961311,4.820281565605037,2.772588722239781,,,
14.0,65.0,171.0,731.0,2800.0,,,,2017.0,10.0,0,7.0,0,0,0,1,0,0,0,0,0,0,0,6.595780513961311,5.147494476813453,4.189654742026425,,,
14.0,95.0,171.0,731.0,3600.0,,,,2017.0,10.0,0,7.0,0,0,0,1,0,0,0,0,0,0,0,6.595780513961311,5.147494476813453,4.564348191467836,,,
14.0,45.0,126.0,731.0,2800.0,,,,2017.0,1.0,0,7.0,0,0,0,1,0,0,0,0,0,0,0,6.595780513961311,4.844187086458591,3.828641396489095,,,
14.0,112.0,171.0,731.0,4300.0,,,,2017.0,6.0,0,7.0,0,0,0,1,0,0,0,0,0,0,0,6.595780513961311,5.147494476813453,4.727387818712341,,,
14.0,140.0,171.0,731.0,3500.0,,,,2017.0,6.0,0,7.0,0,0,0,1,0,0,0,0,0,0,0,6.595780513961311,5.147494476813453,4.948759890378168,,,
14.0,140.0,171.0,731.0,3600.0,,,,2017.0,6.0,0,7.0,0,0,0,1,0,0,0,0,0,0,0,6.595780513961311,5.147494476813453,4.948759890378168,,,
14.0,15.0,123.0,731.0,1800.0,,,,2017.0,8.0,0,7.0,0,0,0,1,0,0,0,0,0,0,0,6.595780513961311,4.820281565605037,2.772588722239781,,,
14.0,15.0,123.0,731.0,1900.0,,,,2017.0,8.0,0,7.0,0,0,0,1,0,0,0,0,0,0,0,6.595780513961311,4.820281565605037,2.772588722239781,,,
14.0,95.0,154.0,731.0,3700.0,,,,2017.0,10.0,0,7.0,0,0,0,1,0,0,0,0,0,0,0,6.595780513961311,5.043425116919247,4.564348191467836,,,
14.0,140.0,171.0,731.0,3300.0,,,,2017.0,6.0,0,7.0,0,0,0,1,0,0,0,0,0,0,0,6.595780513961311,5.147494476813453,4.948759890378168,,,
14.0,140.0,171.0,731.0,2900.0,,,,2017.0,9.0,0,7.0,0,0,0,1,0,0,0,0,0,0,0,6.595780513961311,5.147494476813453,4.948759890378168,,,
14.0,165.0,171.0,731.0,3100.0,,,,2017.0,9.0,0,7.0,0,0,0,1,0,0,0,0,0,0,0,6.595780513961311,5.147494476813453,5.111987788356544,,,
14.0,165.0,171.0,731.0,2800.0,,,,2017.0,9.0,0,7.0,0,0,0,1,0,0,0,0,0,0,0,6.595780513961311,5.147494476813453,5.111987788356544,,,
14.0,165.0,171.0,731.0,2600.0,,,,2017.0,9.0,0,7.0,0,0,0,1,0,0,0,0,0,0,0,6.595780513961311,5.147494476813453,5.111987788356544,,,
14.0,10.0,93.0,731.0,1500.0,,,,2017.0,12.0,0,7.0,0,0,0,1,0,0,0,0,0,0,0,6.595780513961311,4.543294782270004,2.3978952727983707,,,
14.0,6.0,93.0,731.0,1100.0,,,,2017.0,12.0,0,7.0,0,0,0,1,0,0,0,0,0,0,0,6.595780513961311,4.543294782270004,1.9459101490553132,,,
14.0,85.0,171.0,8000.0,2100.0,,,,2017.0,7.0,0,7.0,0,0,0,1,0,0,0,0,0,0,0,8.987321812850125,5.147494476813453,4.454347296253507,,,
14.0,79.0,160.0,1400.0,4100.0,,,,2017.0,8.0,0,7.0,0,0,0,1,0,0,0,0,0,0,0,7.244941546337007,5.081404364984463,4.382026634673881,,,
14.0,200.0,171.0,8000.0,3000.0,,,,2017.0,7.0,0,7.0,0,0,0,1,0,0,0,0,0,0,0,8.987321812850125,5.147494476813453,5.303304908059076,,,
14.0,250.0,171.0,8000.0,1300.0,,,,2017.0,12.0,0,7.0,0,0,0,1,0,0,0,0,0,0,0,8.987321812850125,5.147494476813453,5.5254529391317835,,,
14.0,250.0,171.0,8000.0,1300.0,,,,2017.0,12.0,0,7.0,0,0,0,1,0,0,0,0,0,0,0,8.987321812850125,5.147494476813453,5.5254529391317835,,,
14.0,320.0,171.0,8000.0,1500.0,,,,2017.0,12.0,0,7.0,0,0,0,1,0,0,0,0,0,0,0,8.987321812850125,5.147494476813453,5.771441123130016,,,
14.0,205.0,171.0,8000.0,2500.0,,,,2017.0,7.0,0,7.0,0,0,0,1,0,0,0,0,0,0,0,8.987321812850125,5.147494476813453,5.327876168789581,,,
14.0,205.0,171.0,8000.0,2500.0,,,,2017.0,7.0,0,7.0,0,0,0,1,0,0,0,0,0,0,0,8.987321812850125,5.147494476813453,5.327876168789581,,,
14.0,85.0,171.0,8000.0,2100.0,,,,2017.0,7.0,0,7.0,0,0,0,1,0,0,0,0,0,0,0,8.987321812850125,5.147494476813453,4.454347296253507,,,
14.0,120.0,484.0,731.0,2900.0,,,,2017.0,8.0,0,7.0,0,0,0,1,0,0,0,0,0,0,0,6.595780513961311,6.184148890937483,4.795790545596741,,,
14.0,120.0,484.0,731.0,3200.0,,,,2017.0,8.0,0,7.0,0,0,0,1,0,0,0,0,0,0,0,6.595780513961311,6.184148890937483,4.795790545596741,,,
14.0,120.0,484.0,731.0,3600.0,,,,2017.0,8.0,0,7.0,0,0,0,1,0,0,0,0,0,0,0,6.595780513961311,6.184148890937483,4.795790545596741,,,
14.0,120.0,484.0,731.0,4000.0,,,,2017.0,8.0,0,7.0,0,0,0,1,0,0,0,0,0,0,0,6.595780513961311,6.184148890937483,4.795790545596741,,,
14.0,140.0,484.0,731.0,3600.0,,,,2017.0,8.0,0,7.0,0,0,0,1,0,0,0,0,0,0,0,6.595780513961311,6.184148890937483,4.948759890378168,,,
14.0,140.0,484.0,731.0,3700.0,,,,2017.0,8.0,0,7.0,0,0,0,1,0,0,0,0,0,0,0,6.595780513961311,6.184148890937483,4.948759890378168,,,
14.0,120.0,484.0,731.0,3200.0,,,,2017.0,12.0,0,7.0,0,0,0,1,0,0,0,0,0,0,0,6.595780513961311,6.184148890937483,4.795790545596741,,,
14.0,140.0,484.0,731.0,3700.0,,,,2017.0,8.0,0,7.0,0,0,0,1,0,0,0,0,0,0,0,6.595780513961311,6.184148890937483,4.948759890378168,,,
14.0,120.0,484.0,731.0,3000.0,,,,2017.0,12.0,0,7.0,0,0,0,1,0,0,0,0,0,0,0,6.595780513961311,6.184148890937483,4.795790545596741,,,
14.0,140.0,484.0,731.0,3300.0,,,,2017.0,8.0,0,7.0,0,0,0,1,0,0,0,0,0,0,0,6.595780513961311,6.184148890937483,4.948759890378168,,,
14.0,140.0,484.0,731.0,2500.0,,,,2017.0,12.0,0,7.0,0,0,0,1,0,0,0,0,0,0,0,6.595780513961311,6.184148890937483,4.948759890378168,,,
14.0,140.0,484.0,731.0,2500.0,,,,2017.0,10.0,0,7.0,0,0,0,1,0,0,0,0,0,0,0,6.595780513961311,6.184148890937483,4.948759890378168,,,
14.0,140.0,484.0,731.0,2300.0,,,,2017.0,12.0,0,7.0,0,0,0,1,0,0,0,0,0,0,0,6.595780513961311,6.184148890937483,4.948759890378168,,,
14.0,140.0,484.0,731.0,2300.0,,,,2017.0,8.0,0,7.0,0,0,0,1,0,0,0,0,0,0,0,6.595780513961311,6.184148890937483,4.948759890378168,,,
28.0,45.0,250.0,3100.0,3500.0,,,,2018.0,10.0,0,6.0,0,1,0,0,0,0,0,0,0,0,0,8.03947991910045,5.5254529391317835,3.828641396489095,,,
28.0,45.0,250.0,3100.0,3500.0,,,,2018.0,10.0,0,6.0,0,1,0,0,0,0,0,0,0,0,0,8.03947991910045,5.5254529391317835,3.828641396489095,,,
14.0,35.0,209.8,4950.0,3200.0,,,,2018.0,9.0,0,6.0,0,1,0,0,0,0,0,0,0,0,0,8.507344855361422,5.350909816667207,3.58351893845611,,,
14.0,35.0,209.8,4950.0,3400.0,,,,2018.0,12.0,0,6.0,0,1,0,0,0,0,0,0,0,0,0,8.507344855361422,5.350909816667207,3.58351893845611,,,
14.0,35.0,209.8,4950.0,3500.0,,,,2018.0,12.0,0,6.0,0,1,0,0,0,0,0,0,0,0,0,8.507344855361422,5.350909816667207,3.58351893845611,,,
14.0,35.0,192.0,4800.0,3200.0,,,,2018.0,6.0,0,6.0,0,0,0,0,0,0,0,0,0,0,1,8.476579508530941,5.262690188904886,3.58351893845611,,,
14.0,170.0,213.0,4800.0,2500.0,,,,2018.0,6.0,0,6.0,0,1,0,0,0,0,0,0,0,0,0,8.476579508530941,5.365976015021851,5.14166355650266,,,
14.0,170.0,213.0,4800.0,3100.0,,,,2018.0,11.0,0,6.0,0,1,0,0,0,0,0,0,0,0,0,8.476579508530941,5.365976015021851,5.14166355650266,,,
28.0,65.0,250.0,3100.0,3500.0,,,,,,0,6.0,0,1,0,0,0,0,0,0,0,0,0,8.03947991910045,5.5254529391317835,4.189654742026425,,,
28.0,65.0,250.0,3100.0,3000.0,,,,,,0,6.0,0,1,0,0,0,0,0,0,0,0,0,8.03947991910045,5.5254529391317835,4.189654742026425,,,
14.0,35.0,210.0,4950.0,3200.0,,,,2018.0,4.0,0,6.0,0,1,0,0,0,0,0,0,0,0,0,8.507344855361422,5.351858133476067,3.58351893845611,,,
12.0,65.0,213.0,4800.0,3500.0,,,,2018.0,9.0,0,6.0,0,1,0,0,0,0,0,0,0,0,0,8.476579508530941,5.365976015021851,4.189654742026425,,,
14.0,35.0,210.0,4950.0,3200.0,,,,2018.0,5.0,0,6.0,0,1,0,0,0,0,0,0,0,0,0,8.507344855361422,5.351858133476067,3.58351893845611,,,
14.0,35.0,210.0,4950.0,3200.0,,,,2018.0,4.0,0,6.0,0,1,0,0,0,0,0,0,0,0,0,8.507344855361422,5.351858133476067,3.58351893845611,,,
12.0,65.0,213.0,4800.0,3600.0,,,,2018.0,9.0,0,6.0,0,1,0,0,0,0,0,0,0,0,0,8.476579508530941,5.365976015021851,4.189654742026425,,,
12.0,65.0,213.0,4800.0,3400.0,,,,2018.0,4.0,0,6.0,0,1,0,0,0,0,0,0,0,0,0,8.476579508530941,5.365976015021851,4.189654742026425,,,
12.0,65.0,192.0,4800.0,3100.0,,,,2018.0,9.0,0,6.0,0,1,0,0,0,0,0,0,0,0,0,8.476579508530941,5.262690188904886,4.189654742026425,,,
14.0,15.0,246.0,731.0,3300.0,,,,2018.0,5.0,0,6.0,0,1,0,0,0,0,0,0,0,0,0,6.595780513961311,5.5093883366279774,2.772588722239781,,,
12.0,95.0,213.0,4800.0,3600.0,,,,2018.0,4.0,0,6.0,0,1,0,0,0,0,0,0,0,0,0,8.476579508530941,5.365976015021851,4.564348191467836,,,
14.0,65.0,210.0,4950.0,3600.0,,,,2018.0,5.0,0,6.0,0,1,0,0,0,0,0,0,0,0,0,8.507344855361422,5.351858133476067,4.189654742026425,,,
14.0,35.0,210.0,4950.0,3200.0,,,,2018.0,5.0,0,6.0,0,1,0,0,0,0,0,0,0,0,0,8.507344855361422,5.351858133476067,3.58351893845611,,,
12.0,65.0,192.0,4800.0,3400.0,,,,2018.0,9.0,0,6.0,0,1,0,0,0,0,0,0,0,0,0,8.476579508530941,5.262690188904886,4.189654742026425,,,
12.0,65.0,213.0,4800.0,3200.0,,,,2018.0,4.0,0,6.0,0,1,0,0,0,0,0,0,0,0,0,8.476579508530941,5.365976015021851,4.189654742026425,,,
12.0,65.0,192.0,4800.0,2800.0,,,,2018.0,9.0,0,6.0,0,1,0,0,0,0,0,0,0,0,0,8.476579508530941,5.262690188904886,4.189654742026425,,,
12.0,105.0,213.0,4800.0,3700.0,,,,2018.0,4.0,0,6.0,0,1,0,0,0,0,0,0,0,0,0,8.476579508530941,5.365976015021851,4.663439094112067,,,
14.0,15.0,246.0,731.0,3400.0,,,,2018.0,5.0,0,6.0,0,1,0,0,0,0,0,0,0,0,0,6.595780513961311,5.5093883366279774,2.772588722239781,,,
12.0,65.0,192.0,4800.0,3200.0,,,,2018.0,9.0,0,6.0,0,1,0,0,0,0,0,0,0,0,0,8.476579508530941,5.262690188904886,4.189654742026425,,,
12.0,95.0,192.0,4800.0,3600.0,,,,2018.0,9.0,0,6.0,0,1,0,0,0,0,0,0,0,0,0,8.476579508530941,5.262690188904886,4.564348191467836,,,
12.0,180.0,171.0,9600.0,3500.0,,,,2018.0,10.0,0,6.0,0,1,0,0,0,0,0,0,0,0,0,9.169622538697624,5.147494476813453,5.198497031265826,,,
12.0,180.0,171.0,9600.0,3500.0,,,,2018.0,8.0,0,6.0,0,1,0,0,0,0,0,0,0,0,0,9.169622538697624,5.147494476813453,5.198497031265826,,,
12.0,250.0,171.0,19200.0,3000.0,,,,2018.0,10.0,0,6.0,0,1,0,0,0,0,0,0,0,0,0,9.862717639992917,5.147494476813453,5.5254529391317835,,,
12.0,250.0,171.0,19200.0,3000.0,,,,2018.0,8.0,0,6.0,0,1,0,0,0,0,0,0,0,0,0,9.862717639992917,5.147494476813453,5.5254529391317835,,,
14.0,54.0,126.0,731.0,3100.0,,,,2018.0,4.0,0,7.0,0,0,0,1,0,0,0,0,0,0,0,6.595780513961311,4.844187086458591,4.007333185232471,,,
14.0,35.0,126.0,731.0,2900.0,,,,2018.0,4.0,0,7.0,0,0,0,1,0,0,0,0,0,0,0,6.595780513961311,4.844187086458591,3.58351893845611,,,
14.0,54.0,126.0,731.0,3200.0,,,,2018.0,4.0,0,7.0,0,0,0,1,0,0,0,0,0,0,0,6.595780513961311,4.844187086458591,4.007333185232471,,,
14.0,51.0,126.0,731.0,3700.0,,,,2018.0,9.0,0,7.0,0,0,0,1,0,0,0,0,0,0,0,6.595780513961311,4.844187086458591,3.9512437185814275,,,
14.0,65.0,126.0,731.0,3600.0,,,,2018.0,9.0,0,7.0,0,0,0,1,0,0,0,0,0,0,0,6.595780513961311,4.844187086458591,4.189654742026425,,,
14.0,35.0,126.0,731.0,3100.0,,,,2018.0,4.0,0,7.0,0,0,0,1,0,0,0,0,0,0,0,6.595780513961311,4.844187086458591,3.58351893845611,,,
14.0,28.0,123.0,731.0,3000.0,,,,2018.0,4.0,0,7.0,0,0,0,1,0,0,0,0,0,0,0,6.595780513961311,4.820281565605037,3.367295829986474,,,
14.0,65.0,126.0,731.0,3700.0,,,,2018.0,9.0,0,7.0,0,0,0,1,0,0,0,0,0,0,0,6.595780513961311,4.844187086458591,4.189654742026425,,,
10.0,15.0,70.52,731.0,2200.0,,,,2018.0,5.0,0,7.0,0,0,0,1,0,0,0,0,0,0,0,6.595780513961311,4.269977130865259,2.772588722239781,,,
10.0,28.0,123.0,731.0,2100.0,,,,2018.0,10.0,0,7.0,0,0,0,1,0,0,0,0,0,0,0,6.595780513961311,4.820281565605037,3.367295829986474,,,
14.0,35.0,126.0,731.0,3200.0,,,,2018.0,4.0,0,7.0,0,0,0,1,0,0,0,0,0,0,0,6.595780513961311,4.844187086458591,3.58351893845611,,,
14.0,65.0,171.0,731.0,3700.0,,,,2018.0,9.0,0,7.0,0,0,0,1,0,0,0,0,0,0,0,6.595780513961311,5.147494476813453,4.189654742026425,,,
14.0,65.0,126.0,731.0,3600.0,,,,2018.0,9.0,0,7.0,0,0,0,1,0,0,0,0,0,0,0,6.595780513961311,4.844187086458591,4.189654742026425,,,
14.0,65.0,126.0,731.0,3100.0,,,,2018.0,9.0,0,7.0,0,0,0,1,0,0,0,0,0,0,0,6.595780513961311,4.844187086458591,4.189654742026425,,,
14.0,35.0,126.0,731.0,3100.0,,,,2018.0,9.0,0,7.0,0,0,0,1,0,0,0,0,0,0,0,6.595780513961311,4.844187086458591,3.58351893845611,,,
14.0,28.0,126.0,731.0,2300.0,,,,2018.0,4.0,0,7.0,0,0,0,1,0,0,0,0,0,0,0,6.595780513961311,4.844187086458591,3.367295829986474,,,
14.0,28.0,123.0,731.0,1600.0,,,,2018.0,10.0,0,7.0,0,0,0,1,0,0,0,0,0,0,0,6.595780513961311,4.820281565605037,3.367295829986474,,,
14.0,28.0,123.0,731.0,2600.0,,,,2018.0,4.0,0,7.0,0,0,0,1,0,0,0,0,0,0,0,6.595780513961311,4.820281565605037,3.367295829986474,,,
14.0,45.0,126.0,731.0,2300.0,,,,2018.0,4.0,0,7.0,0,0,0,1,0,0,0,0,0,0,0,6.595780513961311,4.844187086458591,3.828641396489095,,,
14.0,45.0,126.0,731.0,2500.0,,,,2018.0,4.0,0,7.0,0,0,0,1,0,0,0,0,0,0,0,6.595780513961311,4.844187086458591,3.828641396489095,,,
14.0,35.0,171.0,731.0,1700.0,,,,2018.0,4.0,0,7.0,0,0,0,1,0,0,0,0,0,0,0,6.595780513961311,5.147494476813453,3.58351893845611,,,
14.0,65.0,171.0,731.0,2900.0,,,,2018.0,9.0,0,7.0,0,0,0,1,0,0,0,0,0,0,0,6.595780513961311,5.147494476813453,4.189654742026425,,,
14.0,35.0,171.0,731.0,1800.0,,,,2018.0,9.0,0,7.0,0,0,0,1,0,0,0,0,0,0,0,6.595780513961311,5.147494476813453,3.58351893845611,,,
14.0,65.0,154.0,731.0,3000.0,,,,2018.0,4.0,0,7.0,0,0,0,1,0,0,0,0,0,0,0,6.595780513961311,5.043425116919247,4.189654742026425,,,
14.0,65.0,171.0,731.0,3000.0,,,,2018.0,9.0,0,7.0,0,0,0,1,0,0,0,0,0,0,0,6.595780513961311,5.147494476813453,4.189654742026425,,,
14.0,65.0,171.0,731.0,3100.0,,,,2018.0,9.0,0,7.0,0,0,0,1,0,0,0,0,0,0,0,6.595780513961311,5.147494476813453,4.189654742026425,,,
14.0,95.0,171.0,731.0,3700.0,,,,2018.0,9.0,0,7.0,0,0,0,1,0,0,0,0,0,0,0,6.595780513961311,5.147494476813453,4.564348191467836,,,
14.0,65.0,171.0,731.0,2900.0,,,,2018.0,10.0,0,7.0,0,0,0,1,0,0,0,0,0,0,0,6.595780513961311,5.147494476813453,4.189654742026425,,,
14.0,35.0,171.0,731.0,1800.0,,,,2018.0,9.0,0,7.0,0,0,0,1,0,0,0,0,0,0,0,6.595780513961311,5.147494476813453,3.58351893845611,,,
14.0,65.0,171.0,731.0,3000.0,,,,2018.0,10.0,0,7.0,0,0,0,1,0,0,0,0,0,0,0,6.595780513961311,5.147494476813453,4.189654742026425,,,
14.0,65.0,171.0,731.0,3100.0,,,,2018.0,10.0,0,7.0,0,0,0,1,0,0,0,0,0,0,0,6.595780513961311,5.147494476813453,4.189654742026425,,,
14.0,95.0,171.0,731.0,3700.0,,,,2018.0,10.0,0,7.0,0,0,0,1,0,0,0,0,0,0,0,6.595780513961311,5.147494476813453,4.564348191467836,,,
14.0,95.0,171.0,731.0,4000.0,,,,2018.0,6.0,0,7.0,0,0,0,1,0,0,0,0,0,0,0,6.595780513961311,5.147494476813453,4.564348191467836,,,
14.0,28.0,123.0,731.0,2700.0,,,,2018.0,4.0,0,7.0,0,0,0,1,0,0,0,0,0,0,0,6.595780513961311,4.820281565605037,3.367295829986474,,,
14.0,28.0,123.0,731.0,1800.0,,,,2018.0,10.0,0,7.0,0,0,0,1,0,0,0,0,0,0,0,6.595780513961311,4.820281565605037,3.367295829986474,,,
14.0,35.0,171.0,731.0,2300.0,,,,2018.0,9.0,0,7.0,0,0,0,1,0,0,0,0,0,0,0,6.595780513961311,5.147494476813453,3.58351893845611,,,
14.0,65.0,154.0,731.0,3200.0,,,,2018.0,4.0,0,7.0,0,0,0,1,0,0,0,0,0,0,0,6.595780513961311,5.043425116919247,4.189654742026425,,,
14.0,45.0,149.0,731.0,2200.0,,,,2018.0,4.0,0,7.0,0,0,0,1,0,0,0,0,0,0,0,6.595780513961311,5.0106352940962555,3.828641396489095,,,
14.0,45.0,149.0,731.0,2700.0,,,,2018.0,4.0,0,7.0,0,0,0,1,0,0,0,0,0,0,0,6.595780513961311,5.0106352940962555,3.828641396489095,,,
14.0,95.0,180.3,731.0,3600.0,,,,2018.0,10.0,0,7.0,0,0,0,1,0,0,0,0,0,0,0,6.595780513961311,5.200153117760806,4.564348191467836,,,
14.0,165.0,171.0,731.0,3800.0,,,,2018.0,10.0,0,7.0,0,0,0,1,0,0,0,0,0,0,0,6.595780513961311,5.147494476813453,5.111987788356544,,,
14.0,95.0,149.0,731.0,2900.0,,,,2018.0,4.0,0,7.0,0,0,0,1,0,0,0,0,0,0,0,6.595780513961311,5.0106352940962555,4.564348191467836,,,
14.0,165.0,171.0,731.0,3300.0,,,,2018.0,10.0,0,7.0,0,0,0,1,0,0,0,0,0,0,0,6.595780513961311,5.147494476813453,5.111987788356544,,,
14.0,95.0,180.3,731.0,3600.0,,,,2018.0,10.0,0,7.0,0,0,0,1,0,0,0,0,0,0,0,6.595780513961311,5.200153117760806,4.564348191467836,,,
14.0,165.0,171.0,731.0,3500.0,,,,2018.0,10.0,0,7.0,0,0,0,1,0,0,0,0,0,0,0,6.595780513961311,5.147494476813453,5.111987788356544,,,
14.0,165.0,171.0,731.0,3500.0,,,,2018.0,10.0,0,7.0,0,0,0,1,0,0,0,0,0,0,0,6.595780513961311,5.147494476813453,5.111987788356544,,,
14.0,165.0,171.0,731.0,3300.0,,,,2018.0,10.0,0,7.0,0,0,0,1,0,0,0,0,0,0,0,6.595780513961311,5.147494476813453,5.111987788356544,,,
14.0,165.0,171.0,731.0,3100.0,,,,2018.0,10.0,0,7.0,0,0,0,1,0,0,0,0,0,0,0,6.595780513961311,5.147494476813453,5.111987788356544,,,
14.0,165.0,171.0,731.0,3000.0,,,,2018.0,10.0,0,7.0,0,0,0,1,0,0,0,0,0,0,0,6.595780513961311,5.147494476813453,5.111987788356544,,,
14.0,255.0,171.0,731.0,4000.0,,,,2018.0,10.0,0,7.0,0,0,0,1,0,0,0,0,0,0,0,6.595780513961311,5.147494476813453,5.545177444479562,,,
10.0,5.0,70.52,731.0,1500.0,,,,2018.0,5.0,0,7.0,0,0,0,1,0,0,0,0,0,0,0,6.595780513961311,4.269977130865259,1.791759469228055,,,
14.0,58.0,126.0,731.0,3700.0,,,,2018.0,4.0,0,7.0,0,0,0,1,0,0,0,0,0,0,0,6.595780513961311,4.844187086458591,4.07753744390572,,,
14.0,35.0,126.0,731.0,3100.0,,,,2018.0,4.0,0,7.0,0,0,0,1,0,0,0,0,0,0,0,6.595780513961311,4.844187086458591,3.58351893845611,,,
14.0,54.0,126.0,731.0,3800.0,,,,2018.0,4.0,0,7.0,0,0,0,1,0,0,0,0,0,0,0,6.595780513961311,4.844187086458591,4.007333185232471,,,
14.0,35.0,126.0,731.0,3200.0,,,,2018.0,4.0,0,7.0,0,0,0,1,0,0,0,0,0,0,0,6.595780513961311,4.844187086458591,3.58351893845611,,,
14.0,54.0,126.0,731.0,3900.0,,,,2018.0,4.0,0,7.0,0,0,0,1,0,0,0,0,0,0,0,6.595780513961311,4.844187086458591,4.007333185232471,,,
14.0,65.0,126.0,731.0,3200.0,,,,2018.0,7.0,0,7.0,0,0,0,1,0,0,0,0,0,0,0,6.595780513961311,4.844187086458591,4.189654742026425,,,
14.0,71.0,126.0,731.0,3300.0,,,,2018.0,7.0,0,7.0,0,0,0,1,0,0,0,0,0,0,0,6.595780513961311,4.844187086458591,4.276666119016055,,,
14.0,71.0,126.0,731.0,3400.0,,,,2018.0,7.0,0,7.0,0,0,0,1,0,0,0,0,0,0,0,6.595780513961311,4.844187086458591,4.276666119016055,,,
14.0,95.0,154.0,731.0,3800.0,,,,2018.0,5.0,0,7.0,0,0,0,1,0,0,0,0,0,0,0,6.595780513961311,5.043425116919247,4.564348191467836,,,
14.0,125.0,171.0,8000.0,2200.0,,,,2018.0,12.0,0,7.0,0,0,0,1,0,0,0,0,0,0,0,8.987321812850125,5.147494476813453,4.836281906951478,,,
14.0,105.0,171.0,8000.0,3800.0,,,,2018.0,12.0,0,7.0,0,0,0,1,0,0,0,0,0,0,0,8.987321812850125,5.147494476813453,4.663439094112067,,,
14.0,165.0,171.0,8000.0,2400.0,,,,2018.0,12.0,0,7.0,0,0,0,1,0,0,0,0,0,0,0,8.987321812850125,5.147494476813453,5.111987788356544,,,
14.0,165.0,171.0,8000.0,2400.0,,,,2018.0,12.0,0,7.0,0,0,0,1,0,0,0,0,0,0,0,8.987321812850125,5.147494476813453,5.111987788356544,,,
14.0,205.0,171.0,8000.0,2900.0,,,,2018.0,12.0,0,7.0,0,0,0,1,0,0,0,0,0,0,0,8.987321812850125,5.147494476813453,5.327876168789581,,,
14.0,205.0,171.0,8000.0,2700.0,,,,2018.0,12.0,0,7.0,0,0,0,1,0,0,0,0,0,0,0,8.987321812850125,5.147494476813453,5.327876168789581,,,
14.0,165.0,171.0,8000.0,2200.0,,,,2018.0,12.0,0,7.0,0,0,0,1,0,0,0,0,0,0,0,8.987321812850125,5.147494476813453,5.111987788356544,,,
14.0,205.0,171.0,8000.0,2700.0,,,,2018.0,12.0,0,7.0,0,0,0,1,0,0,0,0,0,0,0,8.987321812850125,5.147494476813453,5.327876168789581,,,
14.0,205.0,171.0,8000.0,2700.0,,,,2018.0,12.0,0,7.0,0,0,0,1,0,0,0,0,0,0,0,8.987321812850125,5.147494476813453,5.327876168789581,,,
28.0,65.0,250.0,3100.0,3400.0,,,,2019.0,3.0,0,6.0,0,1,0,0,0,0,0,0,0,0,0,8.03947991910045,5.5254529391317835,4.189654742026425,,,
14.0,35.0,148.0,4800.0,3500.0,,,,2019.0,11.0,0,6.0,0,0,0,0,0,0,0,0,0,0,1,8.476579508530941,5.003946305945459,3.58351893845611,,,
14.0,15.0,171.0,731.0,2400.0,,,,2019.0,4.0,0,6.0,0,1,0,0,0,0,0,0,0,0,0,6.595780513961311,5.147494476813453,2.772588722239781,,,
7.0,120.0,74.0,3800.0,3100.0,,,,2019.0,8.0,0,6.0,0,0,0,0,0,0,0,0,1,0,0,8.24301946898925,4.31748811353631,4.795790545596741,,,
7.0,120.0,74.0,3800.0,2800.0,,,,2019.0,8.0,0,6.0,0,0,0,0,0,0,0,0,1,0,0,8.24301946898925,4.31748811353631,4.795790545596741,,,
7.0,155.0,74.0,3800.0,3100.0,,,,2019.0,8.0,0,6.0,0,0,0,0,0,0,0,0,1,0,0,8.24301946898925,4.31748811353631,5.049856007249537,,,
7.0,120.0,74.0,3800.0,2600.0,,,,2019.0,8.0,0,6.0,0,0,0,0,0,0,0,0,1,0,0,8.24301946898925,4.31748811353631,4.795790545596741,,,
7.0,120.0,74.0,3800.0,2800.0,,,,2019.0,8.0,0,6.0,0,0,0,0,0,0,0,0,1,0,0,8.24301946898925,4.31748811353631,4.795790545596741,,,
7.0,155.0,74.0,3800.0,3000.0,,,,2019.0,8.0,0,6.0,0,0,0,0,0,0,0,0,1,0,0,8.24301946898925,4.31748811353631,5.049856007249537,,,
7.0,155.0,74.0,3800.0,3000.0,,,,2019.0,8.0,0,6.0,0,0,0,0,0,0,0,0,1,0,0,8.24301946898925,4.31748811353631,5.049856007249537,,,
7.0,155.0,74.0,3800.0,2400.0,,,,2019.0,8.0,0,6.0,0,0,0,0,0,0,0,0,1,0,0,8.24301946898925,4.31748811353631,5.049856007249537,,,
7.0,180.0,74.0,3800.0,2800.0,,,,2019.0,8.0,0,6.0,0,0,0,0,0,0,0,0,1,0,0,8.24301946898925,4.31748811353631,5.198497031265826,,,
7.0,180.0,74.0,3800.0,2800.0,,,,2019.0,8.0,0,6.0,0,0,0,0,0,0,0,0,1,0,0,8.24301946898925,4.31748811353631,5.198497031265826,,,
7.0,155.0,74.0,3800.0,2200.0,,,,2019.0,8.0,0,6.0,0,0,0,0,0,0,0,0,1,0,0,8.24301946898925,4.31748811353631,5.049856007249537,,,
7.0,180.0,74.0,3800.0,2500.0,,,,2019.0,8.0,0,6.0,0,0,0,0,0,0,0,0,1,0,0,8.24301946898925,4.31748811353631,5.198497031265826,,,
7.0,180.0,74.0,3800.0,2500.0,,,,2019.0,8.0,0,6.0,0,0,0,0,0,0,0,0,1,0,0,8.24301946898925,4.31748811353631,5.198497031265826,,,
7.0,225.0,74.0,3800.0,2900.0,,,,2019.0,8.0,0,6.0,0,0,0,0,0,0,0,0,1,0,0,8.24301946898925,4.31748811353631,5.420534999272286,,,
7.0,200.0,74.0,3800.0,2200.0,,,,2019.0,8.0,0,6.0,0,0,0,0,0,0,0,0,1,0,0,8.24301946898925,4.31748811353631,5.303304908059076,,,
7.0,225.0,74.0,3800.0,2400.0,,,,2019.0,8.0,0,6.0,0,0,0,0,0,0,0,0,1,0,0,8.24301946898925,4.31748811353631,5.420534999272286,,,
7.0,200.0,74.0,3800.0,2000.0,,,,2019.0,8.0,0,6.0,0,0,0,0,0,0,0,0,1,0,0,8.24301946898925,4.31748811353631,5.303304908059076,,,
7.0,200.0,74.0,3800.0,2000.0,,,,2019.0,8.0,0,6.0,0,0,0,0,0,0,0,0,1,0,0,8.24301946898925,4.31748811353631,5.303304908059076,,,
7.0,225.0,74.0,3800.0,2250.0,,,,2019.0,8.0,0,6.0,0,0,0,0,0,0,0,0,1,0,0,8.24301946898925,4.31748811353631,5.420534999272286,,,
7.0,280.0,74.0,3800.0,2600.0,,,,2019.0,9.0,0,6.0,0,0,0,0,0,0,0,0,1,0,0,8.24301946898925,4.31748811353631,5.638354669333745,,,
12.0,65.0,210.0,4940.0,3600.0,,,,2019.0,7.0,0,6.0,0,1,0,0,0,0,0,0,0,0,0,8.50532301884575,5.351858133476067,4.189654742026425,,,
12.0,35.0,210.0,4940.0,3300.0,,,,2019.0,7.0,0,6.0,0,1,0,0,0,0,0,0,0,0,0,8.50532301884575,5.351858133476067,3.58351893845611,,,
12.0,35.0,210.0,4940.0,3300.0,,,,2019.0,9.0,0,6.0,0,1,0,0,0,0,0,0,0,0,0,8.50532301884575,5.351858133476067,3.58351893845611,,,
12.0,15.0,210.0,4940.0,2100.0,,,,2019.0,4.0,0,6.0,0,1,0,0,0,0,0,0,0,0,0,8.50532301884575,5.351858133476067,2.772588722239781,,,
12.0,65.0,192.0,4800.0,3200.0,,,,2019.0,10.0,0,6.0,0,1,0,0,0,0,0,0,0,0,0,8.476579508530941,5.262690188904886,4.189654742026425,,,
12.0,65.0,210.0,4940.0,3700.0,,,,2019.0,7.0,0,6.0,0,1,0,0,0,0,0,0,0,0,0,8.50532301884575,5.351858133476067,4.189654742026425,,,
12.0,35.0,210.0,4940.0,3300.0,,,,2019.0,7.0,0,6.0,0,1,0,0,0,0,0,0,0,0,0,8.50532301884575,5.351858133476067,3.58351893845611,,,
7.0,65.0,74.0,3800.0,3600.0,,,,2019.0,9.0,0,6.0,0,0,0,0,0,0,0,0,1,0,0,8.24301946898925,4.31748811353631,4.189654742026425,,,
12.0,15.0,210.0,4940.0,2100.0,,,,2019.0,10.0,0,6.0,0,1,0,0,0,0,0,0,0,0,0,8.50532301884575,5.351858133476067,2.772588722239781,,,
7.0,65.0,74.0,3800.0,3600.0,,,,2019.0,7.0,0,6.0,0,0,0,0,0,0,0,0,1,0,0,8.24301946898925,4.31748811353631,4.189654742026425,,,
7.0,95.0,74.0,3800.0,3800.0,,,,2019.0,7.0,0,6.0,0,0,0,0,0,0,0,0,1,0,0,8.24301946898925,4.31748811353631,4.564348191467836,,,
7.0,95.0,74.0,3800.0,3800.0,,,,2019.0,7.0,0,6.0,0,0,0,0,0,0,0,0,1,0,0,8.24301946898925,4.31748811353631,4.564348191467836,,,
12.0,35.0,210.0,4940.0,3300.0,,,,2019.0,9.0,0,6.0,0,1,0,0,0,0,0,0,0,0,0,8.50532301884575,5.351858133476067,3.58351893845611,,,
12.0,15.0,210.0,4940.0,2100.0,,,,2019.0,4.0,0,6.0,0,1,0,0,0,0,0,0,0,0,0,8.50532301884575,5.351858133476067,2.772588722239781,,,
12.0,105.0,213.0,4800.0,3700.0,,,,2019.0,4.0,0,6.0,0,1,0,0,0,0,0,0,0,0,0,8.476579508530941,5.365976015021851,4.663439094112067,,,
7.0,65.0,74.0,3800.0,3600.0,,,,2019.0,7.0,0,6.0,0,0,0,0,0,0,0,0,1,0,0,8.24301946898925,4.31748811353631,4.189654742026425,,,
12.0,15.0,210.0,4940.0,2300.0,,,,2019.0,10.0,0,6.0,0,1,0,0,0,0,0,0,0,0,0,8.50532301884575,5.351858133476067,2.772588722239781,,,
7.0,105.0,74.0,3800.0,3900.0,,,,2019.0,7.0,0,6.0,0,0,0,0,0,0,0,0,1,0,0,8.24301946898925,4.31748811353631,4.663439094112067,,,
12.0,15.0,210.0,4940.0,2300.0,,,,2019.0,4.0,0,6.0,0,1,0,0,0,0,0,0,0,0,0,8.50532301884575,5.351858133476067,2.772588722239781,,,
7.0,105.0,171.0,7600.0,3800.0,,,,2019.0,7.0,0,6.0,0,0,0,0,0,0,0,0,1,0,0,8.936035096566041,5.147494476813453,4.663439094112067,,,
7.0,105.0,171.0,7600.0,3500.0,,,,2019.0,11.0,0,6.0,0,0,0,0,0,0,0,0,1,0,0,8.936035096566041,5.147494476813453,4.663439094112067,,,
7.0,280.0,171.0,15200.0,3800.0,,,,2019.0,11.0,0,6.0,0,0,0,0,0,0,0,0,1,0,0,9.62911649414402,5.147494476813453,5.638354669333745,,,
7.0,280.0,171.0,15200.0,3700.0,,,,2019.0,11.0,0,6.0,0,0,0,0,0,0,0,0,1,0,0,9.62911649414402,5.147494476813453,5.638354669333745,,,
14.0,10.0,93.0,731.0,2000.0,,,,2019.0,11.0,0,7.0,0,0,0,1,0,0,0,0,0,0,0,6.595780513961311,4.543294782270004,2.3978952727983707,,,
14.0,10.0,93.0,731.0,2000.0,,,,2019.0,11.0,0,7.0,0,0,0,1,0,0,0,0,0,0,0,6.595780513961311,4.543294782270004,2.3978952727983707,,,
10.0,9.0,123.0,731.0,1100.0,,,,2019.0,8.0,0,7.0,0,0,0,1,0,0,0,0,0,0,0,6.595780513961311,4.820281565605037,2.302585092994046,,,
10.0,9.0,123.0,731.0,1100.0,,,,2019.0,8.0,0,7.0,0,0,0,1,0,0,0,0,0,0,0,6.595780513961311,4.820281565605037,2.302585092994046,,,
10.0,15.0,123.0,731.0,1200.0,,,,2019.0,8.0,0,7.0,0,0,0,1,0,0,0,0,0,0,0,6.595780513961311,4.820281565605037,2.772588722239781,,,
14.0,25.0,171.0,731.0,2100.0,,,,2019.0,8.0,0,7.0,0,0,0,1,0,0,0,0,0,0,0,6.595780513961311,5.147494476813453,3.258096538021482,,,
14.0,9.0,171.0,731.0,1000.0,,,,2019.0,8.0,0,7.0,0,0,0,1,0,0,0,0,0,0,0,6.595780513961311,5.147494476813453,2.302585092994046,,,
14.0,65.0,126.0,731.0,3600.0,,,,2019.0,4.0,0,7.0,0,0,0,1,0,0,0,0,0,0,0,6.595780513961311,4.844187086458591,4.189654742026425,,,
14.0,25.0,126.0,731.0,1600.0,,,,2019.0,4.0,0,7.0,0,0,0,1,0,0,0,0,0,0,0,6.595780513961311,4.844187086458591,3.258096538021482,,,
14.0,35.0,126.0,731.0,2200.0,,,,2019.0,4.0,0,7.0,0,0,0,1,0,0,0,0,0,0,0,6.595780513961311,4.844187086458591,3.58351893845611,,,
14.0,62.0,126.0,731.0,3700.0,,,,2019.0,4.0,0,7.0,0,0,0,1,0,0,0,0,0,0,0,6.595780513961311,4.844187086458591,4.143134726391533,,,
14.0,62.0,126.0,731.0,3700.0,,,,2019.0,4.0,0,7.0,0,0,0,1,0,0,0,0,0,0,0,6.595780513961311,4.844187086458591,4.143134726391533,,,
14.0,91.0,126.0,731.0,4000.0,,,,2019.0,4.0,0,7.0,0,0,0,1,0,0,0,0,0,0,0,6.595780513961311,4.844187086458591,4.5217885770490405,,,
14.0,25.0,171.0,731.0,1600.0,,,,2019.0,8.0,0,7.0,0,0,0,1,0,0,0,0,0,0,0,6.595780513961311,5.147494476813453,3.258096538021482,,,
14.0,9.0,171.0,731.0,1000.0,,,,2019.0,8.0,0,7.0,0,0,0,1,0,0,0,0,0,0,0,6.595780513961311,5.147494476813453,2.302585092994046,,,
10.0,9.0,123.0,731.0,700.0,,,,2019.0,8.0,0,7.0,0,0,0,1,0,0,0,0,0,0,0,6.595780513961311,4.820281565605037,2.302585092994046,,,
10.0,9.0,123.0,731.0,800.0,,,,2019.0,8.0,0,7.0,0,0,0,1,0,0,0,0,0,0,0,6.595780513961311,4.820281565605037,2.302585092994046,,,
14.0,9.0,171.0,731.0,1100.0,,,,2019.0,8.0,0,7.0,0,0,0,1,0,0,0,0,0,0,0,6.595780513961311,5.147494476813453,2.302585092994046,,,
10.0,15.0,123.0,731.0,1000.0,,,,2019.0,8.0,0,7.0,0,0,0,1,0,0,0,0,0,0,0,6.595780513961311,4.820281565605037,2.772588722239781,,,
10.0,15.0,123.0,731.0,1100.0,,,,2019.0,8.0,0,7.0,0,0,0,1,0,0,0,0,0,0,0,6.595780513961311,4.820281565605037,2.772588722239781,,,
10.0,15.0,123.0,731.0,1200.0,,,,2019.0,8.0,0,7.0,0,0,0,1,0,0,0,0,0,0,0,6.595780513961311,4.820281565605037,2.772588722239781,,,
14.0,28.0,126.0,2300.0,2400.0,,,,2019.0,4.0,0,7.0,0,0,0,1,0,0,0,0,0,0,0,7.741099090035366,4.844187086458591,3.367295829986474,,,
14.0,65.0,171.0,731.0,3000.0,,,,2019.0,4.0,0,7.0,0,0,0,1,0,0,0,0,0,0,0,6.595780513961311,5.147494476813453,4.189654742026425,,,
14.0,25.0,171.0,731.0,1800.0,,,,2019.0,8.0,0,7.0,0,0,0,1,0,0,0,0,0,0,0,6.595780513961311,5.147494476813453,3.258096538021482,,,
14.0,9.0,171.0,731.0,1200.0,,,,2019.0,8.0,0,7.0,0,0,0,1,0,0,0,0,0,0,0,6.595780513961311,5.147494476813453,2.302585092994046,,,
10.0,9.0,123.0,731.0,1000.0,,,,2019.0,8.0,0,7.0,0,0,0,1,0,0,0,0,0,0,0,6.595780513961311,4.820281565605037,2.302585092994046,,,
10.0,15.0,123.0,731.0,1300.0,,,,2019.0,8.0,0,7.0,0,0,0,1,0,0,0,0,0,0,0,6.595780513961311,4.820281565605037,2.772588722239781,,,
10.0,28.0,123.0,731.0,2300.0,,,,2019.0,8.0,0,7.0,0,0,0,1,0,0,0,0,0,0,0,6.595780513961311,4.820281565605037,3.367295829986474,,,
14.0,25.0,171.0,731.0,1100.0,,,,2019.0,8.0,0,7.0,0,0,0,1,0,0,0,0,0,0,0,6.595780513961311,5.147494476813453,3.258096538021482,,,
14.0,65.0,180.3,731.0,3000.0,,,,2019.0,4.0,0,7.0,0,0,0,1,0,0,0,0,0,0,0,6.595780513961311,5.200153117760806,4.189654742026425,,,
14.0,65.0,180.3,731.0,2600.0,,,,2019.0,4.0,0,7.0,0,0,0,1,0,0,0,0,0,0,0,6.595780513961311,5.200153117760806,4.189654742026425,,,
14.0,65.0,180.3,731.0,3000.0,,,,2019.0,4.0,0,7.0,0,0,0,1,0,0,0,0,0,0,0,6.595780513961311,5.200153117760806,4.189654742026425,,,
14.0,35.0,180.3,731.0,2000.0,,,,2019.0,4.0,0,7.0,0,0,0,1,0,0,0,0,0,0,0,6.595780513961311,5.200153117760806,3.58351893845611,,,
14.0,45.0,149.0,731.0,2600.0,,,,2019.0,4.0,0,7.0,0,0,0,1,0,0,0,0,0,0,0,6.595780513961311,5.0106352940962555,3.828641396489095,,,
14.0,45.0,149.0,731.0,2600.0,,,,2019.0,4.0,0,7.0,0,0,0,1,0,0,0,0,0,0,0,6.595780513961311,5.0106352940962555,3.828641396489095,,,
14.0,45.0,149.0,731.0,2600.0,,,,2019.0,4.0,0,7.0,0,0,0,1,0,0,0,0,0,0,0,6.595780513961311,5.0106352940962555,3.828641396489095,,,
14.0,45.0,149.0,731.0,2700.0,,,,,,0,7.0,0,0,0,1,0,0,0,0,0,0,0,6.595780513961311,5.0106352940962555,3.828641396489095,,,
14.0,25.0,149.0,731.0,1900.0,,,,,,0,7.0,0,0,0,1,0,0,0,0,0,0,0,6.595780513961311,5.0106352940962555,3.258096538021482,,,
14.0,165.0,171.0,731.0,3700.0,,,,2019.0,10.0,0,7.0,0,0,0,1,0,0,0,0,0,0,0,6.595780513961311,5.147494476813453,5.111987788356544,,,
14.0,165.0,171.0,731.0,3500.0,,,,2019.0,10.0,0,7.0,0,0,0,1,0,0,0,0,0,0,0,6.595780513961311,5.147494476813453,5.111987788356544,,,
14.0,165.0,171.0,731.0,3300.0,,,,2019.0,10.0,0,7.0,0,0,0,1,0,0,0,0,0,0,0,6.595780513961311,5.147494476813453,5.111987788356544,,,
14.0,165.0,171.0,731.0,3000.0,,,,2019.0,10.0,0,7.0,0,0,0,1,0,0,0,0,0,0,0,6.595780513961311,5.147494476813453,5.111987788356544,,,
14.0,45.0,149.0,731.0,2300.0,,,,2019.0,4.0,0,7.0,0,0,0,1,0,0,0,0,0,0,0,6.595780513961311,5.0106352940962555,3.828641396489095,,,
14.0,65.0,180.3,731.0,3100.0,,,,2019.0,4.0,0,7.0,0,0,0,1,0,0,0,0,0,0,0,6.595780513961311,5.200153117760806,4.189654742026425,,,
14.0,127.0,180.0,731.0,4000.0,,,,2019.0,10.0,0,7.0,0,0,0,1,0,0,0,0,0,0,0,6.595780513961311,5.198497031265826,4.852030263919617,,,
14.0,35.0,180.3,731.0,2100.0,,,,2019.0,4.0,0,7.0,0,0,0,1,0,0,0,0,0,0,0,6.595780513961311,5.200153117760806,3.58351893845611,,,
14.0,45.0,149.0,731.0,2400.0,,,,2019.0,4.0,0,7.0,0,0,0,1,0,0,0,0,0,0,0,6.595780513961311,5.0106352940962555,3.828641396489095,,,
14.0,10.0,93.0,731.0,2000.0,,,,2019.0,11.0,0,7.0,0,0,0,1,0,0,0,0,0,0,0,6.595780513961311,4.543294782270004,2.3978952727983707,,,
14.0,80.0,154.0,731.0,3400.0,,,,2019.0,6.0,0,7.0,0,0,0,1,0,0,0,0,0,0,0,6.595780513961311,5.043425116919247,4.394449154672439,,,
14.0,80.0,180.0,731.0,3300.0,,,,2019.0,6.0,0,7.0,0,0,0,1,0,0,0,0,0,0,0,6.595780513961311,5.198497031265826,4.394449154672439,,,
14.0,35.0,180.0,731.0,2000.0,,,,2019.0,6.0,0,7.0,0,0,0,1,0,0,0,0,0,0,0,6.595780513961311,5.198497031265826,3.58351893845611,,,
14.0,250.0,171.0,8000.0,2100.0,,,,2019.0,4.0,0,7.0,0,0,0,1,0,0,0,0,0,0,0,8.987321812850125,5.147494476813453,5.5254529391317835,,,
14.0,250.0,171.0,8000.0,2300.0,,,,2019.0,4.0,0,7.0,0,0,0,1,0,0,0,0,0,0,0,8.987321812850125,5.147494476813453,5.5254529391317835,,,
14.0,350.0,171.0,8000.0,2300.0,,,,2019.0,4.0,0,7.0,0,0,0,1,0,0,0,0,0,0,0,8.987321812850125,5.147494476813453,5.860786223465865,,,
14.0,400.0,171.0,8000.0,2600.0,,,,2019.0,4.0,0,7.0,0,0,0,1,0,0,0,0,0,0,0,8.987321812850125,5.147494476813453,5.993961427306569,,,
12.0,65.0,171.0,731.0,3500.0,,,,2020.0,7.0,0,6.0,0,1,0,0,0,0,0,0,0,0,0,6.595780513961311,5.147494476813453,4.189654742026425,,,
12.0,35.0,171.0,731.0,3500.0,,,,2020.0,7.0,0,6.0,0,1,0,0,0,0,0,0,0,0,0,6.595780513961311,5.147494476813453,3.58351893845611,,,
12.0,65.0,171.0,731.0,3500.0,,,,2020.0,7.0,0,6.0,0,1,0,0,0,0,0,0,0,0,0,6.595780513961311,5.147494476813453,4.189654742026425,,,
12.0,35.0,171.0,731.0,3500.0,,,,2020.0,7.0,0,6.0,0,1,0,0,0,0,0,0,0,0,0,6.595780513961311,5.147494476813453,3.58351893845611,,,
12.0,35.0,171.0,731.0,3400.0,,,,2020.0,7.0,0,6.0,0,1,0,0,0,0,0,0,0,0,0,6.595780513961311,5.147494476813453,3.58351893845611,,,
12.0,35.0,171.0,731.0,3400.0,,,,2020.0,7.0,0,6.0,0,1,0,0,0,0,0,0,0,0,0,6.595780513961311,5.147494476813453,3.58351893845611,,,
7.0,180.0,74.0,3800.0,3700.0,,,,2020.0,4.0,0,6.0,0,0,0,0,0,0,0,0,1,0,0,8.24301946898925,4.31748811353631,5.198497031265826,,,
7.0,155.0,74.0,3800.0,3500.0,,,,2020.0,4.0,0,6.0,0,0,0,0,0,0,0,0,1,0,0,8.24301946898925,4.31748811353631,5.049856007249537,,,
7.0,240.0,74.0,3800.0,3200.0,,,,2020.0,4.0,0,6.0,0,0,0,0,0,0,0,0,1,0,0,8.24301946898925,4.31748811353631,5.484796933490655,,,
7.0,65.0,74.0,3800.0,3600.0,,,,2020.0,4.0,0,6.0,0,0,0,0,0,0,0,0,1,0,0,8.24301946898925,4.31748811353631,4.189654742026425,,,
7.0,65.0,74.0,3800.0,3800.0,,,,2020.0,4.0,0,6.0,0,0,0,0,0,0,0,0,1,0,0,8.24301946898925,4.31748811353631,4.189654742026425,,,
7.0,65.0,156.0,9800.0,3800.0,,,,2020.0,7.0,0,6.0,0,0,0,0,0,0,0,0,1,0,0,9.19023970026918,5.056245805348308,4.189654742026425,,,
7.0,35.0,156.0,9800.0,3500.0,,,,2020.0,7.0,0,6.0,0,0,0,0,0,0,0,0,1,0,0,9.19023970026918,5.056245805348308,3.58351893845611,,,
7.0,65.0,156.0,9800.0,3800.0,,,,2020.0,7.0,0,6.0,0,0,0,0,0,0,0,0,1,0,0,9.19023970026918,5.056245805348308,4.189654742026425,,,
7.0,35.0,156.0,9800.0,3500.0,,,,2020.0,7.0,0,6.0,0,0,0,0,0,0,0,0,1,0,0,9.19023970026918,5.056245805348308,3.58351893845611,,,
7.0,15.0,156.0,9800.0,2400.0,,,,2020.0,5.0,0,6.0,0,0,0,0,0,0,0,0,1,0,0,9.19023970026918,5.056245805348308,2.772588722239781,,,
7.0,65.0,156.0,9800.0,3700.0,,,,2020.0,7.0,0,6.0,0,0,0,0,0,0,0,0,1,0,0,9.19023970026918,5.056245805348308,4.189654742026425,,,
7.0,35.0,156.0,9800.0,3300.0,,,,2020.0,7.0,0,6.0,0,0,0,0,0,0,0,0,1,0,0,9.19023970026918,5.056245805348308,3.58351893845611,,,
7.0,65.0,74.0,4150.0,3700.0,,,,2020.0,11.0,0,6.0,0,0,0,0,0,0,0,0,1,0,0,8.33110454805304,4.31748811353631,4.189654742026425,,,
7.0,65.0,156.0,9800.0,3700.0,,,,2020.0,7.0,0,6.0,0,0,0,0,0,0,0,0,1,0,0,9.19023970026918,5.056245805348308,4.189654742026425,,,
7.0,35.0,156.0,9800.0,3300.0,,,,2020.0,7.0,0,6.0,0,0,0,0,0,0,0,0,1,0,0,9.19023970026918,5.056245805348308,3.58351893845611,,,
7.0,15.0,156.0,9800.0,2100.0,,,,2020.0,5.0,0,6.0,0,0,0,0,0,0,0,0,1,0,0,9.19023970026918,5.056245805348308,2.772588722239781,,,
7.0,105.0,74.0,3800.0,3800.0,,,,2020.0,7.0,0,6.0,0,0,0,0,0,0,0,0,1,0,0,8.24301946898925,4.31748811353631,4.663439094112067,,,
7.0,65.0,156.0,9800.0,3600.0,,,,2020.0,7.0,0,6.0,0,0,0,0,0,0,0,0,1,0,0,9.19023970026918,5.056245805348308,4.189654742026425,,,
7.0,35.0,156.0,9800.0,3100.0,,,,2020.0,7.0,0,6.0,0,0,0,0,0,0,0,0,1,0,0,9.19023970026918,5.056245805348308,3.58351893845611,,,
7.0,15.0,156.0,9800.0,1700.0,,,,2020.0,5.0,0,6.0,0,0,0,0,0,0,0,0,1,0,0,9.19023970026918,5.056245805348308,2.772588722239781,,,
7.0,105.0,74.0,4150.0,3800.0,,,,2020.0,11.0,0,6.0,0,0,0,0,0,0,0,0,1,0,0,8.33110454805304,4.31748811353631,4.663439094112067,,,
7.0,65.0,156.0,9800.0,3600.0,,,,2020.0,7.0,0,6.0,0,0,0,0,0,0,0,0,1,0,0,9.19023970026918,5.056245805348308,4.189654742026425,,,
7.0,35.0,156.0,9800.0,3100.0,,,,2020.0,7.0,0,6.0,0,0,0,0,0,0,0,0,1,0,0,9.19023970026918,5.056245805348308,3.58351893845611,,,
7.0,105.0,171.0,7600.0,3900.0,,,,2020.0,7.0,0,6.0,0,0,0,0,0,0,0,0,1,0,0,8.936035096566041,5.147494476813453,4.663439094112067,,,
7.0,54.0,156.0,9800.0,3300.0,,,,2020.0,3.0,0,6.0,0,0,0,0,0,0,0,0,1,0,0,9.19023970026918,5.056245805348308,4.007333185232471,,,
7.0,35.0,156.0,9800.0,3000.0,,,,2020.0,3.0,0,6.0,0,0,0,0,0,0,0,0,1,0,0,9.19023970026918,5.056245805348308,3.58351893845611,,,
7.0,105.0,171.0,8300.0,3700.0,,,,2020.0,11.0,0,6.0,0,0,0,0,0,0,0,0,1,0,0,9.024131268455035,5.147494476813453,4.663439094112067,,,
7.0,105.0,171.0,8300.0,3400.0,,,,2020.0,11.0,0,6.0,0,0,0,0,0,0,0,0,1,0,0,9.024131268455035,5.147494476813453,4.663439094112067,,,
14.0,6.0,209.8,4950.0,1200.0,,,,2020.0,2.0,0,6.0,0,1,0,0,0,0,0,0,0,0,0,8.507344855361422,5.350909816667207,1.9459101490553132,,,
14.0,10.0,209.8,4950.0,1500.0,,,,2020.0,2.0,0,6.0,0,1,0,0,0,0,0,0,0,0,0,8.507344855361422,5.350909816667207,2.3978952727983707,,,
14.0,25.0,209.8,4950.0,2400.0,,,,2020.0,2.0,0,6.0,0,1,0,0,0,0,0,0,0,0,0,8.507344855361422,5.350909816667207,3.258096538021482,,,
14.0,25.0,209.8,4950.0,2600.0,,,,2020.0,2.0,0,6.0,0,1,0,0,0,0,0,0,0,0,0,8.507344855361422,5.350909816667207,3.258096538021482,,,
14.0,25.0,209.8,4950.0,2600.0,,,,2020.0,2.0,0,6.0,0,1,0,0,0,0,0,0,0,0,0,8.507344855361422,5.350909816667207,3.258096538021482,,,
7.0,10.0,156.0,9800.0,2100.0,,,,2020.0,11.0,0,6.0,0,0,0,0,0,0,0,0,1,0,0,9.19023970026918,5.056245805348308,2.3978952727983707,,,
7.0,35.0,156.0,9800.0,3000.0,,,,2020.0,11.0,0,6.0,0,0,0,0,0,0,0,0,1,0,0,9.19023970026918,5.056245805348308,3.58351893845611,,,
7.0,10.0,156.0,9800.0,1700.0,,,,2020.0,11.0,0,6.0,0,0,0,0,0,0,0,0,1,0,0,9.19023970026918,5.056245805348308,2.3978952727983707,,,
7.0,35.0,156.0,9800.0,2900.0,,,,2020.0,11.0,0,6.0,0,0,0,0,0,0,0,0,1,0,0,9.19023970026918,5.056245805348308,3.58351893845611,,,
7.0,280.0,171.0,30400.0,2900.0,,,,2020.0,2.0,0,6.0,0,0,0,0,0,0,0,0,1,0,0,10.322230781590136,5.147494476813453,5.638354669333745,,,
7.0,280.0,171.0,3800.0,4000.0,,,,2020.0,7.0,0,6.0,0,0,0,0,0,0,0,0,1,0,0,8.24301946898925,5.147494476813453,5.638354669333745,,,
7.0,280.0,171.0,15200.0,3900.0,,,,2020.0,7.0,0,6.0,0,0,0,0,0,0,0,0,1,0,0,9.62911649414402,5.147494476813453,5.638354669333745,,,
7.0,280.0,171.0,15200.0,3500.0,,,,2020.0,7.0,0,6.0,0,0,0,0,0,0,0,0,1,0,0,9.62911649414402,5.147494476813453,5.638354669333745,,,
7.0,280.0,171.0,30400.0,2700.0,,,,2020.0,7.0,0,6.0,0,0,0,0,0,0,0,0,1,0,0,10.322230781590136,5.147494476813453,5.638354669333745,,,
14.0,58.0,171.0,731.0,3400.0,,,,2020.0,4.0,0,7.0,0,0,0,1,0,0,0,0,0,0,0,6.595780513961311,5.147494476813453,4.07753744390572,,,
14.0,58.0,171.0,731.0,3500.0,,,,2020.0,4.0,0,7.0,0,0,0,1,0,0,0,0,0,0,0,6.595780513961311,5.147494476813453,4.07753744390572,,,
14.0,65.0,171.0,731.0,3600.0,,,,2020.0,4.0,0,7.0,0,0,0,1,0,0,0,0,0,0,0,6.595780513961311,5.147494476813453,4.189654742026425,,,
14.0,62.0,171.0,731.0,3700.0,,,,2020.0,4.0,0,7.0,0,0,0,1,0,0,0,0,0,0,0,6.595780513961311,5.147494476813453,4.143134726391533,,,
14.0,91.0,171.0,731.0,3800.0,,,,2020.0,4.0,0,7.0,0,0,0,1,0,0,0,0,0,0,0,6.595780513961311,5.147494476813453,4.5217885770490405,,,
14.0,91.0,171.0,731.0,4100.0,,,,2020.0,4.0,0,7.0,0,0,0,1,0,0,0,0,0,0,0,6.595780513961311,5.147494476813453,4.5217885770490405,,,
10.0,15.0,171.0,731.0,1800.0,,,,2020.0,9.0,0,7.0,0,0,0,1,0,0,0,0,0,0,0,6.595780513961311,5.147494476813453,2.772588722239781,,,
10.0,28.0,171.0,731.0,3000.0,,,,2020.0,9.0,0,7.0,0,0,0,1,0,0,0,0,0,0,0,6.595780513961311,5.147494476813453,3.367295829986474,,,
10.0,15.0,171.0,731.0,1100.0,,,,2020.0,9.0,0,7.0,0,0,0,1,0,0,0,0,0,0,0,6.595780513961311,5.147494476813453,2.772588722239781,,,
10.0,28.0,171.0,731.0,2000.0,,,,2020.0,9.0,0,7.0,0,0,0,1,0,0,0,0,0,0,0,6.595780513961311,5.147494476813453,3.367295829986474,,,
10.0,7.0,82.0,4050.0,800.0,,,,,,0,7.0,0,0,0,1,0,0,0,0,0,0,0,8.30671904320269,4.418840607796598,2.0794415416798357,,,
14.0,45.0,171.0,731.0,2400.0,,,,2020.0,9.0,0,7.0,0,0,0,1,0,0,0,0,0,0,0,6.595780513961311,5.147494476813453,3.828641396489095,,,
14.0,45.0,171.0,731.0,2500.0,,,,2020.0,9.0,0,7.0,0,0,0,1,0,0,0,0,0,0,0,6.595780513961311,5.147494476813453,3.828641396489095,,,
10.0,28.0,123.0,731.0,2000.0,,,,2020.0,5.0,0,7.0,0,0,0,1,0,0,0,0,0,0,0,6.595780513961311,4.820281565605037,3.367295829986474,,,
14.0,65.0,171.0,731.0,2900.0,,,,2020.0,4.0,0,7.0,0,0,0,1,0,0,0,0,0,0,0,6.595780513961311,5.147494476813453,4.189654742026425,,,
14.0,65.0,171.0,731.0,2900.0,,,,2020.0,4.0,0,7.0,0,0,0,1,0,0,0,0,0,0,0,6.595780513961311,5.147494476813453,4.189654742026425,,,
14.0,45.0,171.0,731.0,2600.0,,,,2020.0,4.0,0,7.0,0,0,0,1,0,0,0,0,0,0,0,6.595780513961311,5.147494476813453,3.828641396489095,,,
14.0,65.0,171.0,731.0,3100.0,,,,2020.0,4.0,0,7.0,0,0,0,1,0,0,0,0,0,0,0,6.595780513961311,5.147494476813453,4.189654742026425,,,
14.0,65.0,171.0,731.0,3300.0,,,,2020.0,4.0,0,7.0,0,0,0,1,0,0,0,0,0,0,0,6.595780513961311,5.147494476813453,4.189654742026425,,,
14.0,125.0,171.0,731.0,4100.0,,,,2020.0,4.0,0,7.0,0,0,0,1,0,0,0,0,0,0,0,6.595780513961311,5.147494476813453,4.836281906951478,,,
14.0,95.0,171.0,731.0,4100.0,,,,2020.0,4.0,0,7.0,0,0,0,1,0,0,0,0,0,0,0,6.595780513961311,5.147494476813453,4.564348191467836,,,
10.0,15.0,171.0,731.0,1100.0,,,,2020.0,9.0,0,7.0,0,0,0,1,0,0,0,0,0,0,0,6.595780513961311,5.147494476813453,2.772588722239781,,,
10.0,28.0,171.0,731.0,2400.0,,,,2020.0,9.0,0,7.0,0,0,0,1,0,0,0,0,0,0,0,6.595780513961311,5.147494476813453,3.367295829986474,,,
10.0,28.0,171.0,731.0,2600.0,,,,2020.0,9.0,0,7.0,0,0,0,1,0,0,0,0,0,0,0,6.595780513961311,5.147494476813453,3.367295829986474,,,
10.0,7.0,82.0,4050.0,1400.0,,,,,,0,7.0,0,0,0,1,0,0,0,0,0,0,0,8.30671904320269,4.418840607796598,2.0794415416798357,,,
14.0,25.0,171.0,731.0,1800.0,,,,2020.0,4.0,0,7.0,0,0,0,1,0,0,0,0,0,0,0,6.595780513961311,5.147494476813453,3.258096538021482,,,
14.0,65.0,171.0,731.0,2900.0,,,,2020.0,4.0,0,7.0,0,0,0,1,0,0,0,0,0,0,0,6.595780513961311,5.147494476813453,4.189654742026425,,,
14.0,65.0,171.0,731.0,2900.0,,,,2020.0,4.0,0,7.0,0,0,0,1,0,0,0,0,0,0,0,6.595780513961311,5.147494476813453,4.189654742026425,,,
14.0,125.0,171.0,731.0,3800.0,,,,2020.0,4.0,0,7.0,0,0,0,1,0,0,0,0,0,0,0,6.595780513961311,5.147494476813453,4.836281906951478,,,
14.0,125.0,171.0,731.0,3800.0,,,,2020.0,4.0,0,7.0,0,0,0,1,0,0,0,0,0,0,0,6.595780513961311,5.147494476813453,4.836281906951478,,,
14.0,45.0,171.0,731.0,2600.0,,,,2020.0,4.0,0,7.0,0,0,0,1,0,0,0,0,0,0,0,6.595780513961311,5.147494476813453,3.828641396489095,,,
14.0,25.0,171.0,731.0,1100.0,,,,2020.0,4.0,0,7.0,0,0,0,1,0,0,0,0,0,0,0,6.595780513961311,5.147494476813453,3.258096538021482,,,
14.0,45.0,171.0,731.0,2700.0,,,,2020.0,4.0,0,7.0,0,0,0,1,0,0,0,0,0,0,0,6.595780513961311,5.147494476813453,3.828641396489095,,,
14.0,45.0,171.0,731.0,2200.0,,,,2020.0,9.0,0,7.0,0,0,0,1,0,0,0,0,0,0,0,6.595780513961311,5.147494476813453,3.828641396489095,,,
14.0,45.0,177.5,731.0,2300.0,,,,2020.0,4.0,0,7.0,0,0,0,1,0,0,0,0,0,0,0,6.595780513961311,5.184588601219693,3.828641396489095,,,
10.0,15.0,171.0,731.0,1200.0,,,,2020.0,9.0,0,7.0,0,0,0,1,0,0,0,0,0,0,0,6.595780513961311,5.147494476813453,2.772588722239781,,,
10.0,28.0,171.0,731.0,2800.0,,,,2020.0,9.0,0,7.0,0,0,0,1,0,0,0,0,0,0,0,6.595780513961311,5.147494476813453,3.367295829986474,,,
10.0,28.0,171.0,731.0,3000.0,,,,2020.0,9.0,0,7.0,0,0,0,1,0,0,0,0,0,0,0,6.595780513961311,5.147494476813453,3.367295829986474,,,
14.0,65.0,171.0,731.0,2700.0,,,,2020.0,4.0,0,7.0,0,0,0,1,0,0,0,0,0,0,0,6.595780513961311,5.147494476813453,4.189654742026425,,,
14.0,125.0,206.0,731.0,3600.0,,,,2020.0,7.0,0,7.0,0,0,0,1,0,0,0,0,0,0,0,6.595780513961311,5.332718793265369,4.836281906951478,,,
14.0,45.0,206.0,731.0,2400.0,,,,2020.0,4.0,0,7.0,0,0,0,1,0,0,0,0,0,0,0,6.595780513961311,5.332718793265369,3.828641396489095,,,
14.0,65.0,171.0,731.0,2800.0,,,,2020.0,4.0,0,7.0,0,0,0,1,0,0,0,0,0,0,0,6.595780513961311,5.147494476813453,4.189654742026425,,,
14.0,65.0,171.0,731.0,2800.0,,,,2020.0,4.0,0,7.0,0,0,0,1,0,0,0,0,0,0,0,6.595780513961311,5.147494476813453,4.189654742026425,,,
14.0,125.0,206.0,731.0,3700.0,,,,2020.0,4.0,0,7.0,0,0,0,1,0,0,0,0,0,0,0,6.595780513961311,5.332718793265369,4.836281906951478,,,
14.0,125.0,171.0,731.0,3700.0,,,,2020.0,4.0,0,7.0,0,0,0,1,0,0,0,0,0,0,0,6.595780513961311,5.147494476813453,4.836281906951478,,,
14.0,45.0,171.0,731.0,2400.0,,,,2020.0,4.0,0,7.0,0,0,0,1,0,0,0,0,0,0,0,6.595780513961311,5.147494476813453,3.828641396489095,,,
14.0,380.0,171.0,731.0,4000.0,,,,,,0,7.0,0,0,0,1,0,0,0,0,0,0,0,6.595780513961311,5.147494476813453,5.942799375126701,,,
14.0,58.0,171.0,731.0,4000.0,,,,2020.0,4.0,0,7.0,0,0,0,1,0,0,0,0,0,0,0,6.595780513961311,5.147494476813453,4.07753744390572,,,
14.0,58.0,171.0,731.0,4100.0,,,,2020.0,4.0,0,7.0,0,0,0,1,0,0,0,0,0,0,0,6.595780513961311,5.147494476813453,4.07753744390572,,,
14.0,58.0,171.0,731.0,4200.0,,,,2020.0,4.0,0,7.0,0,0,0,1,0,0,0,0,0,0,0,6.595780513961311,5.147494476813453,4.07753744390572,,,
14.0,80.0,206.0,731.0,3200.0,,,,2020.0,5.0,0,7.0,0,0,0,1,0,0,0,0,0,0,0,6.595780513961311,5.332718793265369,4.394449154672439,,,
10.0,125.0,206.0,731.0,3700.0,,,,2020.0,5.0,0,7.0,0,0,0,1,0,0,0,0,0,0,0,6.595780513961311,5.332718793265369,4.836281906951478,,,
16.0,70.0,195.0,731.0,1200.0,,,,,,0,3.0,0,0,0,0,0,0,0,0,1,0,0,6.595780513961311,5.278114659230517,4.2626798770413155,,,
7.0,65.0,180.0,10700.0,4000.0,,,,2021.0,4.0,0,6.0,0,0,0,0,0,0,0,0,1,0,0,9.278092474027002,5.198497031265826,4.189654742026425,,,
7.0,65.0,180.0,10700.0,4000.0,,,,2021.0,6.0,0,6.0,0,0,0,0,0,0,0,0,1,0,0,9.278092474027002,5.198497031265826,4.189654742026425,,,
7.0,35.0,180.0,10700.0,3600.0,,,,2021.0,6.0,0,6.0,0,0,0,0,0,0,0,0,1,0,0,9.278092474027002,5.198497031265826,3.58351893845611,,,
7.0,65.0,308.0,10600.0,3600.0,,,,2021.0,6.0,0,6.0,0,0,0,0,0,0,0,0,1,0,0,9.268703615273097,5.733341276897746,4.189654742026425,,,
7.0,65.0,180.0,10700.0,3900.0,,,,2021.0,4.0,0,6.0,0,0,0,0,0,0,0,0,1,0,0,9.278092474027002,5.198497031265826,4.189654742026425,,,
7.0,65.0,180.0,10700.0,3900.0,,,,2021.0,6.0,0,6.0,0,0,0,0,0,0,0,0,1,0,0,9.278092474027002,5.198497031265826,4.189654742026425,,,
7.0,35.0,180.0,10700.0,3400.0,,,,2021.0,6.0,0,6.0,0,0,0,0,0,0,0,0,1,0,0,9.278092474027002,5.198497031265826,3.58351893845611,,,
7.0,65.0,180.0,10700.0,3800.0,,,,2021.0,4.0,0,6.0,0,0,0,0,0,0,0,0,1,0,0,9.278092474027002,5.198497031265826,4.189654742026425,,,
7.0,65.0,180.0,10700.0,3800.0,,,,,,0,6.0,0,0,0,0,0,0,0,0,1,0,0,9.278092474027002,5.198497031265826,4.189654742026425,,,
7.0,65.0,180.0,10700.0,3800.0,,,,2021.0,6.0,0,6.0,0,0,0,0,0,0,0,0,1,0,0,9.278092474027002,5.198497031265826,4.189654742026425,,,
7.0,35.0,180.0,10700.0,3200.0,,,,2021.0,6.0,0,6.0,0,0,0,0,0,0,0,0,1,0,0,9.278092474027002,5.198497031265826,3.58351893845611,,,
10.0,35.0,190.0,731.0,2100.0,,,,2021.0,5.0,0,7.0,0,0,0,1,0,0,0,0,0,0,0,6.595780513961311,5.25227342804663,3.58351893845611,,,
10.0,28.0,146.1,731.0,2500.0,,,,2021.0,6.0,0,7.0,0,0,0,1,0,0,0,0,0,0,0,6.595780513961311,4.991112627607392,3.367295829986474,,,
10.0,35.0,190.0,731.0,2200.0,,,,2021.0,5.0,0,7.0,0,0,0,1,0,0,0,0,0,0,0,6.595780513961311,5.25227342804663,3.58351893845611,,,
10.0,35.0,190.0,731.0,2400.0,,,,2021.0,5.0,0,7.0,0,0,0,1,0,0,0,0,0,0,0,6.595780513961311,5.25227342804663,3.58351893845611,,,
10.0,28.0,171.0,731.0,2500.0,,,,2021.0,5.0,0,7.0,0,0,0,1,0,0,0,0,0,0,0,6.595780513961311,5.147494476813453,3.367295829986474,,,
10.0,125.0,215.0,731.0,3700.0,,,,2021.0,11.0,0,7.0,0,0,0,1,0,0,0,0,0,0,0,6.595780513961311,5.375278407684165,4.836281906951478,,,
10.0,125.0,215.0,731.0,3700.0,,,,2021.0,11.0,0,7.0,0,0,0,1,0,0,0,0,0,0,0,6.595780513961311,5.375278407684165,4.836281906951478,,,
10.0,28.0,146.1,731.0,2900.0,,,,2021.0,6.0,0,7.0,0,0,0,1,0,0,0,0,0,0,0,6.595780513961311,4.991112627607392,3.367295829986474,,,
10.0,35.0,190.0,731.0,2500.0,,,,2021.0,5.0,0,7.0,0,0,0,1,0,0,0,0,0,0,0,6.595780513961311,5.25227342804663,3.58351893845611,,,
14.0,125.0,171.0,731.0,3600.0,,,,2021.0,3.0,0,7.0,0,0,0,1,0,0,0,0,0,0,0,6.595780513961311,5.147494476813453,4.836281906951478,,,
10.0,35.0,190.0,731.0,1900.0,,,,2021.0,5.0,0,7.0,0,0,0,1,0,0,0,0,0,0,0,6.595780513961311,5.25227342804663,3.58351893845611,,,
10.0,35.0,190.0,731.0,2100.0,,,,2021.0,5.0,0,7.0,0,0,0,1,0,0,0,0,0,0,0,6.595780513961311,5.25227342804663,3.58351893845611,,,
10.0,28.0,146.1,731.0,2900.0,,,,2021.0,5.0,0,7.0,0,0,0,1,0,0,0,0,0,0,0,6.595780513961311,4.991112627607392,3.367295829986474,,,
10.0,125.0,215.0,731.0,3600.0,,,,2021.0,11.0,0,7.0,0,0,0,1,0,0,0,0,0,0,0,6.595780513961311,5.375278407684165,4.836281906951478,,,
10.0,125.0,215.0,731.0,3600.0,,,,2021.0,11.0,0,7.0,0,0,0,1,0,0,0,0,0,0,0,6.595780513961311,5.375278407684165,4.836281906951478,,,
10.0,35.0,190.0,731.0,2100.0,,,,2021.0,5.0,0,7.0,0,0,0,1,0,0,0,0,0,0,0,6.595780513961311,5.25227342804663,3.58351893845611,,,
14.0,125.0,276.0,731.0,3500.0,,,,2021.0,3.0,0,7.0,0,0,0,1,0,0,0,0,0,0,0,6.595780513961311,5.6240175061873385,4.836281906951478,,,
10.0,65.0,190.0,731.0,3300.0,,,,,,0,7.0,0,0,0,1,0,0,0,0,0,0,0,6.595780513961311,5.25227342804663,4.189654742026425,,,
14.0,125.0,276.0,731.0,3500.0,,,,2021.0,3.0,0,7.0,0,0,0,1,0,0,0,0,0,0,0,6.595780513961311,5.6240175061873385,4.836281906951478,,,
10.0,35.0,190.0,731.0,2100.0,,,,2021.0,5.0,0,7.0,0,0,0,1,0,0,0,0,0,0,0,6.595780513961311,5.25227342804663,3.58351893845611,,,
10.0,45.0,190.0,731.0,2600.0,,,,2021.0,5.0,0,7.0,0,0,0,1,0,0,0,0,0,0,0,6.595780513961311,5.25227342804663,3.828641396489095,,,
10.0,125.0,215.0,731.0,3200.0,,,,2021.0,11.0,0,7.0,0,0,0,1,0,0,0,0,0,0,0,6.595780513961311,5.375278407684165,4.836281906951478,,,
10.0,125.0,215.0,731.0,3200.0,,,,2021.0,11.0,0,7.0,0,0,0,1,0,0,0,0,0,0,0,6.595780513961311,5.375278407684165,4.836281906951478,,,
14.0,65.0,276.0,731.0,2800.0,,,,2021.0,9.0,0,7.0,0,0,0,1,0,0,0,0,0,0,0,6.595780513961311,5.6240175061873385,4.189654742026425,,,
14.0,65.0,276.0,731.0,3100.0,,,,2021.0,9.0,0,7.0,0,0,0,1,0,0,0,0,0,0,0,6.595780513961311,5.6240175061873385,4.189654742026425,,,
14.0,65.0,276.0,731.0,3400.0,,,,2021.0,9.0,0,7.0,0,0,0,1,0,0,0,0,0,0,0,6.595780513961311,5.6240175061873385,4.189654742026425,,,
14.0,65.0,276.0,731.0,2900.0,,,,2021.0,9.0,0,7.0,0,0,0,1,0,0,0,0,0,0,0,6.595780513961311,5.6240175061873385,4.189654742026425,,,
14.0,80.0,276.0,731.0,3200.0,,,,2021.0,9.0,0,7.0,0,0,0,1,0,0,0,0,0,0,0,6.595780513961311,5.6240175061873385,4.394449154672439,,,
14.0,80.0,276.0,731.0,3700.0,,,,2021.0,9.0,0,7.0,0,0,0,1,0,0,0,0,0,0,0,6.595780513961311,5.6240175061873385,4.394449154672439,,,
14.0,65.0,276.0,731.0,2600.0,,,,2021.0,9.0,0,7.0,0,0,0,1,0,0,0,0,0,0,0,6.595780513961311,5.6240175061873385,4.189654742026425,,,
14.0,80.0,276.0,731.0,2800.0,,,,2021.0,9.0,0,7.0,0,0,0,1,0,0,0,0,0,0,0,6.595780513961311,5.6240175061873385,4.394449154672439,,,
14.0,95.0,276.0,731.0,3500.0,,,,2021.0,9.0,0,7.0,0,0,0,1,0,0,0,0,0,0,0,6.595780513961311,5.6240175061873385,4.564348191467836,,,
14.0,95.0,276.0,731.0,3200.0,,,,2021.0,9.0,0,7.0,0,0,0,1,0,0,0,0,0,0,0,6.595780513961311,5.6240175061873385,4.564348191467836,,,
10.0,140.0,171.0,731.0,3200.0,,,,2021.0,4.0,0,7.0,0,0,0,1,0,0,0,0,0,0,0,6.595780513961311,5.147494476813453,4.948759890378168,,,
10.0,150.0,171.0,731.0,3000.0,,,,2021.0,4.0,0,7.0,0,0,0,1,0,0,0,0,0,0,0,6.595780513961311,5.147494476813453,5.017279836814924,,,
14.0,150.0,171.0,731.0,2500.0,,,,2021.0,4.0,0,7.0,0,0,0,1,0,0,0,0,0,0,0,6.595780513961311,5.147494476813453,5.017279836814924,,,
10.0,150.0,171.0,731.0,2100.0,,,,2021.0,4.0,0,7.0,0,0,0,1,0,0,0,0,0,0,0,6.595780513961311,5.147494476813453,5.017279836814924,,,
10.0,165.0,171.0,731.0,2100.0,,,,2021.0,4.0,0,7.0,0,0,0,1,0,0,0,0,0,0,0,6.595780513961311,5.147494476813453,5.111987788356544,,,
10.0,165.0,171.0,731.0,2100.0,,,,2021.0,4.0,0,7.0,0,0,0,1,0,0,0,0,0,0,0,6.595780513961311,5.147494476813453,5.111987788356544,,,
10.0,185.0,171.0,731.0,2200.0,,,,2021.0,4.0,0,7.0,0,0,0,1,0,0,0,0,0,0,0,6.595780513961311,5.147494476813453,5.225746673713202,,,
14.0,150.0,171.0,731.0,2400.0,,,,2021.0,4.0,0,7.0,0,0,0,1,0,0,0,0,0,0,0,6.595780513961311,5.147494476813453,5.017279836814924,,,
10.0,150.0,171.0,731.0,2300.0,,,,2021.0,4.0,0,7.0,0,0,0,1,0,0,0,0,0,0,0,6.595780513961311,5.147494476813453,5.017279836814924,,,
10.0,185.0,171.0,731.0,2400.0,,,,2021.0,4.0,0,7.0,0,0,0,1,0,0,0,0,0,0,0,6.595780513961311,5.147494476813453,5.225746673713202,,,
10.0,205.0,171.0,731.0,2300.0,,,,2021.0,4.0,0,7.0,0,0,0,1,0,0,0,0,0,0,0,6.595780513961311,5.147494476813453,5.327876168789581,,,
10.0,185.0,171.0,731.0,2900.0,,,,2021.0,4.0,0,7.0,0,0,0,1,0,0,0,0,0,0,0,6.595780513961311,5.147494476813453,5.225746673713202,,,
14.0,165.0,171.0,731.0,2800.0,,,,2021.0,4.0,0,7.0,0,0,0,1,0,0,0,0,0,0,0,6.595780513961311,5.147494476813453,5.111987788356544,,,
14.0,165.0,171.0,731.0,2800.0,,,,2021.0,4.0,0,7.0,0,0,0,1,0,0,0,0,0,0,0,6.595780513961311,5.147494476813453,5.111987788356544,,,
10.0,205.0,171.0,731.0,2000.0,,,,2021.0,4.0,0,7.0,0,0,0,1,0,0,0,0,0,0,0,6.595780513961311,5.147494476813453,5.327876168789581,,,
14.0,150.0,171.0,731.0,2000.0,,,,2021.0,4.0,0,7.0,0,0,0,1,0,0,0,0,0,0,0,6.595780513961311,5.147494476813453,5.017279836814924,,,
10.0,165.0,171.0,731.0,3600.0,,,,2021.0,4.0,0,7.0,0,0,0,1,0,0,0,0,0,0,0,6.595780513961311,5.147494476813453,5.111987788356544,,,
10.0,185.0,171.0,731.0,2400.0,,,,2021.0,4.0,0,7.0,0,0,0,1,0,0,0,0,0,0,0,6.595780513961311,5.147494476813453,5.225746673713202,,,
10.0,185.0,171.0,731.0,2200.0,,,,2021.0,4.0,0,7.0,0,0,0,1,0,0,0,0,0,0,0,6.595780513961311,5.147494476813453,5.225746673713202,,,
10.0,165.0,171.0,731.0,2100.0,,,,2021.0,4.0,0,7.0,0,0,0,1,0,0,0,0,0,0,0,6.595780513961311,5.147494476813453,5.111987788356544,,,
10.0,230.0,171.0,731.0,2800.0,,,,2021.0,4.0,0,7.0,0,0,0,1,0,0,0,0,0,0,0,6.595780513961311,5.147494476813453,5.442417710521793,,,
10.0,205.0,171.0,731.0,3100.0,,,,2021.0,4.0,0,7.0,0,0,0,1,0,0,0,0,0,0,0,6.595780513961311,5.147494476813453,5.327876168789581,,,
10.0,235.0,171.0,731.0,2600.0,,,,2021.0,4.0,0,7.0,0,0,0,1,0,0,0,0,0,0,0,6.595780513961311,5.147494476813453,5.4638318050256105,,,
14.0,165.0,171.0,731.0,2300.0,,,,2021.0,4.0,0,7.0,0,0,0,1,0,0,0,0,0,0,0,6.595780513961311,5.147494476813453,5.111987788356544,,,
10.0,205.0,171.0,731.0,3000.0,,,,2021.0,4.0,0,7.0,0,0,0,1,0,0,0,0,0,0,0,6.595780513961311,5.147494476813453,5.327876168789581,,,
10.0,225.0,171.0,731.0,2400.0,,,,2021.0,4.0,0,7.0,0,0,0,1,0,0,0,0,0,0,0,6.595780513961311,5.147494476813453,5.420534999272286,,,
10.0,185.0,171.0,731.0,2300.0,,,,2021.0,4.0,0,7.0,0,0,0,1,0,0,0,0,0,0,0,6.595780513961311,5.147494476813453,5.225746673713202,,,
10.0,205.0,171.0,731.0,2200.0,,,,2021.0,4.0,0,7.0,0,0,0,1,0,0,0,0,0,0,0,6.595780513961311,5.147494476813453,5.327876168789581,,,
10.0,195.0,171.0,731.0,2500.0,,,,2021.0,4.0,0,7.0,0,0,0,1,0,0,0,0,0,0,0,6.595780513961311,5.147494476813453,5.278114659230517,,,
14.0,150.0,171.0,731.0,2500.0,,,,2021.0,4.0,0,7.0,0,0,0,1,0,0,0,0,0,0,0,6.595780513961311,5.147494476813453,5.017279836814924,,,
14.0,205.0,171.0,731.0,3100.0,,,,2021.0,4.0,0,7.0,0,0,0,1,0,0,0,0,0,0,0,6.595780513961311,5.147494476813453,5.327876168789581,,,
14.0,190.0,171.0,731.0,3900.0,,,,2021.0,4.0,0,7.0,0,0,0,1,0,0,0,0,0,0,0,6.595780513961311,5.147494476813453,5.25227342804663,,,
10.0,250.0,171.0,731.0,2600.0,,,,2021.0,4.0,0,7.0,0,0,0,1,0,0,0,0,0,0,0,6.595780513961311,5.147494476813453,5.5254529391317835,,,
10.0,240.0,171.0,731.0,2600.0,,,,2021.0,4.0,0,7.0,0,0,0,1,0,0,0,0,0,0,0,6.595780513961311,5.147494476813453,5.484796933490655,,,
14.0,225.0,171.0,731.0,3000.0,,,,2021.0,4.0,0,7.0,0,0,0,1,0,0,0,0,0,0,0,6.595780513961311,5.147494476813453,5.420534999272286,,,
14.0,225.0,171.0,731.0,3000.0,,,,2021.0,4.0,0,7.0,0,0,0,1,0,0,0,0,0,0,0,6.595780513961311,5.147494476813453,5.420534999272286,,,
10.0,250.0,171.0,731.0,2400.0,,,,2021.0,4.0,0,7.0,0,0,0,1,0,0,0,0,0,0,0,6.595780513961311,5.147494476813453,5.5254529391317835,,,
10.0,265.0,171.0,731.0,2800.0,,,,2021.0,4.0,0,7.0,0,0,0,1,0,0,0,0,0,0,0,6.595780513961311,5.147494476813453,5.583496308781699,,,
10.0,270.0,171.0,731.0,2400.0,,,,2021.0,4.0,0,7.0,0,0,0,1,0,0,0,0,0,0,0,6.595780513961311,5.147494476813453,5.602118820879701,,,
10.0,270.0,171.0,731.0,2600.0,,,,2021.0,4.0,0,7.0,0,0,0,1,0,0,0,0,0,0,0,6.595780513961311,5.147494476813453,5.602118820879701,,,
14.0,205.0,171.0,731.0,2600.0,,,,2021.0,4.0,0,7.0,0,0,0,1,0,0,0,0,0,0,0,6.595780513961311,5.147494476813453,5.327876168789581,,,
14.0,205.0,171.0,731.0,2600.0,,,,2021.0,4.0,0,7.0,0,0,0,1,0,0,0,0,0,0,0,6.595780513961311,5.147494476813453,5.327876168789581,,,
10.0,270.0,171.0,731.0,2300.0,,,,2021.0,4.0,0,7.0,0,0,0,1,0,0,0,0,0,0,0,6.595780513961311,5.147494476813453,5.602118820879701,,,
14.0,250.0,171.0,731.0,2900.0,,,,2021.0,4.0,0,7.0,0,0,0,1,0,0,0,0,0,0,0,6.595780513961311,5.147494476813453,5.5254529391317835,,,
14.0,250.0,171.0,731.0,2900.0,,,,2021.0,4.0,0,7.0,0,0,0,1,0,0,0,0,0,0,0,6.595780513961311,5.147494476813453,5.5254529391317835,,,
10.0,105.0,171.0,731.0,2800.0,,,,2021.0,4.0,0,7.0,0,0,0,1,0,0,0,0,0,0,0,6.595780513961311,5.147494476813453,4.663439094112067,,,
10.0,120.0,171.0,731.0,2100.0,,,,2021.0,4.0,0,7.0,0,0,0,1,0,0,0,0,0,0,0,6.595780513961311,5.147494476813453,4.795790545596741,,,
10.0,105.0,171.0,731.0,2300.0,,,,2021.0,4.0,0,7.0,0,0,0,1,0,0,0,0,0,0,0,6.595780513961311,5.147494476813453,4.663439094112067,,,
10.0,135.0,171.0,731.0,2400.0,,,,2021.0,4.0,0,7.0,0,0,0,1,0,0,0,0,0,0,0,6.595780513961311,5.147494476813453,4.912654885736052,,,
10.0,150.0,171.0,731.0,2300.0,,,,2021.0,4.0,0,7.0,0,0,0,1,0,0,0,0,0,0,0,6.595780513961311,5.147494476813453,5.017279836814924,,,
10.0,35.0,190.0,731.0,3200.0,,,,2021.0,5.0,0,7.0,0,0,0,1,0,0,0,0,0,0,0,6.595780513961311,5.25227342804663,3.58351893845611,,,
10.0,35.0,190.0,731.0,2100.0,,,,2021.0,5.0,0,7.0,0,0,0,1,0,0,0,0,0,0,0,6.595780513961311,5.25227342804663,3.58351893845611,,,
10.0,220.0,171.0,731.0,3500.0,,,,2021.0,7.0,0,7.0,0,0,0,1,0,0,0,0,0,0,0,6.595780513961311,5.147494476813453,5.3981627015177525,,,
10.0,250.0,171.0,731.0,3400.0,,,,2021.0,7.0,0,7.0,0,0,0,1,0,0,0,0,0,0,0,6.595780513961311,5.147494476813453,5.5254529391317835,,,
10.0,250.0,171.0,731.0,3000.0,,,,2021.0,7.0,0,7.0,0,0,0,1,0,0,0,0,0,0,0,6.595780513961311,5.147494476813453,5.5254529391317835,,,
10.0,270.0,171.0,731.0,2700.0,,,,2021.0,7.0,0,7.0,0,0,0,1,0,0,0,0,0,0,0,6.595780513961311,5.147494476813453,5.602118820879701,,,
10.0,270.0,171.0,731.0,2500.0,,,,2021.0,7.0,0,7.0,0,0,0,1,0,0,0,0,0,0,0,6.595780513961311,5.147494476813453,5.602118820879701,,,
6.0,15.0,100.0,731.0,2400.0,,,,2022.0,9.0,0,6.0,0,0,0,0,0,0,0,0,1,0,0,6.595780513961311,4.61512051684126,2.772588722239781,,,
6.0,15.0,100.0,731.0,2400.0,,,,2022.0,9.0,0,6.0,0,0,0,0,0,0,0,0,1,0,0,6.595780513961311,4.61512051684126,2.772588722239781,,,
7.0,240.0,171.0,33200.0,3050.0,,,,2022.0,3.0,0,6.0,0,0,0,0,0,0,0,0,1,0,0,10.410335274932896,5.147494476813453,5.484796933490655,,,
7.0,240.0,171.0,33200.0,2800.0,,,,2022.0,3.0,0,6.0,0,0,0,0,0,0,0,0,1,0,0,10.410335274932896,5.147494476813453,5.484796933490655,,,
7.0,280.0,171.0,33200.0,2800.0,,,,2022.0,3.0,0,6.0,0,0,0,0,0,0,0,0,1,0,0,10.410335274932896,5.147494476813453,5.638354669333745,,,
7.0,280.0,171.0,33200.0,2200.0,,,,2022.0,3.0,0,6.0,0,0,0,0,0,0,0,0,1,0,0,10.410335274932896,5.147494476813453,5.638354669333745,,,
5.0,200.0,171.0,26280.0,3000.0,,,,2022.0,11.0,0,6.0,0,0,0,0,0,0,0,0,1,0,0,10.176601523624978,5.147494476813453,5.303304908059076,,,
5.0,320.0,171.0,52560.0,4100.0,,,,2022.0,11.0,0,6.0,0,0,0,0,0,0,0,0,1,0,0,10.869729678852693,5.147494476813453,5.771441123130016,,,
5.0,200.0,171.0,26280.0,2500.0,,,,2022.0,11.0,0,6.0,0,0,0,0,0,0,0,0,1,0,0,10.176601523624978,5.147494476813453,5.303304908059076,,,
5.0,200.0,171.0,26280.0,2900.0,,,,2022.0,11.0,0,6.0,0,0,0,0,0,0,0,0,1,0,0,10.176601523624978,5.147494476813453,5.303304908059076,,,
5.0,320.0,171.0,52560.0,4050.0,,,,2022.0,11.0,0,6.0,0,0,0,0,0,0,0,0,1,0,0,10.869729678852693,5.147494476813453,5.771441123130016,,,
5.0,210.0,171.0,52560.0,2700.0,,,,2022.0,11.0,0,6.0,0,0,0,0,0,0,0,0,1,0,0,10.869729678852693,5.147494476813453,5.351858133476067,,,
5.0,280.0,171.0,52560.0,3250.0,,,,2022.0,11.0,0,6.0,0,0,0,0,0,0,0,0,1,0,0,10.869729678852693,5.147494476813453,5.638354669333745,,,
5.0,280.0,171.0,52560.0,3250.0,,,,2022.0,11.0,0,6.0,0,0,0,0,0,0,0,0,1,0,0,10.869729678852693,5.147494476813453,5.638354669333745,,,
5.0,320.0,171.0,52560.0,3850.0,,,,2022.0,11.0,0,6.0,0,0,0,0,0,0,0,0,1,0,0,10.869729678852693,5.147494476813453,5.771441123130016,,,
5.0,290.0,171.0,52560.0,2750.0,,,,2022.0,11.0,0,6.0,0,0,0,0,0,0,0,0,1,0,0,10.869729678852693,5.147494476813453,5.673323267171493,,,
5.0,290.0,171.0,52560.0,2750.0,,,,2022.0,11.0,0,6.0,0,0,0,0,0,0,0,0,1,0,0,10.869729678852693,5.147494476813453,5.673323267171493,,,
5.0,360.0,171.0,52560.0,3600.0,,,,2022.0,11.0,0,6.0,0,0,0,0,0,0,0,0,1,0,0,10.869729678852693,5.147494476813453,5.8888779583328805,,,
5.0,280.0,171.0,52560.0,2450.0,,,,2022.0,11.0,0,6.0,0,0,0,0,0,0,0,0,1,0,0,10.869729678852693,5.147494476813453,5.638354669333745,,,
5.0,360.0,171.0,52560.0,3100.0,,,,2022.0,11.0,0,6.0,0,0,0,0,0,0,0,0,1,0,0,10.869729678852693,5.147494476813453,5.8888779583328805,,,
5.0,360.0,171.0,52560.0,3100.0,,,,2022.0,11.0,0,6.0,0,0,0,0,0,0,0,0,1,0,0,10.869729678852693,5.147494476813453,5.8888779583328805,,,
5.0,290.0,171.0,78840.0,2250.0,,,,2022.0,11.0,0,6.0,0,0,0,0,0,0,0,0,1,0,0,11.27518844510301,5.147494476813453,5.673323267171493,,,
5.0,360.0,171.0,78840.0,2400.0,,,,2022.0,11.0,0,6.0,0,0,0,0,0,0,0,0,1,0,0,11.27518844510301,5.147494476813453,5.8888779583328805,,,
5.0,360.0,171.0,78840.0,2400.0,,,,2022.0,11.0,0,6.0,0,0,0,0,0,0,0,0,1,0,0,11.27518844510301,5.147494476813453,5.8888779583328805,,,
7.0,65.0,156.0,9800.0,3800.0,,,,2022.0,4.0,0,6.0,0,0,0,0,0,0,0,0,1,0,0,9.19023970026918,5.056245805348308,4.189654742026425,,,
7.0,15.0,180.0,10700.0,3000.0,,,,2022.0,5.0,0,6.0,0,0,0,0,0,0,0,0,1,0,0,9.278092474027002,5.198497031265826,2.772588722239781,,,
7.0,15.0,180.0,10700.0,2700.0,,,,2022.0,5.0,0,6.0,0,0,0,0,0,0,0,0,1,0,0,9.278092474027002,5.198497031265826,2.772588722239781,,,
6.0,15.0,100.0,731.0,2400.0,,,,2022.0,9.0,0,6.0,0,0,0,0,0,0,0,0,1,0,0,6.595780513961311,4.61512051684126,2.772588722239781,,,
7.0,15.0,180.0,10700.0,2700.0,,,,2022.0,4.0,0,6.0,0,0,0,0,0,0,0,0,1,0,0,9.278092474027002,5.198497031265826,2.772588722239781,,,
7.0,65.0,156.0,9800.0,3600.0,,,,2022.0,4.0,0,6.0,0,0,0,0,0,0,0,0,1,0,0,9.19023970026918,5.056245805348308,4.189654742026425,,,
7.0,65.0,180.0,10700.0,3600.0,,,,2022.0,4.0,0,6.0,0,0,0,0,0,0,0,0,1,0,0,9.278092474027002,5.198497031265826,4.189654742026425,,,
7.0,65.0,74.0,4150.0,3500.0,,,,2022.0,4.0,0,6.0,0,0,0,0,0,0,0,0,1,0,0,8.33110454805304,4.31748811353631,4.189654742026425,,,
7.0,15.0,180.0,10700.0,2300.0,,,,2022.0,5.0,0,6.0,0,0,0,0,0,0,0,0,1,0,0,9.278092474027002,5.198497031265826,2.772588722239781,,,
6.0,15.0,100.0,731.0,2800.0,,,,2022.0,9.0,0,6.0,0,0,0,0,0,0,0,0,1,0,0,6.595780513961311,4.61512051684126,2.772588722239781,,,
5.0,105.0,71.0,6570.0,4700.0,,,,2022.0,9.0,0,6.0,0,0,0,0,0,0,0,0,1,0,0,8.790421306897867,4.276666119016055,4.663439094112067,,,
7.0,65.0,156.0,9800.0,3700.0,,,,2022.0,11.0,0,6.0,0,0,0,0,0,0,0,0,1,0,0,9.19023970026918,5.056245805348308,4.189654742026425,,,
7.0,35.0,156.0,9800.0,3300.0,,,,2022.0,11.0,0,6.0,0,0,0,0,0,0,0,0,1,0,0,9.19023970026918,5.056245805348308,3.58351893845611,,,
7.0,15.0,180.0,10700.0,2300.0,,,,2022.0,4.0,0,6.0,0,0,0,0,0,0,0,0,1,0,0,9.278092474027002,5.198497031265826,2.772588722239781,,,
6.0,45.0,208.0,731.0,3300.0,,,,2022.0,4.0,0,6.0,0,0,0,0,0,0,0,0,1,0,0,6.595780513961311,5.342334251964811,3.828641396489095,,,
6.0,35.0,208.0,731.0,3300.0,,,,2022.0,4.0,0,6.0,0,0,0,0,0,0,0,0,1,0,0,6.595780513961311,5.342334251964811,3.58351893845611,,,
6.0,15.0,208.0,731.0,2900.0,,,,2022.0,4.0,0,6.0,0,0,0,0,0,0,0,0,1,0,0,6.595780513961311,5.342334251964811,2.772588722239781,,,
7.0,65.0,180.0,10700.0,3700.0,,,,2022.0,4.0,0,6.0,0,0,0,0,0,0,0,0,1,0,0,9.278092474027002,5.198497031265826,4.189654742026425,,,
7.0,65.0,74.0,4150.0,3400.0,,,,2022.0,4.0,0,6.0,0,0,0,0,0,0,0,0,1,0,0,8.33110454805304,4.31748811353631,4.189654742026425,,,
7.0,105.0,74.0,8850.0,3400.0,,,,2022.0,4.0,0,6.0,0,0,0,0,0,0,0,0,1,0,0,9.088285725968877,4.31748811353631,4.663439094112067,,,
7.0,15.0,180.0,10700.0,2000.0,,,,2022.0,5.0,0,6.0,0,0,0,0,0,0,0,0,1,0,0,9.278092474027002,5.198497031265826,2.772588722239781,,,
5.0,105.0,71.0,6570.0,4500.0,,,,2022.0,9.0,0,6.0,0,0,0,0,0,0,0,0,1,0,0,8.790421306897867,4.276666119016055,4.663439094112067,,,
7.0,15.0,180.0,10700.0,2000.0,,,,2022.0,4.0,0,6.0,0,0,0,0,0,0,0,0,1,0,0,9.278092474027002,5.198497031265826,2.772588722239781,,,
6.0,45.0,208.0,731.0,3200.0,,,,2022.0,4.0,0,6.0,0,0,0,0,0,0,0,0,1,0,0,6.595780513961311,5.342334251964811,3.828641396489095,,,
6.0,35.0,208.0,731.0,3200.0,,,,2022.0,4.0,0,6.0,0,0,0,0,0,0,0,0,1,0,0,6.595780513961311,5.342334251964811,3.58351893845611,,,
6.0,15.0,208.0,731.0,2700.0,,,,2022.0,4.0,0,6.0,0,0,0,0,0,0,0,0,1,0,0,6.595780513961311,5.342334251964811,2.772588722239781,,,
5.0,170.0,171.0,13140.0,4700.0,,,,2022.0,9.0,0,6.0,0,0,0,0,0,0,0,0,1,0,0,9.483492392643639,5.147494476813453,5.14166355650266,,,
5.0,170.0,171.0,13140.0,4500.0,,,,2022.0,9.0,0,6.0,0,0,0,0,0,0,0,0,1,0,0,9.483492392643639,5.147494476813453,5.14166355650266,,,
6.0,45.0,208.0,731.0,3300.0,,,,2022.0,4.0,0,6.0,0,0,0,0,0,0,0,0,1,0,0,6.595780513961311,5.342334251964811,3.828641396489095,,,
6.0,35.0,208.0,731.0,3300.0,,,,2022.0,4.0,0,6.0,0,0,0,0,0,0,0,0,1,0,0,6.595780513961311,5.342334251964811,3.58351893845611,,,
12.0,15.0,210.0,4940.0,2700.0,,,,2022.0,6.0,0,6.0,0,1,0,0,0,0,0,0,0,0,0,8.50532301884575,5.351858133476067,2.772588722239781,,,
12.0,15.0,210.0,4940.0,2100.0,,,,2022.0,6.0,0,6.0,0,1,0,0,0,0,0,0,0,0,0,8.50532301884575,5.351858133476067,2.772588722239781,,,
12.0,15.0,210.0,4940.0,2100.0,,,,2022.0,9.0,0,6.0,0,1,0,0,0,0,0,0,0,0,0,8.50532301884575,5.351858133476067,2.772588722239781,,,
12.0,45.0,210.0,4940.0,3350.0,,,,2022.0,9.0,0,6.0,0,1,0,0,0,0,0,0,0,0,0,8.50532301884575,5.351858133476067,3.828641396489095,,,
6.0,15.0,171.0,731.0,2300.0,,,,2022.0,9.0,0,6.0,0,0,0,0,0,0,0,0,1,0,0,6.595780513961311,5.147494476813453,2.772588722239781,,,
6.0,15.0,171.0,731.0,2000.0,,,,2022.0,9.0,0,6.0,0,0,0,0,0,0,0,0,1,0,0,6.595780513961311,5.147494476813453,2.772588722239781,,,
6.0,15.0,171.0,731.0,1900.0,,,,2022.0,9.0,0,6.0,0,0,0,0,0,0,0,0,1,0,0,6.595780513961311,5.147494476813453,2.772588722239781,,,
6.0,45.0,171.0,731.0,3500.0,,,,2022.0,9.0,0,6.0,0,0,0,0,0,0,0,0,1,0,0,6.595780513961311,5.147494476813453,3.828641396489095,,,
6.0,45.0,171.0,731.0,3300.0,,,,2022.0,9.0,0,6.0,0,0,0,0,0,0,0,0,1,0,0,6.595780513961311,5.147494476813453,3.828641396489095,,,
7.0,280.0,171.0,33200.0,2500.0,,,,,,0,6.0,0,0,0,0,0,0,0,0,1,0,0,10.410335274932896,5.147494476813453,5.638354669333745,,,
7.0,280.0,171.0,16600.0,4100.0,,,,2022.0,3.0,0,6.0,0,0,0,0,0,0,0,0,1,0,0,9.717218213494077,5.147494476813453,5.638354669333745,,,
7.0,280.0,171.0,16600.0,4000.0,,,,2022.0,3.0,0,6.0,0,0,0,0,0,0,0,0,1,0,0,9.717218213494077,5.147494476813453,5.638354669333745,,,
7.0,280.0,171.0,16600.0,3800.0,,,,2022.0,3.0,0,6.0,0,0,0,0,0,0,0,0,1,0,0,9.717218213494077,5.147494476813453,5.638354669333745,,,
7.0,280.0,171.0,16600.0,3600.0,,,,2022.0,3.0,0,6.0,0,0,0,0,0,0,0,0,1,0,0,9.717218213494077,5.147494476813453,5.638354669333745,,,
7.0,280.0,171.0,33200.0,2700.0,,,,2022.0,3.0,0,6.0,0,0,0,0,0,0,0,0,1,0,0,10.410335274932896,5.147494476813453,5.638354669333745,,,
7.0,15.0,163.0,2400.0,2400.0,,,,2022.0,2.0,0,6.0,0,0,0,0,0,0,0,0,1,0,0,7.783640596221253,5.099866427824199,2.772588722239781,,,
10.0,9.0,171.0,731.0,1000.0,,,,2022.0,2.0,0,7.0,0,0,0,1,0,0,0,0,0,0,0,6.595780513961311,5.147494476813453,2.302585092994046,,,
10.0,15.0,171.0,731.0,1200.0,,,,2022.0,2.0,0,7.0,0,0,0,1,0,0,0,0,0,0,0,6.595780513961311,5.147494476813453,2.772588722239781,,,
10.0,28.0,171.0,731.0,1500.0,,,,2022.0,2.0,0,7.0,0,0,0,1,0,0,0,0,0,0,0,6.595780513961311,5.147494476813453,3.367295829986474,,,
10.0,9.0,171.0,731.0,1000.0,,,,2022.0,2.0,0,7.0,0,0,0,1,0,0,0,0,0,0,0,6.595780513961311,5.147494476813453,2.302585092994046,,,
10.0,15.0,171.0,731.0,1300.0,,,,2022.0,2.0,0,7.0,0,0,0,1,0,0,0,0,0,0,0,6.595780513961311,5.147494476813453,2.772588722239781,,,
10.0,28.0,217.0,731.0,1700.0,,,,2022.0,2.0,0,7.0,0,0,0,1,0,0,0,0,0,0,0,6.595780513961311,5.384495062789089,3.367295829986474,,,
10.0,9.0,171.0,731.0,1100.0,,,,2022.0,2.0,0,7.0,0,0,0,1,0,0,0,0,0,0,0,6.595780513961311,5.147494476813453,2.302585092994046,,,
10.0,55.0,215.0,731.0,2400.0,,,,2022.0,5.0,0,7.0,0,0,0,1,0,0,0,0,0,0,0,6.595780513961311,5.375278407684165,4.02535169073515,,,
10.0,15.0,171.0,731.0,1600.0,,,,2022.0,2.0,0,7.0,0,0,0,1,0,0,0,0,0,0,0,6.595780513961311,5.147494476813453,2.772588722239781,,,
10.0,65.0,163.0,731.0,3000.0,,,,,,0,7.0,0,0,0,1,0,0,0,0,0,0,0,6.595780513961311,5.099866427824199,4.189654742026425,,,
10.0,28.0,217.0,731.0,1700.0,,,,2022.0,2.0,0,7.0,0,0,0,1,0,0,0,0,0,0,0,6.595780513961311,5.384495062789089,3.367295829986474,,,
10.0,55.0,215.0,731.0,2500.0,,,,2022.0,5.0,0,7.0,0,0,0,1,0,0,0,0,0,0,0,6.595780513961311,5.375278407684165,4.02535169073515,,,
10.0,125.0,257.0,731.0,3500.0,,,,2022.0,9.0,0,7.0,0,0,0,1,0,0,0,0,0,0,0,6.595780513961311,5.552959584921617,4.836281906951478,,,
10.0,125.0,257.0,731.0,3500.0,,,,2022.0,9.0,0,7.0,0,0,0,1,0,0,0,0,0,0,0,6.595780513961311,5.552959584921617,4.836281906951478,,,
10.0,9.0,171.0,731.0,1100.0,,,,2022.0,2.0,0,7.0,0,0,0,1,0,0,0,0,0,0,0,6.595780513961311,5.147494476813453,2.302585092994046,,,
10.0,15.0,171.0,731.0,1700.0,,,,2022.0,2.0,0,7.0,0,0,0,1,0,0,0,0,0,0,0,6.595780513961311,5.147494476813453,2.772588722239781,,,
10.0,28.0,217.0,731.0,2100.0,,,,2022.0,2.0,0,7.0,0,0,0,1,0,0,0,0,0,0,0,6.595780513961311,5.384495062789089,3.367295829986474,,,
10.0,9.0,171.0,731.0,1100.0,,,,2022.0,2.0,0,7.0,0,0,0,1,0,0,0,0,0,0,0,6.595780513961311,5.147494476813453,2.302585092994046,,,
10.0,55.0,215.0,731.0,2000.0,,,,2022.0,5.0,0,7.0,0,0,0,1,0,0,0,0,0,0,0,6.595780513961311,5.375278407684165,4.02535169073515,,,
10.0,15.0,171.0,731.0,1800.0,,,,2022.0,2.0,0,7.0,0,0,0,1,0,0,0,0,0,0,0,6.595780513961311,5.147494476813453,2.772588722239781,,,
10.0,28.0,217.0,731.0,2200.0,,,,2022.0,2.0,0,7.0,0,0,0,1,0,0,0,0,0,0,0,6.595780513961311,5.384495062789089,3.367295829986474,,,
10.0,55.0,215.0,731.0,2000.0,,,,2022.0,5.0,0,7.0,0,0,0,1,0,0,0,0,0,0,0,6.595780513961311,5.375278407684165,4.02535169073515,,,
10.0,28.0,217.0,731.0,1800.0,,,,2022.0,2.0,0,7.0,0,0,0,1,0,0,0,0,0,0,0,6.595780513961311,5.384495062789089,3.367295829986474,,,
10.0,55.0,215.0,731.0,2100.0,,,,2022.0,5.0,0,7.0,0,0,0,1,0,0,0,0,0,0,0,6.595780513961311,5.375278407684165,4.02535169073515,,,
10.0,125.0,257.0,731.0,3400.0,,,,2022.0,9.0,0,7.0,0,0,0,1,0,0,0,0,0,0,0,6.595780513961311,5.552959584921617,4.836281906951478,,,
10.0,125.0,257.0,731.0,3400.0,,,,2022.0,9.0,0,7.0,0,0,0,1,0,0,0,0,0,0,0,6.595780513961311,5.552959584921617,4.836281906951478,,,
10.0,55.0,215.0,731.0,2300.0,,,,2022.0,5.0,0,7.0,0,0,0,1,0,0,0,0,0,0,0,6.595780513961311,5.375278407684165,4.02535169073515,,,
10.0,150.0,215.0,731.0,3400.0,,,,2022.0,4.0,0,7.0,0,0,0,1,0,0,0,0,0,0,0,6.595780513961311,5.375278407684165,5.017279836814924,,,
10.0,55.0,215.0,731.0,2300.0,,,,2022.0,5.0,0,7.0,0,0,0,1,0,0,0,0,0,0,0,6.595780513961311,5.375278407684165,4.02535169073515,,,
10.0,125.0,257.0,731.0,3000.0,,,,2022.0,9.0,0,7.0,0,0,0,1,0,0,0,0,0,0,0,6.595780513961311,5.552959584921617,4.836281906951478,,,
10.0,125.0,257.0,731.0,3000.0,,,,2022.0,9.0,0,7.0,0,0,0,1,0,0,0,0,0,0,0,6.595780513961311,5.552959584921617,4.836281906951478,,,
7.0,120.0,171.0,8300.0,2800.0,,,,2023.0,9.0,0,6.0,0,0,0,0,0,0,0,0,1,0,0,9.024131268455035,5.147494476813453,4.795790545596741,,,
7.0,120.0,171.0,8300.0,2800.0,,,,2023.0,9.0,0,6.0,0,0,0,0,0,0,0,0,1,0,0,9.024131268455035,5.147494476813453,4.795790545596741,,,
7.0,130.0,171.0,8300.0,2400.0,,,,2023.0,9.0,0,6.0,0,0,0,0,0,0,0,0,1,0,0,9.024131268455035,5.147494476813453,4.875197323201151,,,
7.0,130.0,171.0,8300.0,2400.0,,,,2023.0,9.0,0,6.0,0,0,0,0,0,0,0,0,1,0,0,9.024131268455035,5.147494476813453,4.875197323201151,,,
7.0,225.0,171.0,33200.0,2300.0,,,,2023.0,9.0,0,6.0,0,0,0,0,0,0,0,0,1,0,0,10.410335274932896,5.147494476813453,5.420534999272286,,,
7.0,240.0,171.0,33200.0,2000.0,,,,2023.0,9.0,0,6.0,0,0,0,0,0,0,0,0,1,0,0,10.410335274932896,5.147494476813453,5.484796933490655,,,
5.0,90.0,73.0,8875.0,2400.0,,,,2023.0,9.0,0,6.0,0,0,0,0,0,0,0,0,1,0,0,9.091106284052485,4.30406509320417,4.51085950651685,,,
5.0,80.0,73.0,8875.0,2050.0,,,,2023.0,9.0,0,6.0,0,0,0,0,0,0,0,0,1,0,0,9.091106284052485,4.30406509320417,4.394449154672439,,,
5.0,125.0,171.0,17750.0,2450.0,,,,2023.0,9.0,0,6.0,0,0,0,0,0,0,0,0,1,0,0,9.784197131344804,5.147494476813453,4.836281906951478,,,
5.0,100.0,171.0,17750.0,2000.0,,,,2023.0,9.0,0,6.0,0,0,0,0,0,0,0,0,1,0,0,9.784197131344804,5.147494476813453,4.61512051684126,,,
5.0,160.0,171.0,17750.0,2550.0,,,,2023.0,9.0,0,6.0,0,0,0,0,0,0,0,0,1,0,0,9.784197131344804,5.147494476813453,5.081404364984463,,,
5.0,120.0,171.0,17750.0,2000.0,,,,2023.0,9.0,0,6.0,0,0,0,0,0,0,0,0,1,0,0,9.784197131344804,5.147494476813453,4.795790545596741,,,
5.0,180.0,171.0,35500.0,2650.0,,,,2023.0,9.0,0,6.0,0,0,0,0,0,0,0,0,1,0,0,10.477316144080852,5.147494476813453,5.198497031265826,,,
5.0,130.0,171.0,35500.0,2050.0,,,,2023.0,9.0,0,6.0,0,0,0,0,0,0,0,0,1,0,0,10.477316144080852,5.147494476813453,4.875197323201151,,,
5.0,200.0,171.0,35500.0,2500.0,,,,2023.0,9.0,0,6.0,0,0,0,0,0,0,0,0,1,0,0,10.477316144080852,5.147494476813453,5.303304908059076,,,
5.0,155.0,171.0,35500.0,2000.0,,,,2023.0,9.0,0,6.0,0,0,0,0,0,0,0,0,1,0,0,10.477316144080852,5.147494476813453,5.049856007249537,,,
5.0,200.0,171.0,35500.0,2300.0,,,,2023.0,9.0,0,6.0,0,0,0,0,0,0,0,0,1,0,0,10.477316144080852,5.147494476813453,5.303304908059076,,,
5.0,175.0,171.0,35500.0,2000.0,,,,2023.0,9.0,0,6.0,0,0,0,0,0,0,0,0,1,0,0,10.477316144080852,5.147494476813453,5.170483995038151,,,
5.0,320.0,171.0,90160.0,3550.0,,,,2023.0,6.0,0,6.0,0,0,0,0,0,0,0,0,1,0,0,11.409352240045228,5.147494476813453,5.771441123130016,,,
5.0,320.0,171.0,90160.0,3100.0,,,,2023.0,6.0,0,6.0,0,0,0,0,0,0,0,0,1,0,0,11.409352240045228,5.147494476813453,5.771441123130016,,,
5.0,400.0,171.0,135240.0,2550.0,,,,2023.0,6.0,0,6.0,0,0,0,0,0,0,0,0,1,0,0,11.814813651056538,5.147494476813453,5.993961427306569,,,
5.0,340.0,171.0,71000.0,2200.0,,,,2023.0,6.0,0,6.0,0,0,0,0,0,0,0,0,1,0,0,11.170449240431308,5.147494476813453,5.831882477283517,,,
5.0,360.0,171.0,71000.0,2250.0,,,,2023.0,6.0,0,6.0,0,0,0,0,0,0,0,0,1,0,0,11.170449240431308,5.147494476813453,5.8888779583328805,,,
5.0,360.0,171.0,71000.0,2250.0,,,,2023.0,6.0,0,6.0,0,0,0,0,0,0,0,0,1,0,0,11.170449240431308,5.147494476813453,5.8888779583328805,,,
4.0,28.0,137.0,20900.0,3000.0,,,,2023.0,5.0,0,6.0,0,0,0,0,0,0,0,0,1,0,0,9.94755228369823,4.927253685157205,3.367295829986474,,,
4.0,28.0,137.0,20900.0,3000.0,,,,2023.0,12.0,0,6.0,0,0,0,0,0,0,0,0,1,0,0,9.94755228369823,4.927253685157205,3.367295829986474,,,
7.0,105.0,74.0,731.0,3300.0,,,,2023.0,7.0,0,6.0,0,0,0,0,0,0,0,0,1,0,0,6.595780513961311,4.31748811353631,4.663439094112067,,,
5.0,65.0,71.0,6570.0,3700.0,,,,2023.0,7.0,0,6.0,0,0,0,0,0,0,0,0,1,0,0,8.790421306897867,4.276666119016055,4.189654742026425,,,
4.0,28.0,178.0,25000.0,3200.0,,,,2023.0,5.0,0,6.0,0,0,0,0,0,0,0,0,1,0,0,10.12667110305036,5.187385805840755,3.367295829986474,,,
4.0,28.0,137.0,20900.0,3200.0,,,,2023.0,11.0,0,6.0,0,0,0,0,0,0,0,0,1,0,0,9.94755228369823,4.927253685157205,3.367295829986474,,,
4.0,15.0,178.0,25000.0,3500.0,,,,2023.0,5.0,0,6.0,0,0,0,0,0,0,0,0,1,0,0,10.12667110305036,5.187385805840755,2.772588722239781,,,
4.0,28.0,137.0,20900.0,3200.0,,,,2023.0,12.0,0,6.0,0,0,0,0,0,0,0,0,1,0,0,9.94755228369823,4.927253685157205,3.367295829986474,,,
4.0,28.0,178.0,25000.0,3500.0,,,,2023.0,12.0,0,6.0,0,0,0,0,0,0,0,0,1,0,0,10.12667110305036,5.187385805840755,3.367295829986474,,,
4.0,28.0,178.0,25000.0,3500.0,,,,2023.0,12.0,0,6.0,0,0,0,0,0,0,0,0,1,0,0,10.12667110305036,5.187385805840755,3.367295829986474,,,
4.0,45.0,178.0,25000.0,4300.0,,,,2023.0,12.0,0,6.0,0,0,0,0,0,0,0,0,1,0,0,10.12667110305036,5.187385805840755,3.828641396489095,,,
5.0,65.0,71.0,6570.0,3800.0,,,,2023.0,6.0,0,6.0,0,0,0,0,0,0,0,0,1,0,0,8.790421306897867,4.276666119016055,4.189654742026425,,,
4.0,28.0,178.0,25000.0,3300.0,,,,,,0,6.0,0,0,0,0,0,0,0,0,1,0,0,10.12667110305036,5.187385805840755,3.367295829986474,,,
4.0,28.0,178.0,25000.0,3300.0,,,,2023.0,12.0,0,6.0,0,0,0,0,0,0,0,0,1,0,0,10.12667110305036,5.187385805840755,3.367295829986474,,,
4.0,28.0,178.0,25000.0,3300.0,,,,2023.0,12.0,0,6.0,0,0,0,0,0,0,0,0,1,0,0,10.12667110305036,5.187385805840755,3.367295829986474,,,
4.0,45.0,178.0,25000.0,3800.0,,,,2023.0,12.0,0,6.0,0,0,0,0,0,0,0,0,1,0,0,10.12667110305036,5.187385805840755,3.828641396489095,,,
5.0,65.0,71.0,6570.0,3800.0,,,,2023.0,6.0,0,6.0,0,0,0,0,0,0,0,0,1,0,0,8.790421306897867,4.276666119016055,4.189654742026425,,,
5.0,55.0,171.0,17840.0,2300.0,,,,2023.0,7.0,0,6.0,0,0,0,0,0,0,0,0,1,0,0,9.789254458374703,5.147494476813453,4.02535169073515,,,
4.0,45.0,178.0,25000.0,4000.0,,,,2023.0,12.0,0,6.0,0,0,0,0,0,0,0,0,1,0,0,10.12667110305036,5.187385805840755,3.828641396489095,,,
5.0,65.0,171.0,13140.0,3700.0,,,,2023.0,6.0,0,6.0,0,0,0,0,0,0,0,0,1,0,0,9.483492392643639,5.147494476813453,4.189654742026425,,,
7.0,105.0,171.0,8300.0,3350.0,,,,2023.0,4.0,0,6.0,0,0,0,0,0,0,0,0,1,0,0,9.024131268455035,5.147494476813453,4.663439094112067,,,
7.0,105.0,171.0,8300.0,3050.0,,,,2023.0,4.0,0,6.0,0,0,0,0,0,0,0,0,1,0,0,9.024131268455035,5.147494476813453,4.663439094112067,,,
5.0,350.0,171.0,26280.0,4200.0,,,,2023.0,10.0,0,6.0,0,0,0,0,0,0,0,0,1,0,0,10.176601523624978,5.147494476813453,5.860786223465865,,,
5.0,350.0,171.0,26280.0,4000.0,,,,2023.0,10.0,0,6.0,0,0,0,0,0,0,0,0,1,0,0,10.176601523624978,5.147494476813453,5.860786223465865,,,
5.0,350.0,171.0,52560.0,3200.0,,,,2023.0,10.0,0,6.0,0,0,0,0,0,0,0,0,1,0,0,10.869729678852693,5.147494476813453,5.860786223465865,,,
5.0,350.0,171.0,26280.0,4200.0,,,,2023.0,10.0,0,6.0,0,0,0,0,0,0,0,0,1,0,0,10.176601523624978,5.147494476813453,5.860786223465865,,,
5.0,350.0,171.0,26280.0,4000.0,,,,2023.0,10.0,0,6.0,0,0,0,0,0,0,0,0,1,0,0,10.176601523624978,5.147494476813453,5.860786223465865,,,
5.0,350.0,171.0,52560.0,3200.0,,,,2023.0,10.0,0,6.0,0,0,0,0,0,0,0,0,1,0,0,10.869729678852693,5.147494476813453,5.860786223465865,,,
5.0,350.0,171.0,78840.0,2500.0,,,,2023.0,10.0,0,6.0,0,0,0,0,0,0,0,0,1,0,0,11.27518844510301,5.147494476813453,5.860786223465865,,,
4.0,15.0,137.0,731.0,3200.0,,,,,,0,6.0,0,0,0,0,0,0,0,0,1,0,0,6.595780513961311,4.927253685157205,2.772588722239781,,,
4.0,15.0,178.0,25000.0,3300.0,,,,,,0,6.0,0,0,0,0,0,0,0,0,1,0,0,10.12667110305036,5.187385805840755,2.772588722239781,,,
6.0,15.0,131.0,2400.0,2400.0,,,,2023.0,11.0,0,6.0,0,0,0,0,0,0,0,0,1,0,0,7.783640596221253,4.882801922586371,2.772588722239781,,,
5.0,350.0,171.0,13140.0,4700.0,,,,2023.0,10.0,0,6.0,0,0,0,0,0,0,0,0,1,0,0,9.483492392643639,5.147494476813453,5.860786223465865,,,
5.0,350.0,171.0,13140.0,4500.0,,,,2023.0,10.0,0,6.0,0,0,0,0,0,0,0,0,1,0,0,9.483492392643639,5.147494476813453,5.860786223465865,,,
7.0,28.0,171.0,731.0,3600.0,,,,2023.0,12.0,0,7.0,0,0,0,1,0,0,0,0,0,0,0,6.595780513961311,5.147494476813453,3.367295829986474,,,
7.0,28.0,171.0,731.0,3600.0,,,,2023.0,12.0,0,7.0,0,0,0,1,0,0,0,0,0,0,0,6.595780513961311,5.147494476813453,3.367295829986474,,,
7.0,28.0,171.0,731.0,3800.0,,,,2023.0,12.0,0,7.0,0,0,0,1,0,0,0,0,0,0,0,6.595780513961311,5.147494476813453,3.367295829986474,,,
7.0,28.0,171.0,731.0,3800.0,,,,2023.0,12.0,0,7.0,0,0,0,1,0,0,0,0,0,0,0,6.595780513961311,5.147494476813453,3.367295829986474,,,
7.0,45.0,171.0,731.0,3900.0,,,,2023.0,12.0,0,7.0,0,0,0,1,0,0,0,0,0,0,0,6.595780513961311,5.147494476813453,3.828641396489095,,,
10.0,125.0,257.0,731.0,3500.0,,,,2023.0,10.0,0,7.0,0,0,0,1,0,0,0,0,0,0,0,6.595780513961311,5.552959584921617,4.836281906951478,,,
10.0,125.0,257.0,731.0,3500.0,,,,2023.0,10.0,0,7.0,0,0,0,1,0,0,0,0,0,0,0,6.595780513961311,5.552959584921617,4.836281906951478,,,
10.0,125.0,257.0,731.0,3400.0,,,,2023.0,10.0,0,7.0,0,0,0,1,0,0,0,0,0,0,0,6.595780513961311,5.552959584921617,4.836281906951478,,,
10.0,125.0,257.0,731.0,3400.0,,,,2023.0,10.0,0,7.0,0,0,0,1,0,0,0,0,0,0,0,6.595780513961311,5.552959584921617,4.836281906951478,,,
10.0,125.0,257.0,731.0,3200.0,,,,2023.0,10.0,0,7.0,0,0,0,1,0,0,0,0,0,0,0,6.595780513961311,5.552959584921617,4.836281906951478,,,
10.0,125.0,257.0,731.0,3200.0,,,,2023.0,10.0,0,7.0,0,0,0,1,0,0,0,0,0,0,0,6.595780513961311,5.552959584921617,4.836281906951478,,,
10.0,55.0,163.0,731.0,2600.0,,,,2023.0,12.0,0,7.0,0,0,0,1,0,0,0,0,0,0,0,6.595780513961311,5.099866427824199,4.02535169073515,,,
10.0,55.0,163.0,731.0,3400.0,,,,2023.0,12.0,0,7.0,0,0,0,1,0,0,0,0,0,0,0,6.595780513961311,5.099866427824199,4.02535169073515,,,
10.0,65.0,163.0,731.0,2900.0,,,,2023.0,12.0,0,7.0,0,0,0,1,0,0,0,0,0,0,0,6.595780513961311,5.099866427824199,4.189654742026425,,,
10.0,80.0,163.0,731.0,3300.0,,,,2023.0,12.0,0,7.0,0,0,0,1,0,0,0,0,0,0,0,6.595780513961311,5.099866427824199,4.394449154672439,,,
10.0,65.0,257.0,731.0,2600.0,,,,2023.0,12.0,0,7.0,0,0,0,1,0,0,0,0,0,0,0,6.595780513961311,5.552959584921617,4.189654742026425,,,
10.0,80.0,257.0,731.0,2800.0,,,,2023.0,12.0,0,7.0,0,0,0,1,0,0,0,0,0,0,0,6.595780513961311,5.552959584921617,4.394449154672439,,,
10.0,95.0,163.0,731.0,3500.0,,,,2023.0,12.0,0,7.0,0,0,0,1,0,0,0,0,0,0,0,6.595780513961311,5.099866427824199,4.564348191467836,,,
10.0,95.0,257.0,731.0,3200.0,,,,2023.0,12.0,0,7.0,0,0,0,1,0,0,0,0,0,0,0,6.595780513961311,5.552959584921617,4.564348191467836,,,
10.0,185.0,171.0,731.0,2100.0,,,,2023.0,12.0,0,7.0,0,0,0,1,0,0,0,0,0,0,0,6.595780513961311,5.147494476813453,5.225746673713202,,,
10.0,165.0,171.0,731.0,3200.0,,,,2023.0,12.0,0,7.0,0,0,0,1,0,0,0,0,0,0,0,6.595780513961311,5.147494476813453,5.111987788356544,,,
10.0,205.0,171.0,731.0,2200.0,,,,2023.0,12.0,0,7.0,0,0,0,1,0,0,0,0,0,0,0,6.595780513961311,5.147494476813453,5.327876168789581,,,
10.0,195.0,171.0,731.0,2800.0,,,,2023.0,12.0,0,7.0,0,0,0,1,0,0,0,0,0,0,0,6.595780513961311,5.147494476813453,5.278114659230517,,,
10.0,270.0,171.0,731.0,2100.0,,,,2023.0,12.0,0,7.0,0,0,0,1,0,0,0,0,0,0,0,6.595780513961311,5.147494476813453,5.602118820879701,,,
10.0,195.0,171.0,731.0,3900.0,,,,2023.0,12.0,0,7.0,0,0,0,1,0,0,0,0,0,0,0,6.595780513961311,5.147494476813453,5.278114659230517,,,
10.0,270.0,171.0,731.0,2100.0,,,,2023.0,12.0,0,7.0,0,0,0,1,0,0,0,0,0,0,0,6.595780513961311,5.147494476813453,5.602118820879701,,,
10.0,250.0,171.0,731.0,2900.0,,,,2023.0,12.0,0,7.0,0,0,0,1,0,0,0,0,0,0,0,6.595780513961311,5.147494476813453,5.5254529391317835,,,
10.0,270.0,171.0,731.0,3600.0,,,,2023.0,12.0,0,7.0,0,0,0,1,0,0,0,0,0,0,0,6.595780513961311,5.147494476813453,5.602118820879701,,,
10.0,270.0,171.0,731.0,2800.0,,,,2023.0,12.0,0,7.0,0,0,0,1,0,0,0,0,0,0,0,6.595780513961311,5.147494476813453,5.602118820879701,,,
10.0,250.0,171.0,731.0,2500.0,,,,2023.0,12.0,0,7.0,0,0,0,1,0,0,0,0,0,0,0,6.595780513961311,5.147494476813453,5.5254529391317835,,,
10.0,270.0,171.0,731.0,2200.0,,,,2023.0,12.0,0,7.0,0,0,0,1,0,0,0,0,0,0,0,6.595780513961311,5.147494476813453,5.602118820879701,,,
10.0,330.0,171.0,731.0,2100.0,,,,2023.0,12.0,0,7.0,0,0,0,1,0,0,0,0,0,0,0,6.595780513961311,5.147494476813453,5.802118375377063,,,
10.0,350.0,171.0,731.0,2700.0,,,,2023.0,12.0,0,7.0,0,0,0,1,0,0,0,0,0,0,0,6.595780513961311,5.147494476813453,5.860786223465865,,,
10.0,300.0,171.0,731.0,2000.0,,,,2023.0,12.0,0,7.0,0,0,0,1,0,0,0,0,0,0,0,6.595780513961311,5.147494476813453,5.707110264748875,,,
10.0,300.0,171.0,731.0,2800.0,,,,2023.0,12.0,0,7.0,0,0,0,1,0,0,0,0,0,0,0,6.595780513961311,5.147494476813453,5.707110264748875,,,
10.0,350.0,171.0,731.0,2300.0,,,,2023.0,12.0,0,7.0,0,0,0,1,0,0,0,0,0,0,0,6.595780513961311,5.147494476813453,5.860786223465865,,,
10.0,350.0,171.0,731.0,2100.0,,,,2023.0,12.0,0,7.0,0,0,0,1,0,0,0,0,0,0,0,6.595780513961311,5.147494476813453,5.860786223465865,,,
10.0,300.0,171.0,731.0,2400.0,,,,2023.0,12.0,0,7.0,0,0,0,1,0,0,0,0,0,0,0,6.595780513961311,5.147494476813453,5.707110264748875,,,
10.0,350.0,171.0,731.0,2000.0,,,,2023.0,12.0,0,7.0,0,0,0,1,0,0,0,0,0,0,0,6.595780513961311,5.147494476813453,5.860786223465865,,,
10.0,270.0,171.0,731.0,2000.0,,,,2023.0,12.0,0,7.0,0,0,0,1,0,0,0,0,0,0,0,6.595780513961311,5.147494476813453,5.602118820879701,,,
10.0,350.0,171.0,731.0,1900.0,,,,2023.0,12.0,0,7.0,0,0,0,1,0,0,0,0,0,0,0,6.595780513961311,5.147494476813453,5.860786223465865,,,
10.0,330.0,171.0,731.0,2000.0,,,,2023.0,12.0,0,7.0,0,0,0,1,0,0,0,0,0,0,0,6.595780513961311,5.147494476813453,5.802118375377063,,,
10.0,385.0,171.0,731.0,2200.0,,,,2023.0,12.0,0,7.0,0,0,0,1,0,0,0,0,0,0,0,6.595780513961311,5.147494476813453,5.955837369464831,,,
7.0,65.0,180.0,10700.0,3600.0,,,,2024.0,1.0,0,6.0,0,0,0,0,0,0,0,0,1,0,0,9.278092474027002,5.198497031265826,4.189654742026425,,,
7.0,65.0,180.0,10700.0,3600.0,,,,2024.0,1.0,0,6.0,0,0,0,0,0,0,0,0,1,0,0,9.278092474027002,5.198497031265826,4.189654742026425,,,
4.0,65.0,137.0,20900.0,3400.0,,,,2024.0,1.0,0,6.0,0,0,0,0,0,0,0,0,1,0,0,9.94755228369823,4.927253685157205,4.189654742026425,,,
4.0,65.0,137.0,20900.0,3500.0,,,,2024.0,1.0,0,6.0,0,0,0,0,0,0,0,0,1,0,0,9.94755228369823,4.927253685157205,4.189654742026425,,,
4.0,65.0,178.0,25000.0,4300.0,,,,2024.0,1.0,0,6.0,0,0,0,0,0,0,0,0,1,0,0,10.12667110305036,5.187385805840755,4.189654742026425,,,
7.0,105.0,74.0,8850.0,3000.0,,,,2024.0,1.0,0,6.0,0,0,0,0,0,0,0,0,1,0,0,9.088285725968877,4.31748811353631,4.663439094112067,,,
4.0,65.0,178.0,25000.0,4200.0,,,,2024.0,1.0,0,6.0,0,0,0,0,0,0,0,0,1,0,0,10.12667110305036,5.187385805840755,4.189654742026425,,,
10.0,15.0,171.0,731.0,1200.0,,,,2024.0,1.0,0,7.0,0,0,0,1,0,0,0,0,0,0,0,6.595780513961311,5.147494476813453,2.772588722239781,,,
10.0,15.0,171.0,731.0,1200.0,,,,,,0,7.0,0,0,0,1,0,0,0,0,0,0,0,6.595780513961311,5.147494476813453,2.772588722239781,,,
10.0,15.0,171.0,731.0,1400.0,,,,2024.0,1.0,0,7.0,0,0,0,1,0,0,0,0,0,0,0,6.595780513961311,5.147494476813453,2.772588722239781,,,
10.0,15.0,171.0,731.0,1400.0,,,,,,0,7.0,0,0,0,1,0,0,0,0,0,0,0,6.595780513961311,5.147494476813453,2.772588722239781,,,
10.0,15.0,171.0,731.0,1400.0,,,,,,0,7.0,0,0,0,1,0,0,0,0,0,0,0,6.595780513961311,5.147494476813453,2.772588722239781,,,
10.0,15.0,171.0,731.0,1500.0,,,,,,0,7.0,0,0,0,1,0,0,0,0,0,0,0,6.595780513961311,5.147494476813453,2.772588722239781,,,
10.0,15.0,171.0,731.0,1800.0,,,,2024.0,1.0,0,7.0,0,0,0,1,0,0,0,0,0,0,0,6.595780513961311,5.147494476813453,2.772588722239781,,,
10.0,15.0,171.0,731.0,1800.0,,,,,,0,7.0,0,0,0,1,0,0,0,0,0,0,0,6.595780513961311,5.147494476813453,2.772588722239781,,,
10.0,15.0,171.0,731.0,1800.0,,,,,,0,7.0,0,0,0,1,0,0,0,0,0,0,0,6.595780513961311,5.147494476813453,2.772588722239781,,,
10.0,15.0,171.0,731.0,1900.0,,,,,,0,7.0,0,0,0,1,0,0,0,0,0,0,0,6.595780513961311,5.147494476813453,2.772588722239781,,,
10.0,60.0,163.0,731.0,3500.0,,,,2024.0,1.0,0,7.0,0,0,0,1,0,0,0,0,0,0,0,6.595780513961311,5.099866427824199,4.110873864173311,,,
10.0,58.0,163.0,731.0,3500.0,,,,2024.0,1.0,0,7.0,0,0,0,1,0,0,0,0,0,0,0,6.595780513961311,5.099866427824199,4.07753744390572,,,
10.0,35.0,163.0,731.0,2700.0,,,,2024.0,1.0,0,7.0,0,0,0,1,0,0,0,0,0,0,0,6.595780513961311,5.099866427824199,3.58351893845611,,,
10.0,65.0,215.0,731.0,2500.0,,,,2024.0,1.0,0,7.0,0,0,0,1,0,0,0,0,0,0,0,6.595780513961311,5.375278407684165,4.189654742026425,,,
10.0,65.0,215.0,731.0,2500.0,,,,2024.0,1.0,0,7.0,0,0,0,1,0,0,0,0,0,0,0,6.595780513961311,5.375278407684165,4.189654742026425,,,
10.0,35.0,215.0,731.0,1500.0,,,,2024.0,1.0,0,7.0,0,0,0,1,0,0,0,0,0,0,0,6.595780513961311,5.375278407684165,3.58351893845611,,,
10.0,55.0,257.0,731.0,2400.0,,,,2024.0,1.0,0,7.0,0,0,0,1,0,0,0,0,0,0,0,6.595780513961311,5.552959584921617,4.02535169073515,,,
10.0,65.0,257.0,731.0,2500.0,,,,,,0,7.0,0,0,0,1,0,0,0,0,0,0,0,6.595780513961311,5.552959584921617,4.189654742026425,,,
10.0,65.0,257.0,731.0,2600.0,,,,2024.0,1.0,0,7.0,0,0,0,1,0,0,0,0,0,0,0,6.595780513961311,5.552959584921617,4.189654742026425,,,
10.0,55.0,257.0,731.0,2600.0,,,,2024.0,1.0,0,7.0,0,0,0,1,0,0,0,0,0,0,0,6.595780513961311,5.552959584921617,4.02535169073515,,,
10.0,35.0,257.0,731.0,1700.0,,,,2024.0,1.0,0,7.0,0,0,0,1,0,0,0,0,0,0,0,6.595780513961311,5.552959584921617,3.58351893845611,,,
10.0,65.0,257.0,731.0,2700.0,,,,2024.0,1.0,0,7.0,0,0,0,1,0,0,0,0,0,0,0,6.595780513961311,5.552959584921617,4.189654742026425,,,
10.0,35.0,257.0,731.0,1800.0,,,,2024.0,1.0,0,7.0,0,0,0,1,0,0,0,0,0,0,0,6.595780513961311,5.552959584921617,3.58351893845611,,,
10.0,55.0,257.0,731.0,2200.0,,,,2024.0,1.0,0,7.0,0,0,0,1,0,0,0,0,0,0,0,6.595780513961311,5.552959584921617,4.02535169073515,,,
10.0,65.0,257.0,731.0,2100.0,,,,2024.0,1.0,0,7.0,0,0,0,1,0,0,0,0,0,0,0,6.595780513961311,5.552959584921617,4.189654742026425,,,
10.0,65.0,257.0,731.0,2100.0,,,,2024.0,1.0,0,7.0,0,0,0,1,0,0,0,0,0,0,0,6.595780513961311,5.552959584921617,4.189654742026425,,,
10.0,55.0,257.0,731.0,2100.0,,,,2024.0,1.0,0,7.0,0,0,0,1,0,0,0,0,0,0,0,6.595780513961311,5.552959584921617,4.02535169073515,,,
10.0,35.0,257.0,731.0,1300.0,,,,2024.0,1.0,0,7.0,0,0,0,1,0,0,0,0,0,0,0,6.595780513961311,5.552959584921617,3.58351893845611,,,
10.0,65.0,257.0,731.0,2000.0,,,,2024.0,1.0,0,7.0,0,0,0,1,0,0,0,0,0,0,0,6.595780513961311,5.552959584921617,4.189654742026425,,,
10.0,65.0,257.0,731.0,2000.0,,,,2024.0,1.0,0,7.0,0,0,0,1,0,0,0,0,0,0,0,6.595780513961311,5.552959584921617,4.189654742026425,,,
10.0,55.0,257.0,731.0,2200.0,,,,2024.0,1.0,0,7.0,0,0,0,1,0,0,0,0,0,0,0,6.595780513961311,5.552959584921617,4.02535169073515,,,
10.0,35.0,257.0,731.0,1100.0,,,,2024.0,1.0,0,7.0,0,0,0,1,0,0,0,0,0,0,0,6.595780513961311,5.552959584921617,3.58351893845611,,,
10.0,46.0,163.0,731.0,3900.0,,,,2024.0,1.0,0,7.0,0,0,0,1,0,0,0,0,0,0,0,6.595780513961311,5.099866427824199,3.8501476017100584,,,
10.0,35.0,163.0,731.0,3400.0,,,,2024.0,1.0,0,7.0,0,0,0,1,0,0,0,0,0,0,0,6.595780513961311,5.099866427824199,3.58351893845611,,,
250.0,15.0,112.0,14.0,166.0,,,,,,1,2.0,0,0,0,0,0,0,0,0,1,0,0,2.70805020110221,4.727387818712341,2.772588722239781,,,
250.0,65.0,112.0,14.0,650.0,,,,2000.0,6.0,1,2.0,0,0,0,0,0,0,0,0,1,0,0,2.70805020110221,4.727387818712341,4.189654742026425,,,
250.0,15.0,112.0,14.0,166.0,,,,2000.0,10.0,1,2.0,0,0,0,0,0,0,0,0,1,0,0,2.70805020110221,4.727387818712341,2.772588722239781,,,
250.0,15.0,112.0,14.0,166.0,,,,2000.0,10.0,1,2.0,0,0,0,0,0,0,0,0,1,0,0,2.70805020110221,4.727387818712341,2.772588722239781,,,
250.0,15.0,112.0,14.0,166.0,,,,,,1,2.0,0,0,0,0,0,0,0,0,1,0,0,2.70805020110221,4.727387818712341,2.772588722239781,,,
180.0,15.0,112.0,14.0,166.0,,,,,,1,2.0,0,0,0,0,0,0,0,0,1,0,0,2.70805020110221,4.727387818712341,2.772588722239781,,,
180.0,65.0,112.0,14.0,650.0,,,,,,1,2.0,0,0,0,0,0,0,0,0,1,0,0,2.70805020110221,4.727387818712341,4.189654742026425,,,
180.0,15.0,112.0,14.0,143.0,,,,,,1,2.0,0,0,0,0,0,0,0,0,1,0,0,2.70805020110221,4.727387818712341,2.772588722239781,,,
180.0,15.0,112.0,14.0,166.0,,,,,,1,2.0,0,0,0,0,0,0,0,0,1,0,0,2.70805020110221,4.727387818712341,2.772588722239781,,,
180.0,15.0,112.0,14.0,166.0,,,,,,1,2.0,0,0,0,0,0,0,0,0,1,0,0,2.70805020110221,4.727387818712341,2.772588722239781,,,
180.0,15.0,112.0,14.0,166.0,,,,,,1,2.0,0,0,0,0,0,0,0,0,1,0,0,2.70805020110221,4.727387818712341,2.772588722239781,,,
250.0,30.0,112.0,14.0,166.0,,,,,,1,2.0,0,0,0,0,0,0,0,0,1,0,0,2.70805020110221,4.727387818712341,3.4339872044851463,,,
250.0,30.0,112.0,14.0,166.0,,,,,,1,2.0,0,0,0,0,0,0,0,0,1,0,0,2.70805020110221,4.727387818712341,3.4339872044851463,,,
250.0,30.0,112.0,14.0,166.0,,,,2000.0,6.0,1,2.0,0,0,0,0,0,0,0,0,1,0,0,2.70805020110221,4.727387818712341,3.4339872044851463,,,
250.0,30.0,112.0,14.0,166.0,,,,2000.0,6.0,1,2.0,0,0,0,0,0,0,0,0,1,0,0,2.70805020110221,4.727387818712341,3.4339872044851463,,,
250.0,60.0,112.0,14.0,166.0,,,,,,1,2.0,0,0,0,0,0,0,0,0,1,0,0,2.70805020110221,4.727387818712341,4.110873864173311,,,
180.0,65.0,111.0,30.0,166.0,,,,2000.0,7.0,1,5.0,0,0,0,0,0,0,0,0,1,0,0,3.4339872044851463,4.718498871295094,4.189654742026425,,,
180.0,65.0,111.0,30.0,650.0,,,,2000.0,4.0,1,5.0,0,0,0,0,0,0,0,0,1,0,0,3.4339872044851463,4.718498871295094,4.189654742026425,,,
180.0,65.0,100.0,1170.0,120.0,,,,2000.0,6.0,1,5.0,0,0,1,0,0,0,0,0,0,0,0,7.065613363597717,4.61512051684126,4.189654742026425,,,
180.0,65.0,156.0,1170.0,650.0,,,,2000.0,6.0,1,5.0,0,0,1,0,0,0,0,0,0,0,0,7.065613363597717,5.056245805348308,4.189654742026425,,,
180.0,65.0,100.0,1170.0,120.0,,,,2000.0,6.0,1,5.0,0,0,1,0,0,0,0,0,0,0,0,7.065613363597717,4.61512051684126,4.189654742026425,,,
180.0,45.0,120.0,51.0,162.0,,,,2000.0,8.0,1,5.0,0,0,0,0,1,0,0,0,0,0,0,3.9512437185814275,4.795790545596741,3.828641396489095,,,
180.0,65.0,120.0,51.0,650.0,,,,2000.0,8.0,1,5.0,0,0,0,0,1,0,0,0,0,0,0,3.9512437185814275,4.795790545596741,4.189654742026425,,,
180.0,23.0,111.0,30.0,143.0,,,,2000.0,6.0,1,5.0,0,0,0,0,0,0,0,0,1,0,0,3.4339872044851463,4.718498871295094,3.1780538303479458,,,
180.0,23.0,111.0,30.0,166.0,,,,2000.0,4.0,1,5.0,0,0,0,0,0,0,0,0,1,0,0,3.4339872044851463,4.718498871295094,3.1780538303479458,,,
180.0,23.0,111.0,30.0,166.0,,,,2000.0,4.0,1,5.0,0,0,0,0,0,0,0,0,1,0,0,3.4339872044851463,4.718498871295094,3.1780538303479458,,,
180.0,23.0,115.0,30.0,166.0,,,,2000.0,4.0,1,5.0,0,0,0,0,0,0,0,0,1,0,0,3.4339872044851463,4.7535901911063645,3.1780538303479458,,,
180.0,65.0,115.0,30.0,650.0,,,,2000.0,4.0,1,5.0,0,0,0,0,0,0,0,0,1,0,0,3.4339872044851463,4.7535901911063645,4.189654742026425,,,
180.0,65.0,115.0,30.0,148.0,,,,2000.0,6.0,1,5.0,0,0,0,0,0,0,0,0,1,0,0,3.4339872044851463,4.7535901911063645,4.189654742026425,,,
180.0,23.0,115.0,30.0,166.0,,,,2000.0,6.0,1,5.0,0,0,0,0,0,0,0,0,1,0,0,3.4339872044851463,4.7535901911063645,3.1780538303479458,,,
180.0,23.0,115.0,30.0,166.0,,,,2000.0,6.0,1,5.0,0,0,0,0,0,0,0,0,1,0,0,3.4339872044851463,4.7535901911063645,3.1780538303479458,,,
150.0,65.0,169.0,1170.0,133.0,,,,,,1,7.0,0,0,0,1,0,0,0,0,0,0,0,7.065613363597717,5.135798437050262,4.189654742026425,,,
150.0,65.0,169.0,1170.0,650.0,,,,,,1,7.0,0,0,0,1,0,0,0,0,0,0,0,7.065613363597717,5.135798437050262,4.189654742026425,,,
180.0,65.0,169.0,10.0,125.0,,,,,,1,0.0,0,0,0,0,0,0,0,0,0,1,0,2.3978952727983707,5.135798437050262,4.189654742026425,,,
180.0,65.0,169.0,10.0,650.0,,,,,,1,0.0,0,0,0,0,0,0,0,0,0,1,0,2.3978952727983707,5.135798437050262,4.189654742026425,,,
180.0,65.0,169.0,10.0,125.0,,,,,,1,0.0,0,0,0,0,0,0,0,0,0,1,0,2.3978952727983707,5.135798437050262,4.189654742026425,,,
180.0,65.0,88.0,25.0,200.0,,,,2000.0,4.0,1,8.0,0,0,0,0,0,0,0,0,1,0,0,3.258096538021482,4.48863636973214,4.189654742026425,,,
180.0,65.0,88.0,25.0,650.0,,,,2000.0,4.0,1,8.0,0,0,0,0,0,0,0,0,1,0,0,3.258096538021482,4.48863636973214,4.189654742026425,,,
180.0,65.0,88.0,25.0,200.0,,,,2000.0,4.0,1,8.0,0,0,0,0,0,0,0,0,1,0,0,3.258096538021482,4.48863636973214,4.189654742026425,,,
180.0,2.0,64.0,20.0,143.0,,,,2000.0,11.0,1,8.0,0,0,0,0,0,0,0,0,1,0,0,3.044522437723423,4.174387269895637,1.0986122886681098,,,
180.0,65.0,64.0,20.0,650.0,,,,2000.0,7.0,1,8.0,0,0,0,0,0,0,0,0,1,0,0,3.044522437723423,4.174387269895637,4.189654742026425,,,
180.0,2.0,64.0,20.0,143.0,,,,2000.0,11.0,1,8.0,0,0,0,0,0,0,0,0,1,0,0,3.044522437723423,4.174387269895637,1.0986122886681098,,,
180.0,65.0,64.0,20.0,175.0,,,,2000.0,6.0,1,8.0,0,0,0,0,0,0,0,0,1,0,0,3.044522437723423,4.174387269895637,4.189654742026425,,,
180.0,65.0,64.0,20.0,650.0,,,,2000.0,6.0,1,8.0,0,0,0,0,0,0,0,0,1,0,0,3.044522437723423,4.174387269895637,4.189654742026425,,,
180.0,65.0,64.0,20.0,175.0,,,,2000.0,6.0,1,8.0,0,0,0,0,0,0,0,0,1,0,0,3.044522437723423,4.174387269895637,4.189654742026425,,,
180.0,65.0,64.0,20.0,175.0,,,,2000.0,6.0,1,8.0,0,0,0,0,0,0,0,0,1,0,0,3.044522437723423,4.174387269895637,4.189654742026425,,,
180.0,65.0,64.0,20.0,175.0,,,,2000.0,6.0,1,8.0,0,0,0,0,0,0,0,0,1,0,0,3.044522437723423,4.174387269895637,4.189654742026425,,,
180.0,65.0,88.0,25.0,200.0,,,,2000.0,12.0,1,8.0,0,0,0,0,0,0,0,0,1,0,0,3.258096538021482,4.48863636973214,4.189654742026425,,,
180.0,65.0,88.0,25.0,250.0,,,,2000.0,8.0,1,8.0,0,0,0,0,0,0,0,0,1,0,0,3.258096538021482,4.48863636973214,4.189654742026425,,,
180.0,65.0,64.0,20.0,200.0,,,,2000.0,7.0,1,8.0,0,0,0,0,0,0,0,0,1,0,0,3.044522437723423,4.174387269895637,4.189654742026425,,,
180.0,65.0,64.0,20.0,200.0,,,,2000.0,7.0,1,8.0,0,0,0,0,0,0,0,0,1,0,0,3.044522437723423,4.174387269895637,4.189654742026425,,,
250.0,65.0,63.0,15.0,105.0,,,,2000.0,3.0,1,8.0,0,0,0,0,0,0,0,0,1,0,0,2.772588722239781,4.1588830833596715,4.189654742026425,,,
250.0,65.0,63.0,15.0,650.0,,,,1999.0,3.0,1,8.0,0,0,0,0,0,0,0,0,1,0,0,2.772588722239781,4.1588830833596715,4.189654742026425,,,
250.0,79.0,279.0,54.0,147.0,,,,2000.0,3.0,1,4.0,0,0,0,0,0,0,0,1,0,0,0,4.007333185232471,5.634789603169249,4.382026634673881,,,
250.0,65.0,279.0,54.0,650.0,,,,2000.0,3.0,1,4.0,0,0,0,0,0,0,0,1,0,0,0,4.007333185232471,5.634789603169249,4.189654742026425,,,
180.0,30.0,131.0,30.0,200.0,,,,,,1,2.0,0,0,0,0,0,0,0,0,1,0,0,3.4339872044851463,4.882801922586371,3.4339872044851463,,,
180.0,65.0,131.0,30.0,650.0,,,,,,1,2.0,0,0,0,0,0,0,0,0,1,0,0,3.4339872044851463,4.882801922586371,4.189654742026425,,,
180.0,30.0,169.0,25.0,200.0,,,,,,1,2.0,0,0,0,0,0,0,0,0,1,0,0,3.258096538021482,5.135798437050262,3.4339872044851463,,,
180.0,60.0,169.0,25.0,200.0,,,,,,1,2.0,0,0,0,0,0,0,0,0,1,0,0,3.258096538021482,5.135798437050262,4.110873864173311,,,
150.0,65.0,120.0,60.0,275.0,,,,2001.0,11.0,1,5.0,0,0,0,0,0,0,0,0,1,0,0,4.110873864173311,4.795790545596741,4.189654742026425,,,
150.0,65.0,120.0,60.0,650.0,,,,2001.0,8.0,1,5.0,0,0,0,0,0,0,0,0,1,0,0,4.110873864173311,4.795790545596741,4.189654742026425,,,
150.0,65.0,120.0,60.0,230.0,,,,2001.0,8.0,1,5.0,0,0,0,0,0,0,0,0,1,0,0,4.110873864173311,4.795790545596741,4.189654742026425,,,
180.0,65.0,100.0,1170.0,150.0,,,,2001.0,3.0,1,5.0,0,0,1,0,0,0,0,0,0,0,0,7.065613363597717,4.61512051684126,4.189654742026425,,,
150.0,65.0,120.0,60.0,250.0,,,,2001.0,8.0,1,5.0,0,0,0,0,0,0,0,0,1,0,0,4.110873864173311,4.795790545596741,4.189654742026425,,,
150.0,65.0,120.0,60.0,300.0,,,,2001.0,8.0,1,5.0,0,0,0,0,0,0,0,0,1,0,0,4.110873864173311,4.795790545596741,4.189654742026425,,,
150.0,27.0,68.0,60.0,280.0,,,,2001.0,9.0,1,5.0,0,0,0,0,0,0,0,0,1,0,0,4.110873864173311,4.23410650459726,3.332204510175204,,,
150.0,65.0,68.0,60.0,650.0,,,,2001.0,9.0,1,5.0,0,0,0,0,0,0,0,0,1,0,0,4.110873864173311,4.23410650459726,4.189654742026425,,,
150.0,27.0,68.0,60.0,280.0,,,,2001.0,12.0,1,5.0,0,0,0,0,0,0,0,0,1,0,0,4.110873864173311,4.23410650459726,3.332204510175204,,,
150.0,27.0,68.0,60.0,230.0,,,,2001.0,12.0,1,5.0,0,0,0,0,0,0,0,0,1,0,0,4.110873864173311,4.23410650459726,3.332204510175204,,,
150.0,27.0,68.0,60.0,230.0,,,,2001.0,12.0,1,5.0,0,0,0,0,0,0,0,0,1,0,0,4.110873864173311,4.23410650459726,3.332204510175204,,,
180.0,23.0,80.0,30.0,183.0,,,,2001.0,2.0,1,5.0,0,0,0,0,0,0,0,0,1,0,0,3.4339872044851463,4.394449154672439,3.1780538303479458,,,
180.0,65.0,80.0,30.0,650.0,,,,2001.0,2.0,1,5.0,0,0,0,0,0,0,0,0,1,0,0,3.4339872044851463,4.394449154672439,4.189654742026425,,,
180.0,23.0,80.0,30.0,133.0,,,,2001.0,2.0,1,5.0,0,0,0,0,0,0,0,0,1,0,0,3.4339872044851463,4.394449154672439,3.1780538303479458,,,
150.0,23.0,83.0,60.0,290.0,,,,2001.0,8.0,1,5.0,0,0,0,0,0,0,0,0,1,0,0,4.110873864173311,4.430816798843313,3.1780538303479458,,,
150.0,65.0,83.0,60.0,650.0,,,,2001.0,8.0,1,5.0,0,0,0,0,0,0,0,0,1,0,0,4.110873864173311,4.430816798843313,4.189654742026425,,,
150.0,23.0,83.0,60.0,250.0,,,,2001.0,8.0,1,5.0,0,0,0,0,0,0,0,0,1,0,0,4.110873864173311,4.430816798843313,3.1780538303479458,,,
150.0,23.0,120.0,60.0,275.0,,,,2001.0,8.0,1,5.0,0,0,0,0,0,0,0,0,1,0,0,4.110873864173311,4.795790545596741,3.1780538303479458,,,
180.0,65.0,115.0,30.0,183.0,,,,2001.0,8.0,1,5.0,0,0,0,0,0,0,0,0,1,0,0,3.4339872044851463,4.7535901911063645,4.189654742026425,,,
180.0,65.0,115.0,30.0,166.0,,,,2001.0,8.0,1,5.0,0,0,0,0,0,0,0,0,1,0,0,3.4339872044851463,4.7535901911063645,4.189654742026425,,,
180.0,65.0,115.0,30.0,187.0,,,,2001.0,8.0,1,5.0,0,0,0,0,0,0,0,0,1,0,0,3.4339872044851463,4.7535901911063645,4.189654742026425,,,
180.0,65.0,115.0,30.0,148.0,,,,2001.0,5.0,1,5.0,0,0,0,0,0,0,0,0,1,0,0,3.4339872044851463,4.7535901911063645,4.189654742026425,,,
180.0,23.0,115.0,30.0,183.0,,,,2001.0,2.0,1,5.0,0,0,0,0,0,0,0,0,1,0,0,3.4339872044851463,4.7535901911063645,3.1780538303479458,,,
180.0,23.0,115.0,30.0,183.0,,,,2001.0,2.0,1,5.0,0,0,0,0,0,0,0,0,1,0,0,3.4339872044851463,4.7535901911063645,3.1780538303479458,,,
150.0,65.0,169.0,1170.0,166.0,,,,,,1,7.0,0,0,0,1,0,0,0,0,0,0,0,7.065613363597717,5.135798437050262,4.189654742026425,,,
150.0,65.0,169.0,1170.0,650.0,,,,,,1,7.0,0,0,0,1,0,0,0,0,0,0,0,7.065613363597717,5.135798437050262,4.189654742026425,,,
180.0,65.0,169.0,10.0,125.0,,,,2001.0,11.0,1,0.0,0,0,0,0,0,0,0,0,0,1,0,2.3978952727983707,5.135798437050262,4.189654742026425,,,
180.0,65.0,169.0,10.0,650.0,,,,2001.0,11.0,1,0.0,0,0,0,0,0,0,0,0,0,1,0,2.3978952727983707,5.135798437050262,4.189654742026425,,,
180.0,65.0,169.0,10.0,125.0,,,,2001.0,11.0,1,0.0,0,0,0,0,0,0,0,0,0,1,0,2.3978952727983707,5.135798437050262,4.189654742026425,,,
180.0,2.0,64.0,20.0,125.0,,,,2001.0,2.0,1,8.0,0,0,0,0,0,0,0,0,1,0,0,3.044522437723423,4.174387269895637,1.0986122886681098,,,
180.0,2.0,64.0,20.0,143.0,,,,2001.0,2.0,1,8.0,0,0,0,0,0,0,0,0,1,0,0,3.044522437723423,4.174387269895637,1.0986122886681098,,,
180.0,65.0,65.0,20.0,175.0,,,,2001.0,6.0,1,8.0,0,0,0,0,0,0,0,0,0,0,1,3.044522437723423,4.189654742026425,4.189654742026425,,,
180.0,65.0,65.0,20.0,650.0,,,,2001.0,6.0,1,8.0,0,0,0,0,0,0,0,0,0,0,1,3.044522437723423,4.189654742026425,4.189654742026425,,,
180.0,65.0,65.0,20.0,175.0,,,,2001.0,6.0,1,8.0,0,0,0,0,0,0,0,0,0,0,1,3.044522437723423,4.189654742026425,4.189654742026425,,,
180.0,65.0,64.0,20.0,175.0,,,,2001.0,3.0,1,8.0,0,0,0,0,0,0,0,0,1,0,0,3.044522437723423,4.174387269895637,4.189654742026425,,,
180.0,65.0,64.0,20.0,175.0,,,,2001.0,3.0,1,8.0,0,0,0,0,0,0,0,0,1,0,0,3.044522437723423,4.174387269895637,4.189654742026425,,,
180.0,65.0,64.0,20.0,175.0,,,,2001.0,3.0,1,8.0,0,0,0,0,0,0,0,0,1,0,0,3.044522437723423,4.174387269895637,4.189654742026425,,,
180.0,65.0,64.0,20.0,200.0,,,,2001.0,3.0,1,8.0,0,0,0,0,0,0,0,0,1,0,0,3.044522437723423,4.174387269895637,4.189654742026425,,,
180.0,65.0,64.0,20.0,200.0,,,,2001.0,3.0,1,8.0,0,0,0,0,0,0,0,0,1,0,0,3.044522437723423,4.174387269895637,4.189654742026425,,,
180.0,65.0,88.0,25.0,250.0,,,,2001.0,10.0,1,8.0,0,0,0,0,0,0,0,0,1,0,0,3.258096538021482,4.48863636973214,4.189654742026425,,,
150.0,65.0,128.0,57.0,200.0,,,,2001.0,2.0,1,8.0,0,0,0,0,0,0,0,0,1,0,0,4.060443010546419,4.859812404361672,4.189654742026425,,,
150.0,65.0,128.0,57.0,650.0,,,,2001.0,2.0,1,8.0,0,0,0,0,0,0,0,0,1,0,0,4.060443010546419,4.859812404361672,4.189654742026425,,,
150.0,65.0,128.0,57.0,175.0,,,,2001.0,10.0,1,8.0,0,0,0,0,0,0,0,0,1,0,0,4.060443010546419,4.859812404361672,4.189654742026425,,,
150.0,65.0,128.0,57.0,240.0,,,,2001.0,10.0,1,8.0,0,0,0,0,0,0,0,0,1,0,0,4.060443010546419,4.859812404361672,4.189654742026425,,,
150.0,65.0,128.0,57.0,200.0,,,,2001.0,5.0,1,8.0,0,0,0,0,0,0,0,0,1,0,0,4.060443010546419,4.859812404361672,4.189654742026425,,,
180.0,65.0,64.0,20.0,143.0,,,,2001.0,8.0,1,8.0,0,0,0,0,0,0,0,0,1,0,0,3.044522437723423,4.174387269895637,4.189654742026425,,,
180.0,65.0,88.0,25.0,200.0,,,,2001.0,3.0,1,8.0,0,0,0,0,0,0,0,0,1,0,0,3.258096538021482,4.48863636973214,4.189654742026425,,,
150.0,65.0,142.0,57.0,233.0,,,,2001.0,11.0,1,8.0,0,0,0,0,0,0,0,0,1,0,0,4.060443010546419,4.962844630259907,4.189654742026425,,,
150.0,65.0,142.0,57.0,650.0,,,,2001.0,11.0,1,8.0,0,0,0,0,0,0,0,0,1,0,0,4.060443010546419,4.962844630259907,4.189654742026425,,,
180.0,79.0,188.0,54.0,147.0,,,,2001.0,4.0,1,4.0,0,0,0,0,0,0,0,1,0,0,0,4.007333185232471,5.241747015059643,4.382026634673881,,,
180.0,65.0,188.0,54.0,650.0,,,,2001.0,4.0,1,4.0,0,0,0,0,0,0,0,1,0,0,0,4.007333185232471,5.241747015059643,4.189654742026425,,,
150.0,65.0,215.0,110.0,277.0,,,,2002.0,7.0,1,5.0,0,0,0,0,0,0,0,0,1,0,0,4.709530201312334,5.375278407684165,4.189654742026425,,,
150.0,65.0,215.0,110.0,650.0,,,,2002.0,7.0,1,5.0,0,0,0,0,0,0,0,0,1,0,0,4.709530201312334,5.375278407684165,4.189654742026425,,,
150.0,65.0,83.0,60.0,260.0,,,,2002.0,4.0,1,5.0,0,0,0,0,0,0,0,0,1,0,0,4.110873864173311,4.430816798843313,4.189654742026425,,,
150.0,65.0,83.0,60.0,260.0,,,,2002.0,4.0,1,5.0,0,0,0,0,0,0,0,0,1,0,0,4.110873864173311,4.430816798843313,4.189654742026425,,,
150.0,65.0,215.0,110.0,325.0,,,,2002.0,10.0,1,5.0,0,0,0,0,0,0,0,0,1,0,0,4.709530201312334,5.375278407684165,4.189654742026425,,,
150.0,65.0,215.0,110.0,325.0,,,,2002.0,7.0,1,5.0,0,0,0,0,0,0,0,0,1,0,0,4.709530201312334,5.375278407684165,4.189654742026425,,,
150.0,37.0,215.0,110.0,325.0,,,,2002.0,7.0,1,5.0,0,0,0,0,0,0,0,0,1,0,0,4.709530201312334,5.375278407684165,3.6375861597263857,,,
150.0,37.0,215.0,110.0,324.0,,,,2002.0,7.0,1,5.0,0,0,0,0,0,0,0,0,1,0,0,4.709530201312334,5.375278407684165,3.6375861597263857,,,
150.0,65.0,81.0,36.0,250.0,,,,,,1,5.0,0,0,0,0,0,0,0,0,1,0,0,3.6109179126442243,4.406719247264253,4.189654742026425,,,
150.0,65.0,81.0,36.0,650.0,,,,,,1,5.0,0,0,0,0,0,0,0,0,1,0,0,3.6109179126442243,4.406719247264253,4.189654742026425,,,
150.0,65.0,81.0,36.0,240.0,,,,2002.0,9.0,1,5.0,0,0,0,0,0,0,0,0,1,0,0,3.6109179126442243,4.406719247264253,4.189654742026425,,,
150.0,65.0,81.0,36.0,240.0,,,,2002.0,9.0,1,5.0,0,0,0,0,0,0,0,0,1,0,0,3.6109179126442243,4.406719247264253,4.189654742026425,,,
150.0,65.0,81.0,36.0,240.0,,,,2002.0,9.0,1,5.0,0,0,0,0,0,0,0,0,1,0,0,3.6109179126442243,4.406719247264253,4.189654742026425,,,
180.0,65.0,115.0,30.0,166.0,,,,,,1,5.0,0,0,0,0,0,0,0,0,1,0,0,3.4339872044851463,4.7535901911063645,4.189654742026425,,,
180.0,65.0,115.0,30.0,650.0,,,,,,1,5.0,0,0,0,0,0,0,0,0,1,0,0,3.4339872044851463,4.7535901911063645,4.189654742026425,,,
150.0,23.0,83.0,60.0,260.0,,,,2002.0,4.0,1,5.0,0,0,0,0,0,0,0,0,1,0,0,4.110873864173311,4.430816798843313,3.1780538303479458,,,
150.0,23.0,120.0,60.0,250.0,,,,2002.0,2.0,1,5.0,0,0,0,0,0,0,0,0,1,0,0,4.110873864173311,4.795790545596741,3.1780538303479458,,,
150.0,92.0,120.0,60.0,250.0,,,,,,1,5.0,0,0,0,0,0,0,0,0,1,0,0,4.110873864173311,4.795790545596741,4.532599493153256,,,
150.0,25.0,68.0,60.0,300.0,,,,,,1,5.0,0,0,0,0,0,0,0,0,1,0,0,4.110873864173311,4.23410650459726,3.258096538021482,,,
150.0,65.0,68.0,60.0,650.0,,,,,,1,5.0,0,0,0,0,0,0,0,0,1,0,0,4.110873864173311,4.23410650459726,4.189654742026425,,,
150.0,28.0,97.0,36.0,250.0,,,,2002.0,7.0,1,5.0,0,0,0,0,0,0,0,0,1,0,0,3.6109179126442243,4.584967478670572,3.367295829986474,,,
150.0,65.0,97.0,36.0,650.0,,,,2002.0,7.0,1,5.0,0,0,0,0,0,0,0,0,1,0,0,3.6109179126442243,4.584967478670572,4.189654742026425,,,
150.0,28.0,97.0,36.0,250.0,,,,2002.0,7.0,1,5.0,0,0,0,0,0,0,0,0,1,0,0,3.6109179126442243,4.584967478670572,3.367295829986474,,,
150.0,28.0,97.0,36.0,275.0,,,,2002.0,7.0,1,5.0,0,0,0,0,0,0,0,0,1,0,0,3.6109179126442243,4.584967478670572,3.367295829986474,,,
150.0,65.0,215.0,110.0,275.0,,,,2002.0,10.0,1,5.0,0,0,0,0,0,0,0,0,1,0,0,4.709530201312334,5.375278407684165,4.189654742026425,,,
150.0,37.0,215.0,110.0,275.0,,,,2002.0,8.0,1,5.0,0,0,0,0,0,0,0,0,1,0,0,4.709530201312334,5.375278407684165,3.6375861597263857,,,
150.0,65.0,215.0,110.0,325.0,,,,2002.0,8.0,1,5.0,0,0,0,0,0,0,0,0,1,0,0,4.709530201312334,5.375278407684165,4.189654742026425,,,
150.0,65.0,215.0,110.0,325.0,,,,2002.0,8.0,1,5.0,0,0,0,0,0,0,0,0,1,0,0,4.709530201312334,5.375278407684165,4.189654742026425,,,
180.0,65.0,73.0,30.0,160.0,,,,2002.0,10.0,1,5.0,0,0,0,0,0,0,0,0,0,0,1,3.4339872044851463,4.30406509320417,4.189654742026425,,,
180.0,65.0,73.0,30.0,650.0,,,,2002.0,10.0,1,5.0,0,0,0,0,0,0,0,0,0,0,1,3.4339872044851463,4.30406509320417,4.189654742026425,,,
180.0,65.0,73.0,30.0,160.0,,,,2002.0,10.0,1,5.0,0,0,0,0,0,0,0,0,0,0,1,3.4339872044851463,4.30406509320417,4.189654742026425,,,
180.0,65.0,73.0,30.0,183.0,,,,2002.0,5.0,1,5.0,0,0,0,0,0,0,0,0,0,0,1,3.4339872044851463,4.30406509320417,4.189654742026425,,,
180.0,65.0,73.0,30.0,650.0,,,,2002.0,5.0,1,5.0,0,0,0,0,0,0,0,0,0,0,1,3.4339872044851463,4.30406509320417,4.189654742026425,,,
180.0,65.0,73.0,30.0,183.0,,,,2002.0,10.0,1,5.0,0,0,0,0,0,0,0,0,0,0,1,3.4339872044851463,4.30406509320417,4.189654742026425,,,
180.0,65.0,73.0,30.0,183.0,,,,2002.0,10.0,1,5.0,0,0,0,0,0,0,0,0,0,0,1,3.4339872044851463,4.30406509320417,4.189654742026425,,,
180.0,65.0,73.0,30.0,183.0,,,,2002.0,10.0,1,5.0,0,0,0,0,0,0,0,0,0,0,1,3.4339872044851463,4.30406509320417,4.189654742026425,,,
180.0,65.0,73.0,30.0,183.0,,,,2002.0,10.0,1,5.0,0,0,0,0,0,0,0,0,0,0,1,3.4339872044851463,4.30406509320417,4.189654742026425,,,
150.0,65.0,169.0,1170.0,200.0,,,,,,1,7.0,0,0,0,1,0,0,0,0,0,0,0,7.065613363597717,5.135798437050262,4.189654742026425,,,
150.0,65.0,169.0,1170.0,650.0,,,,,,1,7.0,0,0,0,1,0,0,0,0,0,0,0,7.065613363597717,5.135798437050262,4.189654742026425,,,
150.0,65.0,169.0,1170.0,100.0,,,,,,1,7.0,0,0,0,1,0,0,0,0,0,0,0,7.065613363597717,5.135798437050262,4.189654742026425,,,
180.0,65.0,169.0,10.0,125.0,,,,2002.0,6.0,1,0.0,0,0,0,0,0,0,0,0,0,1,0,2.3978952727983707,5.135798437050262,4.189654742026425,,,
180.0,65.0,169.0,10.0,125.0,,,,2002.0,6.0,1,0.0,0,0,0,0,0,0,0,0,0,1,0,2.3978952727983707,5.135798437050262,4.189654742026425,,,
150.0,65.0,174.0,80.0,200.0,,,,2002.0,6.0,1,0.0,0,0,0,0,0,0,0,0,0,1,0,4.394449154672439,5.1647859739235145,4.189654742026425,,,
150.0,65.0,174.0,80.0,650.0,,,,2002.0,6.0,1,0.0,0,0,0,0,0,0,0,0,0,1,0,4.394449154672439,5.1647859739235145,4.189654742026425,,,
150.0,65.0,174.0,80.0,220.0,,,,2002.0,6.0,1,0.0,0,0,0,0,0,0,0,0,0,1,0,4.394449154672439,5.1647859739235145,4.189654742026425,,,
150.0,65.0,174.0,80.0,200.0,,,,2002.0,6.0,1,0.0,0,0,0,0,0,0,0,0,0,1,0,4.394449154672439,5.1647859739235145,4.189654742026425,,,
150.0,65.0,65.0,29.0,200.0,,,,2002.0,2.0,1,8.0,0,0,0,0,0,0,0,0,1,0,0,3.4011973816621555,4.189654742026425,4.189654742026425,,,
150.0,65.0,65.0,29.0,650.0,,,,2002.0,2.0,1,8.0,0,0,0,0,0,0,0,0,1,0,0,3.4011973816621555,4.189654742026425,4.189654742026425,,,
150.0,65.0,65.0,29.0,200.0,,,,2002.0,2.0,1,8.0,0,0,0,0,0,0,0,0,1,0,0,3.4011973816621555,4.189654742026425,4.189654742026425,,,
150.0,65.0,65.0,29.0,220.0,,,,2002.0,2.0,1,8.0,0,0,0,0,0,0,0,0,1,0,0,3.4011973816621555,4.189654742026425,4.189654742026425,,,
150.0,65.0,65.0,29.0,200.0,,,,2002.0,3.0,1,8.0,0,0,0,0,0,0,0,0,1,0,0,3.4011973816621555,4.189654742026425,4.189654742026425,,,
150.0,65.0,65.0,29.0,650.0,,,,2002.0,2.0,1,8.0,0,0,0,0,0,0,0,0,1,0,0,3.4011973816621555,4.189654742026425,4.189654742026425,,,
150.0,65.0,65.0,29.0,250.0,,,,2002.0,10.0,1,8.0,0,0,0,0,0,0,0,0,1,0,0,3.4011973816621555,4.189654742026425,4.189654742026425,,,
150.0,65.0,65.0,29.0,300.0,,,,2002.0,3.0,1,8.0,0,0,0,0,0,0,0,0,1,0,0,3.4011973816621555,4.189654742026425,4.189654742026425,,,
150.0,65.0,142.0,63.0,200.0,,,,2002.0,11.0,1,8.0,0,0,0,0,0,0,0,0,1,0,0,4.1588830833596715,4.962844630259907,4.189654742026425,,,
150.0,65.0,142.0,63.0,650.0,,,,2002.0,2.0,1,8.0,0,0,0,0,0,0,0,0,1,0,0,4.1588830833596715,4.962844630259907,4.189654742026425,,,
150.0,65.0,65.0,29.0,200.0,,,,2002.0,10.0,1,8.0,0,0,0,0,0,0,0,0,0,0,1,3.4011973816621555,4.189654742026425,4.189654742026425,,,
150.0,65.0,65.0,29.0,650.0,,,,2002.0,10.0,1,8.0,0,0,0,0,0,0,0,0,0,0,1,3.4011973816621555,4.189654742026425,4.189654742026425,,,
150.0,65.0,65.0,29.0,250.0,,,,2002.0,2.0,1,8.0,0,0,0,0,0,0,0,0,1,0,0,3.4011973816621555,4.189654742026425,4.189654742026425,,,
150.0,65.0,65.0,29.0,250.0,,,,2002.0,2.0,1,8.0,0,0,0,0,0,0,0,0,1,0,0,3.4011973816621555,4.189654742026425,4.189654742026425,,,
150.0,65.0,65.0,29.0,275.0,,,,2002.0,2.0,1,8.0,0,0,0,0,0,0,0,0,1,0,0,3.4011973816621555,4.189654742026425,4.189654742026425,,,
150.0,65.0,65.0,29.0,275.0,,,,2002.0,2.0,1,8.0,0,0,0,0,0,0,0,0,1,0,0,3.4011973816621555,4.189654742026425,4.189654742026425,,,
150.0,65.0,65.0,29.0,275.0,,,,2002.0,9.0,1,8.0,0,0,0,0,0,0,0,0,1,0,0,3.4011973816621555,4.189654742026425,4.189654742026425,,,
150.0,65.0,65.0,29.0,275.0,,,,2002.0,9.0,1,8.0,0,0,0,0,0,0,0,0,1,0,0,3.4011973816621555,4.189654742026425,4.189654742026425,,,
150.0,65.0,65.0,29.0,250.0,,,,2002.0,2.0,1,8.0,0,0,0,0,0,0,0,0,1,0,0,3.4011973816621555,4.189654742026425,4.189654742026425,,,
150.0,65.0,65.0,29.0,250.0,,,,2002.0,2.0,1,8.0,0,0,0,0,0,0,0,0,1,0,0,3.4011973816621555,4.189654742026425,4.189654742026425,,,
150.0,65.0,65.0,29.0,250.0,,,,2002.0,2.0,1,8.0,0,0,0,0,0,0,0,0,1,0,0,3.4011973816621555,4.189654742026425,4.189654742026425,,,
150.0,65.0,65.0,29.0,300.0,,,,2002.0,2.0,1,8.0,0,0,0,0,0,0,0,0,1,0,0,3.4011973816621555,4.189654742026425,4.189654742026425,,,
150.0,65.0,142.0,63.0,250.0,,,,2002.0,2.0,1,8.0,0,0,0,0,0,0,0,0,1,0,0,4.1588830833596715,4.962844630259907,4.189654742026425,,,
150.0,65.0,142.0,63.0,650.0,,,,2002.0,2.0,1,8.0,0,0,0,0,0,0,0,0,1,0,0,4.1588830833596715,4.962844630259907,4.189654742026425,,,
150.0,65.0,142.0,63.0,250.0,,,,2002.0,2.0,1,8.0,0,0,0,0,0,0,0,0,1,0,0,4.1588830833596715,4.962844630259907,4.189654742026425,,,
150.0,65.0,142.0,63.0,250.0,,,,2002.0,2.0,1,8.0,0,0,0,0,0,0,0,0,1,0,0,4.1588830833596715,4.962844630259907,4.189654742026425,,,
150.0,65.0,142.0,63.0,250.0,,,,2002.0,2.0,1,8.0,0,0,0,0,0,0,0,0,1,0,0,4.1588830833596715,4.962844630259907,4.189654742026425,,,
150.0,65.0,142.0,63.0,275.0,,,,2002.0,2.0,1,8.0,0,0,0,0,0,0,0,0,1,0,0,4.1588830833596715,4.962844630259907,4.189654742026425,,,
150.0,65.0,142.0,63.0,300.0,,,,2002.0,2.0,1,8.0,0,0,0,0,0,0,0,0,1,0,0,4.1588830833596715,4.962844630259907,4.189654742026425,,,
150.0,65.0,65.0,29.0,275.0,,,,2002.0,11.0,1,8.0,0,0,0,0,0,0,0,0,1,0,0,3.4011973816621555,4.189654742026425,4.189654742026425,,,
150.0,65.0,65.0,29.0,220.0,,,,2002.0,4.0,1,8.0,0,0,0,0,0,0,0,0,1,0,0,3.4011973816621555,4.189654742026425,4.189654742026425,,,
150.0,65.0,65.0,29.0,250.0,,,,2002.0,2.0,1,8.0,0,0,0,0,0,0,0,0,1,0,0,3.4011973816621555,4.189654742026425,4.189654742026425,,,
150.0,65.0,65.0,29.0,270.0,,,,2002.0,2.0,1,8.0,0,0,0,0,0,0,0,0,1,0,0,3.4011973816621555,4.189654742026425,4.189654742026425,,,
150.0,65.0,65.0,29.0,300.0,,,,2002.0,11.0,1,8.0,0,0,0,0,0,0,0,0,1,0,0,3.4011973816621555,4.189654742026425,4.189654742026425,,,
150.0,65.0,142.0,63.0,275.0,,,,2002.0,2.0,1,8.0,0,0,0,0,0,0,0,0,1,0,0,4.1588830833596715,4.962844630259907,4.189654742026425,,,
150.0,65.0,142.0,63.0,275.0,,,,2002.0,2.0,1,8.0,0,0,0,0,0,0,0,0,1,0,0,4.1588830833596715,4.962844630259907,4.189654742026425,,,
150.0,65.0,142.0,63.0,300.0,,,,2002.0,2.0,1,8.0,0,0,0,0,0,0,0,0,1,0,0,4.1588830833596715,4.962844630259907,4.189654742026425,,,
150.0,65.0,142.0,63.0,300.0,,,,2002.0,11.0,1,8.0,0,0,0,0,0,0,0,0,1,0,0,4.1588830833596715,4.962844630259907,4.189654742026425,,,
150.0,65.0,97.0,36.0,275.0,,,,2003.0,3.0,1,5.0,0,0,0,0,0,0,0,0,1,0,0,3.6109179126442243,4.584967478670572,4.189654742026425,,,
130.0,65.0,76.0,60.0,324.0,,,,2003.0,12.0,1,5.0,0,0,0,0,0,0,0,0,1,0,0,4.110873864173311,4.343805421853684,4.189654742026425,,,
130.0,65.0,76.0,60.0,650.0,,,,2003.0,3.0,1,5.0,0,0,0,0,0,0,0,0,1,0,0,4.110873864173311,4.343805421853684,4.189654742026425,,,
130.0,65.0,76.0,60.0,398.0,,,,2003.0,4.0,1,5.0,0,0,0,0,0,0,0,0,1,0,0,4.110873864173311,4.343805421853684,4.189654742026425,,,
150.0,65.0,215.0,117.0,378.0,,,,2003.0,6.0,1,5.0,0,0,0,0,0,0,0,0,1,0,0,4.770684624465665,5.375278407684165,4.189654742026425,,,
150.0,65.0,215.0,117.0,650.0,,,,2003.0,3.0,1,5.0,0,0,0,0,0,0,0,0,1,0,0,4.770684624465665,5.375278407684165,4.189654742026425,,,
150.0,65.0,215.0,117.0,378.0,,,,2003.0,9.0,1,5.0,0,0,0,0,0,0,0,0,1,0,0,4.770684624465665,5.375278407684165,4.189654742026425,,,
130.0,65.0,76.0,60.0,398.0,,,,2003.0,10.0,1,5.0,0,0,0,0,0,0,0,0,1,0,0,4.110873864173311,4.343805421853684,4.189654742026425,,,
130.0,65.0,76.0,60.0,324.0,,,,2003.0,10.0,1,5.0,0,0,0,0,0,0,0,0,1,0,0,4.110873864173311,4.343805421853684,4.189654742026425,,,
150.0,65.0,218.0,117.0,412.0,,,,2003.0,10.0,1,5.0,0,0,0,0,0,0,0,0,1,0,0,4.770684624465665,5.389071729816501,4.189654742026425,,,
150.0,65.0,218.0,117.0,650.0,,,,2003.0,3.0,1,5.0,0,0,0,0,0,0,0,0,1,0,0,4.770684624465665,5.389071729816501,4.189654742026425,,,
130.0,65.0,92.0,76.0,320.0,,,,2003.0,11.0,1,5.0,0,0,0,0,0,0,0,0,1,0,0,4.343805421853684,4.532599493153256,4.189654742026425,,,
130.0,65.0,92.0,76.0,650.0,,,,2003.0,11.0,1,5.0,0,0,0,0,0,0,0,0,1,0,0,4.343805421853684,4.532599493153256,4.189654742026425,,,
180.0,65.0,115.0,30.0,144.0,,,,,,1,5.0,0,0,0,0,0,0,0,0,1,0,0,3.4339872044851463,4.7535901911063645,4.189654742026425,,,
180.0,65.0,115.0,30.0,144.0,,,,,,1,5.0,0,0,0,0,0,0,0,0,1,0,0,3.4339872044851463,4.7535901911063645,4.189654742026425,,,
150.0,65.0,92.0,76.0,222.0,,,,2003.0,5.0,1,5.0,0,0,0,0,0,0,0,0,0,0,1,4.343805421853684,4.532599493153256,4.189654742026425,,,
150.0,65.0,92.0,76.0,650.0,,,,2003.0,5.0,1,5.0,0,0,0,0,0,0,0,0,0,0,1,4.343805421853684,4.532599493153256,4.189654742026425,,,
150.0,65.0,92.0,76.0,300.0,,,,2003.0,5.0,1,5.0,0,0,0,0,0,0,0,0,0,0,1,4.343805421853684,4.532599493153256,4.189654742026425,,,
150.0,65.0,92.0,76.0,650.0,,,,2003.0,5.0,1,5.0,0,0,0,0,0,0,0,0,0,0,1,4.343805421853684,4.532599493153256,4.189654742026425,,,
150.0,65.0,92.0,76.0,300.0,,,,2003.0,5.0,1,5.0,0,0,0,0,0,0,0,0,0,0,1,4.343805421853684,4.532599493153256,4.189654742026425,,,
150.0,65.0,92.0,76.0,650.0,,,,2003.0,5.0,1,5.0,0,0,0,0,0,0,0,0,0,0,1,4.343805421853684,4.532599493153256,4.189654742026425,,,
150.0,65.0,92.0,76.0,300.0,,,,2003.0,6.0,1,5.0,0,0,0,0,0,0,0,0,0,0,1,4.343805421853684,4.532599493153256,4.189654742026425,,,
150.0,65.0,92.0,76.0,300.0,,,,2003.0,6.0,1,5.0,0,0,0,0,0,0,0,0,0,0,1,4.343805421853684,4.532599493153256,4.189654742026425,,,
150.0,28.0,120.0,60.0,250.0,,,,2003.0,4.0,1,5.0,0,0,0,0,0,0,0,0,1,0,0,4.110873864173311,4.795790545596741,3.367295829986474,,,
150.0,65.0,120.0,60.0,250.0,,,,2003.0,4.0,1,5.0,0,0,0,0,0,0,0,0,1,0,0,4.110873864173311,4.795790545596741,4.189654742026425,,,
150.0,28.0,98.0,36.0,250.0,,,,2003.0,5.0,1,5.0,0,0,0,0,0,0,0,0,0,1,0,3.6109179126442243,4.59511985013459,3.367295829986474,,,
150.0,65.0,98.0,36.0,650.0,,,,2003.0,3.0,1,5.0,0,0,0,0,0,0,0,0,0,1,0,3.6109179126442243,4.59511985013459,4.189654742026425,,,
150.0,28.0,98.0,36.0,250.0,,,,2003.0,5.0,1,5.0,0,0,0,0,0,0,0,0,0,1,0,3.6109179126442243,4.59511985013459,3.367295829986474,,,
150.0,28.0,98.0,36.0,250.0,,,,2003.0,5.0,1,5.0,0,0,0,0,0,0,0,0,0,1,0,3.6109179126442243,4.59511985013459,3.367295829986474,,,
150.0,28.0,98.0,36.0,240.0,,,,2003.0,5.0,1,5.0,0,0,0,0,0,0,0,0,0,1,0,3.6109179126442243,4.59511985013459,3.367295829986474,,,
130.0,65.0,76.0,60.0,250.0,,,,2003.0,10.0,1,5.0,0,0,0,0,0,0,0,0,1,0,0,4.110873864173311,4.343805421853684,4.189654742026425,,,
130.0,12.0,76.0,60.0,324.0,,,,2003.0,10.0,1,5.0,0,0,0,0,0,0,0,0,1,0,0,4.110873864173311,4.343805421853684,2.5649493574615367,,,
130.0,18.0,76.0,60.0,400.0,,,,2003.0,10.0,1,5.0,0,0,0,0,0,0,0,0,1,0,0,4.110873864173311,4.343805421853684,2.9444389791664403,,,
130.0,65.0,76.0,60.0,325.0,,,,2003.0,10.0,1,5.0,0,0,0,0,0,0,0,0,1,0,0,4.110873864173311,4.343805421853684,4.189654742026425,,,
150.0,65.0,215.0,110.0,297.0,,,,2003.0,10.0,1,5.0,0,0,0,0,0,0,0,0,1,0,0,4.709530201312334,5.375278407684165,4.189654742026425,,,
130.0,22.0,76.0,60.0,500.0,,,,2003.0,10.0,1,5.0,0,0,0,0,0,0,0,0,1,0,0,4.110873864173311,4.343805421853684,3.1354942159291497,,,
130.0,65.0,76.0,60.0,650.0,,,,2003.0,10.0,1,5.0,0,0,0,0,0,0,0,0,1,0,0,4.110873864173311,4.343805421853684,4.189654742026425,,,
150.0,37.0,215.0,117.0,325.0,,,,2003.0,3.0,1,5.0,0,0,0,0,0,0,0,0,1,0,0,4.770684624465665,5.375278407684165,3.6375861597263857,,,
150.0,47.0,218.0,117.0,380.0,,,,2003.0,10.0,1,5.0,0,0,0,0,0,0,0,0,1,0,0,4.770684624465665,5.389071729816501,3.871201010907891,,,
150.0,47.0,215.0,117.0,380.0,,,,2003.0,3.0,1,5.0,0,0,0,0,0,0,0,0,1,0,0,4.770684624465665,5.375278407684165,3.871201010907891,,,
150.0,60.0,218.0,117.0,412.0,,,,2003.0,10.0,1,5.0,0,0,0,0,0,0,0,0,1,0,0,4.770684624465665,5.389071729816501,4.110873864173311,,,
150.0,65.0,218.0,117.0,390.0,,,,2003.0,10.0,1,5.0,0,0,0,0,0,0,0,0,1,0,0,4.770684624465665,5.389071729816501,4.189654742026425,,,
130.0,65.0,169.0,1170.0,200.0,,,,2003.0,12.0,1,7.0,0,0,0,1,0,0,0,0,0,0,0,7.065613363597717,5.135798437050262,4.189654742026425,,,
130.0,65.0,169.0,1170.0,650.0,,,,2003.0,12.0,1,7.0,0,0,0,1,0,0,0,0,0,0,0,7.065613363597717,5.135798437050262,4.189654742026425,,,
130.0,65.0,169.0,1170.0,200.0,,,,2003.0,12.0,1,7.0,0,0,0,1,0,0,0,0,0,0,0,7.065613363597717,5.135798437050262,4.189654742026425,,,
130.0,65.0,169.0,1170.0,650.0,,,,2003.0,12.0,1,7.0,0,0,0,1,0,0,0,0,0,0,0,7.065613363597717,5.135798437050262,4.189654742026425,,,
130.0,65.0,169.0,1170.0,200.0,,,,2003.0,12.0,1,7.0,0,0,0,1,0,0,0,0,0,0,0,7.065613363597717,5.135798437050262,4.189654742026425,,,
150.0,65.0,130.0,80.0,230.0,,,,2003.0,5.0,1,0.0,0,0,0,0,0,0,0,0,0,1,0,4.394449154672439,4.875197323201151,4.189654742026425,,,
150.0,65.0,130.0,80.0,650.0,,,,2003.0,5.0,1,0.0,0,0,0,0,0,0,0,0,0,1,0,4.394449154672439,4.875197323201151,4.189654742026425,,,
150.0,65.0,130.0,80.0,190.0,,,,2003.0,5.0,1,0.0,0,0,0,0,0,0,0,0,0,1,0,4.394449154672439,4.875197323201151,4.189654742026425,,,
150.0,65.0,130.0,80.0,275.0,,,,2003.0,5.0,1,0.0,0,0,0,0,0,0,0,0,0,1,0,4.394449154672439,4.875197323201151,4.189654742026425,,,
150.0,65.0,130.0,80.0,250.0,,,,2003.0,5.0,1,0.0,0,0,0,0,0,0,0,0,0,1,0,4.394449154672439,4.875197323201151,4.189654742026425,,,
150.0,65.0,174.0,80.0,200.0,,,,,,1,0.0,0,0,0,0,0,0,0,0,0,1,0,4.394449154672439,5.1647859739235145,4.189654742026425,,,
150.0,65.0,65.0,29.0,230.0,,,,2003.0,12.0,1,8.0,0,0,0,0,0,0,0,0,1,0,0,3.4011973816621555,4.189654742026425,4.189654742026425,,,
150.0,65.0,65.0,29.0,650.0,,,,2003.0,3.0,1,8.0,0,0,0,0,0,0,0,0,1,0,0,3.4011973816621555,4.189654742026425,4.189654742026425,,,
150.0,65.0,124.0,45.0,200.0,,,,2003.0,3.0,1,8.0,0,0,0,0,0,0,0,0,1,0,0,3.828641396489095,4.8283137373023015,4.189654742026425,,,
150.0,65.0,124.0,45.0,650.0,,,,2003.0,3.0,1,8.0,0,0,0,0,0,0,0,0,1,0,0,3.828641396489095,4.8283137373023015,4.189654742026425,,,
150.0,65.0,124.0,45.0,250.0,,,,2003.0,3.0,1,8.0,0,0,0,0,0,0,0,0,1,0,0,3.828641396489095,4.8283137373023015,4.189654742026425,,,
150.0,65.0,65.0,29.0,250.0,,,,2003.0,3.0,1,8.0,0,0,0,0,0,0,0,0,1,0,0,3.4011973816621555,4.189654742026425,4.189654742026425,,,
150.0,65.0,124.0,45.0,250.0,,,,2003.0,3.0,1,8.0,0,0,0,0,0,0,0,0,1,0,0,3.828641396489095,4.8283137373023015,4.189654742026425,,,
150.0,65.0,91.0,45.0,250.0,,,,2003.0,3.0,1,8.0,0,0,0,0,0,0,0,0,1,0,0,3.828641396489095,4.5217885770490405,4.189654742026425,,,
150.0,65.0,91.0,45.0,650.0,,,,2003.0,3.0,1,8.0,0,0,0,0,0,0,0,0,1,0,0,3.828641396489095,4.5217885770490405,4.189654742026425,,,
150.0,65.0,91.0,45.0,250.0,,,,2003.0,3.0,1,8.0,0,0,0,0,0,0,0,0,1,0,0,3.828641396489095,4.5217885770490405,4.189654742026425,,,
150.0,65.0,124.0,45.0,325.0,,,,2003.0,3.0,1,8.0,0,0,0,0,0,0,0,0,1,0,0,3.828641396489095,4.8283137373023015,4.189654742026425,,,
150.0,65.0,124.0,45.0,325.0,,,,2003.0,3.0,1,8.0,0,0,0,0,0,0,0,0,1,0,0,3.828641396489095,4.8283137373023015,4.189654742026425,,,
130.0,37.0,121.0,80.0,325.0,,,,2003.0,3.0,1,8.0,0,0,0,0,0,0,0,0,1,0,0,4.394449154672439,4.804021044733257,3.6375861597263857,,,
130.0,65.0,121.0,80.0,650.0,,,,2003.0,3.0,1,8.0,0,0,0,0,0,0,0,0,1,0,0,4.394449154672439,4.804021044733257,4.189654742026425,,,
130.0,65.0,121.0,80.0,400.0,,,,2003.0,3.0,1,8.0,0,0,0,0,0,0,0,0,1,0,0,4.394449154672439,4.804021044733257,4.189654742026425,,,
130.0,65.0,121.0,80.0,235.0,,,,2003.0,3.0,1,8.0,0,0,0,0,0,0,0,0,1,0,0,4.394449154672439,4.804021044733257,4.189654742026425,,,
130.0,65.0,121.0,80.0,235.0,,,,2003.0,3.0,1,8.0,0,0,0,0,0,0,0,0,1,0,0,4.394449154672439,4.804021044733257,4.189654742026425,,,
130.0,25.0,133.0,82.0,425.0,,,,2003.0,10.0,1,8.0,0,0,0,0,0,0,0,0,1,0,0,4.418840607796598,4.897839799950911,3.258096538021482,,,
130.0,65.0,133.0,82.0,650.0,,,,2003.0,10.0,1,8.0,0,0,0,0,0,0,0,0,1,0,0,4.418840607796598,4.897839799950911,4.189654742026425,,,
130.0,25.0,133.0,82.0,425.0,,,,2003.0,8.0,1,8.0,0,0,0,0,0,0,0,0,1,0,0,4.418840607796598,4.897839799950911,3.258096538021482,,,
130.0,65.0,133.0,82.0,650.0,,,,2003.0,8.0,1,8.0,0,0,0,0,0,0,0,0,1,0,0,4.418840607796598,4.897839799950911,4.189654742026425,,,
130.0,46.0,133.0,82.0,475.0,,,,2003.0,10.0,1,8.0,0,0,0,0,0,0,0,0,1,0,0,4.418840607796598,4.897839799950911,3.8501476017100584,,,
130.0,44.0,199.0,125.0,400.0,,,,2003.0,3.0,1,8.0,0,0,0,0,0,0,0,0,1,0,0,4.836281906951478,5.298317366548036,3.8066624897703196,,,
130.0,65.0,199.0,125.0,650.0,,,,2003.0,1.0,1,8.0,0,0,0,0,0,0,0,0,1,0,0,4.836281906951478,5.298317366548036,4.189654742026425,,,
130.0,65.0,199.0,125.0,500.0,,,,2003.0,3.0,1,8.0,0,0,0,0,0,0,0,0,1,0,0,4.836281906951478,5.298317366548036,4.189654742026425,,,
130.0,65.0,207.0,135.0,400.0,,,,2003.0,5.0,1,8.0,0,0,0,0,0,0,0,0,1,0,0,4.912654885736052,5.337538079701318,4.189654742026425,,,
130.0,65.0,207.0,135.0,650.0,,,,2003.0,3.0,1,8.0,0,0,0,0,0,0,0,0,1,0,0,4.912654885736052,5.337538079701318,4.189654742026425,,,
130.0,59.0,207.0,135.0,450.0,,,,2003.0,10.0,1,8.0,0,0,0,0,0,0,0,0,1,0,0,4.912654885736052,5.337538079701318,4.0943445622221,,,
130.0,35.0,207.0,135.0,400.0,,,,2003.0,5.0,1,8.0,0,0,0,0,0,0,0,0,1,0,0,4.912654885736052,5.337538079701318,3.58351893845611,,,
130.0,65.0,207.0,135.0,325.0,,,,2003.0,5.0,1,8.0,0,0,0,0,0,0,0,0,1,0,0,4.912654885736052,5.337538079701318,4.189654742026425,,,
130.0,74.0,207.0,135.0,475.0,,,,2003.0,10.0,1,8.0,0,0,0,0,0,0,0,0,1,0,0,4.912654885736052,5.337538079701318,4.31748811353631,,,
130.0,65.0,207.0,135.0,650.0,,,,2003.0,10.0,1,8.0,0,0,0,0,0,0,0,0,1,0,0,4.912654885736052,5.337538079701318,4.189654742026425,,,
150.0,65.0,124.0,45.0,200.0,,,,2003.0,3.0,1,8.0,0,0,0,0,0,0,0,0,1,0,0,3.828641396489095,4.8283137373023015,4.189654742026425,,,
150.0,65.0,124.0,45.0,200.0,,,,2003.0,3.0,1,8.0,0,0,0,0,0,0,0,0,1,0,0,3.828641396489095,4.8283137373023015,4.189654742026425,,,
150.0,65.0,91.0,45.0,250.0,,,,2003.0,3.0,1,8.0,0,0,0,0,0,0,0,0,1,0,0,3.828641396489095,4.5217885770490405,4.189654742026425,,,
150.0,65.0,124.0,45.0,250.0,,,,2003.0,3.0,1,8.0,0,0,0,0,0,0,0,0,1,0,0,3.828641396489095,4.8283137373023015,4.189654742026425,,,
150.0,65.0,124.0,45.0,275.0,,,,2003.0,3.0,1,8.0,0,0,0,0,0,0,0,0,1,0,0,3.828641396489095,4.8283137373023015,4.189654742026425,,,
150.0,65.0,124.0,45.0,275.0,,,,2003.0,3.0,1,8.0,0,0,0,0,0,0,0,0,1,0,0,3.828641396489095,4.8283137373023015,4.189654742026425,,,
130.0,65.0,121.0,80.0,275.0,,,,2003.0,3.0,1,8.0,0,0,0,0,0,0,0,0,1,0,0,4.394449154672439,4.804021044733257,4.189654742026425,,,
130.0,65.0,207.0,135.0,350.0,,,,2003.0,3.0,1,8.0,0,0,0,0,0,0,0,0,1,0,0,4.912654885736052,5.337538079701318,4.189654742026425,,,
150.0,65.0,65.0,29.0,250.0,,,,2003.0,12.0,1,8.0,0,0,0,0,0,0,0,0,1,0,0,3.4011973816621555,4.189654742026425,4.189654742026425,,,
150.0,65.0,65.0,29.0,250.0,,,,2003.0,12.0,1,8.0,0,0,0,0,0,0,0,0,1,0,0,3.4011973816621555,4.189654742026425,4.189654742026425,,,
150.0,65.0,65.0,29.0,250.0,,,,2003.0,12.0,1,8.0,0,0,0,0,0,0,0,0,1,0,0,3.4011973816621555,4.189654742026425,4.189654742026425,,,
150.0,65.0,142.0,63.0,300.0,,,,2003.0,3.0,1,8.0,0,0,0,0,0,0,0,0,1,0,0,4.1588830833596715,4.962844630259907,4.189654742026425,,,
150.0,65.0,142.0,63.0,300.0,,,,2003.0,3.0,1,8.0,0,0,0,0,0,0,0,0,1,0,0,4.1588830833596715,4.962844630259907,4.189654742026425,,,
130.0,65.0,207.0,135.0,400.0,,,,2003.0,7.0,1,8.0,0,0,0,0,0,0,0,0,1,0,0,4.912654885736052,5.337538079701318,4.189654742026425,,,
130.0,65.0,207.0,135.0,400.0,,,,2003.0,7.0,1,8.0,0,0,0,0,0,0,0,0,1,0,0,4.912654885736052,5.337538079701318,4.189654742026425,,,
150.0,65.0,124.0,45.0,270.0,,,,2003.0,5.0,1,8.0,0,0,0,0,0,0,0,0,1,0,0,3.828641396489095,4.8283137373023015,4.189654742026425,,,
130.0,65.0,121.0,80.0,295.0,,,,2003.0,6.0,1,8.0,0,0,0,0,0,0,0,0,1,0,0,4.394449154672439,4.804021044733257,4.189654742026425,,,
90.0,11.0,169.0,1170.0,425.0,,,,2003.0,12.0,1,8.0,0,0,0,0,0,0,0,0,0,0,1,7.065613363597717,5.135798437050262,2.4849066497880004,,,
90.0,65.0,169.0,1170.0,650.0,,,,2003.0,12.0,1,8.0,0,0,0,0,0,0,0,0,0,0,1,7.065613363597717,5.135798437050262,4.189654742026425,,,
150.0,13.0,91.0,45.0,275.0,,,,2003.0,10.0,1,8.0,0,0,0,0,0,0,0,0,1,0,0,3.828641396489095,4.5217885770490405,2.6390573296152584,,,
150.0,10.0,65.0,29.0,250.0,,,,2003.0,12.0,1,8.0,0,0,0,0,0,0,0,0,1,0,0,3.4011973816621555,4.189654742026425,2.3978952727983707,,,
150.0,10.0,65.0,29.0,250.0,,,,2003.0,12.0,1,8.0,0,0,0,0,0,0,0,0,1,0,0,3.4011973816621555,4.189654742026425,2.3978952727983707,,,
150.0,11.0,65.0,29.0,250.0,,,,2003.0,12.0,1,8.0,0,0,0,0,0,0,0,0,1,0,0,3.4011973816621555,4.189654742026425,2.4849066497880004,,,
150.0,65.0,142.0,63.0,199.0,,,,2003.0,6.0,1,8.0,0,0,0,0,0,0,0,0,1,0,0,4.1588830833596715,4.962844630259907,4.189654742026425,,,
130.0,65.0,169.0,90.0,350.0,,,,2003.0,9.0,1,1.0,0,0,0,0,0,0,0,0,0,1,0,4.51085950651685,5.135798437050262,4.189654742026425,,,
130.0,65.0,169.0,90.0,650.0,,,,2003.0,9.0,1,1.0,0,0,0,0,0,0,0,0,0,1,0,4.51085950651685,5.135798437050262,4.189654742026425,,,
130.0,65.0,169.0,90.0,350.0,,,,2003.0,9.0,1,1.0,0,0,0,0,0,0,0,0,0,1,0,4.51085950651685,5.135798437050262,4.189654742026425,,,
130.0,65.0,169.0,110.0,350.0,,,,2003.0,9.0,1,1.0,0,0,0,0,0,0,0,0,0,1,0,4.709530201312334,5.135798437050262,4.189654742026425,,,
130.0,65.0,169.0,110.0,650.0,,,,2003.0,9.0,1,1.0,0,0,0,0,0,0,0,0,0,1,0,4.709530201312334,5.135798437050262,4.189654742026425,,,
130.0,65.0,169.0,110.0,350.0,,,,2003.0,9.0,1,1.0,0,0,0,0,0,0,0,0,0,1,0,4.709530201312334,5.135798437050262,4.189654742026425,,,
130.0,65.0,169.0,25.0,200.0,,,,2003.0,9.0,1,1.0,0,0,0,0,0,0,0,0,0,1,0,3.258096538021482,5.135798437050262,4.189654742026425,,,
130.0,65.0,169.0,25.0,650.0,,,,2003.0,9.0,1,1.0,0,0,0,0,0,0,0,0,0,1,0,3.258096538021482,5.135798437050262,4.189654742026425,,,
130.0,65.0,169.0,25.0,250.0,,,,2003.0,9.0,1,1.0,0,0,0,0,0,0,0,0,0,1,0,3.258096538021482,5.135798437050262,4.189654742026425,,,
130.0,65.0,169.0,90.0,325.0,,,,2003.0,9.0,1,1.0,0,0,0,0,0,0,0,0,0,1,0,4.51085950651685,5.135798437050262,4.189654742026425,,,
130.0,65.0,169.0,90.0,325.0,,,,2003.0,9.0,1,1.0,0,0,0,0,0,0,0,0,0,1,0,4.51085950651685,5.135798437050262,4.189654742026425,,,
130.0,65.0,169.0,90.0,350.0,,,,2003.0,9.0,1,1.0,0,0,0,0,0,0,0,0,0,1,0,4.51085950651685,5.135798437050262,4.189654742026425,,,
130.0,65.0,169.0,90.0,350.0,,,,2003.0,9.0,1,1.0,0,0,0,0,0,0,0,0,0,1,0,4.51085950651685,5.135798437050262,4.189654742026425,,,
130.0,65.0,169.0,110.0,300.0,,,,2003.0,9.0,1,1.0,0,0,0,0,0,0,0,0,0,1,0,4.709530201312334,5.135798437050262,4.189654742026425,,,
130.0,65.0,169.0,110.0,300.0,,,,2003.0,9.0,1,1.0,0,0,0,0,0,0,0,0,0,1,0,4.709530201312334,5.135798437050262,4.189654742026425,,,
130.0,65.0,169.0,110.0,350.0,,,,2003.0,9.0,1,1.0,0,0,0,0,0,0,0,0,0,1,0,4.709530201312334,5.135798437050262,4.189654742026425,,,
130.0,65.0,169.0,110.0,350.0,,,,2003.0,9.0,1,1.0,0,0,0,0,0,0,0,0,0,1,0,4.709530201312334,5.135798437050262,4.189654742026425,,,
110.0,65.0,240.0,160.0,398.0,,,,2004.0,9.0,1,5.0,0,0,0,0,0,0,0,0,1,0,0,5.081404364984463,5.484796933490655,4.189654742026425,,,
110.0,65.0,240.0,160.0,650.0,,,,2004.0,5.0,1,5.0,0,0,0,0,0,0,0,0,1,0,0,5.081404364984463,5.484796933490655,4.189654742026425,,,
130.0,65.0,281.0,160.0,500.0,,,,2004.0,9.0,1,5.0,0,0,0,0,0,0,0,0,1,0,0,5.081404364984463,5.641907070938114,4.189654742026425,,,
130.0,65.0,281.0,160.0,650.0,,,,2004.0,3.0,1,5.0,0,0,0,0,0,0,0,0,1,0,0,5.081404364984463,5.641907070938114,4.189654742026425,,,
110.0,65.0,74.0,107.0,391.0,,,,2004.0,9.0,1,5.0,0,0,0,0,0,0,0,0,1,0,0,4.68213122712422,4.31748811353631,4.189654742026425,,,
110.0,65.0,74.0,107.0,650.0,,,,2004.0,9.0,1,5.0,0,0,0,0,0,0,0,0,1,0,0,4.68213122712422,4.31748811353631,4.189654742026425,,,
130.0,46.0,92.0,75.0,500.0,,,,2004.0,9.0,1,5.0,0,0,0,0,0,0,0,0,1,0,0,4.330733340286331,4.532599493153256,3.8501476017100584,,,
130.0,65.0,92.0,75.0,650.0,,,,2004.0,9.0,1,5.0,0,0,0,0,0,0,0,0,1,0,0,4.330733340286331,4.532599493153256,4.189654742026425,,,
110.0,65.0,156.0,120.0,425.0,,,,2004.0,9.0,1,5.0,0,0,0,0,0,0,0,0,1,0,0,4.795790545596741,5.056245805348308,4.189654742026425,,,
110.0,65.0,156.0,120.0,650.0,,,,2004.0,9.0,1,5.0,0,0,0,0,0,0,0,0,1,0,0,4.795790545596741,5.056245805348308,4.189654742026425,,,
130.0,65.0,289.0,160.0,450.0,,,,2004.0,5.0,1,5.0,0,0,0,0,0,0,0,0,1,0,0,5.081404364984463,5.66988092298052,4.189654742026425,,,
130.0,65.0,289.0,160.0,650.0,,,,2004.0,3.0,1,5.0,0,0,0,0,0,0,0,0,1,0,0,5.081404364984463,5.66988092298052,4.189654742026425,,,
130.0,91.0,289.0,160.0,493.0,,,,2004.0,12.0,1,5.0,0,0,0,0,0,0,0,0,1,0,0,5.081404364984463,5.66988092298052,4.5217885770490405,,,
130.0,57.0,281.0,160.0,491.0,,,,2004.0,8.0,1,5.0,0,0,0,0,0,0,0,0,1,0,0,5.081404364984463,5.641907070938114,4.060443010546419,,,
130.0,65.0,92.0,76.0,450.0,,,,2004.0,8.0,1,5.0,0,0,0,0,0,0,0,0,1,0,0,4.343805421853684,4.532599493153256,4.189654742026425,,,
130.0,65.0,92.0,76.0,650.0,,,,2004.0,6.0,1,5.0,0,0,0,0,0,0,0,0,1,0,0,4.343805421853684,4.532599493153256,4.189654742026425,,,
110.0,65.0,74.0,107.0,350.0,,,,2004.0,6.0,1,5.0,0,0,0,0,0,0,0,0,1,0,0,4.68213122712422,4.31748811353631,4.189654742026425,,,
110.0,65.0,74.0,107.0,650.0,,,,2004.0,6.0,1,5.0,0,0,0,0,0,0,0,0,1,0,0,4.68213122712422,4.31748811353631,4.189654742026425,,,
130.0,65.0,92.0,75.0,400.0,,,,2004.0,6.0,1,5.0,0,0,0,0,0,0,0,0,1,0,0,4.330733340286331,4.532599493153256,4.189654742026425,,,
130.0,65.0,92.0,75.0,650.0,,,,2004.0,6.0,1,5.0,0,0,0,0,0,0,0,0,1,0,0,4.330733340286331,4.532599493153256,4.189654742026425,,,
180.0,65.0,115.0,30.0,144.0,,,,,,1,5.0,0,0,0,0,0,0,0,0,1,0,0,3.4339872044851463,4.7535901911063645,4.189654742026425,,,
130.0,65.0,92.0,76.0,230.0,,,,2004.0,6.0,1,5.0,0,0,0,0,0,0,0,0,1,0,0,4.343805421853684,4.532599493153256,4.189654742026425,,,
130.0,65.0,92.0,76.0,250.0,,,,2004.0,6.0,1,5.0,0,0,0,0,0,0,0,0,1,0,0,4.343805421853684,4.532599493153256,4.189654742026425,,,
130.0,65.0,92.0,76.0,650.0,,,,2004.0,6.0,1,5.0,0,0,0,0,0,0,0,0,1,0,0,4.343805421853684,4.532599493153256,4.189654742026425,,,
130.0,65.0,92.0,76.0,300.0,,,,2004.0,6.0,1,5.0,0,0,0,0,0,0,0,0,1,0,0,4.343805421853684,4.532599493153256,4.189654742026425,,,
130.0,65.0,92.0,76.0,333.0,,,,2004.0,6.0,1,5.0,0,0,0,0,0,0,0,0,1,0,0,4.343805421853684,4.532599493153256,4.189654742026425,,,
130.0,65.0,92.0,76.0,450.0,,,,2004.0,6.0,1,5.0,0,0,0,0,0,0,0,0,1,0,0,4.343805421853684,4.532599493153256,4.189654742026425,,,
130.0,65.0,92.0,76.0,250.0,,,,2004.0,6.0,1,5.0,0,0,0,0,0,0,0,0,1,0,0,4.343805421853684,4.532599493153256,4.189654742026425,,,
130.0,65.0,281.0,160.0,350.0,,,,2004.0,7.0,1,5.0,0,0,0,0,0,0,0,0,1,0,0,5.081404364984463,5.641907070938114,4.189654742026425,,,
130.0,65.0,281.0,160.0,650.0,,,,2004.0,7.0,1,5.0,0,0,0,0,0,0,0,0,1,0,0,5.081404364984463,5.641907070938114,4.189654742026425,,,
130.0,65.0,92.0,75.0,400.0,,,,2004.0,6.0,1,5.0,0,0,0,0,0,0,0,0,1,0,0,4.330733340286331,4.532599493153256,4.189654742026425,,,
130.0,65.0,92.0,75.0,400.0,,,,2004.0,6.0,1,5.0,0,0,0,0,0,0,0,0,1,0,0,4.330733340286331,4.532599493153256,4.189654742026425,,,
130.0,65.0,289.0,160.0,400.0,,,,2004.0,11.0,1,5.0,0,0,0,0,0,0,0,0,1,0,0,5.081404364984463,5.66988092298052,4.189654742026425,,,
130.0,65.0,289.0,160.0,650.0,,,,2004.0,11.0,1,5.0,0,0,0,0,0,0,0,0,1,0,0,5.081404364984463,5.66988092298052,4.189654742026425,,,
110.0,36.0,74.0,107.0,375.0,,,,2004.0,9.0,1,5.0,0,0,0,0,0,0,0,0,1,0,0,4.68213122712422,4.31748811353631,3.6109179126442243,,,
110.0,65.0,74.0,107.0,325.0,,,,2004.0,9.0,1,5.0,0,0,0,0,0,0,0,0,1,0,0,4.68213122712422,4.31748811353631,4.189654742026425,,,
110.0,30.0,74.0,107.0,325.0,,,,2004.0,9.0,1,5.0,0,0,0,0,0,0,0,0,1,0,0,4.68213122712422,4.31748811353631,3.4339872044851463,,,
110.0,36.0,74.0,107.0,400.0,,,,2004.0,9.0,1,5.0,0,0,0,0,0,0,0,0,1,0,0,4.68213122712422,4.31748811353631,3.6109179126442243,,,
110.0,36.0,74.0,107.0,400.0,,,,2004.0,9.0,1,5.0,0,0,0,0,0,0,0,0,1,0,0,4.68213122712422,4.31748811353631,3.6109179126442243,,,
130.0,36.0,92.0,75.0,400.0,,,,2004.0,9.0,1,5.0,0,0,0,0,0,0,0,0,1,0,0,4.330733340286331,4.532599493153256,3.6109179126442243,,,
110.0,36.0,74.0,107.0,325.0,,,,2004.0,9.0,1,5.0,0,0,0,0,0,0,0,0,1,0,0,4.68213122712422,4.31748811353631,3.6109179126442243,,,
130.0,25.0,92.0,75.0,500.0,,,,2004.0,9.0,1,5.0,0,0,0,0,0,0,0,0,1,0,0,4.330733340286331,4.532599493153256,3.258096538021482,,,
110.0,44.0,156.0,120.0,400.0,,,,2004.0,9.0,1,5.0,0,0,0,0,0,0,0,0,1,0,0,4.795790545596741,5.056245805348308,3.8066624897703196,,,
110.0,44.0,156.0,120.0,400.0,,,,2004.0,9.0,1,5.0,0,0,0,0,0,0,0,0,1,0,0,4.795790545596741,5.056245805348308,3.8066624897703196,,,
110.0,65.0,156.0,120.0,400.0,,,,2004.0,12.0,1,5.0,0,0,0,0,0,0,0,0,1,0,0,4.795790545596741,5.056245805348308,4.189654742026425,,,
110.0,33.0,156.0,120.0,425.0,,,,2004.0,9.0,1,5.0,0,0,0,0,0,0,0,0,1,0,0,4.795790545596741,5.056245805348308,3.5263605246161616,,,
110.0,33.0,156.0,120.0,425.0,,,,2004.0,9.0,1,5.0,0,0,0,0,0,0,0,0,1,0,0,4.795790545596741,5.056245805348308,3.5263605246161616,,,
110.0,38.0,156.0,120.0,475.0,,,,2004.0,9.0,1,5.0,0,0,0,0,0,0,0,0,1,0,0,4.795790545596741,5.056245805348308,3.6635616461296463,,,
110.0,30.0,240.0,160.0,400.0,,,,2004.0,12.0,1,5.0,0,0,0,0,0,0,0,0,1,0,0,5.081404364984463,5.484796933490655,3.4339872044851463,,,
130.0,48.0,289.0,160.0,475.0,,,,2004.0,5.0,1,5.0,0,0,0,0,0,0,0,0,1,0,0,5.081404364984463,5.66988092298052,3.8918202981106265,,,
130.0,48.0,281.0,160.0,475.0,,,,2004.0,5.0,1,5.0,0,0,0,0,0,0,0,0,1,0,0,5.081404364984463,5.641907070938114,3.8918202981106265,,,
130.0,65.0,289.0,160.0,425.0,,,,2004.0,10.0,1,5.0,0,0,0,0,0,0,0,0,1,0,0,5.081404364984463,5.66988092298052,4.189654742026425,,,
130.0,65.0,281.0,160.0,450.0,,,,2004.0,9.0,1,5.0,0,0,0,0,0,0,0,0,1,0,0,5.081404364984463,5.641907070938114,4.189654742026425,,,
130.0,65.0,281.0,160.0,425.0,,,,2004.0,9.0,1,5.0,0,0,0,0,0,0,0,0,1,0,0,5.081404364984463,5.641907070938114,4.189654742026425,,,
110.0,49.0,240.0,160.0,400.0,,,,2004.0,12.0,1,5.0,0,0,0,0,0,0,0,0,1,0,0,5.081404364984463,5.484796933490655,3.912023005428146,,,
110.0,49.0,240.0,160.0,400.0,,,,2004.0,5.0,1,5.0,0,0,0,0,0,0,0,0,1,0,0,5.081404364984463,5.484796933490655,3.912023005428146,,,
130.0,54.0,289.0,160.0,500.0,,,,2004.0,12.0,1,5.0,0,0,0,0,0,0,0,0,1,0,0,5.081404364984463,5.66988092298052,4.007333185232471,,,
130.0,54.0,289.0,160.0,475.0,,,,2004.0,12.0,1,5.0,0,0,0,0,0,0,0,0,1,0,0,5.081404364984463,5.66988092298052,4.007333185232471,,,
130.0,63.0,281.0,160.0,520.0,,,,2004.0,5.0,1,5.0,0,0,0,0,0,0,0,0,1,0,0,5.081404364984463,5.641907070938114,4.1588830833596715,,,
130.0,65.0,297.0,160.0,507.0,,,,2004.0,12.0,1,5.0,0,0,0,0,0,0,0,0,1,0,0,5.081404364984463,5.697093486505405,4.189654742026425,,,
130.0,65.0,297.0,160.0,650.0,,,,2004.0,12.0,1,5.0,0,0,0,0,0,0,0,0,1,0,0,5.081404364984463,5.697093486505405,4.189654742026425,,,
130.0,69.0,297.0,160.0,520.0,,,,2004.0,12.0,1,5.0,0,0,0,0,0,0,0,0,1,0,0,5.081404364984463,5.697093486505405,4.248495242049359,,,
130.0,67.0,297.0,160.0,540.0,,,,2004.0,12.0,1,5.0,0,0,0,0,0,0,0,0,1,0,0,5.081404364984463,5.697093486505405,4.219507705176107,,,
130.0,65.0,73.0,1170.0,300.0,,,,2004.0,11.0,1,5.0,0,0,0,0,0,0,0,0,0,0,1,7.065613363597717,4.30406509320417,4.189654742026425,,,
130.0,65.0,73.0,1170.0,650.0,,,,2004.0,11.0,1,5.0,0,0,0,0,0,0,0,0,0,0,1,7.065613363597717,4.30406509320417,4.189654742026425,,,
110.0,65.0,74.0,107.0,300.0,,,,2004.0,11.0,1,5.0,0,0,0,0,0,0,0,0,0,0,1,4.68213122712422,4.31748811353631,4.189654742026425,,,
110.0,65.0,74.0,107.0,650.0,,,,2004.0,11.0,1,5.0,0,0,0,0,0,0,0,0,0,0,1,4.68213122712422,4.31748811353631,4.189654742026425,,,
130.0,65.0,169.0,1170.0,333.0,,,,2004.0,6.0,1,7.0,0,0,0,1,0,0,0,0,0,0,0,7.065613363597717,5.135798437050262,4.189654742026425,,,
130.0,65.0,169.0,1170.0,650.0,,,,2004.0,6.0,1,7.0,0,0,0,1,0,0,0,0,0,0,0,7.065613363597717,5.135798437050262,4.189654742026425,,,
90.0,65.0,169.0,1170.0,250.0,,,,,,1,0.0,0,0,0,0,0,0,0,0,0,1,0,7.065613363597717,5.135798437050262,4.189654742026425,,,
90.0,65.0,169.0,1170.0,650.0,,,,,,1,0.0,0,0,0,0,0,0,0,0,0,1,0,7.065613363597717,5.135798437050262,4.189654742026425,,,
0.0,65.0,169.0,1170.0,250.0,,,,2004.0,12.0,1,0.0,0,0,0,0,0,0,0,0,0,1,0,7.065613363597717,5.135798437050262,4.189654742026425,,,
0.0,65.0,169.0,1170.0,650.0,,,,2004.0,12.0,1,0.0,0,0,0,0,0,0,0,0,0,1,0,7.065613363597717,5.135798437050262,4.189654742026425,,,
0.0,65.0,169.0,1170.0,250.0,,,,2004.0,12.0,1,0.0,0,0,0,0,0,0,0,0,0,1,0,7.065613363597717,5.135798437050262,4.189654742026425,,,
0.0,65.0,169.0,1170.0,250.0,,,,2004.0,12.0,1,0.0,0,0,0,0,0,0,0,0,0,1,0,7.065613363597717,5.135798437050262,4.189654742026425,,,
0.0,65.0,169.0,1170.0,250.0,,,,2004.0,12.0,1,0.0,0,0,0,0,0,0,0,0,0,1,0,7.065613363597717,5.135798437050262,4.189654742026425,,,
90.0,65.0,169.0,1170.0,425.0,,,,2004.0,10.0,1,8.0,0,0,0,0,0,0,0,0,0,0,1,7.065613363597717,5.135798437050262,4.189654742026425,,,
90.0,65.0,169.0,1170.0,425.0,,,,2004.0,10.0,1,8.0,0,0,0,0,0,0,0,0,0,0,1,7.065613363597717,5.135798437050262,4.189654742026425,,,
90.0,65.0,169.0,1170.0,650.0,,,,2004.0,10.0,1,8.0,0,0,0,0,0,0,0,0,0,0,1,7.065613363597717,5.135798437050262,4.189654742026425,,,
90.0,65.0,169.0,1170.0,425.0,,,,2004.0,10.0,1,8.0,0,0,0,0,0,0,0,0,0,0,1,7.065613363597717,5.135798437050262,4.189654742026425,,,
90.0,65.0,169.0,1170.0,425.0,,,,2004.0,10.0,1,8.0,0,0,0,0,0,0,0,0,0,0,1,7.065613363597717,5.135798437050262,4.189654742026425,,,
90.0,65.0,169.0,1170.0,425.0,,,,2004.0,10.0,1,8.0,0,0,0,0,0,0,0,0,0,0,1,7.065613363597717,5.135798437050262,4.189654742026425,,,
90.0,65.0,169.0,1170.0,475.0,,,,2004.0,10.0,1,8.0,0,0,0,0,0,0,0,0,0,0,1,7.065613363597717,5.135798437050262,4.189654742026425,,,
90.0,65.0,169.0,1170.0,425.0,,,,2004.0,10.0,1,8.0,0,0,0,0,0,0,0,0,0,0,1,7.065613363597717,5.135798437050262,4.189654742026425,,,
90.0,65.0,169.0,1170.0,425.0,,,,2004.0,10.0,1,8.0,0,0,0,0,0,0,0,0,0,0,1,7.065613363597717,5.135798437050262,4.189654742026425,,,
110.0,65.0,154.0,146.0,300.0,,,,2004.0,10.0,1,8.0,0,0,0,0,0,0,0,0,1,0,0,4.990432586778736,5.043425116919247,4.189654742026425,,,
110.0,65.0,154.0,146.0,650.0,,,,2004.0,8.0,1,8.0,0,0,0,0,0,0,0,0,1,0,0,4.990432586778736,5.043425116919247,4.189654742026425,,,
110.0,65.0,110.0,75.0,300.0,,,,2004.0,10.0,1,8.0,0,0,0,0,0,0,0,0,1,0,0,4.330733340286331,4.709530201312334,4.189654742026425,,,
110.0,65.0,110.0,75.0,650.0,,,,2004.0,10.0,1,8.0,0,0,0,0,0,0,0,0,1,0,0,4.330733340286331,4.709530201312334,4.189654742026425,,,
110.0,65.0,154.0,146.0,300.0,,,,2004.0,10.0,1,8.0,0,0,0,0,0,0,0,0,1,0,0,4.990432586778736,5.043425116919247,4.189654742026425,,,
110.0,65.0,110.0,75.0,350.0,,,,2004.0,12.0,1,8.0,0,0,0,0,0,0,0,0,1,0,0,4.330733340286331,4.709530201312334,4.189654742026425,,,
110.0,65.0,110.0,75.0,350.0,,,,2004.0,12.0,1,8.0,0,0,0,0,0,0,0,0,1,0,0,4.330733340286331,4.709530201312334,4.189654742026425,,,
110.0,65.0,110.0,75.0,650.0,,,,2004.0,12.0,1,8.0,0,0,0,0,0,0,0,0,1,0,0,4.330733340286331,4.709530201312334,4.189654742026425,,,
110.0,65.0,154.0,146.0,300.0,,,,2004.0,8.0,1,8.0,0,0,0,0,0,0,0,0,1,0,0,4.990432586778736,5.043425116919247,4.189654742026425,,,
110.0,65.0,154.0,146.0,300.0,,,,2004.0,8.0,1,8.0,0,0,0,0,0,0,0,0,1,0,0,4.990432586778736,5.043425116919247,4.189654742026425,,,
110.0,65.0,154.0,146.0,500.0,,,,2004.0,8.0,1,8.0,0,0,0,0,0,0,0,0,1,0,0,4.990432586778736,5.043425116919247,4.189654742026425,,,
110.0,47.0,154.0,146.0,500.0,,,,2004.0,11.0,1,8.0,0,0,0,0,0,0,0,0,1,0,0,4.990432586778736,5.043425116919247,3.871201010907891,,,
110.0,65.0,154.0,146.0,500.0,,,,2004.0,8.0,1,8.0,0,0,0,0,0,0,0,0,1,0,0,4.990432586778736,5.043425116919247,4.189654742026425,,,
110.0,65.0,154.0,146.0,400.0,,,,2004.0,11.0,1,8.0,0,0,0,0,0,0,0,0,1,0,0,4.990432586778736,5.043425116919247,4.189654742026425,,,
110.0,65.0,154.0,146.0,525.0,,,,2004.0,11.0,1,8.0,0,0,0,0,0,0,0,0,1,0,0,4.990432586778736,5.043425116919247,4.189654742026425,,,
130.0,65.0,225.0,222.0,325.0,,,,2004.0,11.0,1,8.0,0,0,0,0,0,0,0,0,1,0,0,5.407171771460119,5.420534999272286,4.189654742026425,,,
130.0,65.0,225.0,222.0,650.0,,,,2004.0,4.0,1,8.0,0,0,0,0,0,0,0,0,1,0,0,5.407171771460119,5.420534999272286,4.189654742026425,,,
130.0,65.0,287.0,222.0,350.0,,,,2004.0,4.0,1,8.0,0,0,0,0,0,0,0,0,1,0,0,5.407171771460119,5.662960480135946,4.189654742026425,,,
130.0,65.0,287.0,222.0,650.0,,,,2004.0,4.0,1,8.0,0,0,0,0,0,0,0,0,1,0,0,5.407171771460119,5.662960480135946,4.189654742026425,,,
130.0,67.0,287.0,222.0,350.0,,,,2004.0,6.0,1,8.0,0,0,0,0,0,0,0,0,1,0,0,5.407171771460119,5.662960480135946,4.219507705176107,,,
130.0,65.0,287.0,222.0,650.0,,,,2004.0,4.0,1,8.0,0,0,0,0,0,0,0,0,1,0,0,5.407171771460119,5.662960480135946,4.189654742026425,,,
130.0,80.0,287.0,222.0,350.0,,,,2004.0,4.0,1,8.0,0,0,0,0,0,0,0,0,1,0,0,5.407171771460119,5.662960480135946,4.394449154672439,,,
130.0,65.0,287.0,222.0,350.0,,,,2004.0,6.0,1,8.0,0,0,0,0,0,0,0,0,1,0,0,5.407171771460119,5.662960480135946,4.189654742026425,,,
130.0,65.0,287.0,222.0,300.0,,,,2004.0,7.0,1,8.0,0,0,0,0,0,0,0,0,1,0,0,5.407171771460119,5.662960480135946,4.189654742026425,,,
130.0,81.0,287.0,222.0,425.0,,,,2004.0,7.0,1,8.0,0,0,0,0,0,0,0,0,1,0,0,5.407171771460119,5.662960480135946,4.406719247264253,,,
130.0,65.0,287.0,222.0,425.0,,,,2004.0,4.0,1,8.0,0,0,0,0,0,0,0,0,1,0,0,5.407171771460119,5.662960480135946,4.189654742026425,,,
130.0,100.0,287.0,222.0,400.0,,,,2004.0,4.0,1,8.0,0,0,0,0,0,0,0,0,1,0,0,5.407171771460119,5.662960480135946,4.61512051684126,,,
130.0,65.0,133.0,82.0,425.0,,,,2004.0,9.0,1,8.0,0,0,0,0,0,0,0,0,1,0,0,4.418840607796598,4.897839799950911,4.189654742026425,,,
130.0,65.0,133.0,82.0,650.0,,,,2004.0,2.0,1,8.0,0,0,0,0,0,0,0,0,1,0,0,4.418840607796598,4.897839799950911,4.189654742026425,,,
130.0,65.0,133.0,82.0,250.0,,,,2004.0,9.0,1,8.0,0,0,0,0,0,0,0,0,1,0,0,4.418840607796598,4.897839799950911,4.189654742026425,,,
130.0,45.0,225.0,222.0,300.0,,,,2004.0,11.0,1,8.0,0,0,0,0,0,0,0,0,1,0,0,5.407171771460119,5.420534999272286,3.828641396489095,,,
130.0,55.0,207.0,135.0,350.0,,,,2004.0,8.0,1,8.0,0,0,0,0,0,0,0,0,1,0,0,4.912654885736052,5.337538079701318,4.02535169073515,,,
130.0,55.0,225.0,222.0,350.0,,,,2004.0,8.0,1,8.0,0,0,0,0,0,0,0,0,1,0,0,5.407171771460119,5.420534999272286,4.02535169073515,,,
150.0,21.0,91.0,45.0,250.0,,,,2004.0,6.0,1,8.0,0,0,0,0,0,0,0,0,1,0,0,3.828641396489095,4.5217885770490405,3.091042453358316,,,
150.0,65.0,91.0,45.0,650.0,,,,2004.0,2.0,1,8.0,0,0,0,0,0,0,0,0,1,0,0,3.828641396489095,4.5217885770490405,4.189654742026425,,,
130.0,101.0,287.0,222.0,350.0,,,,2004.0,6.0,1,8.0,0,0,0,0,0,0,0,0,1,0,0,5.407171771460119,5.662960480135946,4.624972813284271,,,
130.0,150.0,225.0,222.0,425.0,,,,2004.0,4.0,1,8.0,0,0,0,0,0,0,0,0,1,0,0,5.407171771460119,5.420534999272286,5.017279836814924,,,
110.0,25.0,154.0,146.0,300.0,,,,2004.0,8.0,1,8.0,0,0,0,0,0,0,0,0,1,0,0,4.990432586778736,5.043425116919247,3.258096538021482,,,
110.0,25.0,154.0,146.0,300.0,,,,2004.0,8.0,1,8.0,0,0,0,0,0,0,0,0,1,0,0,4.990432586778736,5.043425116919247,3.258096538021482,,,
150.0,13.0,124.0,45.0,275.0,,,,2004.0,5.0,1,8.0,0,0,0,0,0,0,0,0,1,0,0,3.828641396489095,4.8283137373023015,2.6390573296152584,,,
150.0,13.0,91.0,45.0,275.0,,,,2004.0,5.0,1,8.0,0,0,0,0,0,0,0,0,1,0,0,3.828641396489095,4.5217885770490405,2.6390573296152584,,,
150.0,18.0,65.0,29.0,220.0,,,,2004.0,7.0,1,8.0,0,0,0,0,0,0,0,0,1,0,0,3.4011973816621555,4.189654742026425,2.9444389791664403,,,
90.0,4.0,83.0,1170.0,133.0,,,,2004.0,12.0,1,4.0,0,0,0,0,0,0,0,1,0,0,0,7.065613363597717,4.430816798843313,1.6094379124341003,,,
90.0,65.0,83.0,1170.0,650.0,,,,2004.0,12.0,1,4.0,0,0,0,0,0,0,0,1,0,0,0,7.065613363597717,4.430816798843313,4.189654742026425,,,
130.0,65.0,76.0,60.0,324.0,,,,2005.0,4.0,1,5.0,0,0,0,0,0,0,0,0,1,0,0,4.110873864173311,4.343805421853684,4.189654742026425,,,
90.0,65.0,100.0,107.0,450.0,,,,2005.0,12.0,1,5.0,0,0,0,0,0,0,0,0,1,0,0,4.68213122712422,4.61512051684126,4.189654742026425,,,
90.0,65.0,100.0,107.0,650.0,,,,2005.0,10.0,1,5.0,0,0,0,0,0,0,0,0,1,0,0,4.68213122712422,4.61512051684126,4.189654742026425,,,
90.0,75.0,288.0,312.0,500.0,,,,2005.0,10.0,1,5.0,0,0,0,0,0,0,0,0,1,0,0,5.746203190540153,5.666426688112432,4.330733340286331,,,
90.0,65.0,288.0,312.0,650.0,,,,2005.0,10.0,1,5.0,0,0,0,0,0,0,0,0,1,0,0,5.746203190540153,5.666426688112432,4.189654742026425,,,
110.0,65.0,74.0,107.0,400.0,,,,2005.0,7.0,1,5.0,0,0,0,0,0,0,0,0,1,0,0,4.68213122712422,4.31748811353631,4.189654742026425,,,
130.0,65.0,281.0,160.0,425.0,,,,2005.0,4.0,1,5.0,0,0,0,0,0,0,0,0,1,0,0,5.081404364984463,5.641907070938114,4.189654742026425,,,
130.0,65.0,281.0,160.0,425.0,,,,2005.0,4.0,1,5.0,0,0,0,0,0,0,0,0,1,0,0,5.081404364984463,5.641907070938114,4.189654742026425,,,
110.0,65.0,240.0,160.0,400.0,,,,2005.0,1.0,1,5.0,0,0,0,0,0,0,0,0,1,0,0,5.081404364984463,5.484796933490655,4.189654742026425,,,
90.0,65.0,100.0,107.0,600.0,,,,2005.0,10.0,1,5.0,0,0,0,0,0,0,0,0,1,0,0,4.68213122712422,4.61512051684126,4.189654742026425,,,
90.0,65.0,100.0,107.0,600.0,,,,2005.0,10.0,1,5.0,0,0,0,0,0,0,0,0,1,0,0,4.68213122712422,4.61512051684126,4.189654742026425,,,
90.0,65.0,150.0,157.0,500.0,,,,2005.0,10.0,1,5.0,0,0,0,0,0,0,0,0,1,0,0,5.062595033026967,5.017279836814924,4.189654742026425,,,
90.0,65.0,150.0,157.0,650.0,,,,2005.0,10.0,1,5.0,0,0,0,0,0,0,0,0,1,0,0,5.062595033026967,5.017279836814924,4.189654742026425,,,
90.0,35.0,150.0,157.0,600.0,,,,2005.0,10.0,1,5.0,0,0,0,0,0,0,0,0,1,0,0,5.062595033026967,5.017279836814924,3.58351893845611,,,
90.0,65.0,288.0,312.0,600.0,,,,2005.0,10.0,1,5.0,0,0,0,0,0,0,0,0,1,0,0,5.746203190540153,5.666426688112432,4.189654742026425,,,
90.0,97.0,288.0,312.0,594.0,,,,2005.0,10.0,1,5.0,0,0,0,0,0,0,0,0,1,0,0,5.746203190540153,5.666426688112432,4.584967478670572,,,
90.0,111.0,288.0,312.0,600.0,,,,2005.0,10.0,1,5.0,0,0,0,0,0,0,0,0,1,0,0,5.746203190540153,5.666426688112432,4.718498871295094,,,
110.0,65.0,156.0,120.0,350.0,,,,2005.0,2.0,1,5.0,0,0,0,0,0,0,0,0,1,0,0,4.795790545596741,5.056245805348308,4.189654742026425,,,
110.0,65.0,156.0,120.0,650.0,,,,2005.0,2.0,1,5.0,0,0,0,0,0,0,0,0,1,0,0,4.795790545596741,5.056245805348308,4.189654742026425,,,
110.0,65.0,74.0,107.0,350.0,,,,2005.0,11.0,1,5.0,0,0,0,0,0,0,0,0,1,0,0,4.68213122712422,4.31748811353631,4.189654742026425,,,
110.0,65.0,74.0,107.0,300.0,,,,,,1,5.0,0,0,0,0,0,0,0,0,0,0,1,4.68213122712422,4.31748811353631,4.189654742026425,,,
110.0,65.0,156.0,120.0,350.0,,,,2005.0,3.0,1,5.0,0,0,0,0,0,0,0,0,1,0,0,4.795790545596741,5.056245805348308,4.189654742026425,,,
110.0,65.0,156.0,120.0,350.0,,,,2005.0,3.0,1,5.0,0,0,0,0,0,0,0,0,1,0,0,4.795790545596741,5.056245805348308,4.189654742026425,,,
130.0,65.0,289.0,160.0,480.0,,,,2005.0,6.0,1,5.0,0,0,0,0,0,0,0,0,1,0,0,5.081404364984463,5.66988092298052,4.189654742026425,,,
130.0,65.0,76.0,60.0,425.0,,,,2005.0,5.0,1,5.0,0,0,0,0,0,0,0,0,1,0,0,4.110873864173311,4.343805421853684,4.189654742026425,,,
90.0,65.0,100.0,107.0,450.0,,,,2005.0,12.0,1,5.0,0,0,0,0,0,0,0,0,1,0,0,4.68213122712422,4.61512051684126,4.189654742026425,,,
90.0,65.0,100.0,105.0,450.0,,,,2005.0,10.0,1,5.0,0,0,0,0,0,0,0,0,0,1,0,4.663439094112067,4.61512051684126,4.189654742026425,,,
90.0,65.0,100.0,105.0,650.0,,,,2005.0,10.0,1,5.0,0,0,0,0,0,0,0,0,0,1,0,4.663439094112067,4.61512051684126,4.189654742026425,,,
90.0,65.0,100.0,107.0,450.0,,,,2005.0,12.0,1,5.0,0,0,0,0,0,0,0,0,1,0,0,4.68213122712422,4.61512051684126,4.189654742026425,,,
90.0,65.0,100.0,107.0,450.0,,,,2005.0,10.0,1,5.0,0,0,0,0,0,0,0,0,1,0,0,4.68213122712422,4.61512051684126,4.189654742026425,,,
90.0,65.0,100.0,105.0,450.0,,,,2005.0,10.0,1,5.0,0,0,0,0,0,0,0,0,0,1,0,4.663439094112067,4.61512051684126,4.189654742026425,,,
90.0,65.0,100.0,107.0,450.0,,,,2005.0,10.0,1,5.0,0,0,0,0,0,0,0,0,1,0,0,4.68213122712422,4.61512051684126,4.189654742026425,,,
90.0,31.0,100.0,107.0,600.0,,,,2005.0,10.0,1,5.0,0,0,0,0,0,0,0,0,1,0,0,4.68213122712422,4.61512051684126,3.4657359027997265,,,
90.0,31.0,100.0,107.0,600.0,,,,2005.0,10.0,1,5.0,0,0,0,0,0,0,0,0,1,0,0,4.68213122712422,4.61512051684126,3.4657359027997265,,,
90.0,41.0,150.0,157.0,500.0,,,,2005.0,10.0,1,5.0,0,0,0,0,0,0,0,0,1,0,0,5.062595033026967,5.017279836814924,3.7376696182833684,,,
90.0,42.0,150.0,157.0,590.0,,,,2005.0,10.0,1,5.0,0,0,0,0,0,0,0,0,1,0,0,5.062595033026967,5.017279836814924,3.7612001156935624,,,
90.0,113.0,288.0,312.0,600.0,,,,2005.0,12.0,1,5.0,0,0,0,0,0,0,0,0,1,0,0,5.746203190540153,5.666426688112432,4.736198448394496,,,
90.0,70.0,288.0,312.0,500.0,,,,2005.0,10.0,1,5.0,0,0,0,0,0,0,0,0,1,0,0,5.746203190540153,5.666426688112432,4.2626798770413155,,,
90.0,113.0,288.0,312.0,600.0,,,,2005.0,10.0,1,5.0,0,0,0,0,0,0,0,0,1,0,0,5.746203190540153,5.666426688112432,4.736198448394496,,,
110.0,65.0,74.0,107.0,400.0,,,,2005.0,7.0,1,5.0,0,0,0,0,0,0,0,0,1,0,0,4.68213122712422,4.31748811353631,4.189654742026425,,,
110.0,65.0,74.0,107.0,400.0,,,,2005.0,7.0,1,5.0,0,0,0,0,0,0,0,0,1,0,0,4.68213122712422,4.31748811353631,4.189654742026425,,,
110.0,65.0,156.0,120.0,400.0,,,,2005.0,4.0,1,5.0,0,0,0,0,0,0,0,0,1,0,0,4.795790545596741,5.056245805348308,4.189654742026425,,,
110.0,65.0,156.0,120.0,425.0,,,,2005.0,3.0,1,5.0,0,0,0,0,0,0,0,0,1,0,0,4.795790545596741,5.056245805348308,4.189654742026425,,,
110.0,65.0,240.0,160.0,500.0,,,,2005.0,10.0,1,5.0,0,0,0,0,0,0,0,0,1,0,0,5.081404364984463,5.484796933490655,4.189654742026425,,,
130.0,40.0,297.0,160.0,475.0,,,,2005.0,11.0,1,5.0,0,0,0,0,0,0,0,0,1,0,0,5.081404364984463,5.697093486505405,3.713572066704308,,,
110.0,40.0,240.0,160.0,475.0,,,,2005.0,11.0,1,5.0,0,0,0,0,0,0,0,0,1,0,0,5.081404364984463,5.484796933490655,3.713572066704308,,,
130.0,40.0,297.0,160.0,475.0,,,,2005.0,11.0,1,5.0,0,0,0,0,0,0,0,0,1,0,0,5.081404364984463,5.697093486505405,3.713572066704308,,,
130.0,65.0,297.0,160.0,650.0,,,,2005.0,2.0,1,5.0,0,0,0,0,0,0,0,0,1,0,0,5.081404364984463,5.697093486505405,4.189654742026425,,,
130.0,49.0,297.0,160.0,400.0,,,,2005.0,11.0,1,5.0,0,0,0,0,0,0,0,0,1,0,0,5.081404364984463,5.697093486505405,3.912023005428146,,,
130.0,49.0,297.0,160.0,400.0,,,,2005.0,10.0,1,5.0,0,0,0,0,0,0,0,0,1,0,0,5.081404364984463,5.697093486505405,3.912023005428146,,,
110.0,49.0,240.0,160.0,400.0,,,,2005.0,10.0,1,5.0,0,0,0,0,0,0,0,0,1,0,0,5.081404364984463,5.484796933490655,3.912023005428146,,,
130.0,65.0,297.0,160.0,400.0,,,,2005.0,9.0,1,5.0,0,0,0,0,0,0,0,0,1,0,0,5.081404364984463,5.697093486505405,4.189654742026425,,,
130.0,65.0,297.0,160.0,500.0,,,,2005.0,9.0,1,5.0,0,0,0,0,0,0,0,0,1,0,0,5.081404364984463,5.697093486505405,4.189654742026425,,,
130.0,69.0,297.0,160.0,520.0,,,,2005.0,2.0,1,5.0,0,0,0,0,0,0,0,0,1,0,0,5.081404364984463,5.697093486505405,4.248495242049359,,,
130.0,67.0,297.0,160.0,540.0,,,,2005.0,2.0,1,5.0,0,0,0,0,0,0,0,0,1,0,0,5.081404364984463,5.697093486505405,4.219507705176107,,,
130.0,65.0,73.0,1170.0,300.0,,,,,,1,5.0,0,0,0,0,0,0,0,0,0,0,1,7.065613363597717,4.30406509320417,4.189654742026425,,,
130.0,65.0,73.0,1170.0,650.0,,,,,,1,5.0,0,0,0,0,0,0,0,0,0,0,1,7.065613363597717,4.30406509320417,4.189654742026425,,,
130.0,65.0,73.0,1170.0,336.0,,,,,,1,5.0,0,0,0,0,0,0,0,0,0,0,1,7.065613363597717,4.30406509320417,4.189654742026425,,,
110.0,65.0,73.0,1170.0,300.0,,,,,,1,5.0,0,0,0,0,0,0,0,0,1,0,0,7.065613363597717,4.30406509320417,4.189654742026425,,,
110.0,65.0,73.0,1170.0,650.0,,,,,,1,5.0,0,0,0,0,0,0,0,0,1,0,0,7.065613363597717,4.30406509320417,4.189654742026425,,,
110.0,65.0,73.0,1170.0,300.0,,,,,,1,5.0,0,0,0,0,0,0,0,0,1,0,0,7.065613363597717,4.30406509320417,4.189654742026425,,,
110.0,65.0,74.0,107.0,300.0,,,,,,1,5.0,0,0,0,0,0,0,0,0,0,0,1,4.68213122712422,4.31748811353631,4.189654742026425,,,
110.0,65.0,73.0,1170.0,300.0,,,,,,1,5.0,0,0,0,0,0,0,0,0,1,0,0,7.065613363597717,4.30406509320417,4.189654742026425,,,
110.0,65.0,73.0,1170.0,650.0,,,,,,1,5.0,0,0,0,0,0,0,0,0,1,0,0,7.065613363597717,4.30406509320417,4.189654742026425,,,
130.0,65.0,73.0,1170.0,336.0,,,,,,1,5.0,0,0,0,0,0,0,0,0,0,0,1,7.065613363597717,4.30406509320417,4.189654742026425,,,
90.0,203.0,181.0,232.0,500.0,,240.0,,2005.0,11.0,1,5.0,0,0,0,0,0,0,0,0,1,0,0,5.4510384535657,5.204006687076795,5.318119993844216,,5.484796933490655,
90.0,65.0,181.0,232.0,650.0,,,,2005.0,11.0,1,5.0,0,0,0,0,0,0,0,0,1,0,0,5.4510384535657,5.204006687076795,4.189654742026425,,,
130.0,65.0,169.0,1170.0,333.0,,,,,,1,7.0,0,0,0,1,0,0,0,0,0,0,0,7.065613363597717,5.135798437050262,4.189654742026425,,,
130.0,65.0,169.0,1170.0,650.0,,,,,,1,7.0,0,0,0,1,0,0,0,0,0,0,0,7.065613363597717,5.135798437050262,4.189654742026425,,,
90.0,7.0,169.0,1170.0,250.0,,,,2005.0,6.0,1,7.0,0,0,0,1,0,0,0,0,0,0,0,7.065613363597717,5.135798437050262,2.0794415416798357,,,
90.0,65.0,169.0,1170.0,650.0,,,,2005.0,5.0,1,7.0,0,0,0,1,0,0,0,0,0,0,0,7.065613363597717,5.135798437050262,4.189654742026425,,,
90.0,7.0,169.0,1170.0,166.0,,,,2005.0,5.0,1,7.0,0,0,0,1,0,0,0,0,0,0,0,7.065613363597717,5.135798437050262,2.0794415416798357,,,
110.0,65.0,110.0,75.0,350.0,,,,2005.0,4.0,1,8.0,0,0,0,0,0,0,0,0,1,0,0,4.330733340286331,4.709530201312334,4.189654742026425,,,
110.0,65.0,110.0,75.0,350.0,,,,2005.0,4.0,1,8.0,0,0,0,0,0,0,0,0,1,0,0,4.330733340286331,4.709530201312334,4.189654742026425,,,
110.0,65.0,110.0,75.0,350.0,,,,2005.0,4.0,1,8.0,0,0,0,0,0,0,0,0,1,0,0,4.330733340286331,4.709530201312334,4.189654742026425,,,
110.0,65.0,110.0,75.0,350.0,,,,2005.0,4.0,1,8.0,0,0,0,0,0,0,0,0,1,0,0,4.330733340286331,4.709530201312334,4.189654742026425,,,
110.0,65.0,110.0,75.0,350.0,,,,2005.0,4.0,1,8.0,0,0,0,0,0,0,0,0,1,0,0,4.330733340286331,4.709530201312334,4.189654742026425,,,
110.0,65.0,110.0,75.0,400.0,,,,2005.0,10.0,1,8.0,0,0,0,0,0,0,0,0,1,0,0,4.330733340286331,4.709530201312334,4.189654742026425,,,
110.0,65.0,154.0,146.0,300.0,,,,,,1,8.0,0,0,0,0,0,0,0,0,1,0,0,4.990432586778736,5.043425116919247,4.189654742026425,,,
110.0,65.0,154.0,146.0,300.0,,,,,,1,8.0,0,0,0,0,0,0,0,0,1,0,0,4.990432586778736,5.043425116919247,4.189654742026425,,,
110.0,65.0,154.0,146.0,300.0,,,,,,1,8.0,0,0,0,0,0,0,0,0,1,0,0,4.990432586778736,5.043425116919247,4.189654742026425,,,
130.0,65.0,287.0,222.0,350.0,,,,2005.0,12.0,1,8.0,0,0,0,0,0,0,0,0,1,0,0,5.407171771460119,5.662960480135946,4.189654742026425,,,
130.0,65.0,225.0,222.0,425.0,,,,2005.0,11.0,1,8.0,0,0,0,0,0,0,0,0,1,0,0,5.407171771460119,5.420534999272286,4.189654742026425,,,
130.0,65.0,225.0,222.0,325.0,,,,2005.0,1.0,1,8.0,0,0,0,0,0,0,0,0,1,0,0,5.407171771460119,5.420534999272286,4.189654742026425,,,
130.0,65.0,287.0,222.0,275.0,,,,2005.0,9.0,1,8.0,0,0,0,0,0,0,0,0,1,0,0,5.407171771460119,5.662960480135946,4.189654742026425,,,
130.0,65.0,225.0,222.0,425.0,,,,2005.0,9.0,1,8.0,0,0,0,0,0,0,0,0,1,0,0,5.407171771460119,5.420534999272286,4.189654742026425,,,
110.0,65.0,287.0,222.0,300.0,,,,2005.0,9.0,1,8.0,0,0,0,0,0,0,0,0,1,0,0,5.407171771460119,5.662960480135946,4.189654742026425,,,
110.0,65.0,287.0,222.0,650.0,,,,2004.0,4.0,1,8.0,0,0,0,0,0,0,0,0,1,0,0,5.407171771460119,5.662960480135946,4.189654742026425,,,
110.0,65.0,222.0,198.0,450.0,,,,2005.0,9.0,1,8.0,0,0,0,0,0,0,0,0,1,0,0,5.293304824724492,5.407171771460119,4.189654742026425,,,
110.0,65.0,222.0,198.0,650.0,,,,2005.0,9.0,1,8.0,0,0,0,0,0,0,0,0,1,0,0,5.293304824724492,5.407171771460119,4.189654742026425,,,
130.0,65.0,287.0,222.0,300.0,,,,2005.0,9.0,1,8.0,0,0,0,0,0,0,0,0,1,0,0,5.407171771460119,5.662960480135946,4.189654742026425,,,
110.0,65.0,333.0,302.0,400.0,,,,2005.0,8.0,1,8.0,0,0,0,0,0,0,0,0,1,0,0,5.713732805509369,5.811140992976701,4.189654742026425,,,
110.0,65.0,333.0,302.0,650.0,,,,2005.0,6.0,1,8.0,0,0,0,0,0,0,0,0,1,0,0,5.713732805509369,5.811140992976701,4.189654742026425,,,
110.0,120.0,333.0,302.0,400.0,,,,2005.0,8.0,1,8.0,0,0,0,0,0,0,0,0,1,0,0,5.713732805509369,5.811140992976701,4.795790545596741,,,
110.0,86.0,333.0,302.0,430.0,,,,2005.0,6.0,1,8.0,0,0,0,0,0,0,0,0,1,0,0,5.713732805509369,5.811140992976701,4.465908118654584,,,
110.0,108.0,333.0,302.0,500.0,,,,2005.0,11.0,1,8.0,0,0,0,0,0,0,0,0,1,0,0,5.713732805509369,5.811140992976701,4.6913478822291435,,,
130.0,65.0,133.0,82.0,450.0,,,,2005.0,2.0,1,8.0,0,0,0,0,0,0,0,0,1,0,0,4.418840607796598,4.897839799950911,4.189654742026425,,,
110.0,65.0,154.0,146.0,300.0,,,,2005.0,9.0,1,8.0,0,0,0,0,0,0,0,0,1,0,0,4.990432586778736,5.043425116919247,4.189654742026425,,,
110.0,65.0,154.0,146.0,300.0,,,,2005.0,9.0,1,8.0,0,0,0,0,0,0,0,0,1,0,0,4.990432586778736,5.043425116919247,4.189654742026425,,,
110.0,65.0,154.0,146.0,375.0,,,,2005.0,9.0,1,8.0,0,0,0,0,0,0,0,0,1,0,0,4.990432586778736,5.043425116919247,4.189654742026425,,,
110.0,65.0,154.0,146.0,225.0,,,,2005.0,9.0,1,8.0,0,0,0,0,0,0,0,0,1,0,0,4.990432586778736,5.043425116919247,4.189654742026425,,,
130.0,89.0,225.0,222.0,450.0,,,,2005.0,2.0,1,8.0,0,0,0,0,0,0,0,0,1,0,0,5.407171771460119,5.420534999272286,4.499809670330265,,,
110.0,65.0,333.0,302.0,440.0,,,,2005.0,9.0,1,8.0,0,0,0,0,0,0,0,0,1,0,0,5.713732805509369,5.811140992976701,4.189654742026425,,,
90.0,45.0,196.0,278.0,500.0,,,,2005.0,9.0,1,8.0,0,0,0,0,0,0,0,0,1,0,0,5.631211781821365,5.2832037287379885,3.828641396489095,,,
90.0,65.0,196.0,278.0,650.0,,,,2005.0,9.0,1,8.0,0,0,0,0,0,0,0,0,1,0,0,5.631211781821365,5.2832037287379885,4.189654742026425,,,
130.0,83.0,225.0,222.0,425.0,,,,2005.0,7.0,1,8.0,0,0,0,0,0,0,0,0,1,0,0,5.407171771460119,5.420534999272286,4.430816798843313,,,
130.0,83.0,287.0,222.0,375.0,,,,2005.0,7.0,1,8.0,0,0,0,0,0,0,0,0,1,0,0,5.407171771460119,5.662960480135946,4.430816798843313,,,
130.0,83.0,287.0,222.0,375.0,,,,2005.0,7.0,1,8.0,0,0,0,0,0,0,0,0,1,0,0,5.407171771460119,5.662960480135946,4.430816798843313,,,
110.0,109.0,333.0,302.0,430.0,,,,2005.0,7.0,1,8.0,0,0,0,0,0,0,0,0,1,0,0,5.713732805509369,5.811140992976701,4.700480365792417,,,
130.0,65.0,225.0,222.0,275.0,,,,2005.0,2.0,1,8.0,0,0,0,0,0,0,0,0,1,0,0,5.407171771460119,5.420534999272286,4.189654742026425,,,
150.0,10.0,65.0,29.0,250.0,,,,2005.0,5.0,1,8.0,0,0,0,0,0,0,0,0,1,0,0,3.4011973816621555,4.189654742026425,2.3978952727983707,,,
150.0,10.0,65.0,29.0,250.0,,,,2005.0,5.0,1,8.0,0,0,0,0,0,0,0,0,1,0,0,3.4011973816621555,4.189654742026425,2.3978952727983707,,,
150.0,10.0,91.0,45.0,250.0,,,,2005.0,5.0,1,8.0,0,0,0,0,0,0,0,0,1,0,0,3.828641396489095,4.5217885770490405,2.3978952727983707,,,
90.0,45.0,86.0,54.0,147.0,,,,2005.0,5.0,1,4.0,0,0,0,0,0,0,0,1,0,0,0,4.007333185232471,4.465908118654584,3.828641396489095,,,
90.0,65.0,86.0,54.0,650.0,,,,2005.0,5.0,1,4.0,0,0,0,0,0,0,0,1,0,0,0,4.007333185232471,4.465908118654584,4.189654742026425,,,
130.0,65.0,169.0,90.0,300.0,,,,2005.0,11.0,1,1.0,0,0,0,0,0,0,0,0,0,1,0,4.51085950651685,5.135798437050262,4.189654742026425,,,
130.0,65.0,169.0,90.0,650.0,,,,2005.0,11.0,1,1.0,0,0,0,0,0,0,0,0,0,1,0,4.51085950651685,5.135798437050262,4.189654742026425,,,
110.0,65.0,169.0,1170.0,450.0,,,,,,1,1.0,0,0,0,0,0,0,0,0,0,1,0,7.065613363597717,5.135798437050262,4.189654742026425,,,
110.0,65.0,169.0,1170.0,650.0,,,,,,1,1.0,0,0,0,0,0,0,0,0,0,1,0,7.065613363597717,5.135798437050262,4.189654742026425,,,
90.0,65.0,100.0,105.0,371.0,,,,2006.0,9.0,1,5.0,0,0,0,0,0,0,0,0,0,1,0,4.663439094112067,4.61512051684126,4.189654742026425,,,
90.0,65.0,100.0,105.0,650.0,,,,2006.0,9.0,1,5.0,0,0,0,0,0,0,0,0,0,1,0,4.663439094112067,4.61512051684126,4.189654742026425,,,
90.0,65.0,100.0,105.0,419.0,,,,2006.0,9.0,1,5.0,0,0,0,0,0,0,0,0,0,1,0,4.663439094112067,4.61512051684126,4.189654742026425,,,
90.0,65.0,100.0,105.0,550.0,,,,2006.0,9.0,1,5.0,0,0,0,0,0,0,0,0,0,1,0,4.663439094112067,4.61512051684126,4.189654742026425,,,
90.0,65.0,100.0,105.0,650.0,,,,2006.0,9.0,1,5.0,0,0,0,0,0,0,0,0,0,1,0,4.663439094112067,4.61512051684126,4.189654742026425,,,
90.0,65.0,288.0,312.0,450.0,,,,2006.0,3.0,1,5.0,0,0,0,0,0,0,0,0,1,0,0,5.746203190540153,5.666426688112432,4.189654742026425,,,
90.0,65.0,288.0,312.0,650.0,,,,2006.0,3.0,1,5.0,0,0,0,0,0,0,0,0,1,0,0,5.746203190540153,5.666426688112432,4.189654742026425,,,
90.0,65.0,288.0,312.0,540.0,,,,2006.0,3.0,1,5.0,0,0,0,0,0,0,0,0,1,0,0,5.746203190540153,5.666426688112432,4.189654742026425,,,
110.0,24.0,74.0,107.0,400.0,,,,2006.0,12.0,1,5.0,0,0,0,0,0,0,0,0,1,0,0,4.68213122712422,4.31748811353631,3.2188758248682006,,,
130.0,24.0,76.0,60.0,250.0,,,,2006.0,12.0,1,5.0,0,0,0,0,0,0,0,0,1,0,0,4.110873864173311,4.343805421853684,3.2188758248682006,,,
90.0,27.0,100.0,107.0,350.0,,,,2006.0,10.0,1,5.0,0,0,0,0,0,0,0,0,1,0,0,4.68213122712422,4.61512051684126,3.332204510175204,,,
90.0,65.0,100.0,107.0,650.0,,,,2006.0,10.0,1,5.0,0,0,0,0,0,0,0,0,1,0,0,4.68213122712422,4.61512051684126,4.189654742026425,,,
90.0,31.0,100.0,105.0,600.0,,,,2006.0,11.0,1,5.0,0,0,0,0,0,0,0,0,0,1,0,4.663439094112067,4.61512051684126,3.4657359027997265,,,
90.0,22.0,150.0,157.0,500.0,,,,2006.0,8.0,1,5.0,0,0,0,0,0,0,0,0,1,0,0,5.062595033026967,5.017279836814924,3.1354942159291497,,,
90.0,22.0,150.0,157.0,500.0,,,,2006.0,8.0,1,5.0,0,0,0,0,0,0,0,0,1,0,0,5.062595033026967,5.017279836814924,3.1354942159291497,,,
80.0,44.0,131.0,157.0,600.0,,,,2006.0,8.0,1,5.0,0,0,0,0,0,0,0,0,1,0,0,5.062595033026967,4.882801922586371,3.8066624897703196,,,
80.0,65.0,131.0,157.0,650.0,,,,2006.0,8.0,1,5.0,0,0,0,0,0,0,0,0,1,0,0,5.062595033026967,4.882801922586371,4.189654742026425,,,
80.0,44.0,131.0,157.0,600.0,,,,2006.0,10.0,1,5.0,0,0,0,0,0,0,0,0,1,0,0,5.062595033026967,4.882801922586371,3.8066624897703196,,,
80.0,55.0,230.0,312.0,525.0,,,,2006.0,10.0,1,5.0,0,0,0,0,0,0,0,0,1,0,0,5.746203190540153,5.442417710521793,4.02535169073515,,,
80.0,65.0,230.0,312.0,650.0,,,,2006.0,10.0,1,5.0,0,0,0,0,0,0,0,0,1,0,0,5.746203190540153,5.442417710521793,4.189654742026425,,,
80.0,55.0,230.0,312.0,540.0,,,,2006.0,10.0,1,5.0,0,0,0,0,0,0,0,0,1,0,0,5.746203190540153,5.442417710521793,4.02535169073515,,,
80.0,65.0,230.0,312.0,525.0,,,,2006.0,10.0,1,5.0,0,0,0,0,0,0,0,0,1,0,0,5.746203190540153,5.442417710521793,4.189654742026425,,,
90.0,48.0,288.0,312.0,500.0,,,,2006.0,3.0,1,5.0,0,0,0,0,0,0,0,0,1,0,0,5.746203190540153,5.666426688112432,3.8918202981106265,,,
90.0,65.0,288.0,312.0,500.0,,,,2006.0,3.0,1,5.0,0,0,0,0,0,0,0,0,1,0,0,5.746203190540153,5.666426688112432,4.189654742026425,,,
90.0,75.0,352.0,384.0,575.0,,,,2006.0,11.0,1,5.0,0,0,0,0,0,0,0,0,1,0,0,5.953243334287785,5.8664680569332965,4.330733340286331,,,
90.0,65.0,352.0,384.0,650.0,,,,2006.0,1.0,1,5.0,0,0,0,0,0,0,0,0,1,0,0,5.953243334287785,5.8664680569332965,4.189654742026425,,,
90.0,75.0,352.0,384.0,575.0,,,,2006.0,5.0,1,5.0,0,0,0,0,0,0,0,0,1,0,0,5.953243334287785,5.8664680569332965,4.330733340286331,,,
90.0,65.0,352.0,384.0,650.0,,,,2006.0,9.0,1,5.0,0,0,0,0,0,0,0,0,1,0,0,5.953243334287785,5.8664680569332965,4.189654742026425,,,
90.0,65.0,352.0,384.0,650.0,,,,2006.0,9.0,1,5.0,0,0,0,0,0,0,0,0,1,0,0,5.953243334287785,5.8664680569332965,4.189654742026425,,,
80.0,66.0,230.0,312.0,575.0,,,,2006.0,10.0,1,5.0,0,0,0,0,0,0,0,0,1,0,0,5.746203190540153,5.442417710521793,4.204692619390966,,,
80.0,65.0,230.0,312.0,650.0,,,,2006.0,10.0,1,5.0,0,0,0,0,0,0,0,0,1,0,0,5.746203190540153,5.442417710521793,4.189654742026425,,,
80.0,66.0,230.0,312.0,575.0,,,,2006.0,10.0,1,5.0,0,0,0,0,0,0,0,0,1,0,0,5.746203190540153,5.442417710521793,4.204692619390966,,,
90.0,96.0,352.0,384.0,625.0,,,,2006.0,10.0,1,5.0,0,0,0,0,0,0,0,0,1,0,0,5.953243334287785,5.8664680569332965,4.574710978503383,,,
90.0,96.0,352.0,384.0,625.0,,,,2006.0,10.0,1,5.0,0,0,0,0,0,0,0,0,1,0,0,5.953243334287785,5.8664680569332965,4.574710978503383,,,
90.0,125.0,352.0,384.0,650.0,,,,2006.0,10.0,1,5.0,0,0,0,0,0,0,0,0,1,0,0,5.953243334287785,5.8664680569332965,4.836281906951478,,,
110.0,30.0,74.0,107.0,325.0,,,,2006.0,10.0,1,5.0,0,0,0,0,0,0,0,0,1,0,0,4.68213122712422,4.31748811353631,3.4339872044851463,,,
130.0,69.0,297.0,160.0,520.0,,,,2006.0,9.0,1,5.0,0,0,0,0,0,0,0,0,1,0,0,5.081404364984463,5.697093486505405,4.248495242049359,,,
110.0,65.0,73.0,1170.0,400.0,,,,2006.0,5.0,1,5.0,0,0,0,0,0,0,0,0,1,0,0,7.065613363597717,4.30406509320417,4.189654742026425,,,
110.0,65.0,73.0,1170.0,400.0,,,,2006.0,5.0,1,5.0,0,0,0,0,0,0,0,0,1,0,0,7.065613363597717,4.30406509320417,4.189654742026425,,,
90.0,45.0,95.0,107.0,243.0,,,,2006.0,11.0,1,5.0,0,0,0,0,1,0,0,0,0,0,0,4.68213122712422,4.564348191467836,3.828641396489095,,,
90.0,65.0,95.0,107.0,650.0,,,,2006.0,11.0,1,5.0,0,0,0,0,1,0,0,0,0,0,0,4.68213122712422,4.564348191467836,4.189654742026425,,,
90.0,13.0,169.0,1170.0,667.0,,,,2006.0,6.0,1,7.0,0,0,0,1,0,0,0,0,0,0,0,7.065613363597717,5.135798437050262,2.6390573296152584,,,
90.0,65.0,169.0,1170.0,650.0,,,,2006.0,6.0,1,7.0,0,0,0,1,0,0,0,0,0,0,0,7.065613363597717,5.135798437050262,4.189654742026425,,,
90.0,13.0,169.0,1170.0,667.0,,,,2006.0,6.0,1,7.0,0,0,0,1,0,0,0,0,0,0,0,7.065613363597717,5.135798437050262,2.6390573296152584,,,
90.0,13.0,169.0,1170.0,400.0,,,,2006.0,6.0,1,7.0,0,0,0,1,0,0,0,0,0,0,0,7.065613363597717,5.135798437050262,2.6390573296152584,,,
90.0,13.0,169.0,1170.0,400.0,,,,2006.0,7.0,1,7.0,0,0,0,1,0,0,0,0,0,0,0,7.065613363597717,5.135798437050262,2.6390573296152584,,,
90.0,13.0,169.0,1170.0,667.0,,,,2006.0,6.0,1,7.0,0,0,0,1,0,0,0,0,0,0,0,7.065613363597717,5.135798437050262,2.6390573296152584,,,
90.0,13.0,169.0,1170.0,500.0,,,,2006.0,6.0,1,7.0,0,0,0,1,0,0,0,0,0,0,0,7.065613363597717,5.135798437050262,2.6390573296152584,,,
150.0,65.0,174.0,80.0,250.0,,,,2006.0,6.0,1,0.0,0,0,0,0,0,0,0,0,0,1,0,4.394449154672439,5.1647859739235145,4.189654742026425,,,
110.0,65.0,110.0,75.0,350.0,,,,2006.0,8.0,1,8.0,0,0,0,0,0,0,0,0,1,0,0,4.330733340286331,4.709530201312334,4.189654742026425,,,
90.0,24.0,125.0,177.0,350.0,,,,2006.0,5.0,1,8.0,0,0,0,0,0,0,0,0,1,0,0,5.181783550292085,4.836281906951478,3.2188758248682006,,,
90.0,65.0,125.0,177.0,650.0,,,,2006.0,3.0,1,8.0,0,0,0,0,0,0,0,0,1,0,0,5.181783550292085,4.836281906951478,4.189654742026425,,,
80.0,24.0,100.0,177.0,350.0,,,,2006.0,5.0,1,8.0,0,0,0,0,0,0,0,0,1,0,0,5.181783550292085,4.61512051684126,3.2188758248682006,,,
80.0,65.0,100.0,177.0,650.0,,,,2006.0,3.0,1,8.0,0,0,0,0,0,0,0,0,1,0,0,5.181783550292085,4.61512051684126,4.189654742026425,,,
80.0,24.0,100.0,177.0,350.0,,,,2006.0,5.0,1,8.0,0,0,0,0,0,0,0,0,1,0,0,5.181783550292085,4.61512051684126,3.2188758248682006,,,
90.0,24.0,125.0,177.0,350.0,,,,2006.0,8.0,1,8.0,0,0,0,0,0,0,0,0,1,0,0,5.181783550292085,4.836281906951478,3.2188758248682006,,,
90.0,65.0,81.0,112.0,450.0,,,,2006.0,3.0,1,8.0,0,0,0,0,0,0,0,0,1,0,0,4.727387818712341,4.406719247264253,4.189654742026425,,,
90.0,65.0,81.0,112.0,650.0,,,,2006.0,1.0,1,8.0,0,0,0,0,0,0,0,0,1,0,0,4.727387818712341,4.406719247264253,4.189654742026425,,,
90.0,65.0,81.0,112.0,450.0,,,,2006.0,3.0,1,8.0,0,0,0,0,0,0,0,0,1,0,0,4.727387818712341,4.406719247264253,4.189654742026425,,,
90.0,65.0,81.0,112.0,450.0,,,,2006.0,3.0,1,8.0,0,0,0,0,0,0,0,0,1,0,0,4.727387818712341,4.406719247264253,4.189654742026425,,,
90.0,65.0,81.0,112.0,475.0,,,,2006.0,3.0,1,8.0,0,0,0,0,0,0,0,0,1,0,0,4.727387818712341,4.406719247264253,4.189654742026425,,,
80.0,27.0,100.0,177.0,400.0,,,,2006.0,3.0,1,8.0,0,0,0,0,0,0,0,0,1,0,0,5.181783550292085,4.61512051684126,3.332204510175204,,,
80.0,27.0,100.0,177.0,400.0,,,,2006.0,7.0,1,8.0,0,0,0,0,0,0,0,0,1,0,0,5.181783550292085,4.61512051684126,3.332204510175204,,,
90.0,27.0,196.0,278.0,500.0,,,,2006.0,7.0,1,8.0,0,0,0,0,0,0,0,0,1,0,0,5.631211781821365,5.2832037287379885,3.332204510175204,,,
80.0,40.0,100.0,177.0,560.0,,,,2006.0,3.0,1,8.0,0,0,0,0,0,0,0,0,1,0,0,5.181783550292085,4.61512051684126,3.713572066704308,,,
90.0,40.0,125.0,177.0,560.0,,,,2006.0,9.0,1,8.0,0,0,0,0,0,0,0,0,1,0,0,5.181783550292085,4.836281906951478,3.713572066704308,,,
80.0,40.0,100.0,177.0,560.0,,,,2006.0,9.0,1,8.0,0,0,0,0,0,0,0,0,1,0,0,5.181783550292085,4.61512051684126,3.713572066704308,,,
80.0,65.0,100.0,177.0,400.0,,,,2006.0,3.0,1,8.0,0,0,0,0,0,0,0,0,1,0,0,5.181783550292085,4.61512051684126,4.189654742026425,,,
80.0,65.0,100.0,177.0,450.0,,,,2006.0,3.0,1,8.0,0,0,0,0,0,0,0,0,1,0,0,5.181783550292085,4.61512051684126,4.189654742026425,,,
110.0,75.0,333.0,302.0,425.0,,,,2006.0,2.0,1,8.0,0,0,0,0,0,0,0,0,1,0,0,5.713732805509369,5.811140992976701,4.330733340286331,,,
110.0,75.0,333.0,302.0,425.0,,,,2006.0,2.0,1,8.0,0,0,0,0,0,0,0,0,1,0,0,5.713732805509369,5.811140992976701,4.330733340286331,,,
110.0,75.0,333.0,302.0,375.0,,,,2006.0,2.0,1,8.0,0,0,0,0,0,0,0,0,1,0,0,5.713732805509369,5.811140992976701,4.330733340286331,,,
90.0,75.0,196.0,278.0,425.0,,,,2006.0,9.0,1,8.0,0,0,0,0,0,0,0,0,1,0,0,5.631211781821365,5.2832037287379885,4.330733340286331,,,
90.0,75.0,196.0,278.0,425.0,,,,2006.0,9.0,1,8.0,0,0,0,0,0,0,0,0,1,0,0,5.631211781821365,5.2832037287379885,4.330733340286331,,,
90.0,75.0,196.0,278.0,375.0,,,,2006.0,9.0,1,8.0,0,0,0,0,0,0,0,0,1,0,0,5.631211781821365,5.2832037287379885,4.330733340286331,,,
90.0,49.0,196.0,278.0,450.0,,,,2006.0,5.0,1,8.0,0,0,0,0,0,0,0,0,1,0,0,5.631211781821365,5.2832037287379885,3.912023005428146,,,
90.0,65.0,196.0,278.0,450.0,,,,2006.0,4.0,1,8.0,0,0,0,0,0,0,0,0,1,0,0,5.631211781821365,5.2832037287379885,4.189654742026425,,,
90.0,48.0,196.0,278.0,450.0,,,,2006.0,3.0,1,8.0,0,0,0,0,0,0,0,0,1,0,0,5.631211781821365,5.2832037287379885,3.8918202981106265,,,
90.0,81.0,196.0,278.0,650.0,,,,2006.0,10.0,1,8.0,0,0,0,0,0,0,0,0,1,0,0,5.631211781821365,5.2832037287379885,4.406719247264253,,,
90.0,84.0,196.0,278.0,650.0,,,,2006.0,3.0,1,8.0,0,0,0,0,0,0,0,0,1,0,0,5.631211781821365,5.2832037287379885,4.442651256490317,,,
90.0,110.0,196.0,278.0,500.0,,,,2006.0,4.0,1,8.0,0,0,0,0,0,0,0,0,1,0,0,5.631211781821365,5.2832037287379885,4.709530201312334,,,
90.0,65.0,196.0,278.0,550.0,,,,2006.0,8.0,1,8.0,0,0,0,0,0,0,0,0,1,0,0,5.631211781821365,5.2832037287379885,4.189654742026425,,,
90.0,110.0,196.0,278.0,500.0,,,,2006.0,6.0,1,8.0,0,0,0,0,0,0,0,0,1,0,0,5.631211781821365,5.2832037287379885,4.709530201312334,,,
90.0,143.0,484.0,681.0,513.0,,228.1,,2006.0,11.0,1,8.0,0,0,0,0,0,0,0,0,1,0,0,6.525029657843462,6.184148890937483,4.969813299576001,,5.43415858945945,
90.0,65.0,484.0,681.0,650.0,,,,2006.0,11.0,1,8.0,0,0,0,0,0,0,0,0,1,0,0,6.525029657843462,6.184148890937483,4.189654742026425,,,
90.0,155.0,484.0,681.0,576.0,,345.6,,2006.0,11.0,1,8.0,0,0,0,0,0,0,0,0,1,0,0,6.525029657843462,6.184148890937483,5.049856007249537,,5.848171377281505,
110.0,16.0,110.0,75.0,300.0,,,,2006.0,2.0,1,8.0,0,0,0,0,0,0,0,0,1,0,0,4.330733340286331,4.709530201312334,2.833213344056216,,,
110.0,65.0,110.0,75.0,400.0,,,,2006.0,2.0,1,8.0,0,0,0,0,0,0,0,0,1,0,0,4.330733340286331,4.709530201312334,4.189654742026425,,,
90.0,65.0,81.0,112.0,450.0,,,,2006.0,9.0,1,8.0,0,0,0,0,0,0,0,0,1,0,0,4.727387818712341,4.406719247264253,4.189654742026425,,,
90.0,65.0,125.0,177.0,450.0,,,,2006.0,3.0,1,8.0,0,0,0,0,0,0,0,0,1,0,0,5.181783550292085,4.836281906951478,4.189654742026425,,,
80.0,65.0,100.0,177.0,500.0,,,,2006.0,8.0,1,8.0,0,0,0,0,0,0,0,0,1,0,0,5.181783550292085,4.61512051684126,4.189654742026425,,,
80.0,65.0,100.0,177.0,450.0,,,,2006.0,8.0,1,8.0,0,0,0,0,0,0,0,0,1,0,0,5.181783550292085,4.61512051684126,4.189654742026425,,,
110.0,35.0,333.0,302.0,400.0,,,,2006.0,3.0,1,8.0,0,0,0,0,0,0,0,0,1,0,0,5.713732805509369,5.811140992976701,3.58351893845611,,,
90.0,20.0,196.0,278.0,375.0,,,,2006.0,4.0,1,8.0,0,0,0,0,0,0,0,0,1,0,0,5.631211781821365,5.2832037287379885,3.044522437723423,,,
90.0,45.0,196.0,278.0,500.0,,,,2006.0,4.0,1,8.0,0,0,0,0,0,0,0,0,1,0,0,5.631211781821365,5.2832037287379885,3.828641396489095,,,
90.0,20.0,125.0,177.0,350.0,,,,2006.0,4.0,1,8.0,0,0,0,0,0,0,0,0,1,0,0,5.181783550292085,4.836281906951478,3.044522437723423,,,
90.0,45.0,196.0,278.0,575.0,,,,2006.0,10.0,1,8.0,0,0,0,0,0,0,0,0,1,0,0,5.631211781821365,5.2832037287379885,3.828641396489095,,,
90.0,80.0,258.0,300.0,550.0,,,,2006.0,11.0,1,8.0,0,0,0,0,0,0,0,1,0,0,0,5.707110264748875,5.556828061699537,4.394449154672439,,,
90.0,65.0,258.0,300.0,650.0,,,,2006.0,11.0,1,8.0,0,0,0,0,0,0,0,1,0,0,0,5.707110264748875,5.556828061699537,4.189654742026425,,,
90.0,65.0,196.0,278.0,325.0,,,,2006.0,4.0,1,8.0,0,0,0,0,0,0,0,0,1,0,0,5.631211781821365,5.2832037287379885,4.189654742026425,,,
90.0,45.0,196.0,278.0,375.0,,,,2006.0,4.0,1,8.0,0,0,0,0,0,0,0,0,1,0,0,5.631211781821365,5.2832037287379885,3.828641396489095,,,
90.0,21.0,81.0,112.0,550.0,,,,2006.0,4.0,1,8.0,0,0,0,0,0,0,0,0,1,0,0,4.727387818712341,4.406719247264253,3.091042453358316,,,
90.0,80.0,196.0,278.0,450.0,,,,2006.0,5.0,1,8.0,0,0,0,0,0,0,0,0,1,0,0,5.631211781821365,5.2832037287379885,4.394449154672439,,,
90.0,15.0,81.0,112.0,450.0,,,,2006.0,3.0,1,8.0,0,0,0,0,0,0,0,0,1,0,0,4.727387818712341,4.406719247264253,2.772588722239781,,,
90.0,145.0,196.0,278.0,500.0,,,,2006.0,4.0,1,8.0,0,0,0,0,0,0,0,0,1,0,0,5.631211781821365,5.2832037287379885,4.983606621708336,,,
110.0,30.0,154.0,146.0,360.0,,,,2006.0,4.0,1,8.0,0,0,0,0,0,0,0,0,1,0,0,4.990432586778736,5.043425116919247,3.4339872044851463,,,
90.0,96.0,196.0,278.0,650.0,,,,2006.0,4.0,1,8.0,0,0,0,0,0,0,0,0,1,0,0,5.631211781821365,5.2832037287379885,4.574710978503383,,,
90.0,104.0,196.0,278.0,650.0,,,,2006.0,4.0,1,8.0,0,0,0,0,0,0,0,0,1,0,0,5.631211781821365,5.2832037287379885,4.653960350157523,,,
90.0,35.0,125.0,177.0,450.0,,,,2006.0,3.0,1,8.0,0,0,0,0,0,0,0,0,1,0,0,5.181783550292085,4.836281906951478,3.58351893845611,,,
90.0,30.0,125.0,177.0,350.0,,,,2006.0,4.0,1,8.0,0,0,0,0,0,0,0,0,1,0,0,5.181783550292085,4.836281906951478,3.4339872044851463,,,
90.0,10.0,81.0,112.0,300.0,,,,2006.0,6.0,1,8.0,0,0,0,0,0,0,0,0,1,0,0,4.727387818712341,4.406719247264253,2.3978952727983707,,,
90.0,10.0,81.0,112.0,450.0,,,,2006.0,6.0,1,8.0,0,0,0,0,0,0,0,0,1,0,0,4.727387818712341,4.406719247264253,2.3978952727983707,,,
90.0,65.0,81.0,112.0,650.0,,,,2006.0,2.0,1,8.0,0,0,0,0,0,0,0,0,1,0,0,4.727387818712341,4.406719247264253,4.189654742026425,,,
110.0,18.0,110.0,75.0,275.0,,,,2006.0,6.0,1,8.0,0,0,0,0,0,0,0,0,1,0,0,4.330733340286331,4.709530201312334,2.9444389791664403,,,
90.0,16.0,125.0,177.0,500.0,,,,2006.0,5.0,1,8.0,0,0,0,0,0,0,0,0,1,0,0,5.181783550292085,4.836281906951478,2.833213344056216,,,
110.0,31.0,154.0,146.0,250.0,,,,2006.0,2.0,1,8.0,0,0,0,0,0,0,0,0,1,0,0,4.990432586778736,5.043425116919247,3.4657359027997265,,,
110.0,31.0,154.0,146.0,250.0,,,,2006.0,2.0,1,8.0,0,0,0,0,0,0,0,0,1,0,0,4.990432586778736,5.043425116919247,3.4657359027997265,,,
90.0,35.0,196.0,278.0,450.0,,,,2006.0,8.0,1,8.0,0,0,0,0,0,0,0,0,1,0,0,5.631211781821365,5.2832037287379885,3.58351893845611,,,
55.0,105.0,192.0,666.0,777.0,,497.3,99.46,2007.0,11.0,1,6.0,0,0,0,0,0,0,0,0,1,0,0,6.502790045915623,5.262690188904886,4.663439094112067,,6.211202305287359,4.609759638321899
55.0,65.0,192.0,666.0,650.0,,,,2007.0,11.0,1,6.0,0,0,0,0,0,0,0,0,1,0,0,6.502790045915623,5.262690188904886,4.189654742026425,,,
180.0,65.0,80.0,8.0,200.0,,,,2007.0,10.0,1,5.0,0,0,0,0,0,0,0,0,0,0,1,2.1972245773362196,4.394449154672439,4.189654742026425,,,
180.0,65.0,80.0,8.0,650.0,,,,2007.0,10.0,1,5.0,0,0,0,0,0,0,0,0,0,0,1,2.1972245773362196,4.394449154672439,4.189654742026425,,,
65.0,73.0,153.0,390.0,600.0,,144.0,,2007.0,6.0,1,5.0,0,0,0,0,0,0,0,0,1,0,0,5.968707559985366,5.0369526024136295,4.30406509320417,,4.976733742420574,
65.0,65.0,153.0,390.0,650.0,,,,2007.0,6.0,1,5.0,0,0,0,0,0,0,0,0,1,0,0,5.968707559985366,5.0369526024136295,4.189654742026425,,,
65.0,89.0,153.0,390.0,800.0,,192.0,,2007.0,8.0,1,5.0,0,0,0,0,0,0,0,0,1,0,0,5.968707559985366,5.0369526024136295,4.499809670330265,,5.262690188904886,
80.0,127.0,420.0,720.0,600.0,,384.0,,2007.0,8.0,1,5.0,0,0,0,0,0,0,0,0,1,0,0,6.580639137284949,6.042632833682381,4.852030263919617,,5.953243334287785,
80.0,65.0,420.0,720.0,650.0,,,,2007.0,5.0,1,5.0,0,0,0,0,0,0,0,0,1,0,0,6.580639137284949,6.042632833682381,4.189654742026425,,,
55.0,65.0,192.0,666.0,777.0,,497.3,99.46,2007.0,11.0,1,5.0,0,0,0,0,0,0,0,0,1,0,0,6.502790045915623,5.262690188904886,4.189654742026425,,6.211202305287359,4.609759638321899
55.0,65.0,192.0,666.0,650.0,,,,2007.0,11.0,1,5.0,0,0,0,0,0,0,0,0,1,0,0,6.502790045915623,5.262690188904886,4.189654742026425,,,
80.0,159.0,420.0,720.0,688.0,,440.3,,2007.0,5.0,1,5.0,0,0,0,0,0,0,0,0,1,0,0,6.580639137284949,6.042632833682381,5.075173815233827,,6.089724916275501,
80.0,65.0,420.0,720.0,688.0,,440.3,,2007.0,8.0,1,5.0,0,0,0,0,0,0,0,0,1,0,0,6.580639137284949,6.042632833682381,4.189654742026425,,6.089724916275501,
65.0,65.0,153.0,390.0,500.0,,120.0,,2007.0,5.0,1,5.0,0,0,0,0,0,0,0,0,1,0,0,5.968707559985366,5.0369526024136295,4.189654742026425,,4.795790545596741,
65.0,65.0,153.0,390.0,650.0,,,,2007.0,5.0,1,5.0,0,0,0,0,0,0,0,0,1,0,0,5.968707559985366,5.0369526024136295,4.189654742026425,,,
65.0,65.0,85.0,180.0,450.0,,36.0,,2007.0,5.0,1,5.0,0,0,0,0,0,0,0,0,1,0,0,5.198497031265826,4.454347296253507,4.189654742026425,,3.6109179126442243,
65.0,65.0,85.0,180.0,650.0,,,,2007.0,5.0,1,5.0,0,0,0,0,0,0,0,0,1,0,0,5.198497031265826,4.454347296253507,4.189654742026425,,,
65.0,65.0,85.0,180.0,600.0,,48.0,,2007.0,5.0,1,5.0,0,0,0,0,0,0,0,0,1,0,0,5.198497031265826,4.454347296253507,4.189654742026425,,3.8918202981106265,
65.0,65.0,85.0,180.0,650.0,,,,2007.0,5.0,1,5.0,0,0,0,0,0,0,0,0,1,0,0,5.198497031265826,4.454347296253507,4.189654742026425,,,
65.0,65.0,85.0,180.0,650.0,,52.0,,2007.0,6.0,1,5.0,0,0,0,0,0,0,0,0,1,0,0,5.198497031265826,4.454347296253507,4.189654742026425,,3.970291913552122,
65.0,65.0,153.0,390.0,500.0,,120.0,,2007.0,5.0,1,5.0,0,0,0,0,0,0,0,0,1,0,0,5.968707559985366,5.0369526024136295,4.189654742026425,,4.795790545596741,
65.0,65.0,153.0,390.0,680.0,,163.2,,2007.0,5.0,1,5.0,0,0,0,0,0,0,0,0,1,0,0,5.968707559985366,5.0369526024136295,4.189654742026425,,5.101085197018328,
65.0,65.0,153.0,390.0,600.0,,144.0,,2007.0,7.0,1,5.0,0,0,0,0,0,0,0,0,1,0,0,5.968707559985366,5.0369526024136295,4.189654742026425,,4.976733742420574,
65.0,35.0,153.0,390.0,650.0,,156.0,,2007.0,12.0,1,5.0,0,0,0,0,0,0,0,0,1,0,0,5.968707559985366,5.0369526024136295,3.58351893845611,,5.056245805348308,
90.0,65.0,150.0,157.0,398.0,,,,2007.0,11.0,1,5.0,0,0,0,0,0,0,0,0,1,0,0,5.062595033026967,5.017279836814924,4.189654742026425,,,
90.0,65.0,150.0,157.0,650.0,,,,2006.0,2.0,1,5.0,0,0,0,0,0,0,0,0,1,0,0,5.062595033026967,5.017279836814924,4.189654742026425,,,
90.0,65.0,150.0,157.0,460.0,,,,2007.0,6.0,1,5.0,0,0,0,0,0,0,0,0,1,0,0,5.062595033026967,5.017279836814924,4.189654742026425,,,
90.0,65.0,150.0,157.0,650.0,,,,2006.0,2.0,1,5.0,0,0,0,0,0,0,0,0,1,0,0,5.062595033026967,5.017279836814924,4.189654742026425,,,
65.0,25.0,85.0,180.0,600.0,,48.0,,2007.0,6.0,1,5.0,0,0,0,0,0,0,0,0,1,0,0,5.198497031265826,4.454347296253507,3.258096538021482,,3.8918202981106265,
65.0,65.0,85.0,180.0,650.0,,,,,,1,5.0,0,0,0,0,0,0,0,0,1,0,0,5.198497031265826,4.454347296253507,4.189654742026425,,,
65.0,20.0,85.0,180.0,525.0,,42.0,,2007.0,6.0,1,5.0,0,0,0,0,0,0,0,0,1,0,0,5.198497031265826,4.454347296253507,3.044522437723423,,3.7612001156935624,
65.0,20.0,85.0,180.0,525.0,,42.0,,2007.0,6.0,1,5.0,0,0,0,0,0,0,0,0,1,0,0,5.198497031265826,4.454347296253507,3.044522437723423,,3.7612001156935624,
65.0,20.0,85.0,180.0,525.0,,42.0,,2007.0,6.0,1,5.0,0,0,0,0,0,0,0,0,1,0,0,5.198497031265826,4.454347296253507,3.044522437723423,,3.7612001156935624,
65.0,25.0,85.0,180.0,650.0,,52.0,,2007.0,6.0,1,5.0,0,0,0,0,0,0,0,0,1,0,0,5.198497031265826,4.454347296253507,3.258096538021482,,3.970291913552122,
65.0,35.0,153.0,390.0,600.0,,144.0,,2007.0,6.0,1,5.0,0,0,0,0,0,0,0,0,1,0,0,5.968707559985366,5.0369526024136295,3.58351893845611,,4.976733742420574,
65.0,35.0,153.0,390.0,594.0,,142.6,,2007.0,6.0,1,5.0,0,0,0,0,0,0,0,0,1,0,0,5.968707559985366,5.0369526024136295,3.58351893845611,,4.9670316566141235,
65.0,50.0,153.0,390.0,800.0,,192.0,,2007.0,6.0,1,5.0,0,0,0,0,0,0,0,0,1,0,0,5.968707559985366,5.0369526024136295,3.9318256327243257,,5.262690188904886,
65.0,45.0,153.0,390.0,800.0,,192.0,,2007.0,6.0,1,5.0,0,0,0,0,0,0,0,0,1,0,0,5.968707559985366,5.0369526024136295,3.828641396489095,,5.262690188904886,
55.0,45.0,135.0,378.0,722.0,,173.3,,2007.0,6.0,1,5.0,0,0,0,0,0,0,0,0,1,0,0,5.937536205082426,4.912654885736052,3.828641396489095,,5.160777952525975,
55.0,65.0,135.0,378.0,650.0,,,,2007.0,6.0,1,5.0,0,0,0,0,0,0,0,0,1,0,0,5.937536205082426,4.912654885736052,4.189654742026425,,,
65.0,45.0,153.0,390.0,800.0,,192.0,,2007.0,6.0,1,5.0,0,0,0,0,0,0,0,0,1,0,0,5.968707559985366,5.0369526024136295,3.828641396489095,,5.262690188904886,
65.0,65.0,153.0,390.0,800.0,,192.0,,2007.0,7.0,1,5.0,0,0,0,0,0,0,0,0,1,0,0,5.968707559985366,5.0369526024136295,4.189654742026425,,5.262690188904886,
80.0,150.0,420.0,720.0,601.0,,288.5,,2007.0,11.0,1,5.0,0,0,0,0,0,0,0,0,1,0,0,6.580639137284949,6.042632833682381,5.017279836814924,,5.66815529701305,
80.0,200.0,420.0,720.0,600.0,,384.0,,2007.0,12.0,1,5.0,0,0,0,0,0,0,0,0,1,0,0,6.580639137284949,6.042632833682381,5.303304908059076,,5.953243334287785,
80.0,215.0,420.0,720.0,743.0,,475.5,,2007.0,5.0,1,5.0,0,0,0,0,0,0,0,0,1,0,0,6.580639137284949,6.042632833682381,5.375278407684165,,6.166467723094256,
55.0,75.0,192.0,666.0,600.0,,384.0,76.8,,,1,5.0,0,0,0,0,0,0,0,0,1,0,0,6.502790045915623,5.262690188904886,4.330733340286331,,5.953243334287785,4.354141431184346
55.0,110.0,192.0,666.0,777.0,,497.3,99.46,,,1,5.0,0,0,0,0,0,0,0,0,1,0,0,6.502790045915623,5.262690188904886,4.709530201312334,,6.211202305287359,4.609759638321899
55.0,25.0,67.0,181.0,600.0,,48.0,,2007.0,12.0,1,5.0,0,0,0,0,0,0,0,0,1,0,0,5.204006687076795,4.219507705176107,3.258096538021482,,3.8918202981106265,
55.0,65.0,67.0,181.0,650.0,,,,2007.0,12.0,1,5.0,0,0,0,0,0,0,0,0,1,0,0,5.204006687076795,4.219507705176107,4.189654742026425,,,
55.0,50.0,67.0,181.0,600.0,,48.0,,2007.0,12.0,1,5.0,0,0,0,0,0,0,0,0,1,0,0,5.204006687076795,4.219507705176107,3.9318256327243257,,3.8918202981106265,
55.0,75.0,192.0,666.0,668.0,,427.5,85.5,2007.0,11.0,1,5.0,0,0,0,0,0,0,0,0,1,0,0,6.502790045915623,5.262690188904886,4.330733340286331,,6.060290738037835,4.460144413937834
55.0,106.0,192.0,666.0,777.0,,497.3,99.46,2007.0,11.0,1,5.0,0,0,0,0,0,0,0,0,1,0,0,6.502790045915623,5.262690188904886,4.672828834461906,,6.211202305287359,4.609759638321899
55.0,106.0,192.0,666.0,777.0,,497.3,99.46,,,1,5.0,0,0,0,0,0,0,0,0,1,0,0,6.502790045915623,5.262690188904886,4.672828834461906,,6.211202305287359,4.609759638321899
130.0,24.0,76.0,60.0,250.0,,,,2007.0,11.0,1,5.0,0,0,0,0,0,0,0,0,1,0,0,4.110873864173311,4.343805421853684,3.2188758248682006,,,
90.0,41.0,150.0,157.0,500.0,,,,2007.0,10.0,1,5.0,0,0,0,0,0,0,0,0,1,0,0,5.062595033026967,5.017279836814924,3.7376696182833684,,,
90.0,65.0,100.0,105.0,635.0,,,,2007.0,11.0,1,5.0,0,0,0,0,0,0,0,0,0,1,0,4.663439094112067,4.61512051684126,4.189654742026425,,,
80.0,65.0,230.0,312.0,400.0,,,,2007.0,5.0,1,5.0,0,0,0,0,0,0,0,0,1,0,0,5.746203190540153,5.442417710521793,4.189654742026425,,,
90.0,65.0,150.0,157.0,587.0,,,,2007.0,12.0,1,5.0,0,0,0,0,0,0,0,0,1,0,0,5.062595033026967,5.017279836814924,4.189654742026425,,,
80.0,44.0,131.0,157.0,587.0,,,,2007.0,11.0,1,5.0,0,0,0,0,0,0,0,0,1,0,0,5.062595033026967,4.882801922586371,3.8066624897703196,,,
80.0,50.0,230.0,312.0,500.0,,,,2007.0,11.0,1,5.0,0,0,0,0,0,0,0,0,1,0,0,5.746203190540153,5.442417710521793,3.9318256327243257,,,
130.0,40.0,281.0,160.0,473.0,,,,2007.0,11.0,1,5.0,0,0,0,0,0,0,0,0,1,0,0,5.081404364984463,5.641907070938114,3.713572066704308,,,
130.0,49.0,289.0,160.0,400.0,,,,2007.0,12.0,1,5.0,0,0,0,0,0,0,0,0,1,0,0,5.081404364984463,5.66988092298052,3.912023005428146,,,
130.0,49.0,281.0,160.0,400.0,,,,2007.0,11.0,1,5.0,0,0,0,0,0,0,0,0,1,0,0,5.081404364984463,5.641907070938114,3.912023005428146,,,
130.0,65.0,73.0,1170.0,300.0,,,,2007.0,10.0,1,5.0,0,0,0,0,0,0,0,0,0,0,1,7.065613363597717,4.30406509320417,4.189654742026425,,,
110.0,65.0,73.0,1170.0,400.0,,,,2007.0,10.0,1,5.0,0,0,0,0,0,0,0,0,1,0,0,7.065613363597717,4.30406509320417,4.189654742026425,,,
80.0,175.0,156.0,232.0,500.0,,240.0,,2007.0,10.0,1,5.0,0,0,0,0,0,0,0,0,1,0,0,5.4510384535657,5.056245805348308,5.170483995038151,,5.484796933490655,
80.0,65.0,156.0,232.0,650.0,,,,2007.0,10.0,1,5.0,0,0,0,0,0,0,0,0,1,0,0,5.4510384535657,5.056245805348308,4.189654742026425,,,
90.0,13.0,169.0,1170.0,400.0,,,,2007.0,5.0,1,7.0,0,0,0,1,0,0,0,0,0,0,0,7.065613363597717,5.135798437050262,2.6390573296152584,,,
90.0,65.0,169.0,1170.0,650.0,,,,2007.0,5.0,1,7.0,0,0,0,1,0,0,0,0,0,0,0,7.065613363597717,5.135798437050262,4.189654742026425,,,
90.0,13.0,169.0,1170.0,400.0,,,,2007.0,5.0,1,7.0,0,0,0,1,0,0,0,0,0,0,0,7.065613363597717,5.135798437050262,2.6390573296152584,,,
90.0,13.0,169.0,1170.0,400.0,,,,2007.0,5.0,1,7.0,0,0,0,1,0,0,0,0,0,0,0,7.065613363597717,5.135798437050262,2.6390573296152584,,,
45.0,13.0,66.0,123.0,400.0,,12.8,,2007.0,5.0,1,7.0,0,0,0,1,0,0,0,0,0,0,0,4.820281565605037,4.204692619390966,2.6390573296152584,,2.624668592163159,
45.0,65.0,66.0,123.0,650.0,,,,2007.0,5.0,1,7.0,0,0,0,1,0,0,0,0,0,0,0,4.820281565605037,4.204692619390966,4.189654742026425,,,
45.0,13.0,66.0,123.0,400.0,,12.8,,2007.0,5.0,1,7.0,0,0,0,1,0,0,0,0,0,0,0,4.820281565605037,4.204692619390966,2.6390573296152584,,2.624668592163159,
90.0,13.0,169.0,1170.0,500.0,,,,2007.0,5.0,1,7.0,0,0,0,1,0,0,0,0,0,0,0,7.065613363597717,5.135798437050262,2.6390573296152584,,,
90.0,65.0,169.0,1170.0,650.0,,,,2007.0,5.0,1,7.0,0,0,0,1,0,0,0,0,0,0,0,7.065613363597717,5.135798437050262,4.189654742026425,,,
90.0,13.0,169.0,1170.0,500.0,,,,2007.0,5.0,1,7.0,0,0,0,1,0,0,0,0,0,0,0,7.065613363597717,5.135798437050262,2.6390573296152584,,,
90.0,13.0,169.0,1170.0,667.0,,,,2007.0,8.0,1,7.0,0,0,0,1,0,0,0,0,0,0,0,7.065613363597717,5.135798437050262,2.6390573296152584,,,
90.0,65.0,81.0,112.0,500.0,,,,2007.0,10.0,1,8.0,0,0,0,0,0,0,0,0,0,0,1,4.727387818712341,4.406719247264253,4.189654742026425,,,
90.0,65.0,81.0,112.0,650.0,,,,2007.0,10.0,1,8.0,0,0,0,0,0,0,0,0,0,0,1,4.727387818712341,4.406719247264253,4.189654742026425,,,
90.0,65.0,81.0,112.0,500.0,,,,2007.0,10.0,1,8.0,0,0,0,0,0,0,0,0,0,0,1,4.727387818712341,4.406719247264253,4.189654742026425,,,
90.0,65.0,81.0,112.0,600.0,,,,2007.0,10.0,1,8.0,0,0,0,0,0,0,0,0,0,0,1,4.727387818712341,4.406719247264253,4.189654742026425,,,
90.0,65.0,81.0,112.0,630.0,,,,2007.0,11.0,1,8.0,0,0,0,0,0,0,0,0,0,0,1,4.727387818712341,4.406719247264253,4.189654742026425,,,
90.0,65.0,81.0,112.0,425.0,,,,2007.0,11.0,1,8.0,0,0,0,0,0,0,0,0,0,0,1,4.727387818712341,4.406719247264253,4.189654742026425,,,
90.0,65.0,81.0,112.0,650.0,,,,2006.0,2.0,1,8.0,0,0,0,0,0,0,0,0,0,0,1,4.727387818712341,4.406719247264253,4.189654742026425,,,
65.0,25.0,86.0,210.0,540.0,,20.8,,2007.0,12.0,1,8.0,0,0,0,0,0,0,0,0,0,1,0,5.351858133476067,4.465908118654584,3.258096538021482,,3.0819099697950434,
65.0,65.0,86.0,210.0,650.0,,,,2007.0,12.0,1,8.0,0,0,0,0,0,0,0,0,0,1,0,5.351858133476067,4.465908118654584,4.189654742026425,,,
65.0,25.0,86.0,210.0,567.0,,22.4,,2007.0,12.0,1,8.0,0,0,0,0,0,0,0,0,0,1,0,5.351858133476067,4.465908118654584,3.258096538021482,,3.152736022363656,
65.0,25.0,86.0,210.0,567.0,,22.4,,2007.0,12.0,1,8.0,0,0,0,0,0,0,0,0,0,1,0,5.351858133476067,4.465908118654584,3.258096538021482,,3.152736022363656,
80.0,10.0,127.0,210.0,400.0,,12.8,,2007.0,5.0,1,8.0,0,0,0,0,0,0,0,0,1,0,0,5.351858133476067,4.852030263919617,2.3978952727983707,,2.624668592163159,
80.0,65.0,127.0,210.0,650.0,,,,2007.0,4.0,1,8.0,0,0,0,0,0,0,0,0,1,0,0,5.351858133476067,4.852030263919617,4.189654742026425,,,
80.0,11.0,127.0,210.0,400.0,,25.6,,2007.0,5.0,1,8.0,0,0,0,0,0,0,0,0,1,0,0,5.351858133476067,4.852030263919617,2.4849066497880004,,3.2809112157876537,
80.0,65.0,127.0,210.0,650.0,,,,2007.0,4.0,1,8.0,0,0,0,0,0,0,0,0,1,0,0,5.351858133476067,4.852030263919617,4.189654742026425,,,
80.0,14.0,127.0,210.0,450.0,,28.8,,2007.0,5.0,1,8.0,0,0,0,0,0,0,0,0,1,0,0,5.351858133476067,4.852030263919617,2.70805020110221,,3.3945083935113587,
80.0,75.0,169.0,289.0,675.0,,92.8,,2007.0,9.0,1,8.0,0,0,0,0,0,0,0,0,1,0,0,5.66988092298052,5.135798437050262,4.330733340286331,,4.541164856012179,
80.0,65.0,169.0,289.0,650.0,,,,2007.0,4.0,1,8.0,0,0,0,0,0,0,0,0,1,0,0,5.66988092298052,5.135798437050262,4.189654742026425,,,
80.0,20.0,127.0,210.0,450.0,,28.8,,2007.0,5.0,1,8.0,0,0,0,0,0,0,0,0,1,0,0,5.351858133476067,4.852030263919617,3.044522437723423,,3.3945083935113587,
80.0,20.0,169.0,289.0,475.0,,60.8,,2007.0,12.0,1,8.0,0,0,0,0,0,0,0,0,1,0,0,5.66988092298052,5.135798437050262,3.044522437723423,,4.123903364463645,
80.0,20.0,169.0,289.0,475.0,,60.8,,2007.0,5.0,1,8.0,0,0,0,0,0,0,0,0,1,0,0,5.66988092298052,5.135798437050262,3.044522437723423,,4.123903364463645,
80.0,20.0,169.0,289.0,470.0,,60.16,,2007.0,10.0,1,8.0,0,0,0,0,0,0,0,0,1,0,0,5.66988092298052,5.135798437050262,3.044522437723423,,4.113493381060861,
80.0,29.0,169.0,289.0,625.0,,80.0,,2007.0,6.0,1,8.0,0,0,0,0,0,0,0,0,1,0,0,5.66988092298052,5.135798437050262,3.4011973816621555,,4.394449154672439,
65.0,125.0,324.0,754.0,600.0,,336.0,,2007.0,10.0,1,8.0,0,0,0,0,0,0,0,0,1,0,0,6.626717749249025,5.783825182329737,4.836281906951478,,5.820082930352362,
65.0,65.0,324.0,754.0,650.0,,,,2007.0,10.0,1,8.0,0,0,0,0,0,0,0,0,1,0,0,6.626717749249025,5.783825182329737,4.189654742026425,,,
65.0,135.0,324.0,754.0,650.0,,416.0,,2007.0,12.0,1,8.0,0,0,0,0,0,0,0,0,1,0,0,6.626717749249025,5.783825182329737,4.912654885736052,,6.0330862217988015,
90.0,150.0,484.0,681.0,500.0,,268.8,,2007.0,11.0,1,8.0,0,0,0,0,0,0,0,0,1,0,0,6.525029657843462,6.184148890937483,5.017279836814924,,5.597680943773655,
90.0,171.0,484.0,681.0,612.0,,387.1,,2007.0,5.0,1,8.0,0,0,0,0,0,0,0,0,1,0,0,6.525029657843462,6.184148890937483,5.147494476813453,,5.96126303837486,
65.0,50.0,324.0,754.0,500.0,,160.0,,2007.0,11.0,1,8.0,0,0,0,0,0,0,0,0,1,0,0,6.626717749249025,5.783825182329737,3.9318256327243257,,5.081404364984463,
65.0,65.0,324.0,754.0,500.0,,240.0,,2007.0,11.0,1,8.0,0,0,0,0,0,0,0,0,1,0,0,6.626717749249025,5.783825182329737,4.189654742026425,,5.484796933490655,
80.0,50.0,169.0,289.0,625.0,,80.0,,2007.0,6.0,1,8.0,0,0,0,0,0,0,0,0,1,0,0,5.66988092298052,5.135798437050262,3.9318256327243257,,4.394449154672439,
80.0,42.0,169.0,289.0,460.0,,58.88,,2007.0,9.0,1,8.0,0,0,0,0,0,0,0,0,1,0,0,5.66988092298052,5.135798437050262,3.7612001156935624,,4.092342559551428,
80.0,17.0,127.0,210.0,400.0,,25.6,,2007.0,5.0,1,8.0,0,0,0,0,0,0,0,0,1,0,0,5.351858133476067,4.852030263919617,2.8903717578961645,,3.2809112157876537,
80.0,35.0,169.0,289.0,360.0,,23.04,,2007.0,9.0,1,8.0,0,0,0,0,0,0,0,0,1,0,0,5.66988092298052,5.135798437050262,3.58351893845611,,3.179719109667007,
65.0,38.0,144.0,314.0,580.0,,44.8,,2007.0,9.0,1,8.0,0,0,0,0,0,0,0,0,0,0,1,5.752572638825633,4.976733742420574,3.6635616461296463,,3.824284091120139,
65.0,65.0,144.0,314.0,650.0,,,,2007.0,4.0,1,8.0,0,0,0,0,0,0,0,0,0,0,1,5.752572638825633,4.976733742420574,4.189654742026425,,,
80.0,38.0,169.0,289.0,460.0,,29.44,,2007.0,9.0,1,8.0,0,0,0,0,0,0,0,0,1,0,0,5.66988092298052,5.135798437050262,3.6635616461296463,,3.415757532993485,
80.0,45.0,169.0,289.0,475.0,,60.8,,2007.0,6.0,1,8.0,0,0,0,0,0,0,0,0,1,0,0,5.66988092298052,5.135798437050262,3.828641396489095,,4.123903364463645,
80.0,10.0,127.0,210.0,400.0,,12.8,,2007.0,5.0,1,8.0,0,0,0,0,0,0,0,0,1,0,0,5.351858133476067,4.852030263919617,2.3978952727983707,,2.624668592163159,
80.0,10.0,127.0,210.0,400.0,,25.6,,2007.0,5.0,1,8.0,0,0,0,0,0,0,0,0,1,0,0,5.351858133476067,4.852030263919617,2.3978952727983707,,3.2809112157876537,
80.0,10.0,127.0,210.0,400.0,,25.6,,2007.0,5.0,1,8.0,0,0,0,0,0,0,0,0,1,0,0,5.351858133476067,4.852030263919617,2.3978952727983707,,3.2809112157876537,
80.0,21.0,127.0,210.0,459.0,,29.38,,2007.0,10.0,1,8.0,0,0,0,0,0,0,0,0,1,0,0,5.351858133476067,4.852030263919617,3.091042453358316,,3.4137844971676268,
80.0,20.0,169.0,289.0,575.0,,73.6,,2007.0,6.0,1,8.0,0,0,0,0,0,0,0,0,1,0,0,5.66988092298052,5.135798437050262,3.044522437723423,,4.312140507209715,
90.0,171.0,484.0,681.0,600.0,,345.6,,2007.0,5.0,1,8.0,0,0,0,0,0,0,0,0,1,0,0,6.525029657843462,6.184148890937483,5.147494476813453,,5.848171377281505,
90.0,520.0,484.0,681.0,600.0,,345.6,,2007.0,5.0,1,8.0,0,0,0,0,0,0,0,0,1,0,0,6.525029657843462,6.184148890937483,6.255750041753367,,5.848171377281505,
90.0,800.0,484.0,681.0,600.0,,345.6,,2007.0,5.0,1,8.0,0,0,0,0,0,0,0,0,1,0,0,6.525029657843462,6.184148890937483,6.68586094706836,,5.848171377281505,
65.0,45.0,60.0,54.0,147.0,,,,2007.0,7.0,1,4.0,0,0,0,0,0,0,0,1,0,0,0,4.007333185232471,4.110873864173311,3.828641396489095,,,
65.0,65.0,60.0,54.0,650.0,,,,2007.0,7.0,1,4.0,0,0,0,0,0,0,0,1,0,0,0,4.007333185232471,4.110873864173311,4.189654742026425,,,
65.0,4.0,169.0,1170.0,133.0,,,,2007.0,8.0,1,4.0,0,0,0,0,0,0,0,1,0,0,0,7.065613363597717,5.135798437050262,1.6094379124341003,,,
65.0,65.0,169.0,1170.0,650.0,,,,2007.0,8.0,1,4.0,0,0,0,0,0,0,0,1,0,0,0,7.065613363597717,5.135798437050262,4.189654742026425,,,
55.0,150.0,256.0,956.0,625.0,,1000.0,200.0,2008.0,6.0,1,6.0,0,0,0,0,0,0,0,0,1,0,0,6.863803391452954,5.54907608489522,5.017279836814924,,6.90875477931522,5.303304908059076
55.0,65.0,256.0,956.0,650.0,,,,2008.0,6.0,1,6.0,0,0,0,0,0,0,0,0,1,0,0,6.863803391452954,5.54907608489522,4.189654742026425,,,
55.0,160.0,256.0,956.0,750.0,,1200.0,240.0,2008.0,11.0,1,6.0,0,0,0,0,0,0,0,0,1,0,0,6.863803391452954,5.54907608489522,5.081404364984463,,7.0909098220799835,5.484796933490655
55.0,55.0,169.0,1170.0,725.0,,174.0,,2008.0,6.0,1,5.0,0,0,0,0,0,0,0,0,1,0,0,7.065613363597717,5.135798437050262,4.02535169073515,,5.1647859739235145,
55.0,32.0,67.0,181.0,800.0,,64.0,,2008.0,8.0,1,5.0,0,0,0,0,0,0,0,0,1,0,0,5.204006687076795,4.219507705176107,3.4965075614664802,,4.174387269895637,
55.0,48.0,146.0,514.0,550.0,,352.0,,2008.0,9.0,1,5.0,0,0,0,0,0,0,0,0,1,0,0,6.244166900663736,4.990432586778736,3.8918202981106265,,5.8664680569332965,
55.0,65.0,146.0,514.0,650.0,,,,2008.0,8.0,1,5.0,0,0,0,0,0,0,0,0,1,0,0,6.244166900663736,4.990432586778736,4.189654742026425,,,
55.0,56.0,146.0,514.0,700.0,,448.0,,2008.0,8.0,1,5.0,0,0,0,0,0,0,0,0,1,0,0,6.244166900663736,4.990432586778736,4.04305126783455,,6.1070228877422545,
55.0,151.0,256.0,956.0,750.0,,1200.0,240.0,2008.0,9.0,1,5.0,0,0,0,0,0,0,0,0,1,0,0,6.863803391452954,5.54907608489522,5.0238805208462765,,7.0909098220799835,5.484796933490655
55.0,65.0,256.0,956.0,650.0,,,,2008.0,6.0,1,5.0,0,0,0,0,0,0,0,0,1,0,0,6.863803391452954,5.54907608489522,4.189654742026425,,,
55.0,151.0,256.0,956.0,750.0,,1200.0,240.0,2008.0,7.0,1,5.0,0,0,0,0,0,0,0,0,1,0,0,6.863803391452954,5.54907608489522,5.0238805208462765,,7.0909098220799835,5.484796933490655
55.0,7.0,67.0,181.0,400.0,,32.0,,2008.0,7.0,1,5.0,0,0,0,0,0,0,0,0,1,0,0,5.204006687076795,4.219507705176107,2.0794415416798357,,3.4965075614664802,
55.0,65.0,67.0,181.0,650.0,,,,2008.0,1.0,1,5.0,0,0,0,0,0,0,0,0,1,0,0,5.204006687076795,4.219507705176107,4.189654742026425,,,
55.0,12.0,67.0,181.0,450.0,,36.0,,2008.0,7.0,1,5.0,0,0,0,0,0,0,0,0,1,0,0,5.204006687076795,4.219507705176107,2.5649493574615367,,3.6109179126442243,
55.0,110.0,192.0,666.0,660.0,,422.4,84.48,2008.0,9.0,1,5.0,0,0,0,0,0,0,0,0,1,0,0,6.502790045915623,5.262690188904886,4.709530201312334,,6.048317358700765,4.448282430450947
55.0,65.0,192.0,666.0,650.0,,,,2008.0,6.0,1,5.0,0,0,0,0,0,0,0,0,1,0,0,6.502790045915623,5.262690188904886,4.189654742026425,,,
65.0,65.0,85.0,180.0,350.0,,28.0,,2008.0,8.0,1,5.0,0,0,0,0,0,0,0,0,0,0,1,5.198497031265826,4.454347296253507,4.189654742026425,,3.367295829986474,
65.0,65.0,85.0,180.0,650.0,,,,2008.0,3.0,1,5.0,0,0,0,0,0,0,0,0,0,0,1,5.198497031265826,4.454347296253507,4.189654742026425,,,
65.0,65.0,85.0,180.0,500.0,,40.0,,2008.0,8.0,1,5.0,0,0,0,0,0,0,0,0,0,0,1,5.198497031265826,4.454347296253507,4.189654742026425,,3.713572066704308,
55.0,30.0,67.0,181.0,594.0,,47.52,,2008.0,8.0,1,5.0,0,0,0,0,0,0,0,0,1,0,0,5.204006687076795,4.219507705176107,3.4339872044851463,,3.8819760840758493,
55.0,65.0,135.0,378.0,722.0,,173.3,,2008.0,10.0,1,5.0,0,0,0,0,0,0,0,0,1,0,0,5.937536205082426,4.912654885736052,4.189654742026425,,5.160777952525975,
55.0,65.0,135.0,378.0,796.0,,191.0,,2008.0,9.0,1,5.0,0,0,0,0,0,0,0,0,1,0,0,5.937536205082426,4.912654885736052,4.189654742026425,,5.2574953720277815,
55.0,20.0,73.0,242.0,600.0,,96.0,,2008.0,9.0,1,5.0,0,0,0,0,0,0,0,0,1,0,0,5.493061443340548,4.30406509320417,3.044522437723423,,4.574710978503383,
55.0,65.0,73.0,242.0,650.0,,,,2008.0,9.0,1,5.0,0,0,0,0,0,0,0,0,1,0,0,5.493061443340548,4.30406509320417,4.189654742026425,,,
55.0,20.0,73.0,242.0,600.0,,96.0,,2008.0,9.0,1,5.0,0,0,0,0,0,0,0,0,1,0,0,5.493061443340548,4.30406509320417,3.044522437723423,,4.574710978503383,
55.0,20.0,73.0,242.0,600.0,,96.0,,2008.0,9.0,1,5.0,0,0,0,0,0,0,0,0,1,0,0,5.493061443340548,4.30406509320417,3.044522437723423,,4.574710978503383,
55.0,20.0,73.0,242.0,600.0,,96.0,,2008.0,9.0,1,5.0,0,0,0,0,0,0,0,0,1,0,0,5.493061443340548,4.30406509320417,3.044522437723423,,4.574710978503383,
55.0,25.0,73.0,242.0,600.0,,96.0,,2008.0,9.0,1,5.0,0,0,0,0,0,0,0,0,1,0,0,5.493061443340548,4.30406509320417,3.258096538021482,,4.574710978503383,
55.0,25.0,73.0,242.0,650.0,,104.0,,2008.0,11.0,1,5.0,0,0,0,0,0,0,0,0,1,0,0,5.493061443340548,4.30406509320417,3.258096538021482,,4.653960350157523,
55.0,48.0,146.0,514.0,600.0,,384.0,,2008.0,9.0,1,5.0,0,0,0,0,0,0,0,0,1,0,0,6.244166900663736,4.990432586778736,3.8918202981106265,,5.953243334287785,
55.0,48.0,146.0,514.0,600.0,,384.0,,2008.0,9.0,1,5.0,0,0,0,0,0,0,0,0,1,0,0,6.244166900663736,4.990432586778736,3.8918202981106265,,5.953243334287785,
55.0,59.0,146.0,514.0,750.0,,480.0,,2008.0,9.0,1,5.0,0,0,0,0,0,0,0,0,1,0,0,6.244166900663736,4.990432586778736,4.0943445622221,,6.175867270105761,
55.0,118.0,146.0,514.0,750.0,,480.0,,2008.0,9.0,1,5.0,0,0,0,0,0,0,0,0,1,0,0,6.244166900663736,4.990432586778736,4.77912349311153,,6.175867270105761,
55.0,59.0,146.0,514.0,750.0,,480.0,,2008.0,9.0,1,5.0,0,0,0,0,0,0,0,0,1,0,0,6.244166900663736,4.990432586778736,4.0943445622221,,6.175867270105761,
55.0,110.0,192.0,666.0,669.0,,428.2,85.63,2008.0,12.0,1,5.0,0,0,0,0,0,0,0,0,1,0,0,6.502790045915623,5.262690188904886,4.709530201312334,,6.061923010756543,4.4616461759020485
55.0,95.0,256.0,956.0,575.0,,736.0,147.2,2008.0,10.0,1,5.0,0,0,0,0,0,0,0,0,1,0,0,6.863803391452954,5.54907608489522,4.564348191467836,,6.602587892189336,4.998562712861986
55.0,110.0,256.0,956.0,625.0,,1000.0,200.0,2008.0,6.0,1,5.0,0,0,0,0,0,0,0,0,1,0,0,6.863803391452954,5.54907608489522,4.709530201312334,,6.90875477931522,5.303304908059076
55.0,250.0,256.0,956.0,625.0,,1000.0,200.0,2008.0,11.0,1,5.0,0,0,0,0,0,0,0,0,1,0,0,6.863803391452954,5.54907608489522,5.5254529391317835,,6.90875477931522,5.303304908059076
55.0,65.0,256.0,956.0,650.0,,,,2008.0,8.0,1,5.0,0,0,0,0,0,0,0,0,1,0,0,6.863803391452954,5.54907608489522,4.189654742026425,,,
55.0,150.0,256.0,956.0,750.0,,1200.0,240.0,2008.0,6.0,1,5.0,0,0,0,0,0,0,0,0,1,0,0,6.863803391452954,5.54907608489522,5.017279836814924,,7.0909098220799835,5.484796933490655
55.0,286.0,256.0,956.0,750.0,,1200.0,240.0,2008.0,8.0,1,5.0,0,0,0,0,0,0,0,0,1,0,0,6.863803391452954,5.54907608489522,5.659482215759621,,7.0909098220799835,5.484796933490655
65.0,150.0,121.0,232.0,500.0,,240.0,,2008.0,8.0,1,5.0,0,0,0,0,0,0,0,0,1,0,0,5.4510384535657,4.804021044733257,5.017279836814924,,5.484796933490655,
65.0,65.0,121.0,232.0,650.0,,,,2008.0,8.0,1,5.0,0,0,0,0,0,0,0,0,1,0,0,5.4510384535657,4.804021044733257,4.189654742026425,,,
65.0,13.0,169.0,1170.0,400.0,,25.6,,2008.0,10.0,1,7.0,0,0,0,1,0,0,0,0,0,0,0,7.065613363597717,5.135798437050262,2.6390573296152584,,3.2809112157876537,
65.0,65.0,169.0,1170.0,650.0,,,,2008.0,10.0,1,7.0,0,0,0,1,0,0,0,0,0,0,0,7.065613363597717,5.135798437050262,4.189654742026425,,,
65.0,13.0,169.0,1170.0,640.0,,40.96,,2008.0,10.0,1,7.0,0,0,0,1,0,0,0,0,0,0,0,7.065613363597717,5.135798437050262,2.6390573296152584,,3.7367167835280966,
65.0,13.0,169.0,1170.0,400.0,,64.0,,2008.0,10.0,1,7.0,0,0,0,1,0,0,0,0,0,0,0,7.065613363597717,5.135798437050262,2.6390573296152584,,4.174387269895637,
65.0,65.0,169.0,1170.0,650.0,,,,2008.0,6.0,1,7.0,0,0,0,1,0,0,0,0,0,0,0,7.065613363597717,5.135798437050262,4.189654742026425,,,
65.0,13.0,169.0,1170.0,533.0,,85.28,,2008.0,9.0,1,7.0,0,0,0,1,0,0,0,0,0,0,0,7.065613363597717,5.135798437050262,2.6390573296152584,,4.457597821520956,
65.0,65.0,169.0,1170.0,650.0,,,,2008.0,9.0,1,7.0,0,0,0,1,0,0,0,0,0,0,0,7.065613363597717,5.135798437050262,4.189654742026425,,,
65.0,13.0,169.0,1170.0,640.0,,102.4,,2008.0,10.0,1,7.0,0,0,0,1,0,0,0,0,0,0,0,7.065613363597717,5.135798437050262,2.6390573296152584,,4.638604962074329,
65.0,65.0,169.0,1170.0,650.0,,,,2008.0,10.0,1,7.0,0,0,0,1,0,0,0,0,0,0,0,7.065613363597717,5.135798437050262,4.189654742026425,,,
80.0,50.0,127.0,210.0,459.0,,29.38,,2008.0,8.0,1,8.0,0,0,0,0,0,0,0,0,1,0,0,5.351858133476067,4.852030263919617,3.9318256327243257,,3.4137844971676268,
80.0,12.0,127.0,210.0,450.0,,35.2,,2008.0,7.0,1,8.0,0,0,0,0,0,0,0,0,0,0,1,5.351858133476067,4.852030263919617,2.5649493574615367,,3.5890591188317256,
80.0,65.0,127.0,210.0,650.0,,,,2008.0,6.0,1,8.0,0,0,0,0,0,0,0,0,0,0,1,5.351858133476067,4.852030263919617,4.189654742026425,,,
65.0,12.0,144.0,314.0,450.0,,17.6,,2008.0,7.0,1,8.0,0,0,0,0,0,0,0,0,0,0,1,5.752572638825633,4.976733742420574,2.5649493574615367,,2.9231615807191558,
65.0,12.0,144.0,314.0,450.0,,38.4,,2008.0,10.0,1,8.0,0,0,0,0,0,0,0,0,0,0,1,5.752572638825633,4.976733742420574,2.5649493574615367,,3.673765816303888,
80.0,50.0,127.0,210.0,459.0,,29.38,,2008.0,8.0,1,8.0,0,0,0,0,0,0,0,0,1,0,0,5.351858133476067,4.852030263919617,3.9318256327243257,,3.4137844971676268,
55.0,50.0,121.0,314.0,550.0,,44.8,,2008.0,8.0,1,8.0,0,0,0,0,0,0,0,0,1,0,0,5.752572638825633,4.804021044733257,3.9318256327243257,,3.824284091120139,
55.0,65.0,121.0,314.0,650.0,,,,2008.0,6.0,1,8.0,0,0,0,0,0,0,0,0,1,0,0,5.752572638825633,4.804021044733257,4.189654742026425,,,
55.0,50.0,121.0,314.0,550.0,,44.8,,2008.0,8.0,1,8.0,0,0,0,0,0,0,0,0,1,0,0,5.752572638825633,4.804021044733257,3.9318256327243257,,3.824284091120139,
55.0,50.0,121.0,314.0,550.0,,44.8,,2008.0,8.0,1,8.0,0,0,0,0,0,0,0,0,1,0,0,5.752572638825633,4.804021044733257,3.9318256327243257,,3.824284091120139,
65.0,12.0,144.0,314.0,580.0,,44.8,,2008.0,10.0,1,8.0,0,0,0,0,0,0,0,0,0,0,1,5.752572638825633,4.976733742420574,2.5649493574615367,,3.824284091120139,
65.0,12.0,144.0,314.0,450.0,,35.2,,2008.0,10.0,1,8.0,0,0,0,0,0,0,0,0,0,0,1,5.752572638825633,4.976733742420574,2.5649493574615367,,3.5890591188317256,
65.0,12.0,144.0,314.0,450.0,,35.2,,2008.0,10.0,1,8.0,0,0,0,0,0,0,0,0,0,0,1,5.752572638825633,4.976733742420574,2.5649493574615367,,3.5890591188317256,
65.0,40.0,144.0,314.0,550.0,,88.0,,2008.0,7.0,1,8.0,0,0,0,0,0,0,0,0,0,1,0,5.752572638825633,4.976733742420574,3.713572066704308,,4.48863636973214,
65.0,65.0,144.0,314.0,650.0,,,,2008.0,6.0,1,8.0,0,0,0,0,0,0,0,0,0,1,0,5.752572638825633,4.976733742420574,4.189654742026425,,,
55.0,40.0,121.0,314.0,500.0,,80.0,,2008.0,7.0,1,8.0,0,0,0,0,0,0,0,0,1,0,0,5.752572638825633,4.804021044733257,3.713572066704308,,4.394449154672439,
65.0,50.0,144.0,314.0,600.0,,96.0,,2008.0,7.0,1,8.0,0,0,0,0,0,0,0,0,0,1,0,5.752572638825633,4.976733742420574,3.9318256327243257,,4.574710978503383,
55.0,50.0,121.0,314.0,600.0,,96.0,,2008.0,7.0,1,8.0,0,0,0,0,0,0,0,0,0,1,0,5.752572638825633,4.804021044733257,3.9318256327243257,,4.574710978503383,
55.0,65.0,121.0,314.0,650.0,,,,2008.0,7.0,1,8.0,0,0,0,0,0,0,0,0,0,1,0,5.752572638825633,4.804021044733257,4.189654742026425,,,
55.0,50.0,121.0,314.0,550.0,,89.6,,2008.0,7.0,1,8.0,0,0,0,0,0,0,0,0,1,0,0,5.752572638825633,4.804021044733257,3.9318256327243257,,4.506454213048934,
65.0,65.0,240.0,505.0,500.0,,120.0,,2008.0,7.0,1,8.0,0,0,0,0,0,0,0,0,1,0,0,6.226536669287466,5.484796933490655,4.189654742026425,,4.795790545596741,
65.0,65.0,240.0,505.0,650.0,,,,2008.0,2.0,1,8.0,0,0,0,0,0,0,0,0,1,0,0,6.226536669287466,5.484796933490655,4.189654742026425,,,
65.0,90.0,240.0,505.0,650.0,,156.0,,2008.0,10.0,1,8.0,0,0,0,0,0,0,0,0,1,0,0,6.226536669287466,5.484796933490655,4.51085950651685,,5.056245805348308,
65.0,95.0,240.0,505.0,600.0,,192.0,,2008.0,12.0,1,8.0,0,0,0,0,0,0,0,0,1,0,0,6.226536669287466,5.484796933490655,4.564348191467836,,5.262690188904886,
55.0,23.0,121.0,314.0,500.0,,80.0,,2008.0,10.0,1,8.0,0,0,0,0,0,0,0,0,1,0,0,5.752572638825633,4.804021044733257,3.1780538303479458,,4.394449154672439,
55.0,23.0,121.0,314.0,550.0,,84.8,,2008.0,8.0,1,8.0,0,0,0,0,0,0,0,0,1,0,0,5.752572638825633,4.804021044733257,3.1780538303479458,,4.4520190064939165,
65.0,45.0,144.0,314.0,625.0,,99.2,,2008.0,7.0,1,8.0,0,0,0,0,0,0,0,0,0,1,0,5.752572638825633,4.976733742420574,3.828641396489095,,4.607168188650764,
65.0,60.0,240.0,505.0,530.0,,127.2,,2008.0,7.0,1,8.0,0,0,0,0,0,0,0,0,1,0,0,6.226536669287466,5.484796933490655,4.110873864173311,,4.853591544486569,
55.0,125.0,260.0,754.0,600.0,,336.0,,2008.0,7.0,1,8.0,0,0,0,0,0,0,0,0,1,0,0,6.626717749249025,5.564520407322694,4.836281906951478,,5.820082930352362,
55.0,65.0,260.0,754.0,650.0,,,,2008.0,7.0,1,8.0,0,0,0,0,0,0,0,0,1,0,0,6.626717749249025,5.564520407322694,4.189654742026425,,,
65.0,125.0,324.0,754.0,600.0,,336.0,,2008.0,7.0,1,8.0,0,0,0,0,0,0,0,0,1,0,0,6.626717749249025,5.783825182329737,4.836281906951478,,5.820082930352362,
65.0,125.0,324.0,754.0,725.0,,448.0,,2008.0,7.0,1,8.0,0,0,0,0,0,0,0,0,1,0,0,6.626717749249025,5.783825182329737,4.836281906951478,,6.1070228877422545,
65.0,60.0,240.0,505.0,530.0,,169.6,,2008.0,11.0,1,8.0,0,0,0,0,0,0,0,0,1,0,0,6.226536669287466,5.484796933490655,4.110873864173311,,5.139321635057579,
65.0,65.0,324.0,754.0,500.0,,240.0,,2008.0,7.0,1,8.0,0,0,0,0,0,0,0,0,1,0,0,6.626717749249025,5.783825182329737,4.189654742026425,,5.484796933490655,
65.0,75.0,240.0,505.0,600.0,,192.0,,2008.0,7.0,1,8.0,0,0,0,0,0,0,0,0,1,0,0,6.226536669287466,5.484796933490655,4.330733340286331,,5.262690188904886,
65.0,75.0,240.0,505.0,600.0,,192.0,,2008.0,8.0,1,8.0,0,0,0,0,0,0,0,0,1,0,0,6.226536669287466,5.484796933490655,4.330733340286331,,5.262690188904886,
65.0,75.0,324.0,754.0,500.0,,280.0,,2008.0,7.0,1,8.0,0,0,0,0,0,0,0,0,1,0,0,6.626717749249025,5.783825182329737,4.330733340286331,,5.638354669333745,
65.0,75.0,240.0,505.0,600.0,,192.0,,2008.0,7.0,1,8.0,0,0,0,0,0,0,0,0,1,0,0,6.226536669287466,5.484796933490655,4.330733340286331,,5.262690188904886,
55.0,14.0,121.0,314.0,500.0,,80.0,,2008.0,12.0,1,8.0,0,0,0,0,0,0,0,0,1,0,0,5.752572638825633,4.804021044733257,2.70805020110221,,4.394449154672439,
55.0,75.0,196.0,505.0,600.0,,144.0,,2008.0,12.0,1,8.0,0,0,0,0,0,0,0,0,1,0,0,6.226536669287466,5.2832037287379885,4.330733340286331,,4.976733742420574,
55.0,65.0,196.0,505.0,650.0,,,,2008.0,2.0,1,8.0,0,0,0,0,0,0,0,0,1,0,0,6.226536669287466,5.2832037287379885,4.189654742026425,,,
65.0,182.0,576.0,1400.0,576.0,,476.9,59.62,2008.0,6.0,1,8.0,0,0,0,0,0,0,0,0,1,0,0,7.244941546337007,6.3578422665081,5.209486152841421,,6.169401505584112,4.104624871629657
65.0,65.0,576.0,1400.0,650.0,,,,2008.0,6.0,1,8.0,0,0,0,0,0,0,0,0,1,0,0,7.244941546337007,6.3578422665081,4.189654742026425,,,
65.0,182.0,576.0,1400.0,576.0,,536.5,67.07,2008.0,9.0,1,8.0,0,0,0,0,0,0,0,0,1,0,0,7.244941546337007,6.3578422665081,5.209486152841421,,6.2869287600018176,4.22053658745986
55.0,171.0,470.0,1400.0,576.0,,536.5,67.07,2008.0,11.0,1,8.0,0,0,0,0,0,0,0,0,1,0,0,7.244941546337007,6.154858094016418,5.147494476813453,,6.2869287600018176,4.22053658745986
55.0,65.0,470.0,1400.0,650.0,,,,2008.0,6.0,1,8.0,0,0,0,0,0,0,0,0,1,0,0,7.244941546337007,6.154858094016418,4.189654742026425,,,
55.0,182.0,470.0,1400.0,576.0,,476.9,59.62,2008.0,7.0,1,8.0,0,0,0,0,0,0,0,0,1,0,0,7.244941546337007,6.154858094016418,5.209486152841421,,6.169401505584112,4.104624871629657
65.0,236.0,576.0,1400.0,602.0,,622.1,77.76,2008.0,6.0,1,8.0,0,0,0,0,0,0,0,0,1,0,0,7.244941546337007,6.3578422665081,5.4680601411351315,,6.434707019550176,4.366405253770925
55.0,204.0,470.0,1400.0,648.0,,708.5,88.56,2008.0,12.0,1,8.0,0,0,0,0,0,0,0,0,1,0,0,7.244941546337007,6.154858094016418,5.3230099791384085,,6.564560496600097,4.494908791730554
65.0,58.0,186.0,300.0,550.0,,,,,,1,8.0,0,0,0,0,0,0,0,1,0,0,0,5.707110264748875,5.231108616854587,4.07753744390572,,,
65.0,65.0,186.0,300.0,650.0,,,,,,1,8.0,0,0,0,0,0,0,0,1,0,0,0,5.707110264748875,5.231108616854587,4.189654742026425,,,
55.0,150.0,470.0,1400.0,602.0,,462.3,57.79,2008.0,11.0,1,8.0,0,0,0,0,0,0,0,0,1,0,0,7.244941546337007,6.154858094016418,5.017279836814924,,6.138374792422603,4.073971772414164
80.0,42.0,169.0,289.0,520.0,,66.56,,2008.0,9.0,1,8.0,0,0,0,0,0,0,0,0,1,0,0,5.66988092298052,5.135798437050262,3.7612001156935624,,4.2130160919396,
65.0,50.0,144.0,314.0,625.0,,99.2,,2008.0,10.0,1,8.0,0,0,0,0,0,0,0,0,0,1,0,5.752572638825633,4.976733742420574,3.9318256327243257,,4.607168188650764,
65.0,65.0,240.0,505.0,530.0,,127.2,,2008.0,8.0,1,8.0,0,0,0,0,0,0,0,0,1,0,0,6.226536669287466,5.484796933490655,4.189654742026425,,4.853591544486569,
65.0,25.0,86.0,210.0,540.0,,17.28,,2008.0,11.0,1,8.0,0,0,0,0,0,0,0,0,0,1,0,5.351858133476067,4.465908118654584,3.258096538021482,,2.905807566026004,
65.0,75.0,324.0,754.0,550.0,,352.0,,2008.0,8.0,1,8.0,0,0,0,0,0,0,0,0,1,0,0,6.626717749249025,5.783825182329737,4.330733340286331,,5.8664680569332965,
65.0,20.0,86.0,210.0,580.0,,23.2,,2008.0,8.0,1,8.0,0,0,0,0,0,0,0,0,0,1,0,5.351858133476067,4.465908118654584,3.044522437723423,,3.186352633162641,
55.0,100.0,260.0,754.0,675.0,,422.4,,2008.0,8.0,1,8.0,0,0,0,0,0,0,0,0,1,0,0,6.626717749249025,5.564520407322694,4.61512051684126,,6.048317358700765,
55.0,150.0,470.0,1400.0,602.0,,462.3,57.79,2008.0,11.0,1,8.0,0,0,0,0,0,0,0,0,1,0,0,7.244941546337007,6.154858094016418,5.017279836814924,,6.138374792422603,4.073971772414164
55.0,150.0,470.0,1400.0,602.0,,462.3,57.79,2008.0,11.0,1,8.0,0,0,0,0,0,0,0,0,1,0,0,7.244941546337007,6.154858094016418,5.017279836814924,,6.138374792422603,4.073971772414164
55.0,189.0,470.0,1400.0,610.0,,622.1,77.76,2008.0,11.0,1,8.0,0,0,0,0,0,0,0,0,1,0,0,7.244941546337007,6.154858094016418,5.247024072160486,,6.434707019550176,4.366405253770925
65.0,35.0,144.0,314.0,500.0,,80.0,,2008.0,8.0,1,8.0,0,0,0,0,0,0,0,0,0,1,0,5.752572638825633,4.976733742420574,3.58351893845611,,4.394449154672439,
65.0,10.0,86.0,210.0,530.0,,20.8,,2008.0,8.0,1,8.0,0,0,0,0,0,0,0,0,0,1,0,5.351858133476067,4.465908118654584,2.3978952727983707,,3.0819099697950434,
65.0,12.0,86.0,210.0,580.0,,23.2,,2008.0,8.0,1,8.0,0,0,0,0,0,0,0,0,0,1,0,5.351858133476067,4.465908118654584,2.5649493574615367,,3.186352633162641,
65.0,35.0,86.0,210.0,480.0,,19.2,,2008.0,11.0,1,8.0,0,0,0,0,0,0,0,0,0,1,0,5.351858133476067,4.465908118654584,3.58351893845611,,3.005682604407159,
110.0,640.0,333.0,302.0,470.0,,,,2008.0,7.0,1,8.0,0,0,0,0,0,0,0,0,1,0,0,5.713732805509369,5.811140992976701,6.46302945692067,,,
90.0,320.0,484.0,681.0,600.0,,345.6,,2008.0,7.0,1,8.0,0,0,0,0,0,0,0,0,1,0,0,6.525029657843462,6.184148890937483,5.771441123130016,,5.848171377281505,
65.0,640.0,324.0,754.0,500.0,,320.0,,2008.0,7.0,1,8.0,0,0,0,0,0,0,0,0,1,0,0,6.626717749249025,5.783825182329737,6.46302945692067,,5.771441123130016,
90.0,640.0,484.0,681.0,600.0,,345.6,,2008.0,7.0,1,8.0,0,0,0,0,0,0,0,0,1,0,0,6.525029657843462,6.184148890937483,6.46302945692067,,5.848171377281505,
55.0,640.0,470.0,1400.0,648.0,,622.1,77.76,2008.0,7.0,1,8.0,0,0,0,0,0,0,0,0,1,0,0,7.244941546337007,6.154858094016418,6.46302945692067,,6.434707019550176,4.366405253770925
55.0,600.0,470.0,1400.0,648.0,,622.1,77.76,2008.0,7.0,1,8.0,0,0,0,0,0,0,0,0,1,0,0,7.244941546337007,6.154858094016418,6.398594934535208,,6.434707019550176,4.366405253770925
40.0,30.0,104.0,627.0,600.0,,480.0,,2009.0,10.0,1,6.0,0,0,0,0,0,0,0,0,1,0,0,6.4425401664681985,4.653960350157523,3.4339872044851463,,6.175867270105761,
40.0,65.0,104.0,627.0,650.0,,,,2009.0,10.0,1,6.0,0,0,0,0,0,0,0,0,1,0,0,6.4425401664681985,4.653960350157523,4.189654742026425,,,
55.0,35.0,146.0,514.0,675.0,,432.0,,2009.0,1.0,1,5.0,0,0,0,0,0,0,0,0,1,0,0,6.244166900663736,4.990432586778736,3.58351893845611,,6.07073772800249,
55.0,65.0,146.0,514.0,650.0,,,,2009.0,1.0,1,5.0,0,0,0,0,0,0,0,0,1,0,0,6.244166900663736,4.990432586778736,4.189654742026425,,,
40.0,60.0,137.0,826.0,650.0,,832.0,166.4,2009.0,8.0,1,5.0,0,0,0,0,0,0,0,0,1,0,0,6.717804695023691,4.927253685157205,4.110873864173311,,6.725033642166843,5.120386158055375
40.0,65.0,137.0,826.0,650.0,,,,2009.0,3.0,1,5.0,0,0,0,0,0,0,0,0,1,0,0,6.717804695023691,4.927253685157205,4.189654742026425,,,
55.0,76.0,146.0,514.0,800.0,,512.0,,2009.0,3.0,1,5.0,0,0,0,0,0,0,0,0,1,0,0,6.244166900663736,4.990432586778736,4.343805421853684,,6.240275845170769,
55.0,65.0,67.0,181.0,400.0,,32.0,,2009.0,11.0,1,5.0,0,0,0,0,0,0,0,0,0,0,1,5.204006687076795,4.219507705176107,4.189654742026425,,3.4965075614664802,
55.0,65.0,67.0,181.0,650.0,,,,2009.0,8.0,1,5.0,0,0,0,0,0,0,0,0,0,0,1,5.204006687076795,4.219507705176107,4.189654742026425,,,
55.0,65.0,67.0,181.0,500.0,,40.0,,2009.0,9.0,1,5.0,0,0,0,0,0,0,0,0,0,0,1,5.204006687076795,4.219507705176107,4.189654742026425,,3.713572066704308,
55.0,65.0,73.0,242.0,450.0,,72.0,,2009.0,1.0,1,5.0,0,0,0,0,0,0,0,0,1,0,0,5.493061443340548,4.30406509320417,4.189654742026425,,4.290459441148391,
55.0,65.0,73.0,242.0,650.0,,,,2009.0,1.0,1,5.0,0,0,0,0,0,0,0,0,1,0,0,5.493061443340548,4.30406509320417,4.189654742026425,,,
55.0,65.0,73.0,242.0,450.0,,72.0,,2009.0,1.0,1,5.0,0,0,0,0,0,0,0,0,1,0,0,5.493061443340548,4.30406509320417,4.189654742026425,,4.290459441148391,
55.0,65.0,73.0,242.0,650.0,,,,2009.0,1.0,1,5.0,0,0,0,0,0,0,0,0,1,0,0,5.493061443340548,4.30406509320417,4.189654742026425,,,
55.0,65.0,73.0,242.0,500.0,,80.0,,2009.0,1.0,1,5.0,0,0,0,0,0,0,0,0,1,0,0,5.493061443340548,4.30406509320417,4.189654742026425,,4.394449154672439,
55.0,65.0,73.0,242.0,680.0,,108.8,,2009.0,1.0,1,5.0,0,0,0,0,0,0,0,0,1,0,0,5.493061443340548,4.30406509320417,4.189654742026425,,4.69866052907543,
55.0,35.0,146.0,514.0,550.0,,352.0,,2009.0,1.0,1,5.0,0,0,0,0,0,0,0,0,1,0,0,6.244166900663736,4.990432586778736,3.58351893845611,,5.8664680569332965,
55.0,35.0,146.0,514.0,675.0,,432.0,,2009.0,1.0,1,5.0,0,0,0,0,0,0,0,0,1,0,0,6.244166900663736,4.990432586778736,3.58351893845611,,6.07073772800249,
55.0,35.0,146.0,514.0,680.0,,435.2,,2009.0,9.0,1,5.0,0,0,0,0,0,0,0,0,1,0,0,6.244166900663736,4.990432586778736,3.58351893845611,,6.078100853767529,
40.0,65.0,137.0,826.0,500.0,,640.0,128.0,2009.0,3.0,1,5.0,0,0,0,0,0,0,0,0,1,0,0,6.717804695023691,4.927253685157205,4.189654742026425,,6.46302945692067,4.859812404361672
55.0,65.0,256.0,956.0,503.0,,804.8,161.0,2009.0,1.0,1,5.0,0,0,0,0,0,0,0,0,1,0,0,6.863803391452954,5.54907608489522,4.189654742026425,,6.691835572757247,5.087596335232384
55.0,65.0,256.0,956.0,650.0,,,,2009.0,1.0,1,5.0,0,0,0,0,0,0,0,0,1,0,0,6.863803391452954,5.54907608489522,4.189654742026425,,,
55.0,65.0,256.0,956.0,503.0,,804.8,161.0,2009.0,8.0,1,5.0,0,0,0,0,0,0,0,0,1,0,0,6.863803391452954,5.54907608489522,4.189654742026425,,6.691835572757247,5.087596335232384
55.0,65.0,256.0,956.0,500.0,,800.0,160.0,2009.0,1.0,1,5.0,0,0,0,0,0,0,0,0,1,0,0,6.863803391452954,5.54907608489522,4.189654742026425,,6.68586094706836,5.081404364984463
40.0,65.0,137.0,826.0,650.0,,832.0,166.4,2009.0,3.0,1,5.0,0,0,0,0,0,0,0,0,1,0,0,6.717804695023691,4.927253685157205,4.189654742026425,,6.725033642166843,5.120386158055375
55.0,65.0,256.0,956.0,550.0,,880.0,176.0,2009.0,1.0,1,5.0,0,0,0,0,0,0,0,0,1,0,0,6.863803391452954,5.54907608489522,4.189654742026425,,6.78105762593618,5.176149732573829
55.0,65.0,256.0,956.0,550.0,,880.0,176.0,2009.0,1.0,1,5.0,0,0,0,0,0,0,0,0,1,0,0,6.863803391452954,5.54907608489522,4.189654742026425,,6.78105762593618,5.176149732573829
55.0,30.0,146.0,514.0,600.0,,384.0,,2009.0,6.0,1,5.0,0,0,0,0,0,0,0,0,1,0,0,6.244166900663736,4.990432586778736,3.4339872044851463,,5.953243334287785,
55.0,30.0,146.0,514.0,600.0,,384.0,,2009.0,6.0,1,5.0,0,0,0,0,0,0,0,0,1,0,0,6.244166900663736,4.990432586778736,3.4339872044851463,,5.953243334287785,
55.0,30.0,146.0,514.0,600.0,,384.0,,2009.0,6.0,1,5.0,0,0,0,0,0,0,0,0,1,0,0,6.244166900663736,4.990432586778736,3.4339872044851463,,5.953243334287785,
65.0,65.0,85.0,180.0,380.0,,30.4,,2009.0,11.0,1,5.0,0,0,0,0,0,0,0,0,0,0,1,5.198497031265826,4.454347296253507,4.189654742026425,,3.4468078929142076,
65.0,20.0,85.0,180.0,519.0,,41.52,,2009.0,5.0,1,5.0,0,0,0,0,0,0,0,0,1,0,0,5.198497031265826,4.454347296253507,3.044522437723423,,3.749974553473747,
65.0,35.0,153.0,390.0,594.0,,142.6,,2009.0,9.0,1,5.0,0,0,0,0,0,0,0,0,1,0,0,5.968707559985366,5.0369526024136295,3.58351893845611,,4.9670316566141235,
55.0,65.0,67.0,181.0,500.0,,40.0,,2009.0,8.0,1,5.0,0,0,0,0,0,0,0,0,0,0,1,5.204006687076795,4.219507705176107,4.189654742026425,,3.713572066704308,
55.0,25.0,67.0,181.0,594.0,,47.52,,2009.0,2.0,1,5.0,0,0,0,0,0,0,0,0,1,0,0,5.204006687076795,4.219507705176107,3.258096538021482,,3.8819760840758493,
55.0,25.0,73.0,242.0,600.0,,96.0,,2009.0,12.0,1,5.0,0,0,0,0,0,0,0,0,1,0,0,5.493061443340548,4.30406509320417,3.258096538021482,,4.574710978503383,
55.0,65.0,135.0,378.0,796.0,,191.0,,2009.0,11.0,1,5.0,0,0,0,0,0,0,0,0,1,0,0,5.937536205082426,4.912654885736052,4.189654742026425,,5.2574953720277815,
55.0,59.0,146.0,514.0,750.0,,480.0,,2009.0,7.0,1,5.0,0,0,0,0,0,0,0,0,1,0,0,6.244166900663736,4.990432586778736,4.0943445622221,,6.175867270105761,
55.0,110.0,256.0,956.0,750.0,,960.0,192.0,2009.0,6.0,1,5.0,0,0,0,0,0,0,0,0,1,0,0,6.863803391452954,5.54907608489522,4.709530201312334,,6.8679744089702925,5.262690188904886
40.0,100.0,137.0,826.0,730.0,,934.4,186.9,2009.0,9.0,1,5.0,0,0,0,0,0,0,0,0,1,0,0,6.717804695023691,4.927253685157205,4.61512051684126,,6.840974245291786,5.23590990641942
40.0,65.0,137.0,826.0,650.0,,,,2009.0,4.0,1,5.0,0,0,0,0,0,0,0,0,1,0,0,6.717804695023691,4.927253685157205,4.189654742026425,,,
40.0,80.0,137.0,826.0,750.0,,960.0,192.0,2009.0,4.0,1,5.0,0,0,0,0,0,0,0,0,1,0,0,6.717804695023691,4.927253685157205,4.394449154672439,,6.8679744089702925,5.262690188904886
55.0,95.0,256.0,956.0,625.0,,800.0,160.0,2009.0,5.0,1,5.0,0,0,0,0,0,0,0,0,1,0,0,6.863803391452954,5.54907608489522,4.564348191467836,,6.68586094706836,5.081404364984463
55.0,130.0,282.0,959.0,700.0,,896.0,179.2,2009.0,9.0,1,5.0,0,0,0,0,0,0,0,0,1,0,0,6.866933284461882,5.645446897643238,4.875197323201151,,6.799055862058796,5.194067345174237
55.0,65.0,282.0,959.0,650.0,,,,2009.0,4.0,1,5.0,0,0,0,0,0,0,0,0,1,0,0,6.866933284461882,5.645446897643238,4.189654742026425,,,
55.0,190.0,282.0,959.0,850.0,,1360.0,272.0,2009.0,4.0,1,5.0,0,0,0,0,0,0,0,0,1,0,0,6.866933284461882,5.645446897643238,5.25227342804663,,7.215975002651466,5.60947179518496
40.0,86.0,166.0,1040.0,700.0,,1008.0,,2009.0,10.0,1,5.0,0,0,0,0,0,0,0,0,1,0,0,6.947937068614969,5.117993812416755,4.465908118654584,,6.9167150203536085,
40.0,65.0,166.0,1040.0,650.0,,,,2009.0,10.0,1,5.0,0,0,0,0,0,0,0,0,1,0,0,6.947937068614969,5.117993812416755,4.189654742026425,,,
40.0,108.0,166.0,1040.0,850.0,,1360.0,,2009.0,10.0,1,5.0,0,0,0,0,0,0,0,0,1,0,0,6.947937068614969,5.117993812416755,4.6913478822291435,,7.215975002651466,
40.0,151.0,334.0,2154.0,725.0,,2088.0,417.6,2009.0,9.0,1,5.0,0,0,0,0,0,0,0,0,1,0,0,7.675546002537848,5.814130531825066,5.0238805208462765,,7.644440761556566,6.0369158100119
40.0,65.0,334.0,2154.0,650.0,,,,2009.0,9.0,1,5.0,0,0,0,0,0,0,0,0,1,0,0,7.675546002537848,5.814130531825066,4.189654742026425,,,
40.0,188.0,334.0,2154.0,850.0,,2720.0,544.0,2009.0,9.0,1,5.0,0,0,0,0,0,0,0,0,1,0,0,7.675546002537848,5.814130531825066,5.241747015059643,,7.908754738783246,6.300785794663244
40.0,294.0,334.0,2154.0,725.0,,2320.0,464.0,2009.0,11.0,1,5.0,0,0,0,0,0,0,0,0,1,0,0,7.675546002537848,5.814130531825066,5.68697535633982,,7.749753406274437,6.142037405587356
40.0,65.0,334.0,2154.0,650.0,,,,2009.0,11.0,1,5.0,0,0,0,0,0,0,0,0,1,0,0,7.675546002537848,5.814130531825066,4.189654742026425,,,
40.0,31.0,57.0,260.0,589.0,,44.86,,2009.0,11.0,1,8.0,0,0,0,0,0,0,0,0,1,0,0,5.564520407322694,4.060443010546419,3.4657359027997265,,3.8255932774297583,
40.0,65.0,57.0,260.0,650.0,,,,2007.0,4.0,1,8.0,0,0,0,0,0,0,0,0,1,0,0,5.564520407322694,4.060443010546419,4.189654742026425,,,
40.0,31.0,57.0,260.0,520.0,,39.36,,2009.0,10.0,1,8.0,0,0,0,0,0,0,0,0,1,0,0,5.564520407322694,4.060443010546419,3.4657359027997265,,3.6978391954854084,
40.0,31.0,100.0,486.0,475.0,,35.2,,2009.0,9.0,1,8.0,0,0,0,0,0,0,0,0,1,0,0,6.18826412308259,4.61512051684126,3.4657359027997265,,3.5890591188317256,
40.0,65.0,100.0,486.0,650.0,,,,2009.0,6.0,1,8.0,0,0,0,0,0,0,0,0,1,0,0,6.18826412308259,4.61512051684126,4.189654742026425,,,
40.0,31.0,100.0,486.0,475.0,,35.2,,2009.0,10.0,1,8.0,0,0,0,0,0,0,0,0,1,0,0,6.18826412308259,4.61512051684126,3.4657359027997265,,3.5890591188317256,
40.0,31.0,57.0,260.0,520.0,,39.36,,2009.0,10.0,1,8.0,0,0,0,0,0,0,0,0,1,0,0,5.564520407322694,4.060443010546419,3.4657359027997265,,3.6978391954854084,
40.0,31.0,57.0,260.0,589.0,,44.86,,2009.0,11.0,1,8.0,0,0,0,0,0,0,0,0,1,0,0,5.564520407322694,4.060443010546419,3.4657359027997265,,3.8255932774297583,
65.0,140.0,324.0,754.0,580.0,,278.4,,2009.0,5.0,1,8.0,0,0,0,0,0,0,0,0,1,0,0,6.626717749249025,5.783825182329737,4.948759890378168,,5.632644446822861,
55.0,141.0,260.0,754.0,738.0,,470.0,,2009.0,1.0,1,8.0,0,0,0,0,0,0,0,0,1,0,0,6.626717749249025,5.564520407322694,4.955827057601261,,6.154858094016418,
65.0,35.0,86.0,210.0,540.0,,20.8,,2009.0,3.0,1,8.0,0,0,0,0,0,0,0,0,0,1,0,5.351858133476067,4.465908118654584,3.58351893845611,,3.0819099697950434,
65.0,14.0,86.0,210.0,640.0,,25.6,,2009.0,9.0,1,8.0,0,0,0,0,0,0,0,0,0,1,0,5.351858133476067,4.465908118654584,2.70805020110221,,3.2809112157876537,
65.0,14.0,86.0,210.0,640.0,,25.6,,2009.0,1.0,1,8.0,0,0,0,0,0,0,0,0,0,1,0,5.351858133476067,4.465908118654584,2.70805020110221,,3.2809112157876537,
40.0,14.0,57.0,260.0,535.0,,39.36,,2009.0,12.0,1,8.0,0,0,0,0,0,0,0,0,1,0,0,5.564520407322694,4.060443010546419,2.70805020110221,,3.6978391954854084,
40.0,14.0,57.0,260.0,500.0,,34.24,,2009.0,7.0,1,8.0,0,0,0,0,0,0,0,0,1,0,0,5.564520407322694,4.060443010546419,2.70805020110221,,3.562181801067979,
55.0,14.0,121.0,314.0,400.0,,32.0,,2009.0,1.0,1,8.0,0,0,0,0,0,0,0,0,1,0,0,5.752572638825633,4.804021044733257,2.70805020110221,,3.4965075614664802,
65.0,14.0,144.0,314.0,450.0,,35.2,,2009.0,1.0,1,8.0,0,0,0,0,0,0,0,0,0,0,1,5.752572638825633,4.976733742420574,2.70805020110221,,3.5890591188317256,
55.0,31.0,121.0,314.0,550.0,,43.2,,2009.0,5.0,1,8.0,0,0,0,0,0,0,0,0,1,0,0,5.752572638825633,4.804021044733257,3.4657359027997265,,3.7887247890836524,
40.0,31.0,57.0,260.0,589.0,,44.86,,2009.0,8.0,1,8.0,0,0,0,0,0,0,0,0,1,0,0,5.564520407322694,4.060443010546419,3.4657359027997265,,3.8255932774297583,
40.0,14.0,57.0,260.0,606.0,,46.98,,2009.0,6.0,1,8.0,0,0,0,0,0,0,0,0,1,0,0,5.564520407322694,4.060443010546419,2.70805020110221,,3.8707842574115485,
55.0,50.0,121.0,314.0,550.0,,89.6,,2009.0,1.0,1,8.0,0,0,0,0,0,0,0,0,1,0,0,5.752572638825633,4.804021044733257,3.9318256327243257,,4.506454213048934,
55.0,50.0,121.0,314.0,738.0,,117.5,,2009.0,3.0,1,8.0,0,0,0,0,0,0,0,0,1,0,0,5.752572638825633,4.804021044733257,3.9318256327243257,,4.774912960575186,
55.0,14.0,121.0,314.0,500.0,,80.0,,2009.0,6.0,1,8.0,0,0,0,0,0,0,0,0,1,0,0,5.752572638825633,4.804021044733257,2.70805020110221,,4.394449154672439,
55.0,75.0,196.0,505.0,500.0,,120.0,,2009.0,3.0,1,8.0,0,0,0,0,0,0,0,0,1,0,0,6.226536669287466,5.2832037287379885,4.330733340286331,,4.795790545596741,
55.0,23.0,121.0,314.0,600.0,,96.0,,2009.0,1.0,1,8.0,0,0,0,0,0,0,0,0,1,0,0,5.752572638825633,4.804021044733257,3.1780538303479458,,4.574710978503383,
55.0,105.0,196.0,505.0,650.0,,208.0,,2009.0,3.0,1,8.0,0,0,0,0,0,0,0,0,1,0,0,6.226536669287466,5.2832037287379885,4.663439094112067,,5.342334251964811,
40.0,58.0,100.0,486.0,615.0,,127.7,,2009.0,10.0,1,8.0,0,0,0,0,0,0,0,0,1,0,0,6.18826412308259,4.61512051684126,4.07753744390572,,4.857484114602081,
40.0,58.0,144.0,727.0,506.0,,97.15,,2009.0,10.0,1,8.0,0,0,0,0,0,0,0,0,1,0,0,6.590301048196686,4.976733742420574,4.07753744390572,,4.58649692072247,
40.0,65.0,144.0,727.0,650.0,,,,2009.0,6.0,1,8.0,0,0,0,0,0,0,0,0,1,0,0,6.590301048196686,4.976733742420574,4.189654742026425,,,
55.0,14.0,121.0,314.0,550.0,,88.0,,2009.0,6.0,1,8.0,0,0,0,0,0,0,0,0,1,0,0,5.752572638825633,4.804021044733257,2.70805020110221,,4.48863636973214,
55.0,75.0,196.0,505.0,650.0,,156.0,,2009.0,10.0,1,8.0,0,0,0,0,0,0,0,0,1,0,0,6.226536669287466,5.2832037287379885,4.330733340286331,,5.056245805348308,
55.0,75.0,260.0,754.0,500.0,,240.0,,2009.0,4.0,1,8.0,0,0,0,0,0,0,0,0,1,0,0,6.626717749249025,5.564520407322694,4.330733340286331,,5.484796933490655,
40.0,23.0,100.0,486.0,500.0,,105.6,,2009.0,6.0,1,8.0,0,0,0,0,0,0,0,0,1,0,0,6.18826412308259,4.61512051684126,3.1780538303479458,,4.669083511731744,
40.0,69.0,144.0,727.0,550.0,,257.3,,2009.0,11.0,1,8.0,0,0,0,0,0,0,0,0,1,0,0,6.590301048196686,4.976733742420574,4.248495242049359,,5.554121700101795,
40.0,23.0,100.0,486.0,550.0,,116.2,,2009.0,6.0,1,8.0,0,0,0,0,0,0,0,0,1,0,0,6.18826412308259,4.61512051684126,3.1780538303479458,,4.763881877142913,
55.0,14.0,121.0,314.0,500.0,,80.0,,2009.0,6.0,1,8.0,0,0,0,0,0,0,0,0,1,0,0,5.752572638825633,4.804021044733257,2.70805020110221,,4.394449154672439,
65.0,141.0,324.0,754.0,738.0,,470.0,,2009.0,3.0,1,8.0,0,0,0,0,0,0,0,0,1,0,0,6.626717749249025,5.783825182329737,4.955827057601261,,6.154858094016418,
65.0,45.0,240.0,505.0,400.0,,128.0,,2009.0,3.0,1,8.0,0,0,0,0,0,0,0,0,1,0,0,6.226536669287466,5.484796933490655,3.828641396489095,,4.859812404361672,
65.0,60.0,240.0,505.0,600.0,,192.0,,2009.0,3.0,1,8.0,0,0,0,0,0,0,0,0,1,0,0,6.226536669287466,5.484796933490655,4.110873864173311,,5.262690188904886,
55.0,120.0,260.0,754.0,675.0,,362.9,,2009.0,7.0,1,8.0,0,0,0,0,0,0,0,0,1,0,0,6.626717749249025,5.564520407322694,4.795790545596741,,5.896879104618114,
55.0,150.0,260.0,754.0,675.0,,414.7,,2009.0,3.0,1,8.0,0,0,0,0,0,0,0,0,1,0,0,6.626717749249025,5.564520407322694,5.017279836814924,,6.029963846258592,
55.0,150.0,260.0,754.0,702.0,,387.1,,2009.0,3.0,1,8.0,0,0,0,0,0,0,0,0,1,0,0,6.626717749249025,5.564520407322694,5.017279836814924,,5.96126303837486,
40.0,28.0,144.0,727.0,450.0,,207.4,,2009.0,6.0,1,8.0,0,0,0,0,0,0,0,0,1,0,0,6.590301048196686,4.976733742420574,3.367295829986474,,5.339459309879212,
40.0,38.0,144.0,727.0,550.0,,257.3,,2009.0,6.0,1,8.0,0,0,0,0,0,0,0,0,1,0,0,6.590301048196686,4.976733742420574,3.6635616461296463,,5.554121700101795,
65.0,150.0,576.0,1400.0,518.0,,414.7,51.84,2009.0,12.0,1,8.0,0,0,0,0,0,0,0,0,1,0,0,7.244941546337007,6.3578422665081,5.017279836814924,,6.029963846258592,3.9672684796541247
65.0,65.0,324.0,754.0,550.0,,308.0,,2009.0,3.0,1,8.0,0,0,0,0,0,0,0,0,1,0,0,6.626717749249025,5.783825182329737,4.189654742026425,,5.733341276897746,
55.0,219.0,470.0,1400.0,633.0,,673.9,84.24,2009.0,1.0,1,8.0,0,0,0,0,0,0,0,0,1,0,0,7.244941546337007,6.154858094016418,5.393627546352362,,6.514564531749361,4.445470807230416
65.0,75.0,324.0,754.0,585.0,,374.5,,2009.0,3.0,1,8.0,0,0,0,0,0,0,0,0,1,0,0,6.626717749249025,5.783825182329737,4.330733340286331,,5.928258471204189,
55.0,204.0,470.0,1400.0,648.0,,708.5,88.56,2009.0,1.0,1,8.0,0,0,0,0,0,0,0,0,1,0,0,7.244941546337007,6.154858094016418,5.3230099791384085,,6.564560496600097,4.494908791730554
55.0,315.0,470.0,1400.0,648.0,,708.5,88.56,2009.0,6.0,1,8.0,0,0,0,0,0,0,0,0,1,0,0,7.244941546337007,6.154858094016418,5.755742213586912,,6.564560496600097,4.494908791730554
55.0,289.0,470.0,1400.0,576.0,,596.2,74.52,2009.0,6.0,1,8.0,0,0,0,0,0,0,0,0,1,0,0,7.244941546337007,6.154858094016418,5.66988092298052,,6.392252065665035,4.324397521837245
65.0,59.0,240.0,505.0,550.0,,176.0,,2009.0,3.0,1,8.0,0,0,0,0,0,0,0,0,1,0,0,6.226536669287466,5.484796933490655,4.0943445622221,,5.176149732573829,
40.0,45.0,144.0,727.0,560.0,,162.0,,2009.0,6.0,1,8.0,0,0,0,0,0,0,0,0,1,0,0,6.590301048196686,4.976733742420574,3.828641396489095,,5.093750200806762,
55.0,75.0,260.0,754.0,600.0,,288.0,,2009.0,12.0,1,8.0,0,0,0,0,0,0,0,0,1,0,0,6.626717749249025,5.564520407322694,4.330733340286331,,5.666426688112432,
65.0,34.0,144.0,314.0,450.0,,35.2,,2009.0,3.0,1,8.0,0,0,0,0,0,0,0,0,0,1,0,5.752572638825633,4.976733742420574,3.5553480614894135,,3.5890591188317256,
40.0,28.0,57.0,260.0,550.0,,44.0,,2009.0,12.0,1,8.0,0,0,0,0,0,0,0,0,1,0,0,5.564520407322694,4.060443010546419,3.367295829986474,,3.8066624897703196,
55.0,108.0,470.0,1400.0,600.0,,462.3,57.79,2009.0,3.0,1,8.0,0,0,0,0,0,0,0,0,1,0,0,7.244941546337007,6.154858094016418,4.6913478822291435,,6.138374792422603,4.073971772414164
55.0,40.0,121.0,314.0,450.0,,72.0,,2009.0,4.0,1,8.0,0,0,0,0,0,0,0,0,1,0,0,5.752572638825633,4.804021044733257,3.713572066704308,,4.290459441148391,
65.0,23.0,86.0,210.0,540.0,,20.8,,2009.0,5.0,1,8.0,0,0,0,0,0,0,0,0,0,1,0,5.351858133476067,4.465908118654584,3.1780538303479458,,3.0819099697950434,
65.0,40.0,86.0,210.0,550.0,,22.4,,2009.0,1.0,1,8.0,0,0,0,0,0,0,0,0,0,1,0,5.351858133476067,4.465908118654584,3.713572066704308,,3.152736022363656,
55.0,188.0,470.0,1400.0,610.0,,622.1,77.76,2009.0,4.0,1,8.0,0,0,0,0,0,0,0,0,1,0,0,7.244941546337007,6.154858094016418,5.241747015059643,,6.434707019550176,4.366405253770925
55.0,188.0,470.0,1400.0,610.0,,622.1,77.76,2009.0,4.0,1,8.0,0,0,0,0,0,0,0,0,1,0,0,7.244941546337007,6.154858094016418,5.241747015059643,,6.434707019550176,4.366405253770925
40.0,20.0,67.0,370.0,750.0,,240.0,,2010.0,10.0,1,6.0,0,0,0,0,0,0,0,0,1,0,0,5.916202062607435,4.219507705176107,3.044522437723423,,5.484796933490655,
40.0,65.0,67.0,370.0,650.0,,,,2010.0,10.0,1,6.0,0,0,0,0,0,0,0,0,1,0,0,5.916202062607435,4.219507705176107,4.189654742026425,,,
55.0,35.0,73.0,242.0,500.0,,80.0,,2010.0,5.0,1,6.0,0,0,0,0,0,0,0,0,1,0,0,5.493061443340548,4.30406509320417,3.58351893845611,,4.394449154672439,
55.0,65.0,73.0,242.0,650.0,,,,2010.0,5.0,1,6.0,0,0,0,0,0,0,0,0,1,0,0,5.493061443340548,4.30406509320417,4.189654742026425,,,
55.0,35.0,73.0,242.0,500.0,,80.0,,2010.0,5.0,1,6.0,0,0,0,0,0,0,0,0,1,0,0,5.493061443340548,4.30406509320417,3.58351893845611,,4.394449154672439,
40.0,150.0,334.0,2154.0,700.0,,2016.0,403.2,2010.0,6.0,1,6.0,0,0,0,0,0,0,0,0,1,0,0,7.675546002537848,5.814130531825066,5.017279836814924,,7.6093665379542115,6.001909804969521
40.0,65.0,334.0,2154.0,650.0,,,,2010.0,6.0,1,6.0,0,0,0,0,0,0,0,0,1,0,0,7.675546002537848,5.814130531825066,4.189654742026425,,,
40.0,225.0,334.0,2154.0,825.0,,2640.0,528.0,2010.0,6.0,1,6.0,0,0,0,0,0,0,0,0,1,0,0,7.675546002537848,5.814130531825066,5.420534999272286,,7.878912912297133,6.270988431858299
40.0,9.0,75.0,450.0,500.0,,80.0,,2010.0,11.0,1,6.0,0,0,0,0,0,0,0,0,1,0,0,6.111467339502679,4.330733340286331,2.302585092994046,,4.394449154672439,
40.0,65.0,75.0,450.0,650.0,,,,2010.0,11.0,1,6.0,0,0,0,0,0,0,0,0,1,0,0,6.111467339502679,4.330733340286331,4.189654742026425,,,
40.0,18.0,75.0,450.0,488.0,,78.08,,2010.0,11.0,1,6.0,0,0,0,0,0,0,0,0,1,0,0,6.111467339502679,4.330733340286331,2.9444389791664403,,4.370459998302416,
40.0,18.0,75.0,450.0,276.0,,44.16,,2010.0,11.0,1,6.0,0,0,0,0,0,0,0,0,1,0,0,6.111467339502679,4.330733340286331,2.9444389791664403,,3.810211739281461,
40.0,7.0,59.0,292.0,500.0,,80.0,,2010.0,11.0,1,6.0,0,0,0,0,0,0,0,0,1,0,0,5.680172609017068,4.0943445622221,2.0794415416798357,,4.394449154672439,
40.0,65.0,59.0,292.0,650.0,,,,2010.0,11.0,1,6.0,0,0,0,0,0,0,0,0,1,0,0,5.680172609017068,4.0943445622221,4.189654742026425,,,
40.0,7.0,59.0,292.0,500.0,,80.0,,2010.0,11.0,1,6.0,0,0,0,0,0,0,0,0,1,0,0,5.680172609017068,4.0943445622221,2.0794415416798357,,4.394449154672439,
40.0,11.0,59.0,292.0,750.0,,120.0,,2010.0,11.0,1,6.0,0,0,0,0,0,0,0,0,1,0,0,5.680172609017068,4.0943445622221,2.4849066497880004,,4.795790545596741,
40.0,26.0,104.0,627.0,450.0,,360.0,,2010.0,11.0,1,6.0,0,0,0,0,0,0,0,0,1,0,0,6.4425401664681985,4.653960350157523,3.295836866004329,,5.8888779583328805,
40.0,26.0,334.0,2154.0,650.0,,520.0,,2010.0,11.0,1,6.0,0,0,0,0,0,0,0,0,1,0,0,7.675546002537848,5.814130531825066,3.295836866004329,,6.255750041753367,
40.0,65.0,334.0,2154.0,650.0,,,,2010.0,11.0,1,6.0,0,0,0,0,0,0,0,0,1,0,0,7.675546002537848,5.814130531825066,4.189654742026425,,,
40.0,26.0,104.0,627.0,600.0,,480.0,,2010.0,11.0,1,6.0,0,0,0,0,0,0,0,0,1,0,0,6.4425401664681985,4.653960350157523,3.295836866004329,,6.175867270105761,
40.0,30.0,104.0,627.0,650.0,,520.0,,2010.0,11.0,1,6.0,0,0,0,0,0,0,0,0,1,0,0,6.4425401664681985,4.653960350157523,3.4339872044851463,,6.255750041753367,
40.0,127.0,255.0,1700.0,775.0,,1488.0,,2010.0,10.0,1,6.0,0,0,0,0,0,0,0,0,1,0,0,7.438971592395862,5.545177444479562,4.852030263919617,,7.305860032684009,
40.0,65.0,255.0,1700.0,650.0,,,,2010.0,10.0,1,6.0,0,0,0,0,0,0,0,0,1,0,0,7.438971592395862,5.545177444479562,4.189654742026425,,,
40.0,151.0,255.0,1700.0,900.0,,2016.0,,2010.0,10.0,1,6.0,0,0,0,0,0,0,0,0,1,0,0,7.438971592395862,5.545177444479562,5.0238805208462765,,7.6093665379542115,
40.0,200.0,389.0,2640.0,800.0,,2253.0,563.2,2010.0,12.0,1,6.0,0,0,0,0,0,0,0,0,1,0,0,7.878912912297133,5.966146739123692,5.303304908059076,,7.720461694599722,6.335408798567896
40.0,65.0,389.0,2640.0,650.0,,,,2010.0,12.0,1,6.0,0,0,0,0,0,0,0,0,1,0,0,7.878912912297133,5.966146739123692,4.189654742026425,,,
40.0,250.0,389.0,2640.0,880.0,,2703.0,675.8,2010.0,12.0,1,6.0,0,0,0,0,0,0,0,0,1,0,0,7.878912912297133,5.966146739123692,5.5254529391317835,,7.902487437162855,6.517375808292013
40.0,17.0,59.0,292.0,500.0,,80.0,,2010.0,4.0,1,5.0,0,0,0,0,0,0,0,0,1,0,0,5.680172609017068,4.0943445622221,2.8903717578961645,,4.394449154672439,
40.0,65.0,59.0,292.0,650.0,,,,2010.0,2.0,1,5.0,0,0,0,0,0,0,0,0,1,0,0,5.680172609017068,4.0943445622221,4.189654742026425,,,
40.0,26.0,104.0,627.0,650.0,,520.0,,2010.0,3.0,1,5.0,0,0,0,0,0,0,0,0,1,0,0,6.4425401664681985,4.653960350157523,3.295836866004329,,6.255750041753367,
40.0,65.0,104.0,627.0,650.0,,,,2010.0,1.0,1,5.0,0,0,0,0,0,0,0,0,1,0,0,6.4425401664681985,4.653960350157523,4.189654742026425,,,
40.0,50.0,166.0,1040.0,700.0,,1120.0,,2010.0,5.0,1,5.0,0,0,0,0,0,0,0,0,1,0,0,6.947937068614969,5.117993812416755,3.9318256327243257,,7.02197642307216,
40.0,65.0,166.0,1040.0,650.0,,,,2010.0,1.0,1,5.0,0,0,0,0,0,0,0,0,1,0,0,6.947937068614969,5.117993812416755,4.189654742026425,,,
40.0,43.0,104.0,627.0,650.0,,520.0,,2010.0,4.0,1,5.0,0,0,0,0,0,0,0,0,1,0,0,6.4425401664681985,4.653960350157523,3.784189633918261,,6.255750041753367,
40.0,65.0,104.0,627.0,650.0,,,,2010.0,1.0,1,5.0,0,0,0,0,0,0,0,0,1,0,0,6.4425401664681985,4.653960350157523,4.189654742026425,,,
40.0,69.0,104.0,627.0,775.0,,620.0,,2010.0,4.0,1,5.0,0,0,0,0,0,0,0,0,1,0,0,6.4425401664681985,4.653960350157523,4.248495242049359,,6.431331081933479,
40.0,74.0,166.0,1040.0,690.0,,1104.0,,2010.0,4.0,1,5.0,0,0,0,0,0,0,0,0,1,0,0,6.947937068614969,5.117993812416755,4.31748811353631,,7.007600613951853,
40.0,74.0,166.0,1040.0,690.0,,1104.0,,2010.0,4.0,1,5.0,0,0,0,0,0,0,0,0,1,0,0,6.947937068614969,5.117993812416755,4.31748811353631,,7.007600613951853,
40.0,150.0,334.0,2154.0,700.0,,2016.0,403.2,2010.0,4.0,1,5.0,0,0,0,0,0,0,0,0,1,0,0,7.675546002537848,5.814130531825066,5.017279836814924,,7.6093665379542115,6.001909804969521
40.0,208.0,334.0,2154.0,825.0,,2640.0,528.0,2010.0,4.0,1,5.0,0,0,0,0,0,0,0,0,1,0,0,7.675546002537848,5.814130531825066,5.342334251964811,,7.878912912297133,6.270988431858299
40.0,250.0,334.0,2154.0,850.0,,2720.0,544.0,2010.0,9.0,1,5.0,0,0,0,0,0,0,0,0,1,0,0,7.675546002537848,5.814130531825066,5.5254529391317835,,7.908754738783246,6.300785794663244
40.0,225.0,334.0,2154.0,850.0,,2720.0,544.0,2010.0,9.0,1,5.0,0,0,0,0,0,0,0,0,1,0,0,7.675546002537848,5.814130531825066,5.420534999272286,,7.908754738783246,6.300785794663244
55.0,9.0,67.0,181.0,380.0,,30.4,,2010.0,5.0,1,5.0,0,0,0,0,0,0,0,0,0,0,1,5.204006687076795,4.219507705176107,2.302585092994046,,3.4468078929142076,
55.0,65.0,67.0,181.0,500.0,,44.8,,2010.0,5.0,1,5.0,0,0,0,0,0,0,0,0,0,0,1,5.204006687076795,4.219507705176107,4.189654742026425,,3.824284091120139,
55.0,65.0,67.0,181.0,590.0,,47.2,,2010.0,5.0,1,5.0,0,0,0,0,0,0,0,0,0,0,1,5.204006687076795,4.219507705176107,4.189654742026425,,3.8753590210565547,
55.0,10.0,73.0,242.0,450.0,,72.0,,2010.0,5.0,1,5.0,0,0,0,0,0,0,0,0,1,0,0,5.493061443340548,4.30406509320417,2.3978952727983707,,4.290459441148391,
55.0,10.0,73.0,242.0,450.0,,72.0,,2010.0,5.0,1,5.0,0,0,0,0,0,0,0,0,1,0,0,5.493061443340548,4.30406509320417,2.3978952727983707,,4.290459441148391,
55.0,15.0,73.0,242.0,550.0,,88.0,,2010.0,5.0,1,5.0,0,0,0,0,0,0,0,0,1,0,0,5.493061443340548,4.30406509320417,2.772588722239781,,4.48863636973214,
55.0,15.0,73.0,242.0,500.0,,80.0,,2010.0,5.0,1,5.0,0,0,0,0,0,0,0,0,1,0,0,5.493061443340548,4.30406509320417,2.772588722239781,,4.394449154672439,
55.0,15.0,73.0,242.0,680.0,,108.8,,2010.0,5.0,1,5.0,0,0,0,0,0,0,0,0,1,0,0,5.493061443340548,4.30406509320417,2.772588722239781,,4.69866052907543,
55.0,15.0,73.0,242.0,720.0,,115.2,,2010.0,5.0,1,5.0,0,0,0,0,0,0,0,0,1,0,0,5.493061443340548,4.30406509320417,2.772588722239781,,4.755312844417811,
55.0,10.0,146.0,514.0,450.0,,288.0,,2010.0,5.0,1,5.0,0,0,0,0,0,0,0,0,1,0,0,6.244166900663736,4.990432586778736,2.3978952727983707,,5.666426688112432,
55.0,15.0,146.0,514.0,550.0,,352.0,,2010.0,5.0,1,5.0,0,0,0,0,0,0,0,0,1,0,0,6.244166900663736,4.990432586778736,2.772588722239781,,5.8664680569332965,
55.0,20.0,146.0,514.0,675.0,,432.0,,2010.0,5.0,1,5.0,0,0,0,0,0,0,0,0,1,0,0,6.244166900663736,4.990432586778736,3.044522437723423,,6.07073772800249,
40.0,15.0,104.0,627.0,650.0,,520.0,,2010.0,4.0,1,5.0,0,0,0,0,0,0,0,0,1,0,0,6.4425401664681985,4.653960350157523,2.772588722239781,,6.255750041753367,
55.0,30.0,67.0,181.0,796.0,,63.68,,2010.0,7.0,1,5.0,0,0,0,0,0,0,0,0,1,0,0,5.204006687076795,4.219507705176107,3.4339872044851463,,4.169452034708907,
55.0,65.0,67.0,181.0,560.0,,44.8,,2010.0,3.0,1,5.0,0,0,0,0,0,0,0,0,0,0,1,5.204006687076795,4.219507705176107,4.189654742026425,,3.824284091120139,
55.0,65.0,67.0,181.0,500.0,,40.0,,2010.0,3.0,1,5.0,0,0,0,0,0,0,0,0,0,0,1,5.204006687076795,4.219507705176107,4.189654742026425,,3.713572066704308,
40.0,64.0,166.0,1040.0,750.0,,960.0,,2010.0,7.0,1,5.0,0,0,0,0,0,0,0,0,1,0,0,6.947937068614969,5.117993812416755,4.174387269895637,,6.8679744089702925,
40.0,108.0,166.0,1040.0,850.0,,1360.0,,2010.0,7.0,1,5.0,0,0,0,0,0,0,0,0,1,0,0,6.947937068614969,5.117993812416755,4.6913478822291435,,7.215975002651466,
40.0,65.0,166.0,1040.0,850.0,,1360.0,,2010.0,10.0,1,5.0,0,0,0,0,0,0,0,0,1,0,0,6.947937068614969,5.117993812416755,4.189654742026425,,7.215975002651466,
40.0,175.0,334.0,2154.0,800.0,,1792.0,358.4,2010.0,2.0,1,5.0,0,0,0,0,0,0,0,0,1,0,0,7.675546002537848,5.814130531825066,5.170483995038151,,7.491645473605133,5.884435974349459
40.0,228.0,334.0,2154.0,850.0,,2720.0,544.0,2010.0,3.0,1,5.0,0,0,0,0,0,0,0,0,1,0,0,7.675546002537848,5.814130531825066,5.43372200355424,,7.908754738783246,6.300785794663244
40.0,228.0,334.0,2154.0,850.0,,2720.0,544.0,2010.0,6.0,1,5.0,0,0,0,0,0,0,0,0,1,0,0,7.675546002537848,5.814130531825066,5.43372200355424,,7.908754738783246,6.300785794663244
45.0,133.0,168.0,372.0,500.0,,240.0,,2010.0,6.0,1,5.0,0,0,0,0,0,0,0,0,1,0,0,5.921578419643816,5.1298987149230735,4.897839799950911,,5.484796933490655,
45.0,65.0,168.0,372.0,650.0,,,,2010.0,6.0,1,5.0,0,0,0,0,0,0,0,0,1,0,0,5.921578419643816,5.1298987149230735,4.189654742026425,,,
45.0,300.0,684.0,2300.0,1200.0,,1229.0,,2010.0,5.0,1,7.0,0,0,0,1,0,0,0,0,0,0,0,7.741099090035366,6.529418838262226,5.707110264748875,,7.114769448366463,
45.0,65.0,684.0,2300.0,650.0,,,,2010.0,5.0,1,7.0,0,0,0,1,0,0,0,0,0,0,0,7.741099090035366,6.529418838262226,4.189654742026425,,,
32.0,65.0,169.0,1170.0,533.0,,,,2010.0,5.0,1,7.0,0,0,0,1,0,0,0,0,0,0,0,7.065613363597717,5.135798437050262,4.189654742026425,,,
32.0,65.0,169.0,1170.0,650.0,,,,2010.0,5.0,1,7.0,0,0,0,1,0,0,0,0,0,0,0,7.065613363597717,5.135798437050262,4.189654742026425,,,
45.0,65.0,62.0,140.0,400.0,,25.6,,2010.0,5.0,1,7.0,0,0,0,1,0,0,0,0,0,0,0,4.948759890378168,4.143134726391533,4.189654742026425,,3.2809112157876537,
45.0,65.0,62.0,140.0,650.0,,,,2010.0,5.0,1,7.0,0,0,0,1,0,0,0,0,0,0,0,4.948759890378168,4.143134726391533,4.189654742026425,,,
40.0,33.0,100.0,486.0,475.0,,105.6,,2010.0,3.0,1,8.0,0,0,0,0,0,0,0,0,1,0,0,6.18826412308259,4.61512051684126,3.5263605246161616,,4.669083511731744,
40.0,23.0,100.0,486.0,450.0,,91.2,,2010.0,4.0,1,8.0,0,0,0,0,0,0,0,0,0,0,1,6.18826412308259,4.61512051684126,3.1780538303479458,,4.523960130562548,
40.0,65.0,100.0,486.0,650.0,,,,2010.0,4.0,1,8.0,0,0,0,0,0,0,0,0,0,0,1,6.18826412308259,4.61512051684126,4.189654742026425,,,
40.0,25.0,100.0,486.0,475.0,,52.8,,2010.0,9.0,1,8.0,0,0,0,0,0,0,0,0,1,0,0,6.18826412308259,4.61512051684126,3.258096538021482,,3.9852734671677386,
40.0,25.0,57.0,260.0,589.0,,44.86,,2010.0,9.0,1,8.0,0,0,0,0,0,0,0,0,1,0,0,5.564520407322694,4.060443010546419,3.258096538021482,,3.8255932774297583,
40.0,25.0,100.0,486.0,475.0,,105.6,,2010.0,9.0,1,8.0,0,0,0,0,0,0,0,0,1,0,0,6.18826412308259,4.61512051684126,3.258096538021482,,4.669083511731744,
40.0,25.0,57.0,260.0,520.0,,19.68,,2010.0,7.0,1,8.0,0,0,0,0,0,0,0,0,1,0,0,5.564520407322694,4.060443010546419,3.258096538021482,,3.0291670496402285,
55.0,50.0,121.0,314.0,550.0,,89.6,,2010.0,5.0,1,8.0,0,0,0,0,0,0,0,0,1,0,0,5.752572638825633,4.804021044733257,3.9318256327243257,,4.506454213048934,
40.0,23.0,100.0,486.0,500.0,,52.8,,2010.0,3.0,1,8.0,0,0,0,0,0,0,0,0,1,0,0,6.18826412308259,4.61512051684126,3.1780538303479458,,3.9852734671677386,
40.0,23.0,100.0,486.0,500.0,,105.6,,2010.0,4.0,1,8.0,0,0,0,0,0,0,0,0,1,0,0,6.18826412308259,4.61512051684126,3.1780538303479458,,4.669083511731744,
40.0,32.0,100.0,486.0,625.0,,130.6,,2010.0,9.0,1,8.0,0,0,0,0,0,0,0,0,1,0,0,6.18826412308259,4.61512051684126,3.4965075614664802,,4.879767018891217,
40.0,12.0,116.0,585.0,500.0,,96.0,8.0,2010.0,9.0,1,8.0,0,0,0,0,0,0,0,0,1,0,0,6.373319789577012,4.762173934797756,2.5649493574615367,,4.574710978503383,2.1972245773362196
40.0,65.0,116.0,585.0,650.0,,,,2010.0,9.0,1,8.0,0,0,0,0,0,0,0,0,1,0,0,6.373319789577012,4.762173934797756,4.189654742026425,,,
40.0,50.0,116.0,585.0,700.0,,134.4,11.2,2010.0,9.0,1,8.0,0,0,0,0,0,0,0,0,1,0,0,6.373319789577012,4.762173934797756,3.9318256327243257,,4.9082333604781745,2.501435951739211
40.0,23.0,116.0,585.0,500.0,,192.0,16.0,2010.0,9.0,1,8.0,0,0,0,0,0,0,0,0,1,0,0,6.373319789577012,4.762173934797756,3.1780538303479458,,5.262690188904886,2.833213344056216
40.0,23.0,116.0,585.0,560.0,,215.0,17.92,2010.0,9.0,1,8.0,0,0,0,0,0,0,0,0,1,0,0,6.373319789577012,4.762173934797756,3.1780538303479458,,5.375278407684165,2.9402195636237325
40.0,49.0,116.0,585.0,700.0,,268.8,22.4,2010.0,10.0,1,8.0,0,0,0,0,0,0,0,0,1,0,0,6.373319789577012,4.762173934797756,3.912023005428146,,5.597680943773655,3.152736022363656
40.0,49.0,116.0,585.0,700.0,,268.8,22.4,2010.0,10.0,1,8.0,0,0,0,0,0,0,0,0,1,0,0,6.373319789577012,4.762173934797756,3.912023005428146,,5.597680943773655,3.152736022363656
40.0,49.0,116.0,585.0,700.0,,268.8,22.4,2010.0,10.0,1,8.0,0,0,0,0,0,0,0,0,1,0,0,6.373319789577012,4.762173934797756,3.912023005428146,,5.597680943773655,3.152736022363656
40.0,35.0,116.0,585.0,650.0,,249.6,20.8,2010.0,9.0,1,8.0,0,0,0,0,0,0,0,0,1,0,0,6.373319789577012,4.762173934797756,3.58351893845611,,5.523858042461968,3.0819099697950434
40.0,65.0,238.0,1170.0,810.0,,466.6,38.88,2010.0,10.0,1,8.0,0,0,0,0,0,0,0,0,1,0,0,7.065613363597717,5.476463551931511,4.189654742026425,,6.147613229597914,3.6858749450936377
40.0,65.0,238.0,1170.0,650.0,,,,2010.0,9.0,1,8.0,0,0,0,0,0,0,0,0,1,0,0,7.065613363597717,5.476463551931511,4.189654742026425,,,
40.0,35.0,238.0,1170.0,590.0,,339.8,28.32,2010.0,9.0,1,8.0,0,0,0,0,0,0,0,0,1,0,0,7.065613363597717,5.476463551931511,3.58351893845611,,5.83129579495516,3.3782698770184507
40.0,35.0,238.0,1170.0,570.0,,328.3,27.36,2010.0,9.0,1,8.0,0,0,0,0,0,0,0,0,1,0,0,7.065613363597717,5.476463551931511,3.58351893845611,,5.7969691893823185,3.344979701663927
40.0,106.0,238.0,1170.0,783.0,,601.3,50.11,2010.0,9.0,1,8.0,0,0,0,0,0,0,0,0,1,0,0,7.065613363597717,5.476463551931511,4.672828834461906,,6.4007556600496756,3.933980172780188
40.0,106.0,238.0,1170.0,783.0,,451.0,37.58,2010.0,9.0,1,8.0,0,0,0,0,0,0,0,0,1,0,0,7.065613363597717,5.476463551931511,4.672828834461906,,6.113682179832232,3.652734007477583
40.0,106.0,238.0,1170.0,790.0,,455.0,37.92,2010.0,10.0,1,8.0,0,0,0,0,0,0,0,0,1,0,0,7.065613363597717,5.476463551931511,4.672828834461906,,6.1224928095143865,3.6615082573178044
55.0,219.0,260.0,754.0,633.0,,622.1,77.76,2010.0,2.0,1,8.0,0,0,0,0,0,0,0,0,1,0,0,6.626717749249025,5.564520407322694,5.393627546352362,,6.434707019550176,4.366405253770925
40.0,160.0,332.0,1950.0,675.0,,907.2,75.6,2010.0,7.0,1,8.0,0,0,0,0,0,0,0,0,1,0,0,7.576097340623111,5.808142489980444,5.081404364984463,,6.811464618663851,4.338597076746545
40.0,65.0,332.0,1950.0,650.0,,,,2010.0,7.0,1,8.0,0,0,0,0,0,0,0,0,1,0,0,7.576097340623111,5.808142489980444,4.189654742026425,,,
40.0,160.0,332.0,1950.0,675.0,,907.2,75.6,2010.0,7.0,1,8.0,0,0,0,0,0,0,0,0,1,0,0,7.576097340623111,5.808142489980444,5.081404364984463,,6.811464618663851,4.338597076746545
40.0,150.0,332.0,1950.0,650.0,,873.6,72.8,2010.0,10.0,1,8.0,0,0,0,0,0,0,0,0,1,0,0,7.576097340623111,5.808142489980444,5.017279836814924,,6.77376663897882,4.301358731606427
40.0,150.0,332.0,1950.0,650.0,,748.8,62.4,2010.0,11.0,1,8.0,0,0,0,0,0,0,0,0,1,0,0,7.576097340623111,5.808142489980444,5.017279836814924,,6.6198065043018115,4.14946386144318
40.0,150.0,332.0,1950.0,650.0,,748.8,62.4,2010.0,11.0,1,8.0,0,0,0,0,0,0,0,0,1,0,0,7.576097340623111,5.808142489980444,5.017279836814924,,6.6198065043018115,4.14946386144318
40.0,65.0,332.0,1950.0,650.0,,,,2010.0,11.0,1,8.0,0,0,0,0,0,0,0,0,1,0,0,7.576097340623111,5.808142489980444,4.189654742026425,,,
40.0,50.0,238.0,1170.0,675.0,,518.4,43.2,2010.0,9.0,1,8.0,0,0,0,0,0,0,0,0,1,0,0,7.065613363597717,5.476463551931511,3.9318256327243257,,6.252674299228648,3.7887247890836524
40.0,200.0,529.0,3100.0,608.0,,855.4,106.9,2010.0,5.0,1,8.0,0,0,0,0,0,0,0,0,1,0,0,8.03947991910045,6.272877006546167,5.303304908059076,,6.752737556715528,4.681204872264089
40.0,65.0,529.0,3100.0,650.0,,,,2010.0,3.0,1,8.0,0,0,0,0,0,0,0,0,1,0,0,8.03947991910045,6.272877006546167,4.189654742026425,,,
40.0,215.0,529.0,3100.0,608.0,,1089.0,136.1,2010.0,3.0,1,8.0,0,0,0,0,0,0,0,0,1,0,0,8.03947991910045,6.272877006546167,5.375278407684165,,6.993932975223189,4.920710586568268
40.0,75.0,332.0,1950.0,535.0,,616.3,51.36,2010.0,9.0,1,8.0,0,0,0,0,0,0,0,0,1,0,0,7.576097340623111,5.808142489980444,4.330733340286331,,6.4253551293998505,3.9581429410416993
40.0,250.0,529.0,3100.0,701.0,,1345.0,168.1,2010.0,3.0,1,8.0,0,0,0,0,0,0,0,0,1,0,0,8.03947991910045,6.272877006546167,5.5254529391317835,,7.204892510204673,5.130490255904535
40.0,100.0,529.0,3100.0,425.0,,598.4,74.8,2010.0,5.0,1,8.0,0,0,0,0,0,0,0,0,1,0,0,8.03947991910045,6.272877006546167,4.61512051684126,,6.3959291548825625,4.328098292648326
40.0,219.0,520.0,3000.0,732.0,,1405.0,175.7,2010.0,12.0,1,8.0,0,0,0,0,0,0,0,0,1,0,0,8.006700845440367,6.255750041753367,5.393627546352362,,7.2485040723706105,5.174453379325651
40.0,65.0,520.0,3000.0,650.0,,,,2010.0,11.0,1,8.0,0,0,0,0,0,0,0,0,1,0,0,8.006700845440367,6.255750041753367,4.189654742026425,,,
40.0,219.0,520.0,3000.0,732.0,,1405.0,175.7,2010.0,12.0,1,8.0,0,0,0,0,0,0,0,0,1,0,0,8.006700845440367,6.255750041753367,5.393627546352362,,7.2485040723706105,5.174453379325651
40.0,244.0,520.0,3000.0,772.0,,1581.0,197.6,2010.0,11.0,1,8.0,0,0,0,0,0,0,0,0,1,0,0,8.006700845440367,6.255750041753367,5.501258210544727,,7.366445148327599,5.291292751611072
40.0,62.0,238.0,1170.0,625.0,,480.0,40.0,2010.0,12.0,1,8.0,0,0,0,0,0,0,0,0,1,0,0,7.065613363597717,5.476463551931511,4.143134726391533,,6.175867270105761,3.713572066704308
40.0,142.0,529.0,3100.0,475.0,,486.4,243.2,2010.0,11.0,1,8.0,0,0,0,0,0,0,0,0,1,0,0,8.03947991910045,6.272877006546167,4.962844630259907,,6.189085141191105,5.497987561676604
40.0,100.0,529.0,3100.0,405.0,,518.4,,2010.0,7.0,1,8.0,0,0,0,0,0,0,0,0,1,0,0,8.03947991910045,6.272877006546167,4.61512051684126,,6.252674299228648,
40.0,40.0,116.0,585.0,640.0,,245.8,20.48,2010.0,12.0,1,8.0,0,0,0,0,0,0,0,0,1,0,0,6.373319789577012,4.762173934797756,3.713572066704308,,5.508578292031233,3.067122269640664
40.0,204.0,529.0,3100.0,574.0,,1028.0,513.9,2010.0,12.0,1,8.0,0,0,0,0,0,0,0,0,1,0,0,8.03947991910045,6.272877006546167,5.3230099791384085,,6.9363427358340495,6.243972707052095
40.0,20.0,169.0,1170.0,300.0,,,,2010.0,6.0,1,8.0,0,0,0,0,0,0,0,0,1,0,0,7.065613363597717,5.135798437050262,3.044522437723423,,,
40.0,65.0,169.0,1170.0,650.0,,,,2010.0,6.0,1,8.0,0,0,0,0,0,0,0,0,1,0,0,7.065613363597717,5.135798437050262,4.189654742026425,,,
40.0,75.0,212.0,1700.0,680.0,,1306.0,,2011.0,4.0,1,6.0,0,0,0,0,0,0,0,0,1,0,0,7.438971592395862,5.3612921657094255,4.330733340286331,,7.175489713624222,
40.0,65.0,212.0,1700.0,650.0,,,,2011.0,1.0,1,6.0,0,0,0,0,0,0,0,0,1,0,0,7.438971592395862,5.3612921657094255,4.189654742026425,,,
40.0,75.0,118.0,716.0,800.0,,768.0,,2011.0,11.0,1,6.0,0,0,0,0,0,0,0,0,1,0,0,6.57507584059962,4.77912349311153,4.330733340286331,,6.645090969505644,
40.0,65.0,118.0,716.0,650.0,,,,2011.0,2.0,1,6.0,0,0,0,0,0,0,0,0,1,0,0,6.57507584059962,4.77912349311153,4.189654742026425,,,
40.0,75.0,389.0,2640.0,600.0,,614.4,153.6,2011.0,5.0,1,6.0,0,0,0,0,0,0,0,0,1,0,0,7.878912912297133,5.966146739123692,4.330733340286331,,6.422272462887942,5.040841136153322
40.0,150.0,389.0,2640.0,725.0,,1856.0,464.0,2011.0,5.0,1,6.0,0,0,0,0,0,0,0,0,1,0,0,7.878912912297133,5.966146739123692,5.017279836814924,,7.526717561352706,6.142037405587356
40.0,150.0,389.0,2640.0,725.0,,1856.0,464.0,2011.0,5.0,1,6.0,0,0,0,0,0,0,0,0,1,0,0,7.878912912297133,5.966146739123692,5.017279836814924,,7.526717561352706,6.142037405587356
40.0,25.0,67.0,370.0,600.0,,192.0,,2011.0,4.0,1,6.0,0,0,0,0,0,0,0,0,1,0,0,5.916202062607435,4.219507705176107,3.258096538021482,,5.262690188904886,
40.0,65.0,67.0,370.0,650.0,,,,2011.0,2.0,1,6.0,0,0,0,0,0,0,0,0,1,0,0,5.916202062607435,4.219507705176107,4.189654742026425,,,
40.0,45.0,118.0,716.0,600.0,,576.0,,2011.0,5.0,1,6.0,0,0,0,0,0,0,0,0,1,0,0,6.57507584059962,4.77912349311153,3.828641396489095,,6.3578422665081,
40.0,65.0,118.0,716.0,650.0,,,,2011.0,1.0,1,6.0,0,0,0,0,0,0,0,0,1,0,0,6.57507584059962,4.77912349311153,4.189654742026425,,,
40.0,45.0,118.0,716.0,600.0,,576.0,,2011.0,5.0,1,6.0,0,0,0,0,0,0,0,0,1,0,0,6.57507584059962,4.77912349311153,3.828641396489095,,6.3578422665081,
40.0,19.0,59.0,292.0,650.0,,104.0,,2011.0,7.0,1,6.0,0,0,0,0,0,0,0,0,1,0,0,5.680172609017068,4.0943445622221,2.995732273553991,,4.653960350157523,
40.0,65.0,59.0,292.0,650.0,,,,2011.0,2.0,1,6.0,0,0,0,0,0,0,0,0,1,0,0,5.680172609017068,4.0943445622221,4.189654742026425,,,
40.0,19.0,59.0,292.0,650.0,,104.0,,2011.0,12.0,1,6.0,0,0,0,0,0,0,0,0,1,0,0,5.680172609017068,4.0943445622221,2.995732273553991,,4.653960350157523,
40.0,65.0,59.0,292.0,650.0,,,,2011.0,1.0,1,6.0,0,0,0,0,0,0,0,0,1,0,0,5.680172609017068,4.0943445622221,4.189654742026425,,,
40.0,18.0,75.0,450.0,508.0,,81.28,,2011.0,8.0,1,6.0,0,0,0,0,0,0,0,0,1,0,0,6.111467339502679,4.330733340286331,2.9444389791664403,,4.4101280647847565,
40.0,25.0,59.0,292.0,650.0,,104.0,,2011.0,4.0,1,6.0,0,0,0,0,0,0,0,0,1,0,0,5.680172609017068,4.0943445622221,3.258096538021482,,4.653960350157523,
32.0,65.0,227.0,1178.0,444.0,,142.1,,2011.0,11.0,1,6.0,0,0,0,0,0,0,0,0,1,0,0,7.072421900537371,5.429345628954441,4.189654742026425,,4.963543686562405,
32.0,65.0,227.0,1178.0,650.0,,,,2011.0,6.0,1,6.0,0,0,0,0,0,0,0,0,1,0,0,7.072421900537371,5.429345628954441,4.189654742026425,,,
32.0,35.0,227.0,1178.0,400.0,,128.0,,2011.0,6.0,1,6.0,0,0,0,0,0,0,0,0,1,0,0,7.072421900537371,5.429345628954441,3.58351893845611,,4.859812404361672,
40.0,39.0,104.0,627.0,550.0,,352.0,,2011.0,7.0,1,6.0,0,0,0,0,0,0,0,0,1,0,0,6.4425401664681985,4.653960350157523,3.6888794541139363,,5.8664680569332965,
40.0,65.0,104.0,627.0,650.0,,,,2011.0,5.0,1,6.0,0,0,0,0,0,0,0,0,1,0,0,6.4425401664681985,4.653960350157523,4.189654742026425,,,
32.0,65.0,227.0,1178.0,444.0,,142.1,,2011.0,6.0,1,6.0,0,0,0,0,0,0,0,0,1,0,0,7.072421900537371,5.429345628954441,4.189654742026425,,4.963543686562405,
40.0,18.0,67.0,370.0,625.0,,200.0,,2011.0,4.0,1,6.0,0,0,0,0,0,0,0,0,1,0,0,5.916202062607435,4.219507705176107,2.9444389791664403,,5.303304908059076,
40.0,25.0,67.0,370.0,625.0,,200.0,,2011.0,4.0,1,6.0,0,0,0,0,0,0,0,0,1,0,0,5.916202062607435,4.219507705176107,3.258096538021482,,5.303304908059076,
32.0,35.0,227.0,1178.0,593.0,,189.8,,2011.0,6.0,1,6.0,0,0,0,0,0,0,0,0,1,0,0,7.072421900537371,5.429345628954441,3.58351893845611,,5.251225759014186,
32.0,35.0,227.0,1178.0,444.0,,213.1,,2011.0,6.0,1,6.0,0,0,0,0,0,0,0,0,1,0,0,7.072421900537371,5.429345628954441,3.58351893845611,,5.366443195595637,
32.0,65.0,227.0,1178.0,650.0,,,,2011.0,6.0,1,6.0,0,0,0,0,0,0,0,0,1,0,0,7.072421900537371,5.429345628954441,4.189654742026425,,,
40.0,39.0,104.0,627.0,550.0,,352.0,,2011.0,7.0,1,6.0,0,0,0,0,0,0,0,0,1,0,0,6.4425401664681985,4.653960350157523,3.6888794541139363,,5.8664680569332965,
40.0,65.0,67.0,370.0,750.0,,240.0,,2011.0,5.0,1,6.0,0,0,0,0,0,0,0,0,1,0,0,5.916202062607435,4.219507705176107,4.189654742026425,,5.484796933490655,
40.0,39.0,118.0,716.0,650.0,,416.0,,2011.0,5.0,1,6.0,0,0,0,0,0,0,0,0,1,0,0,6.57507584059962,4.77912349311153,3.6888794541139363,,6.0330862217988015,
40.0,39.0,104.0,627.0,650.0,,520.0,,2011.0,5.0,1,6.0,0,0,0,0,0,0,0,0,1,0,0,6.4425401664681985,4.653960350157523,3.6888794541139363,,6.255750041753367,
32.0,35.0,227.0,1178.0,400.0,,256.0,,2011.0,12.0,1,6.0,0,0,0,0,0,0,0,0,1,0,0,7.072421900537371,5.429345628954441,3.58351893845611,,5.54907608489522,
40.0,39.0,104.0,627.0,650.0,,520.0,,2011.0,5.0,1,6.0,0,0,0,0,0,0,0,0,1,0,0,6.4425401664681985,4.653960350157523,3.6888794541139363,,6.255750041753367,
32.0,65.0,227.0,1178.0,444.0,,284.2,,2011.0,6.0,1,6.0,0,0,0,0,0,0,0,0,1,0,0,7.072421900537371,5.429345628954441,4.189654742026425,,5.653190688540141,
32.0,65.0,227.0,1178.0,600.0,,480.0,,2011.0,6.0,1,6.0,0,0,0,0,0,0,0,0,1,0,0,7.072421900537371,5.429345628954441,4.189654742026425,,6.175867270105761,
40.0,60.0,118.0,716.0,650.0,,624.0,,2011.0,4.0,1,6.0,0,0,0,0,0,0,0,0,1,0,0,6.57507584059962,4.77912349311153,4.110873864173311,,6.437751649736401,
40.0,30.0,118.0,716.0,600.0,,576.0,,2011.0,4.0,1,6.0,0,0,0,0,0,0,0,0,1,0,0,6.57507584059962,4.77912349311153,3.4339872044851463,,6.3578422665081,
32.0,35.0,227.0,1178.0,444.0,,355.2,,2011.0,12.0,1,6.0,0,0,0,0,0,0,0,0,1,0,0,7.072421900537371,5.429345628954441,3.58351893845611,,5.875492370855561,
40.0,45.0,118.0,716.0,600.0,,576.0,,2011.0,4.0,1,6.0,0,0,0,0,0,0,0,0,1,0,0,6.57507584059962,4.77912349311153,3.828641396489095,,6.3578422665081,
40.0,65.0,118.0,716.0,650.0,,,,2011.0,4.0,1,6.0,0,0,0,0,0,0,0,0,1,0,0,6.57507584059962,4.77912349311153,4.189654742026425,,,
40.0,66.0,118.0,716.0,800.0,,768.0,,2011.0,4.0,1,6.0,0,0,0,0,0,0,0,0,1,0,0,6.57507584059962,4.77912349311153,4.204692619390966,,6.645090969505644,
40.0,45.0,118.0,716.0,600.0,,576.0,,2011.0,4.0,1,6.0,0,0,0,0,0,0,0,0,1,0,0,6.57507584059962,4.77912349311153,3.828641396489095,,6.3578422665081,
40.0,35.0,118.0,716.0,598.0,,574.1,,2011.0,4.0,1,6.0,0,0,0,0,0,0,0,0,1,0,0,6.57507584059962,4.77912349311153,3.58351893845611,,6.354543938719709,
40.0,150.0,255.0,1700.0,840.0,,1344.0,,2011.0,4.0,1,6.0,0,0,0,0,0,0,0,0,1,0,0,7.438971592395862,5.545177444479562,5.017279836814924,,7.20414929203594,
40.0,254.0,255.0,1700.0,800.0,,1536.0,,2011.0,9.0,1,6.0,0,0,0,0,0,0,0,0,1,0,0,7.438971592395862,5.545177444479562,5.541263545158426,,7.337587743538596,
40.0,300.0,255.0,1700.0,900.0,,2016.0,,2011.0,7.0,1,6.0,0,0,0,0,0,0,0,0,1,0,0,7.438971592395862,5.545177444479562,5.707110264748875,,7.6093665379542115,
40.0,186.0,389.0,2640.0,750.0,,1920.0,480.0,2011.0,12.0,1,6.0,0,0,0,0,0,0,0,0,1,0,0,7.878912912297133,5.966146739123692,5.231108616854587,,7.560601162768557,6.175867270105761
40.0,75.0,212.0,1700.0,680.0,,1306.0,,2011.0,8.0,1,6.0,0,0,0,0,0,0,0,0,1,0,0,7.438971592395862,5.3612921657094255,4.330733340286331,,7.175489713624222,
40.0,100.0,212.0,1700.0,715.0,,1602.0,,2011.0,7.0,1,6.0,0,0,0,0,0,0,0,0,1,0,0,7.438971592395862,5.3612921657094255,4.61512051684126,,7.3796321526095525,
40.0,100.0,166.0,1040.0,700.0,,1120.0,,2011.0,7.0,1,6.0,0,0,0,0,0,0,0,0,1,0,0,6.947937068614969,5.117993812416755,4.61512051684126,,7.02197642307216,
40.0,65.0,166.0,1040.0,650.0,,,,2011.0,1.0,1,6.0,0,0,0,0,0,0,0,0,1,0,0,6.947937068614969,5.117993812416755,4.189654742026425,,,
40.0,20.0,118.0,716.0,725.0,,696.0,,2011.0,12.0,1,6.0,0,0,0,0,0,0,0,0,1,0,0,6.57507584059962,4.77912349311153,3.044522437723423,,6.546785410760524,
40.0,65.0,118.0,716.0,650.0,,,,2011.0,2.0,1,6.0,0,0,0,0,0,0,0,0,1,0,0,6.57507584059962,4.77912349311153,4.189654742026425,,,
28.0,250.0,352.0,4313.0,925.0,,3789.0,947.2,2011.0,12.0,1,6.0,0,0,0,0,0,0,0,0,1,0,0,8.369620826949102,5.8664680569332965,5.5254529391317835,,8.240121298076472,6.854565450468018
28.0,65.0,352.0,4313.0,650.0,,,,2011.0,12.0,1,6.0,0,0,0,0,0,0,0,0,1,0,0,8.369620826949102,5.8664680569332965,4.189654742026425,,,
40.0,138.0,334.0,2154.0,700.0,,2016.0,403.2,2011.0,5.0,1,5.0,0,0,0,0,0,0,0,0,1,0,0,7.675546002537848,5.814130531825066,4.9344739331306915,,7.6093665379542115,6.001909804969521
55.0,25.0,73.0,242.0,600.0,,96.0,,2011.0,11.0,1,5.0,0,0,0,0,0,0,0,0,1,0,0,5.493061443340548,4.30406509320417,3.258096538021482,,4.574710978503383,
55.0,65.0,135.0,378.0,796.0,,191.0,,2011.0,11.0,1,5.0,0,0,0,0,0,0,0,0,1,0,0,5.937536205082426,4.912654885736052,4.189654742026425,,5.2574953720277815,
55.0,55.0,146.0,514.0,600.0,,384.0,,2011.0,12.0,1,5.0,0,0,0,0,0,0,0,0,1,0,0,6.244166900663736,4.990432586778736,4.02535169073515,,5.953243334287785,
40.0,19.0,59.0,292.0,650.0,,104.0,,2011.0,3.0,1,5.0,0,0,0,0,0,0,0,0,1,0,0,5.680172609017068,4.0943445622221,2.995732273553991,,4.653960350157523,
40.0,39.0,118.0,716.0,650.0,,416.0,,2011.0,10.0,1,5.0,0,0,0,0,0,0,0,0,1,0,0,6.57507584059962,4.77912349311153,3.6888794541139363,,6.0330862217988015,
40.0,65.0,118.0,716.0,650.0,,,,2011.0,10.0,1,5.0,0,0,0,0,0,0,0,0,1,0,0,6.57507584059962,4.77912349311153,4.189654742026425,,,
32.0,65.0,131.0,504.0,350.0,,76.8,,2011.0,5.0,1,7.0,0,0,0,1,0,0,0,0,0,0,0,6.22455842927536,4.882801922586371,4.189654742026425,,4.354141431184346,
32.0,65.0,131.0,504.0,650.0,,,,2011.0,2.0,1,7.0,0,0,0,1,0,0,0,0,0,0,0,6.22455842927536,4.882801922586371,4.189654742026425,,,
40.0,33.0,144.0,727.0,506.0,,97.15,,2011.0,4.0,1,8.0,0,0,0,0,0,0,0,0,1,0,0,6.590301048196686,4.976733742420574,3.5263605246161616,,4.58649692072247,
40.0,25.0,79.0,292.0,523.0,,100.4,8.368,2011.0,9.0,1,8.0,0,0,0,0,0,0,0,0,1,0,0,5.680172609017068,4.382026634673881,3.258096538021482,,4.619073091157083,2.237299626295416
40.0,65.0,79.0,292.0,650.0,,,,2011.0,1.0,1,8.0,0,0,0,0,0,0,0,0,1,0,0,5.680172609017068,4.382026634673881,4.189654742026425,,,
40.0,12.0,79.0,292.0,738.0,,141.7,11.81,2011.0,12.0,1,8.0,0,0,0,0,0,0,0,0,1,0,0,5.680172609017068,4.382026634673881,2.5649493574615367,,4.960744524482791,2.550226115908643
28.0,12.0,116.0,585.0,625.0,,120.0,10.0,2011.0,12.0,1,8.0,0,0,0,0,0,0,0,0,1,0,0,6.373319789577012,4.762173934797756,2.5649493574615367,,4.795790545596741,2.3978952727983707
28.0,65.0,116.0,585.0,650.0,,,,2011.0,12.0,1,8.0,0,0,0,0,0,0,0,0,1,0,0,6.373319789577012,4.762173934797756,4.189654742026425,,,
40.0,12.0,116.0,585.0,672.0,,129.0,10.75,2011.0,12.0,1,8.0,0,0,0,0,0,0,0,0,1,0,0,6.373319789577012,4.762173934797756,2.5649493574615367,,4.867534450455582,2.463853240590168
40.0,12.0,79.0,292.0,475.0,,91.2,7.6,2011.0,12.0,1,8.0,0,0,0,0,0,0,0,0,1,0,0,5.680172609017068,4.382026634673881,2.5649493574615367,,4.523960130562548,2.151762203259462
40.0,65.0,79.0,292.0,650.0,,,,2011.0,1.0,1,8.0,0,0,0,0,0,0,0,0,1,0,0,5.680172609017068,4.382026634673881,4.189654742026425,,,
40.0,29.0,79.0,292.0,810.0,,155.5,12.96,2011.0,4.0,1,8.0,0,0,0,0,0,0,0,0,1,0,0,5.680172609017068,4.382026634673881,3.4011973816621555,,5.0530560099802075,2.6361960973342264
40.0,29.0,79.0,292.0,810.0,,155.5,12.96,2011.0,4.0,1,8.0,0,0,0,0,0,0,0,0,1,0,0,5.680172609017068,4.382026634673881,3.4011973816621555,,5.0530560099802075,2.6361960973342264
40.0,29.0,79.0,292.0,810.0,,155.5,12.96,2011.0,4.0,1,8.0,0,0,0,0,0,0,0,0,1,0,0,5.680172609017068,4.382026634673881,3.4011973816621555,,5.0530560099802075,2.6361960973342264
40.0,20.0,79.0,292.0,900.0,,172.8,14.4,2011.0,5.0,1,8.0,0,0,0,0,0,0,0,0,1,0,0,5.680172609017068,4.382026634673881,3.044522437723423,,5.157905212831292,2.7343675094195836
40.0,50.0,116.0,585.0,700.0,,268.8,22.4,2011.0,5.0,1,8.0,0,0,0,0,0,0,0,0,1,0,0,6.373319789577012,4.762173934797756,3.9318256327243257,,5.597680943773655,3.152736022363656
40.0,70.0,238.0,1170.0,720.0,,414.7,34.56,2011.0,5.0,1,8.0,0,0,0,0,0,0,0,0,1,0,0,7.065613363597717,5.476463551931511,4.2626798770413155,,6.029963846258592,3.571221410645704
40.0,65.0,238.0,1170.0,650.0,,,,2011.0,3.0,1,8.0,0,0,0,0,0,0,0,0,1,0,0,7.065613363597717,5.476463551931511,4.189654742026425,,,
40.0,105.0,238.0,1170.0,871.0,,501.4,41.78,2011.0,5.0,1,8.0,0,0,0,0,0,0,0,0,1,0,0,7.065613363597717,5.476463551931511,4.663439094112067,,6.219396615153989,3.7560707036542595
40.0,35.0,238.0,1170.0,590.0,,339.8,28.32,2011.0,7.0,1,8.0,0,0,0,0,0,0,0,0,1,0,0,7.065613363597717,5.476463551931511,3.58351893845611,,5.83129579495516,3.3782698770184507
40.0,35.0,238.0,1170.0,525.0,,302.4,25.2,2011.0,10.0,1,8.0,0,0,0,0,0,0,0,0,1,0,0,7.065613363597717,5.476463551931511,3.58351893845611,,5.715052066914432,3.265759410767051
40.0,35.0,116.0,585.0,753.0,,289.0,24.08,2011.0,6.0,1,8.0,0,0,0,0,0,0,0,0,1,0,0,6.373319789577012,4.762173934797756,3.58351893845611,,5.66988092298052,3.22207071576472
40.0,35.0,238.0,1170.0,590.0,,339.8,28.32,2011.0,3.0,1,8.0,0,0,0,0,0,0,0,0,1,0,0,7.065613363597717,5.476463551931511,3.58351893845611,,5.83129579495516,3.3782698770184507
40.0,160.0,332.0,1950.0,779.0,,1046.0,87.19,2011.0,9.0,1,8.0,0,0,0,0,0,0,0,0,1,0,0,7.576097340623111,5.808142489980444,5.081404364984463,,6.953684210870537,4.479493577900089
40.0,160.0,332.0,1950.0,779.0,,1046.0,87.19,2011.0,9.0,1,8.0,0,0,0,0,0,0,0,0,1,0,0,7.576097340623111,5.808142489980444,5.081404364984463,,6.953684210870537,4.479493577900089
40.0,365.0,529.0,3100.0,608.0,,1166.0,145.8,,,1,8.0,0,0,0,0,0,0,0,0,1,0,0,8.03947991910045,6.272877006546167,5.902633333401366,,7.062191632286556,4.9890711161804155
40.0,116.0,238.0,1170.0,900.0,,691.2,57.6,2011.0,3.0,1,8.0,0,0,0,0,0,0,0,0,1,0,0,7.065613363597717,5.476463551931511,4.762173934797756,,6.539874931201244,4.070734696582967
40.0,150.0,332.0,1950.0,736.0,,847.9,70.66,2011.0,5.0,1,8.0,0,0,0,0,0,0,0,0,1,0,0,7.576097340623111,5.808142489980444,5.017279836814924,,6.743941393743922,4.271932711876808
40.0,150.0,332.0,1950.0,810.0,,1089.0,90.72,2011.0,5.0,1,8.0,0,0,0,0,0,0,0,0,1,0,0,7.576097340623111,5.808142489980444,5.017279836814924,,6.993932975223189,4.518740457989703
40.0,150.0,520.0,3000.0,552.0,,847.9,106.0,2011.0,11.0,1,8.0,0,0,0,0,0,0,0,0,1,0,0,8.006700845440367,6.255750041753367,5.017279836814924,,6.743941393743922,4.672828834461906
40.0,210.0,520.0,3000.0,732.0,,1312.0,164.0,2011.0,11.0,1,8.0,0,0,0,0,0,0,0,0,1,0,0,8.006700845440367,6.255750041753367,5.351858133476067,,7.180069874302796,5.10594547390058
40.0,210.0,520.0,3000.0,732.0,,1031.0,128.8,2011.0,3.0,1,8.0,0,0,0,0,0,0,0,0,1,0,0,8.006700845440367,6.255750041753367,5.351858133476067,,6.939253946041508,4.86599480426999
40.0,75.0,238.0,1170.0,775.0,,595.2,49.6,2011.0,5.0,1,8.0,0,0,0,0,0,0,0,0,1,0,0,7.065613363597717,5.476463551931511,4.330733340286331,,6.390576181243971,3.92395157629342
40.0,75.0,332.0,1950.0,575.0,,772.8,64.4,2011.0,6.0,1,8.0,0,0,0,0,0,0,0,0,1,0,0,7.576097340623111,5.808142489980444,4.330733340286331,,6.651313442266413,4.180522258463153
40.0,244.0,520.0,3000.0,772.0,,1581.0,197.6,2011.0,6.0,1,8.0,0,0,0,0,0,0,0,0,1,0,0,8.006700845440367,6.255750041753367,5.501258210544727,,7.366445148327599,5.291292751611072
40.0,100.0,332.0,1950.0,620.0,,952.3,79.36,2011.0,6.0,1,8.0,0,0,0,0,0,0,0,0,1,0,0,7.576097340623111,5.808142489980444,4.61512051684126,,6.8599296494995325,4.386516539946734
40.0,365.0,520.0,3000.0,608.0,,1244.0,155.5,2011.0,3.0,1,8.0,0,0,0,0,0,0,0,0,1,0,0,8.006700845440367,6.255750041753367,5.902633333401366,,7.126890808898808,5.0530560099802075
40.0,62.0,238.0,1170.0,625.0,,480.0,40.0,2011.0,10.0,1,8.0,0,0,0,0,0,0,0,0,1,0,0,7.065613363597717,5.476463551931511,4.143134726391533,,6.175867270105761,3.713572066704308
40.0,32.0,100.0,486.0,450.0,,108.0,,2011.0,4.0,1,8.0,0,0,0,0,0,0,0,0,1,0,0,6.18826412308259,4.61512051684126,3.4965075614664802,,4.6913478822291435,
40.0,142.0,529.0,3100.0,475.0,,486.4,243.2,2011.0,6.0,1,8.0,0,0,0,0,0,0,0,0,1,0,0,8.03947991910045,6.272877006546167,4.962844630259907,,6.189085141191105,5.497987561676604
40.0,231.0,529.0,3100.0,574.0,,1028.0,513.9,2011.0,7.0,1,8.0,0,0,0,0,0,0,0,0,1,0,0,8.03947991910045,6.272877006546167,5.44673737166631,,6.9363427358340495,6.243972707052095
40.0,600.0,520.0,3000.0,574.0,,1176.0,587.8,2011.0,7.0,1,8.0,0,0,0,0,0,0,0,0,1,0,0,8.006700845440367,6.255750041753367,6.398594934535208,,7.0707241072602764,6.378086567414666
40.0,20.0,80.0,10.0,416.0,,,,2011.0,11.0,1,8.0,0,0,0,0,0,0,0,0,1,0,0,2.3978952727983707,4.394449154672439,3.044522437723423,,,
40.0,65.0,80.0,10.0,650.0,,,,2011.0,11.0,1,8.0,0,0,0,0,0,0,0,0,1,0,0,2.3978952727983707,4.394449154672439,4.189654742026425,,,
40.0,238.0,529.0,3100.0,574.0,,1028.0,513.9,2011.0,7.0,1,8.0,0,0,0,0,0,0,0,0,1,0,0,8.03947991910045,6.272877006546167,5.476463551931511,,6.9363427358340495,6.243972707052095
40.0,238.0,529.0,3100.0,574.0,,1028.0,513.9,2011.0,7.0,1,8.0,0,0,0,0,0,0,0,0,1,0,0,8.03947991910045,6.272877006546167,5.476463551931511,,6.9363427358340495,6.243972707052095
40.0,247.0,520.0,3000.0,574.0,,1028.0,513.9,2011.0,7.0,1,8.0,0,0,0,0,0,0,0,0,1,0,0,8.006700845440367,6.255750041753367,5.5134287461649825,,6.9363427358340495,6.243972707052095
40.0,250.0,520.0,3000.0,651.0,,1332.0,666.1,2011.0,7.0,1,8.0,0,0,0,0,0,0,0,0,1,0,0,8.006700845440367,6.255750041753367,5.5254529391317835,,7.195187320178709,6.502939959715469
40.0,225.0,529.0,3100.0,574.0,,1030.0,515.2,2011.0,7.0,1,8.0,0,0,0,0,0,0,0,0,1,0,0,8.03947991910045,6.272877006546167,5.420534999272286,,6.93828448401696,6.246494287284514
40.0,225.0,529.0,3100.0,574.0,,1030.0,515.2,2011.0,7.0,1,8.0,0,0,0,0,0,0,0,0,1,0,0,8.03947991910045,6.272877006546167,5.420534999272286,,6.93828448401696,6.246494287284514
40.0,225.0,529.0,3100.0,574.0,,1028.0,513.9,2011.0,7.0,1,8.0,0,0,0,0,0,0,0,0,1,0,0,8.03947991910045,6.272877006546167,5.420534999272286,,6.9363427358340495,6.243972707052095
40.0,225.0,520.0,3000.0,574.0,,1028.0,513.9,2011.0,7.0,1,8.0,0,0,0,0,0,0,0,0,1,0,0,8.006700845440367,6.255750041753367,5.420534999272286,,6.9363427358340495,6.243972707052095
40.0,250.0,520.0,3000.0,651.0,,1332.0,666.1,2011.0,7.0,1,8.0,0,0,0,0,0,0,0,0,1,0,0,8.006700845440367,6.255750041753367,5.5254529391317835,,7.195187320178709,6.502939959715469
40.0,900.0,529.0,3100.0,574.0,,1028.0,513.9,2011.0,7.0,1,8.0,0,0,0,0,0,0,0,0,1,0,0,8.03947991910045,6.272877006546167,6.803505257608338,,6.9363427358340495,6.243972707052095
40.0,225.0,529.0,3100.0,651.0,,1166.0,582.8,2011.0,7.0,1,8.0,0,0,0,0,0,0,0,0,1,0,0,8.03947991910045,6.272877006546167,5.420534999272286,,7.062191632286556,6.3695584584200144
40.0,225.0,520.0,3000.0,651.0,,1332.0,666.1,2011.0,7.0,1,8.0,0,0,0,0,0,0,0,0,1,0,0,8.006700845440367,6.255750041753367,5.420534999272286,,7.195187320178709,6.502939959715469
32.0,4.0,6.0,1170.0,200.0,,,,2011.0,12.0,1,4.0,0,0,0,0,0,0,1,0,0,0,0,7.065613363597717,1.9459101490553132,1.6094379124341003,,,
32.0,65.0,6.0,1170.0,650.0,,,,2011.0,12.0,1,4.0,0,0,0,0,0,0,1,0,0,0,0,7.065613363597717,1.9459101490553132,4.189654742026425,,,
32.0,65.0,246.0,1303.0,760.0,,695.0,,2012.0,6.0,1,6.0,0,1,0,0,0,0,0,0,0,0,0,7.1731917424865985,5.5093883366279774,4.189654742026425,,6.54534966033442,
32.0,65.0,246.0,1303.0,650.0,,,,2012.0,5.0,1,6.0,0,1,0,0,0,0,0,0,0,0,0,7.1731917424865985,5.5093883366279774,4.189654742026425,,,
32.0,100.0,246.0,1303.0,800.0,,733.4,,2012.0,6.0,1,6.0,0,1,0,0,0,0,0,0,0,0,0,7.1731917424865985,5.5093883366279774,4.61512051684126,,6.599053839306281,
40.0,33.0,118.0,716.0,500.0,,480.0,,2012.0,7.0,1,6.0,0,0,0,0,0,0,0,0,1,0,0,6.57507584059962,4.77912349311153,3.5263605246161616,,6.175867270105761,
28.0,33.0,123.0,1500.0,675.0,,691.2,43.2,2012.0,6.0,1,6.0,0,0,0,0,0,0,0,0,1,0,0,7.313886831633462,4.820281565605037,3.5263605246161616,,6.539874931201244,3.7887247890836524
28.0,65.0,123.0,1500.0,650.0,,,,2012.0,4.0,1,6.0,0,0,0,0,0,0,0,0,1,0,0,7.313886831633462,4.820281565605037,4.189654742026425,,,
28.0,43.0,123.0,1500.0,800.0,,1024.0,64.0,2012.0,7.0,1,6.0,0,0,0,0,0,0,0,0,1,0,0,7.313886831633462,4.820281565605037,3.784189633918261,,6.932447891572509,4.174387269895637
28.0,65.0,123.0,1500.0,650.0,,,,2012.0,4.0,1,6.0,0,0,0,0,0,0,0,0,1,0,0,7.313886831633462,4.820281565605037,4.189654742026425,,,
28.0,375.0,352.0,4313.0,825.0,,3405.0,851.2,2012.0,11.0,1,6.0,0,0,0,0,0,0,0,0,1,0,0,8.369620826949102,5.8664680569332965,5.929589143389895,,8.133293861222633,6.747821241065812
28.0,375.0,352.0,4313.0,825.0,,3405.0,851.2,2012.0,11.0,1,6.0,0,0,0,0,0,0,0,0,1,0,0,8.369620826949102,5.8664680569332965,5.929589143389895,,8.133293861222633,6.747821241065812
28.0,150.0,212.0,2800.0,950.0,,2432.0,152.0,2012.0,8.0,1,6.0,0,0,0,0,0,0,0,0,1,0,0,7.937731775260109,5.3612921657094255,5.017279836814924,,7.796880342783522,5.030437921392435
28.0,65.0,212.0,2800.0,650.0,,,,2012.0,3.0,1,6.0,0,0,0,0,0,0,0,0,1,0,0,7.937731775260109,5.3612921657094255,4.189654742026425,,,
28.0,225.0,352.0,4313.0,900.0,,3226.0,806.4,2012.0,8.0,1,6.0,0,0,0,0,0,0,0,0,1,0,0,8.369620826949102,5.8664680569332965,5.420534999272286,,8.079308192051961,6.693819208418841
28.0,200.0,352.0,4313.0,800.0,,2867.0,716.8,2012.0,8.0,1,6.0,0,0,0,0,0,0,0,0,1,0,0,8.369620826949102,5.8664680569332965,5.303304908059076,,7.961370201719511,6.576190978713507
28.0,75.0,212.0,2800.0,825.0,,1267.0,79.2,2012.0,8.0,1,6.0,0,0,0,0,0,0,0,0,1,0,0,7.937731775260109,5.3612921657094255,4.330733340286331,,7.145196134997171,4.384523514872469
28.0,75.0,212.0,2800.0,825.0,,1267.0,79.2,2012.0,8.0,1,6.0,0,0,0,0,0,0,0,0,1,0,0,7.937731775260109,5.3612921657094255,4.330733340286331,,7.145196134997171,4.384523514872469
28.0,75.0,123.0,1500.0,750.0,,768.0,48.0,2012.0,6.0,1,6.0,0,0,0,0,0,0,0,0,1,0,0,7.313886831633462,4.820281565605037,4.330733340286331,,6.645090969505644,3.8918202981106265
28.0,65.0,123.0,1500.0,650.0,,,,2012.0,2.0,1,6.0,0,0,0,0,0,0,0,0,1,0,0,7.313886831633462,4.820281565605037,4.189654742026425,,,
28.0,150.0,212.0,2800.0,950.0,,2432.0,152.0,2012.0,6.0,1,6.0,0,0,0,0,0,0,0,0,1,0,0,7.937731775260109,5.3612921657094255,5.017279836814924,,7.796880342783522,5.030437921392435
28.0,225.0,352.0,4313.0,900.0,,3226.0,806.4,2012.0,6.0,1,6.0,0,0,0,0,0,0,0,0,1,0,0,8.369620826949102,5.8664680569332965,5.420534999272286,,8.079308192051961,6.693819208418841
28.0,274.0,352.0,4313.0,975.0,,3994.0,998.4,2012.0,6.0,1,6.0,0,0,0,0,0,0,0,0,1,0,0,8.369620826949102,5.8664680569332965,5.616771097666572,,8.292798858200374,6.9071550989101045
28.0,375.0,352.0,4313.0,825.0,,3405.0,851.2,,,1,6.0,0,0,0,0,0,0,0,0,1,0,0,8.369620826949102,5.8664680569332965,5.929589143389895,,8.133293861222633,6.747821241065812
40.0,7.0,75.0,450.0,276.0,,44.16,,2012.0,10.0,1,6.0,0,0,0,0,0,0,0,0,1,0,0,6.111467339502679,4.330733340286331,2.0794415416798357,,3.810211739281461,
40.0,151.0,334.0,2154.0,725.0,,2088.0,417.6,2012.0,8.0,1,6.0,0,0,0,0,0,0,0,0,1,0,0,7.675546002537848,5.814130531825066,5.0238805208462765,,7.644440761556566,6.0369158100119
40.0,18.0,75.0,450.0,276.0,,44.16,,2012.0,6.0,1,6.0,0,0,0,0,0,0,0,0,1,0,0,6.111467339502679,4.330733340286331,2.9444389791664403,,3.810211739281461,
40.0,18.0,75.0,450.0,500.0,,80.0,,2012.0,6.0,1,6.0,0,0,0,0,0,0,0,0,1,0,0,6.111467339502679,4.330733340286331,2.9444389791664403,,4.394449154672439,
40.0,18.0,75.0,450.0,523.0,,83.68,,2012.0,6.0,1,6.0,0,0,0,0,0,0,0,0,1,0,0,6.111467339502679,4.330733340286331,2.9444389791664403,,4.4388794462666645,
32.0,17.0,246.0,1303.0,327.0,,162.8,,2012.0,10.0,1,6.0,0,1,0,0,0,0,0,0,0,0,0,7.1731917424865985,5.5093883366279774,2.8903717578961645,,5.098646171418969,
32.0,65.0,246.0,1303.0,650.0,,,,2012.0,6.0,1,6.0,0,1,0,0,0,0,0,0,0,0,0,7.1731917424865985,5.5093883366279774,4.189654742026425,,,
32.0,35.0,246.0,1303.0,480.0,,167.7,,2012.0,6.0,1,6.0,0,1,0,0,0,0,0,0,0,0,0,7.1731917424865985,5.5093883366279774,3.58351893845611,,5.128121989551922,
32.0,65.0,246.0,1303.0,650.0,,,,2012.0,6.0,1,6.0,0,1,0,0,0,0,0,0,0,0,0,7.1731917424865985,5.5093883366279774,4.189654742026425,,,
32.0,65.0,246.0,1303.0,720.0,,184.3,,2012.0,10.0,1,6.0,0,1,0,0,0,0,0,0,0,0,0,7.1731917424865985,5.5093883366279774,4.189654742026425,,5.221976133291314,
32.0,17.0,246.0,1303.0,327.0,,217.1,,2012.0,5.0,1,6.0,0,1,0,0,0,0,0,0,0,0,0,7.1731917424865985,5.5093883366279774,2.8903717578961645,,5.384953673207583,
32.0,65.0,246.0,1303.0,650.0,,,,2012.0,5.0,1,6.0,0,1,0,0,0,0,0,0,0,0,0,7.1731917424865985,5.5093883366279774,4.189654742026425,,,
32.0,35.0,246.0,1303.0,496.0,,263.4,,2012.0,6.0,1,6.0,0,1,0,0,0,0,0,0,0,0,0,7.1731917424865985,5.5093883366279774,3.58351893845611,,5.577463107977531,
32.0,65.0,246.0,1303.0,760.0,,291.8,,2012.0,10.0,1,6.0,0,1,0,0,0,0,0,0,0,0,0,7.1731917424865985,5.5093883366279774,4.189654742026425,,5.679489782087156,
32.0,65.0,246.0,1303.0,760.0,,389.1,,2012.0,10.0,1,6.0,0,1,0,0,0,0,0,0,0,0,0,7.1731917424865985,5.5093883366279774,4.189654742026425,,5.966403116512611,
32.0,35.0,246.0,1303.0,496.0,,389.1,,2012.0,5.0,1,6.0,0,1,0,0,0,0,0,0,0,0,0,7.1731917424865985,5.5093883366279774,3.58351893845611,,5.966403116512611,
32.0,19.0,246.0,1303.0,320.0,,325.6,,2012.0,9.0,1,6.0,0,1,0,0,0,0,0,0,0,0,0,7.1731917424865985,5.5093883366279774,2.995732273553991,,5.788736180536365,
32.0,25.0,246.0,1303.0,360.0,,381.7,,2012.0,5.0,1,6.0,0,1,0,0,0,0,0,0,0,0,0,7.1731917424865985,5.5093883366279774,3.258096538021482,,5.947251392431657,
32.0,35.0,246.0,1303.0,496.0,,335.4,,2012.0,5.0,1,6.0,0,1,0,0,0,0,0,0,0,0,0,7.1731917424865985,5.5093883366279774,3.58351893845611,,5.818300928098793,
32.0,100.0,246.0,1303.0,760.0,,583.7,,2012.0,10.0,1,6.0,0,1,0,0,0,0,0,0,0,0,0,7.1731917424865985,5.5093883366279774,4.61512051684126,,6.371098895181625,
32.0,35.0,246.0,1303.0,686.0,,526.8,,2012.0,5.0,1,6.0,0,1,0,0,0,0,0,0,0,0,0,7.1731917424865985,5.5093883366279774,3.58351893845611,,6.268717424069224,
40.0,20.0,118.0,716.0,600.0,,576.0,,2012.0,7.0,1,6.0,0,0,0,0,0,0,0,0,1,0,0,6.57507584059962,4.77912349311153,3.044522437723423,,6.3578422665081,
28.0,185.0,352.0,4313.0,925.0,,2995.0,748.8,2012.0,11.0,1,6.0,0,0,0,0,0,0,0,0,1,0,0,8.369620826949102,5.8664680569332965,5.225746673713202,,8.005033344637111,6.6198065043018115
28.0,200.0,352.0,4313.0,850.0,,3315.0,828.8,2012.0,6.0,1,6.0,0,0,0,0,0,0,0,0,1,0,0,8.369620826949102,5.8664680569332965,5.303304908059076,,8.106514516255185,6.721184707898767
28.0,75.0,212.0,2800.0,700.0,,1792.0,,2012.0,4.0,1,6.0,0,0,0,0,0,0,0,0,1,0,0,7.937731775260109,5.3612921657094255,4.330733340286331,,7.491645473605133,
28.0,65.0,212.0,2800.0,650.0,,,,2012.0,4.0,1,6.0,0,0,0,0,0,0,0,0,1,0,0,7.937731775260109,5.3612921657094255,4.189654742026425,,,
28.0,300.0,352.0,4313.0,1000.0,,4301.0,1075.0,2012.0,6.0,1,6.0,0,0,0,0,0,0,0,0,1,0,0,8.369620826949102,5.8664680569332965,5.707110264748875,,8.366835309827675,6.98100574072173
28.0,500.0,352.0,4313.0,925.0,,3789.0,947.2,2012.0,8.0,1,6.0,0,0,0,0,0,0,0,0,1,0,0,8.369620826949102,5.8664680569332965,6.2166061010848646,,8.240121298076472,6.854565450468018
28.0,65.0,352.0,4313.0,650.0,,,,2012.0,8.0,1,6.0,0,0,0,0,0,0,0,0,1,0,0,8.369620826949102,5.8664680569332965,4.189654742026425,,,
28.0,200.0,212.0,2800.0,850.0,,2176.0,136.0,2012.0,4.0,1,6.0,0,0,0,0,0,0,0,0,1,0,0,7.937731775260109,5.3612921657094255,5.303304908059076,,7.685703061234547,4.919980925828125
40.0,33.0,146.0,880.0,550.0,,176.0,,2012.0,11.0,1,6.0,0,0,0,0,0,1,0,0,0,0,0,6.78105762593618,4.990432586778736,3.5263605246161616,,5.176149732573829,
40.0,65.0,146.0,880.0,650.0,,,,2012.0,11.0,1,6.0,0,0,0,0,0,1,0,0,0,0,0,6.78105762593618,4.990432586778736,4.189654742026425,,,
40.0,20.0,104.0,627.0,550.0,,440.0,,2012.0,11.0,1,5.0,0,0,0,0,0,0,0,0,1,0,0,6.4425401664681985,4.653960350157523,3.044522437723423,,6.089044875446846,
40.0,65.0,104.0,627.0,650.0,,,,2010.0,2.0,1,5.0,0,0,0,0,0,0,0,0,1,0,0,6.4425401664681985,4.653960350157523,4.189654742026425,,,
40.0,19.0,59.0,292.0,650.0,,104.0,,2012.0,10.0,1,5.0,0,0,0,0,0,0,0,0,1,0,0,5.680172609017068,4.0943445622221,2.995732273553991,,4.653960350157523,
22.0,65.0,133.0,1200.0,650.0,,268.8,67.2,2012.0,5.0,1,7.0,0,0,0,1,0,0,0,0,0,0,0,7.0909098220799835,4.897839799950911,4.189654742026425,,5.597680943773655,4.222444564849416
22.0,65.0,133.0,1200.0,650.0,,,,2012.0,5.0,1,7.0,0,0,0,1,0,0,0,0,0,0,0,7.0909098220799835,4.897839799950911,4.189654742026425,,,
22.0,45.0,133.0,1200.0,650.0,,256.0,64.0,2012.0,5.0,1,7.0,0,0,0,1,0,0,0,0,0,0,0,7.0909098220799835,4.897839799950911,3.828641396489095,,5.54907608489522,4.174387269895637
22.0,45.0,94.0,392.0,350.0,,96.0,24.0,2012.0,10.0,1,7.0,0,0,0,1,0,0,0,0,0,0,0,5.973809611869261,4.553876891600541,3.828641396489095,,4.574710978503383,3.2188758248682006
22.0,65.0,94.0,392.0,650.0,,,,2012.0,4.0,1,7.0,0,0,0,1,0,0,0,0,0,0,0,5.973809611869261,4.553876891600541,4.189654742026425,,,
22.0,45.0,133.0,1200.0,650.0,,320.0,80.0,2012.0,5.0,1,7.0,0,0,0,1,0,0,0,0,0,0,0,7.0909098220799835,4.897839799950911,3.828641396489095,,5.771441123130016,4.394449154672439
22.0,300.0,720.0,5000.0,1100.0,,2006.0,,2012.0,11.0,1,7.0,0,0,0,1,0,0,0,0,0,0,0,8.517393171418904,6.580639137284949,5.707110264748875,,7.604396348796338,
22.0,65.0,720.0,5000.0,650.0,,,,2012.0,11.0,1,7.0,0,0,0,1,0,0,0,0,0,0,0,8.517393171418904,6.580639137284949,4.189654742026425,,,
22.0,225.0,720.0,5000.0,1053.0,,2022.0,,2012.0,11.0,1,7.0,0,0,0,1,0,0,0,0,0,0,0,8.517393171418904,6.580639137284949,5.420534999272286,,7.612336837167746,
22.0,300.0,720.0,5000.0,1100.0,,2147.0,,2012.0,11.0,1,7.0,0,0,0,1,0,0,0,0,0,0,0,8.517393171418904,6.580639137284949,5.707110264748875,,7.672292455628756,
40.0,49.0,116.0,585.0,660.0,,126.7,10.56,2012.0,5.0,1,8.0,0,0,0,0,0,0,0,0,1,0,0,6.373319789577012,4.762173934797756,3.912023005428146,,4.8496837630384935,2.4475508632442313
40.0,50.0,57.0,260.0,589.0,,44.86,,2012.0,6.0,1,8.0,0,0,0,0,0,0,0,0,1,0,0,5.564520407322694,4.060443010546419,3.9318256327243257,,3.8255932774297583,
40.0,29.0,79.0,292.0,589.0,,134.6,11.22,2012.0,8.0,1,8.0,0,0,0,0,0,0,0,0,1,0,0,5.680172609017068,4.382026634673881,3.4011973816621555,,4.909709375506295,2.503073953743449
40.0,29.0,79.0,292.0,550.0,,115.2,9.6,2012.0,9.0,1,8.0,0,0,0,0,0,0,0,0,1,0,0,5.680172609017068,4.382026634673881,3.4011973816621555,,4.755312844417811,2.3608540011180215
40.0,49.0,116.0,585.0,700.0,,268.8,22.4,2012.0,5.0,1,8.0,0,0,0,0,0,0,0,0,1,0,0,6.373319789577012,4.762173934797756,3.912023005428146,,5.597680943773655,3.152736022363656
40.0,15.0,116.0,585.0,475.0,,182.4,15.2,2012.0,8.0,1,8.0,0,0,0,0,0,0,0,0,1,0,0,6.373319789577012,4.762173934797756,2.772588722239781,,5.211669559822364,2.785011242238338
28.0,15.0,116.0,585.0,625.0,,240.0,20.0,2012.0,10.0,1,8.0,0,0,0,0,0,0,0,0,1,0,0,6.373319789577012,4.762173934797756,2.772588722239781,,5.484796933490655,3.044522437723423
40.0,65.0,116.0,585.0,810.0,,311.0,25.92,2012.0,5.0,1,8.0,0,0,0,0,0,0,0,0,1,0,0,6.373319789577012,4.762173934797756,4.189654742026425,,5.7430031878094825,3.2928695047765273
28.0,50.0,118.0,1270.0,875.0,,336.0,14.0,2012.0,4.0,1,8.0,0,0,0,0,0,0,0,0,1,0,0,7.147559271189454,4.77912349311153,3.9318256327243257,,5.820082930352362,2.70805020110221
28.0,65.0,118.0,1270.0,650.0,,,,2012.0,3.0,1,8.0,0,0,0,0,0,0,0,0,1,0,0,7.147559271189454,4.77912349311153,4.189654742026425,,,
28.0,65.0,118.0,1270.0,902.0,,692.7,28.86,2012.0,6.0,1,8.0,0,0,0,0,0,0,0,0,1,0,0,7.147559271189454,4.77912349311153,4.189654742026425,,6.542039590391256,3.3965197921110444
28.0,50.0,118.0,1270.0,797.0,,612.1,25.5,2012.0,4.0,1,8.0,0,0,0,0,0,0,0,0,1,0,0,7.147559271189454,4.77912349311153,3.9318256327243257,,6.418528054768642,3.2771447329921766
40.0,75.0,238.0,1170.0,720.0,,414.7,34.56,2012.0,4.0,1,8.0,0,0,0,0,0,0,0,0,1,0,0,7.065613363597717,5.476463551931511,4.330733340286331,,6.029963846258592,3.571221410645704
40.0,32.0,116.0,585.0,753.0,,289.0,24.08,2012.0,5.0,1,8.0,0,0,0,0,0,0,0,0,1,0,0,6.373319789577012,4.762173934797756,3.4965075614664802,,5.66988092298052,3.22207071576472
28.0,32.0,118.0,1270.0,709.0,,599.0,24.96,2012.0,10.0,1,8.0,0,0,0,0,0,0,0,0,1,0,0,7.147559271189454,4.77912349311153,3.4965075614664802,,6.396929655216146,3.2565568918358894
28.0,45.0,118.0,1270.0,900.0,,691.2,28.8,2012.0,7.0,1,8.0,0,0,0,0,0,0,0,0,1,0,0,7.147559271189454,4.77912349311153,3.828641396489095,,6.539874931201244,3.3945083935113587
40.0,106.0,238.0,1170.0,783.0,,451.0,37.58,2012.0,7.0,1,8.0,0,0,0,0,0,0,0,0,1,0,0,7.065613363597717,5.476463551931511,4.672828834461906,,6.113682179832232,3.652734007477583
28.0,65.0,118.0,1270.0,1058.0,,812.5,33.86,2012.0,9.0,1,8.0,0,0,0,0,0,0,0,0,1,0,0,7.147559271189454,4.77912349311153,4.189654742026425,,6.7013459266590925,3.551340040091875
28.0,110.0,221.0,2540.0,928.0,,1425.0,59.39,2012.0,10.0,1,8.0,0,0,0,0,0,0,0,0,1,0,0,7.840312983320164,5.402677381872279,4.709530201312334,,7.262628600974241,4.10082352831981
28.0,65.0,221.0,2540.0,650.0,,,,2012.0,10.0,1,8.0,0,0,0,0,0,0,0,0,1,0,0,7.840312983320164,5.402677381872279,4.189654742026425,,,
28.0,140.0,221.0,2540.0,980.0,,1981.0,82.56,2012.0,9.0,1,8.0,0,0,0,0,0,0,0,0,1,0,0,7.840312983320164,5.402677381872279,4.948759890378168,,7.591861714889934,4.425564936688365
28.0,65.0,221.0,2540.0,650.0,,,,2012.0,9.0,1,8.0,0,0,0,0,0,0,0,0,1,0,0,7.840312983320164,5.402677381872279,4.189654742026425,,,
28.0,130.0,294.0,3540.0,823.0,,2046.0,85.25,2012.0,8.0,1,8.0,0,0,0,0,0,0,0,0,1,0,0,8.172164452111904,5.68697535633982,4.875197323201151,,7.624130585661289,4.457250055911469
28.0,65.0,294.0,3540.0,650.0,,,,2012.0,3.0,1,8.0,0,0,0,0,0,0,0,0,1,0,0,8.172164452111904,5.68697535633982,4.189654742026425,,,
28.0,130.0,294.0,3540.0,823.0,,2046.0,85.25,2012.0,8.0,1,8.0,0,0,0,0,0,0,0,0,1,0,0,8.172164452111904,5.68697535633982,4.875197323201151,,7.624130585661289,4.457250055911469
28.0,150.0,294.0,3540.0,915.0,,2634.0,109.8,2012.0,8.0,1,8.0,0,0,0,0,0,0,0,0,1,0,0,8.172164452111904,5.68697535633982,5.017279836814924,,7.876638460975463,4.707726774313183
28.0,170.0,294.0,3540.0,915.0,,2634.0,109.8,2012.0,5.0,1,8.0,0,0,0,0,0,0,0,0,1,0,0,8.172164452111904,5.68697535633982,5.14166355650266,,7.876638460975463,4.707726774313183
28.0,75.0,294.0,3540.0,601.0,,1154.0,48.08,2012.0,10.0,1,8.0,0,0,0,0,0,0,0,0,1,0,0,8.172164452111904,5.68697535633982,4.330733340286331,,7.051855622955894,3.8934516198427107
28.0,100.0,294.0,3540.0,654.0,,1256.0,52.32,2012.0,10.0,1,8.0,0,0,0,0,0,0,0,0,1,0,0,8.172164452111904,5.68697535633982,4.61512051684126,,7.136483208590247,3.976311495310508
28.0,100.0,294.0,3540.0,719.0,,2038.0,84.9,2012.0,6.0,1,8.0,0,0,0,0,0,0,0,0,1,0,0,8.172164452111904,5.68697535633982,4.61512051684126,,7.620214770574455,4.45318382899021
28.0,122.0,294.0,3540.0,719.0,,2209.0,92.03,2012.0,10.0,1,8.0,0,0,0,0,0,0,0,0,1,0,0,8.172164452111904,5.68697535633982,4.812184355372417,,7.700747794511798,4.532922021780467
28.0,300.0,294.0,3540.0,915.0,,3130.0,130.4,2012.0,5.0,1,8.0,0,0,0,0,0,0,0,0,1,0,0,8.172164452111904,5.68697535633982,5.707110264748875,,8.049107721326406,4.8782461060505105
28.0,35.0,118.0,1270.0,797.0,,306.0,12.75,,,1,8.0,0,0,0,0,0,0,0,0,1,0,0,7.147559271189454,4.77912349311153,3.58351893845611,,5.726847747587197,2.6210388241125804
40.0,20.0,79.0,292.0,523.0,,100.4,8.368,2012.0,6.0,1,8.0,0,0,0,0,0,0,0,0,1,0,0,5.680172609017068,4.382026634673881,3.044522437723423,,4.619073091157083,2.237299626295416
28.0,35.0,118.0,1270.0,797.0,,306.0,12.75,2012.0,10.0,1,8.0,0,0,0,0,0,0,0,0,1,0,0,7.147559271189454,4.77912349311153,3.58351893845611,,5.726847747587197,2.6210388241125804
40.0,25.0,116.0,585.0,672.0,,258.0,21.5,2012.0,9.0,1,8.0,0,0,0,0,0,0,0,0,1,0,0,6.373319789577012,4.762173934797756,3.258096538021482,,5.556828061699537,3.1135153092103742
28.0,25.0,116.0,585.0,625.0,,240.0,20.0,2012.0,6.0,1,8.0,0,0,0,0,0,0,0,0,1,0,0,6.373319789577012,4.762173934797756,3.258096538021482,,5.484796933490655,3.044522437723423
28.0,65.0,116.0,585.0,650.0,,,,2012.0,3.0,1,8.0,0,0,0,0,0,0,0,0,1,0,0,6.373319789577012,4.762173934797756,4.189654742026425,,,
40.0,35.0,116.0,585.0,660.0,,253.4,21.12,2012.0,6.0,1,8.0,0,0,0,0,0,0,0,0,1,0,0,6.373319789577012,4.762173934797756,3.58351893845611,,5.538907831465967,3.096482176654134
40.0,35.0,114.0,302.0,550.0,,,,2012.0,10.0,1,8.0,0,0,0,0,0,0,0,1,0,0,0,5.713732805509369,4.74493212836325,3.58351893845611,,,
40.0,65.0,114.0,302.0,650.0,,,,2012.0,10.0,1,8.0,0,0,0,0,0,0,0,1,0,0,0,5.713732805509369,4.74493212836325,4.189654742026425,,,
28.0,38.0,118.0,1270.0,706.0,,271.1,11.3,2012.0,8.0,1,8.0,0,0,0,0,0,0,0,0,1,0,0,7.147559271189454,4.77912349311153,3.6635616461296463,,5.6061696457892,2.509599262378372
40.0,204.0,520.0,3000.0,651.0,,1332.0,666.1,2012.0,5.0,1,8.0,0,0,0,0,0,0,0,0,1,0,0,8.006700845440367,6.255750041753367,5.3230099791384085,,7.195187320178709,6.502939959715469
28.0,45.0,118.0,1270.0,850.0,,326.4,13.6,2012.0,6.0,1,8.0,0,0,0,0,0,0,0,0,1,0,0,7.147559271189454,4.77912349311153,3.828641396489095,,5.791182664937034,2.681021528714291
28.0,55.0,118.0,1270.0,745.0,,572.2,23.84,2012.0,6.0,1,8.0,0,0,0,0,0,0,0,0,1,0,0,7.147559271189454,4.77912349311153,4.02535169073515,,6.351234695954017,3.212455257065278
28.0,75.0,294.0,3540.0,654.0,,753.4,31.39,2012.0,6.0,1,8.0,0,0,0,0,0,0,0,0,1,0,0,8.172164452111904,5.68697535633982,4.330733340286331,,6.625922731319248,3.477849733183238
28.0,100.0,294.0,3540.0,601.0,,1154.0,48.08,2012.0,6.0,1,8.0,0,0,0,0,0,0,0,0,1,0,0,8.172164452111904,5.68697535633982,4.61512051684126,,7.051855622955894,3.8934516198427107
28.0,122.0,294.0,3540.0,706.0,,2169.0,90.37,2012.0,8.0,1,8.0,0,0,0,0,0,0,0,0,1,0,0,8.172164452111904,5.68697535633982,4.812184355372417,,7.682482446534506,4.514917197010529
28.0,122.0,294.0,3540.0,706.0,,2169.0,90.37,2012.0,8.0,1,8.0,0,0,0,0,0,0,0,0,1,0,0,8.172164452111904,5.68697535633982,4.812184355372417,,7.682482446534506,4.514917197010529
28.0,100.0,294.0,3540.0,601.0,,1615.0,67.31,2012.0,8.0,1,8.0,0,0,0,0,0,0,0,0,1,0,0,8.172164452111904,5.68697535633982,4.61512051684126,,7.38770923908104,4.224056168743758
28.0,35.0,118.0,1270.0,709.0,,272.3,11.34,2012.0,6.0,1,8.0,0,0,0,0,0,0,0,0,1,0,0,7.147559271189454,4.77912349311153,3.58351893845611,,5.610570092934022,2.5128460184772416
28.0,225.0,294.0,3540.0,745.0,,2289.0,95.36,2012.0,5.0,1,8.0,0,0,0,0,0,0,0,0,1,0,0,8.172164452111904,5.68697535633982,5.420534999272286,,7.736307096548285,4.568091177746671
28.0,235.0,561.0,7080.0,732.0,,3935.0,1312.0,2012.0,11.0,1,8.0,0,0,0,0,0,0,0,0,1,0,0,8.865170419651774,6.331501849893691,5.4638318050256105,,8.277920258172143,7.180069874302796
28.0,65.0,561.0,7080.0,650.0,,,,2012.0,11.0,1,8.0,0,0,0,0,0,0,0,0,1,0,0,8.865170419651774,6.331501849893691,4.189654742026425,,,
28.0,235.0,561.0,7080.0,732.0,,3935.0,1312.0,2012.0,11.0,1,8.0,0,0,0,0,0,0,0,0,1,0,0,8.865170419651774,6.331501849893691,5.4638318050256105,,8.277920258172143,7.180069874302796
28.0,225.0,561.0,7080.0,706.0,,3524.0,1175.0,2012.0,11.0,1,8.0,0,0,0,0,0,0,0,0,1,0,0,8.865170419651774,6.331501849893691,5.420534999272286,,8.16763571524637,7.069874128458572
28.0,65.0,77.0,950.0,670.0,,514.6,32.16,2013.0,10.0,1,6.0,0,0,0,0,0,0,0,0,1,0,0,6.85751406254539,4.356708826689592,4.189654742026425,,6.245331271065032,3.501344330267094
28.0,65.0,77.0,950.0,650.0,,,,2013.0,2.0,1,6.0,0,0,0,0,0,0,0,0,1,0,0,6.85751406254539,4.356708826689592,4.189654742026425,,,
28.0,65.0,77.0,950.0,715.0,,549.1,34.32,2013.0,10.0,1,6.0,0,0,0,0,0,0,0,0,1,0,0,6.85751406254539,4.356708826689592,4.189654742026425,,6.310100079881413,3.564449375735759
28.0,65.0,77.0,950.0,650.0,,,,2013.0,10.0,1,6.0,0,0,0,0,0,0,0,0,1,0,0,6.85751406254539,4.356708826689592,4.189654742026425,,,
28.0,65.0,123.0,1500.0,725.0,,992.0,62.0,2013.0,10.0,1,6.0,0,0,0,0,0,0,0,0,1,0,0,7.313886831633462,4.820281565605037,4.189654742026425,,6.900730664045173,4.143134726391533
28.0,65.0,123.0,1500.0,650.0,,,,2013.0,4.0,1,6.0,0,0,0,0,0,0,0,0,1,0,0,7.313886831633462,4.820281565605037,4.189654742026425,,,
28.0,65.0,160.0,2080.0,1075.0,,1651.0,103.2,2013.0,10.0,1,6.0,0,0,0,0,0,0,0,0,1,0,0,7.640603826393634,5.081404364984463,4.189654742026425,,7.409741954080923,4.646312129319266
28.0,65.0,160.0,2080.0,650.0,,,,2013.0,5.0,1,6.0,0,0,0,0,0,0,0,0,1,0,0,7.640603826393634,5.081404364984463,4.189654742026425,,,
28.0,75.0,348.0,1170.0,800.0,1843.0,1843.0,,2013.0,11.0,1,6.0,0,0,0,0,0,0,0,0,1,0,0,7.065613363597717,5.855071922202427,4.330733340286331,7.519692404116539,7.519692404116539,
28.0,65.0,348.0,1170.0,650.0,,,,2013.0,11.0,1,6.0,0,0,0,0,0,0,0,0,1,0,0,7.065613363597717,5.855071922202427,4.189654742026425,,,
28.0,4.0,110.0,1178.0,225.0,,57.6,3.6,,,1,6.0,0,0,0,0,0,0,0,0,1,0,0,7.072421900537371,4.709530201312334,1.6094379124341003,,4.070734696582967,1.5260563034950492
28.0,65.0,110.0,1178.0,650.0,,,,2013.0,4.0,1,6.0,0,0,0,0,0,0,0,0,1,0,0,7.072421900537371,4.709530201312334,4.189654742026425,,,
28.0,15.0,110.0,1178.0,400.0,,102.4,6.4,2013.0,11.0,1,6.0,0,0,0,0,0,0,0,0,1,0,0,7.072421900537371,4.709530201312334,2.772588722239781,,4.638604962074329,2.0014800002101243
28.0,15.0,110.0,1178.0,450.0,,115.2,7.2,2013.0,9.0,1,6.0,0,0,0,0,0,0,0,0,1,0,0,7.072421900537371,4.709530201312334,2.772588722239781,,4.755312844417811,2.1041341542702074
28.0,15.0,110.0,1178.0,450.0,,115.2,7.2,2013.0,9.0,1,6.0,0,0,0,0,0,0,0,0,1,0,0,7.072421900537371,4.709530201312334,2.772588722239781,,4.755312844417811,2.1041341542702074
32.0,20.0,246.0,1303.0,424.0,,141.8,,,,1,6.0,0,1,0,0,0,0,0,0,0,0,0,7.1731917424865985,5.5093883366279774,3.044522437723423,,4.9614450499054845,
28.0,15.0,110.0,1178.0,497.0,,127.2,7.952,2013.0,8.0,1,6.0,0,0,0,0,0,0,0,0,1,0,0,7.072421900537371,4.709530201312334,2.772588722239781,,4.853591544486569,2.191876971009624
32.0,65.0,246.0,1303.0,760.0,,194.6,,,,1,6.0,0,1,0,0,0,0,0,0,0,0,0,7.1731917424865985,5.5093883366279774,4.189654742026425,,5.276071757600717,
28.0,25.0,110.0,1178.0,600.0,,153.6,9.6,2013.0,11.0,1,6.0,0,0,0,0,0,0,0,0,1,0,0,7.072421900537371,4.709530201312334,3.258096538021482,,5.040841136153322,2.3608540011180215
28.0,25.0,110.0,1178.0,600.0,,153.6,9.6,2013.0,11.0,1,6.0,0,0,0,0,0,0,0,0,1,0,0,7.072421900537371,4.709530201312334,3.258096538021482,,5.040841136153322,2.3608540011180215
32.0,65.0,246.0,1303.0,800.0,,307.2,,2013.0,7.0,1,6.0,0,1,0,0,0,0,0,0,0,0,0,7.1731917424865985,5.5093883366279774,4.189654742026425,,5.730748922886015,
40.0,35.0,67.0,370.0,875.0,,280.0,,2013.0,7.0,1,6.0,0,0,0,0,0,0,0,0,1,0,0,5.916202062607435,4.219507705176107,3.58351893845611,,5.638354669333745,
40.0,60.0,118.0,716.0,650.0,,624.0,,2013.0,7.0,1,6.0,0,0,0,0,0,0,0,0,1,0,0,6.57507584059962,4.77912349311153,4.110873864173311,,6.437751649736401,
40.0,60.0,118.0,716.0,650.0,,624.0,,2013.0,10.0,1,6.0,0,0,0,0,0,0,0,0,1,0,0,6.57507584059962,4.77912349311153,4.110873864173311,,6.437751649736401,
40.0,60.0,118.0,716.0,650.0,,624.0,,2013.0,7.0,1,6.0,0,0,0,0,0,0,0,0,1,0,0,6.57507584059962,4.77912349311153,4.110873864173311,,6.437751649736401,
32.0,65.0,246.0,1303.0,800.0,,409.6,,2013.0,7.0,1,6.0,0,1,0,0,0,0,0,0,0,0,0,7.1731917424865985,5.5093883366279774,4.189654742026425,,6.017619504584833,
32.0,65.0,246.0,1303.0,720.0,,648.2,,2013.0,12.0,1,6.0,0,1,0,0,0,0,0,0,0,0,0,7.1731917424865985,5.5093883366279774,4.189654742026425,,6.475740835640436,
28.0,47.0,123.0,1500.0,800.0,,614.4,38.4,2013.0,9.0,1,6.0,0,0,0,0,0,0,0,0,1,0,0,7.313886831633462,4.820281565605037,3.871201010907891,,6.422272462887942,3.673765816303888
28.0,55.0,123.0,1500.0,800.0,,819.2,51.2,2013.0,9.0,1,6.0,0,0,0,0,0,0,0,0,1,0,0,7.313886831633462,4.820281565605037,4.02535169073515,,6.709548212957959,3.955082494888593
28.0,85.0,160.0,2080.0,1050.0,,1882.0,117.6,2013.0,9.0,1,6.0,0,0,0,0,0,0,0,0,1,0,0,7.640603826393634,5.081404364984463,4.454347296253507,,7.5406215286571525,4.775756486563625
28.0,65.0,160.0,2080.0,650.0,,,,2013.0,3.0,1,6.0,0,0,0,0,0,0,0,0,1,0,0,7.640603826393634,5.081404364984463,4.189654742026425,,,
40.0,19.0,59.0,292.0,650.0,,104.0,,2013.0,12.0,1,6.0,0,0,0,0,0,0,0,0,1,0,0,5.680172609017068,4.0943445622221,2.995732273553991,,4.653960350157523,
40.0,19.0,67.0,370.0,625.0,,200.0,,2013.0,12.0,1,6.0,0,0,0,0,0,0,0,0,1,0,0,5.916202062607435,4.219507705176107,2.995732273553991,,5.303304908059076,
40.0,35.0,67.0,370.0,775.0,,248.0,,2013.0,12.0,1,6.0,0,0,0,0,0,0,0,0,1,0,0,5.916202062607435,4.219507705176107,3.58351893845611,,5.517452896464707,
40.0,18.0,67.0,370.0,875.0,,280.0,,2013.0,12.0,1,6.0,0,0,0,0,0,0,0,0,1,0,0,5.916202062607435,4.219507705176107,2.9444389791664403,,5.638354669333745,
28.0,50.0,77.0,950.0,730.0,,599.0,37.44,2013.0,11.0,1,6.0,0,0,0,0,0,0,0,0,1,0,0,6.85751406254539,4.356708826689592,3.9318256327243257,,6.396929655216146,3.6490985841020915
28.0,65.0,77.0,950.0,650.0,,,,2013.0,1.0,1,6.0,0,0,0,0,0,0,0,0,1,0,0,6.85751406254539,4.356708826689592,4.189654742026425,,,
28.0,30.0,77.0,950.0,650.0,,448.0,28.0,2013.0,10.0,1,6.0,0,0,0,0,0,0,0,0,1,0,0,6.85751406254539,4.356708826689592,3.4339872044851463,,6.1070228877422545,3.367295829986474
28.0,30.0,77.0,950.0,730.0,,499.2,,2013.0,10.0,1,6.0,0,0,0,0,0,0,0,0,1,0,0,6.85751406254539,4.356708826689592,3.4339872044851463,,6.215008018443519,
28.0,50.0,77.0,950.0,730.0,,499.2,31.2,2013.0,11.0,1,6.0,0,0,0,0,0,0,0,0,1,0,0,6.85751406254539,4.356708826689592,3.9318256327243257,,6.215008018443519,3.4719664525503626
28.0,55.0,123.0,1500.0,700.0,,716.8,44.8,2013.0,10.0,1,6.0,0,0,0,0,0,0,0,0,1,0,0,7.313886831633462,4.820281565605037,4.02535169073515,,6.576190978713507,3.824284091120139
28.0,55.0,123.0,1500.0,925.0,,947.2,59.2,2013.0,10.0,1,6.0,0,0,0,0,0,0,0,0,1,0,0,7.313886831633462,4.820281565605037,4.02535169073515,,6.854565450468018,4.097672352314776
28.0,65.0,77.0,950.0,1000.0,,806.4,50.4,2013.0,10.0,1,6.0,0,0,0,0,0,0,0,0,1,0,0,6.85751406254539,4.356708826689592,4.189654742026425,,6.693819208418841,3.9396381724611196
28.0,65.0,77.0,950.0,1000.0,,806.4,50.4,2013.0,10.0,1,6.0,0,0,0,0,0,0,0,0,1,0,0,6.85751406254539,4.356708826689592,4.189654742026425,,6.693819208418841,3.9396381724611196
28.0,55.0,123.0,1500.0,800.0,,819.2,51.2,2013.0,12.0,1,6.0,0,0,0,0,0,0,0,0,1,0,0,7.313886831633462,4.820281565605037,4.02535169073515,,6.709548212957959,3.955082494888593
28.0,95.0,160.0,2080.0,1000.0,,1536.0,96.0,2013.0,12.0,1,6.0,0,0,0,0,0,0,0,0,1,0,0,7.640603826393634,5.081404364984463,4.564348191467836,,7.337587743538596,4.574710978503383
28.0,115.0,160.0,2080.0,1100.0,,1971.0,123.2,2013.0,10.0,1,6.0,0,0,0,0,0,0,0,0,1,0,0,7.640603826393634,5.081404364984463,4.7535901911063645,,7.586803535162581,4.821893169499378
28.0,65.0,123.0,1500.0,900.0,,952.3,59.52,2013.0,12.0,1,6.0,0,0,0,0,0,0,0,0,1,0,0,7.313886831633462,4.820281565605037,4.189654742026425,,6.8599296494995325,4.102973888920155
28.0,85.0,160.0,2080.0,1100.0,,1971.0,123.2,2013.0,12.0,1,6.0,0,0,0,0,0,0,0,0,1,0,0,7.640603826393634,5.081404364984463,4.454347296253507,,7.586803535162581,4.821893169499378
28.0,150.0,212.0,2800.0,900.0,,2368.0,148.0,2013.0,11.0,1,6.0,0,0,0,0,0,0,0,0,1,0,0,7.937731775260109,5.3612921657094255,5.017279836814924,,7.7702232041587855,5.003946305945459
28.0,65.0,212.0,2800.0,650.0,,,,2013.0,1.0,1,6.0,0,0,0,0,0,0,0,0,1,0,0,7.937731775260109,5.3612921657094255,4.189654742026425,,,
28.0,180.0,212.0,2800.0,1000.0,,2688.0,168.0,2013.0,10.0,1,6.0,0,0,0,0,0,0,0,0,1,0,0,7.937731775260109,5.3612921657094255,5.198497031265826,,7.896924656268864,5.1298987149230735
28.0,250.0,352.0,4313.0,850.0,,4096.0,1024.0,2013.0,10.0,1,6.0,0,0,0,0,0,0,0,0,1,0,0,8.369620826949102,5.8664680569332965,5.5254529391317835,,8.318010277546872,6.932447891572509
28.0,375.0,352.0,4313.0,950.0,,4096.0,1024.0,,,1,6.0,0,0,0,0,0,0,0,0,1,0,0,8.369620826949102,5.8664680569332965,5.929589143389895,,8.318010277546872,6.932447891572509
28.0,275.0,438.0,6200.0,947.0,,4849.0,606.1,2013.0,11.0,1,6.0,0,0,0,0,0,0,0,0,1,0,0,8.732465848349879,6.0844994130751715,5.62040086571715,,8.48673398393153,6.408693522136389
28.0,65.0,438.0,6200.0,650.0,,,,2013.0,10.0,1,6.0,0,0,0,0,0,0,0,0,1,0,0,8.732465848349879,6.0844994130751715,4.189654742026425,,,
28.0,290.0,438.0,6200.0,1000.0,,5632.0,704.0,2013.0,10.0,1,6.0,0,0,0,0,0,0,0,0,1,0,0,8.732465848349879,6.0844994130751715,5.673323267171493,,8.636397438894713,6.558197802812269
28.0,95.0,363.0,5000.0,853.0,,1310.0,,2013.0,11.0,1,6.0,0,0,0,0,0,0,0,0,1,0,0,8.517393171418904,5.8971538676367405,4.564348191467836,,7.1785454837637,
28.0,65.0,363.0,5000.0,650.0,,,,2013.0,11.0,1,6.0,0,0,0,0,0,0,0,0,1,0,0,8.517393171418904,5.8971538676367405,4.189654742026425,,,
22.0,4.0,169.0,1170.0,311.0,,41.34,10.34,2013.0,9.0,1,7.0,0,0,0,1,0,0,0,0,0,0,0,7.065613363597717,5.135798437050262,1.6094379124341003,,3.745732265706719,2.428336298299606
22.0,65.0,169.0,1170.0,650.0,,,,2013.0,9.0,1,7.0,0,0,0,1,0,0,0,0,0,0,0,7.065613363597717,5.135798437050262,4.189654742026425,,,
22.0,4.0,169.0,1170.0,200.0,,272.0,68.0,2013.0,9.0,1,7.0,0,0,0,1,0,0,0,0,0,0,0,7.065613363597717,5.135798437050262,1.6094379124341003,,5.60947179518496,4.23410650459726
22.0,65.0,169.0,1170.0,650.0,,,,2013.0,5.0,1,7.0,0,0,0,1,0,0,0,0,0,0,0,7.065613363597717,5.135798437050262,4.189654742026425,,,
22.0,20.0,169.0,1170.0,200.0,,368.0,92.0,2013.0,9.0,1,7.0,0,0,0,1,0,0,0,0,0,0,0,7.065613363597717,5.135798437050262,3.044522437723423,,5.910796644040527,4.532599493153256
22.0,20.0,169.0,1170.0,200.0,,304.0,76.0,2013.0,9.0,1,7.0,0,0,0,1,0,0,0,0,0,0,0,7.065613363597717,5.135798437050262,3.044522437723423,,5.720311776607412,4.343805421853684
28.0,130.0,118.0,1270.0,850.0,,326.4,13.6,2013.0,6.0,1,8.0,0,0,0,0,0,0,0,0,1,0,0,7.147559271189454,4.77912349311153,4.875197323201151,,5.791182664937034,2.681021528714291
28.0,130.0,118.0,1270.0,850.0,,326.4,13.6,2013.0,6.0,1,8.0,0,0,0,0,0,0,0,0,1,0,0,7.147559271189454,4.77912349311153,4.875197323201151,,5.791182664937034,2.681021528714291
28.0,130.0,118.0,1270.0,850.0,,326.4,13.6,2013.0,6.0,1,8.0,0,0,0,0,0,0,0,0,1,0,0,7.147559271189454,4.77912349311153,4.875197323201151,,5.791182664937034,2.681021528714291
28.0,130.0,118.0,1270.0,850.0,,326.4,13.6,2013.0,6.0,1,8.0,0,0,0,0,0,0,0,0,1,0,0,7.147559271189454,4.77912349311153,4.875197323201151,,5.791182664937034,2.681021528714291
28.0,225.0,294.0,3540.0,745.0,,2289.0,95.36,2013.0,6.0,1,8.0,0,0,0,0,0,0,0,0,1,0,0,8.172164452111904,5.68697535633982,5.420534999272286,,7.736307096548285,4.568091177746671
28.0,225.0,294.0,3540.0,745.0,,2289.0,95.36,2013.0,6.0,1,8.0,0,0,0,0,0,0,0,0,1,0,0,8.172164452111904,5.68697535633982,5.420534999272286,,7.736307096548285,4.568091177746671
28.0,225.0,294.0,3540.0,745.0,,2289.0,95.36,2013.0,6.0,1,8.0,0,0,0,0,0,0,0,0,1,0,0,8.172164452111904,5.68697535633982,5.420534999272286,,7.736307096548285,4.568091177746671
28.0,225.0,294.0,3540.0,745.0,,2289.0,95.36,2013.0,6.0,1,8.0,0,0,0,0,0,0,0,0,1,0,0,8.172164452111904,5.68697535633982,5.420534999272286,,7.736307096548285,4.568091177746671
28.0,225.0,118.0,1270.0,954.0,,732.7,30.53,2013.0,7.0,1,8.0,0,0,0,0,0,0,0,0,1,0,0,7.147559271189454,4.77912349311153,5.420534999272286,,6.598100225719949,3.4509394735569696
28.0,225.0,294.0,3540.0,745.0,,2289.0,95.36,2013.0,7.0,1,8.0,0,0,0,0,0,0,0,0,1,0,0,8.172164452111904,5.68697535633982,5.420534999272286,,7.736307096548285,4.568091177746671
40.0,15.0,79.0,292.0,738.0,,141.7,11.81,2013.0,10.0,1,8.0,0,0,0,0,0,0,0,0,1,0,0,5.680172609017068,4.382026634673881,2.772588722239781,,4.960744524482791,2.550226115908643
40.0,15.0,79.0,292.0,475.0,,91.2,7.6,,,1,8.0,0,0,0,0,0,0,0,0,1,0,0,5.680172609017068,4.382026634673881,2.772588722239781,,4.523960130562548,2.151762203259462
28.0,15.0,116.0,585.0,738.0,,141.7,11.81,2013.0,9.0,1,8.0,0,0,0,0,0,0,0,0,1,0,0,6.373319789577012,4.762173934797756,2.772588722239781,,4.960744524482791,2.550226115908643
28.0,15.0,87.0,1020.0,719.0,,291.1,12.13,2013.0,7.0,1,8.0,0,0,0,0,0,0,0,0,1,0,0,6.928537818164665,4.477336814478207,2.772588722239781,,5.677096209393695,2.574899688314705
28.0,65.0,87.0,1020.0,650.0,,,,2013.0,4.0,1,8.0,0,0,0,0,0,0,0,0,1,0,0,6.928537818164665,4.477336814478207,4.189654742026425,,,
28.0,15.0,116.0,585.0,625.0,,240.0,20.0,2013.0,11.0,1,8.0,0,0,0,0,0,0,0,0,1,0,0,6.373319789577012,4.762173934797756,2.772588722239781,,5.484796933490655,3.044522437723423
28.0,35.0,87.0,1020.0,967.0,,742.7,30.94,2013.0,10.0,1,8.0,0,0,0,0,0,0,0,0,1,0,0,6.928537818164665,4.477336814478207,3.58351893845611,,6.611637727709255,3.4638591427868666
28.0,33.0,87.0,1020.0,719.0,,291.1,12.13,2013.0,12.0,1,8.0,0,0,0,0,0,0,0,0,1,0,0,6.928537818164665,4.477336814478207,3.5263605246161616,,5.677096209393695,2.574899688314705
28.0,33.0,87.0,1020.0,980.0,,793.3,33.06,2013.0,8.0,1,8.0,0,0,0,0,0,0,0,0,1,0,0,6.928537818164665,4.477336814478207,3.5263605246161616,,6.677461223639086,3.5281236752345424
28.0,33.0,118.0,1270.0,837.0,,702.7,29.28,2013.0,8.0,1,8.0,0,0,0,0,0,0,0,0,1,0,0,7.147559271189454,4.77912349311153,3.5263605246161616,,6.556352128972503,3.410487428569248
28.0,50.0,118.0,1270.0,926.0,,711.2,29.63,2013.0,11.0,1,8.0,0,0,0,0,0,0,0,0,1,0,0,7.147559271189454,4.77912349311153,3.9318256327243257,,6.568358770843678,3.421979920844684
28.0,50.0,118.0,1270.0,1085.0,,833.3,34.72,2013.0,11.0,1,8.0,0,0,0,0,0,0,0,0,1,0,0,7.147559271189454,4.77912349311153,3.9318256327243257,,6.726593049908029,3.575710756008298
28.0,65.0,221.0,2540.0,1058.0,,812.5,33.86,2013.0,11.0,1,8.0,0,0,0,0,0,0,0,0,1,0,0,7.840312983320164,5.402677381872279,4.189654742026425,,6.7013459266590925,3.551340040091875
28.0,170.0,294.0,3540.0,980.0,,2378.0,99.07,2013.0,6.0,1,8.0,0,0,0,0,0,0,0,0,1,0,0,8.172164452111904,5.68697535633982,5.14166355650266,,7.774435510302958,4.605869941102364
28.0,130.0,294.0,3540.0,823.0,,2046.0,85.25,2013.0,6.0,1,8.0,0,0,0,0,0,0,0,0,1,0,0,8.172164452111904,5.68697535633982,4.875197323201151,,7.624130585661289,4.457250055911469
28.0,130.0,294.0,3540.0,823.0,,2046.0,85.25,2013.0,8.0,1,8.0,0,0,0,0,0,0,0,0,1,0,0,8.172164452111904,5.68697535633982,4.875197323201151,,7.624130585661289,4.457250055911469
28.0,170.0,294.0,3540.0,915.0,,2634.0,109.8,2013.0,9.0,1,8.0,0,0,0,0,0,0,0,0,1,0,0,8.172164452111904,5.68697535633982,5.14166355650266,,7.876638460975463,4.707726774313183
28.0,170.0,294.0,3540.0,915.0,,2634.0,109.8,2013.0,8.0,1,8.0,0,0,0,0,0,0,0,0,1,0,0,8.172164452111904,5.68697535633982,5.14166355650266,,7.876638460975463,4.707726774313183
28.0,250.0,294.0,3540.0,1006.0,,2470.0,102.9,2013.0,11.0,1,8.0,0,0,0,0,0,0,0,0,1,0,0,8.172164452111904,5.68697535633982,5.5254529391317835,,7.81237820598861,4.6434288981051814
28.0,100.0,294.0,3540.0,797.0,,2142.0,89.26,2013.0,11.0,1,8.0,0,0,0,0,0,0,0,0,1,0,0,8.172164452111904,5.68697535633982,4.61512051684126,,7.669961995473577,4.502694394398855
28.0,250.0,561.0,7080.0,863.0,,4156.0,173.2,2013.0,9.0,1,8.0,0,0,0,0,0,0,0,0,1,0,0,8.865170419651774,6.331501849893691,5.5254529391317835,,8.332548939252638,5.160204064418402
28.0,65.0,561.0,7080.0,650.0,,,,2013.0,7.0,1,8.0,0,0,0,0,0,0,0,0,1,0,0,8.865170419651774,6.331501849893691,4.189654742026425,,,
28.0,250.0,561.0,7080.0,863.0,,4156.0,173.2,2013.0,9.0,1,8.0,0,0,0,0,0,0,0,0,1,0,0,8.865170419651774,6.331501849893691,5.5254529391317835,,8.332548939252638,5.160204064418402
28.0,250.0,561.0,7080.0,875.0,,5345.0,222.7,2013.0,11.0,1,8.0,0,0,0,0,0,0,0,0,1,0,0,8.865170419651774,6.331501849893691,5.5254529391317835,,8.584103896698863,5.410305868496084
28.0,122.0,294.0,3540.0,784.0,,2408.0,100.4,2013.0,11.0,1,8.0,0,0,0,0,0,0,0,0,1,0,0,8.172164452111904,5.68697535633982,4.812184355372417,,7.786967002614872,4.619073091157083
28.0,45.0,118.0,1270.0,706.0,,542.2,22.59,2013.0,7.0,1,8.0,0,0,0,0,0,0,0,0,1,0,0,7.147559271189454,4.77912349311153,3.828641396489095,,6.297477576244487,3.1608228934195837
28.0,55.0,221.0,2540.0,667.0,,768.4,32.02,2013.0,7.0,1,8.0,0,0,0,0,0,0,0,0,1,0,0,7.840312983320164,5.402677381872279,4.02535169073515,,6.645610990318195,3.497113438491982
28.0,75.0,294.0,3540.0,706.0,,1084.0,45.18,2013.0,7.0,1,8.0,0,0,0,0,0,0,0,0,1,0,0,8.172164452111904,5.68697535633982,4.330733340286331,,6.98933526597456,3.8325468039263493
28.0,100.0,294.0,3540.0,706.0,,1627.0,67.78,2013.0,7.0,1,8.0,0,0,0,0,0,0,0,0,1,0,0,8.172164452111904,5.68697535633982,4.61512051684126,,7.395107546562485,4.23091300500412
28.0,100.0,294.0,3540.0,771.0,,2369.0,98.69,2013.0,7.0,1,8.0,0,0,0,0,0,0,0,0,1,0,0,8.172164452111904,5.68697535633982,4.61512051684126,,7.7706452341291765,4.602065371034612
28.0,30.0,87.0,1020.0,889.0,,341.4,14.22,2013.0,7.0,1,8.0,0,0,0,0,0,0,0,0,1,0,0,6.928537818164665,4.477336814478207,3.4339872044851463,,5.835979644267587,2.7226103524335397
28.0,225.0,561.0,7080.0,797.0,,5196.0,1732.0,2013.0,7.0,1,8.0,0,0,0,0,0,0,0,0,1,0,0,8.865170419651774,6.331501849893691,5.420534999272286,,8.555836815008442,7.457609289715606
28.0,239.0,561.0,7080.0,902.0,,5196.0,1732.0,2013.0,7.0,1,8.0,0,0,0,0,0,0,0,0,1,0,0,8.865170419651774,6.331501849893691,5.480638923341991,,8.555836815008442,7.457609289715606
28.0,30.0,87.0,1020.0,954.0,,366.3,15.26,2013.0,7.0,1,8.0,0,0,0,0,0,0,0,0,1,0,0,6.928537818164665,4.477336814478207,3.4339872044851463,,5.906178952825622,2.7887081041196646
28.0,20.0,85.0,11.0,672.0,,,,2013.0,8.0,1,8.0,0,0,0,0,0,0,0,0,1,0,0,2.4849066497880004,4.454347296253507,3.044522437723423,,,
28.0,65.0,85.0,11.0,650.0,,,,2013.0,2.0,1,8.0,0,0,0,0,0,0,0,0,1,0,0,2.4849066497880004,4.454347296253507,4.189654742026425,,,
28.0,245.0,561.0,7080.0,745.0,,5046.0,1682.0,2013.0,10.0,1,8.0,0,0,0,0,0,0,0,0,1,0,0,8.865170419651774,6.331501849893691,5.5053315359323625,,8.526549286340263,7.428333194190806
28.0,65.0,561.0,7080.0,650.0,,,,2013.0,10.0,1,8.0,0,0,0,0,0,0,0,0,1,0,0,8.865170419651774,6.331501849893691,4.189654742026425,,,
28.0,245.0,561.0,7080.0,745.0,,5046.0,1682.0,2013.0,11.0,1,8.0,0,0,0,0,0,0,0,0,1,0,0,8.865170419651774,6.331501849893691,5.5053315359323625,,8.526549286340263,7.428333194190806
28.0,245.0,561.0,7080.0,745.0,,5046.0,1682.0,2013.0,11.0,1,8.0,0,0,0,0,0,0,0,0,1,0,0,8.865170419651774,6.331501849893691,5.5053315359323625,,8.526549286340263,7.428333194190806
28.0,245.0,561.0,7080.0,745.0,,5046.0,1682.0,2013.0,11.0,1,8.0,0,0,0,0,0,0,0,0,1,0,0,8.865170419651774,6.331501849893691,5.5053315359323625,,8.526549286340263,7.428333194190806
28.0,245.0,561.0,7080.0,575.0,,3312.0,1104.0,2013.0,11.0,1,8.0,0,0,0,0,0,0,0,0,1,0,0,8.865170419651774,6.331501849893691,5.5053315359323625,,8.105609402299896,7.007600613951853
28.0,245.0,561.0,7080.0,745.0,,5046.0,1682.0,2013.0,11.0,1,8.0,0,0,0,0,0,0,0,0,1,0,0,8.865170419651774,6.331501849893691,5.5053315359323625,,8.526549286340263,7.428333194190806
28.0,65.0,160.0,2080.0,1100.0,,1971.0,123.2,2014.0,5.0,1,6.0,0,0,0,0,0,0,0,0,1,0,0,7.640603826393634,5.081404364984463,4.189654742026425,,7.586803535162581,4.821893169499378
28.0,65.0,160.0,2080.0,650.0,,,,2014.0,5.0,1,6.0,0,0,0,0,0,0,0,0,1,0,0,7.640603826393634,5.081404364984463,4.189654742026425,,,
28.0,45.0,123.0,1500.0,725.0,,992.0,62.0,2014.0,8.0,1,6.0,0,0,0,0,0,0,0,0,1,0,0,7.313886831633462,4.820281565605037,3.828641396489095,,6.900730664045173,4.143134726391533
28.0,225.0,352.0,4313.0,900.0,,3226.0,806.4,2014.0,8.0,1,6.0,0,0,0,0,0,0,0,0,1,0,0,8.369620826949102,5.8664680569332965,5.420534999272286,,8.079308192051961,6.693819208418841
28.0,225.0,438.0,6200.0,824.0,,4219.0,2109.0,2014.0,10.0,1,6.0,0,0,0,0,0,0,0,0,1,0,0,8.732465848349879,6.0844994130751715,5.420534999272286,,8.347590407030058,7.6544432264701125
28.0,235.0,438.0,6200.0,900.0,,5069.0,2534.0,2014.0,8.0,1,6.0,0,0,0,0,0,0,0,0,1,0,0,8.732465848349879,6.0844994130751715,5.4638318050256105,,8.531096096585228,7.837948916025283
28.0,26.0,77.0,950.0,630.0,,435.2,27.2,2014.0,8.0,1,6.0,0,0,0,0,0,0,0,0,1,0,0,6.85751406254539,4.356708826689592,3.295836866004329,,6.078100853767529,3.339321977944068
28.0,50.0,123.0,1500.0,630.0,,645.1,40.32,2014.0,8.0,1,6.0,0,0,0,0,0,0,0,0,1,0,0,7.313886831633462,4.820281565605037,3.9318256327243257,,6.47095429056412,3.721346644251438
28.0,65.0,77.0,950.0,825.0,,691.2,43.2,2014.0,4.0,1,6.0,0,0,0,0,0,0,0,0,1,0,0,6.85751406254539,4.356708826689592,4.189654742026425,,6.539874931201244,3.7887247890836524
28.0,50.0,160.0,2080.0,930.0,,1428.0,89.28,2014.0,3.0,1,6.0,0,0,0,0,0,0,0,0,1,0,0,7.640603826393634,5.081404364984463,3.9318256327243257,,7.264730177929867,4.502915951949335
28.0,65.0,123.0,1500.0,900.0,,1184.0,74.0,2014.0,8.0,1,6.0,0,0,0,0,0,0,0,0,1,0,0,7.313886831633462,4.820281565605037,4.189654742026425,,7.077498053569231,4.31748811353631
28.0,65.0,123.0,1500.0,650.0,,,,2014.0,8.0,1,6.0,0,0,0,0,0,0,0,0,1,0,0,7.313886831633462,4.820281565605037,4.189654742026425,,,
28.0,65.0,160.0,2080.0,1100.0,,1971.0,123.2,2014.0,8.0,1,6.0,0,0,0,0,0,0,0,0,1,0,0,7.640603826393634,5.081404364984463,4.189654742026425,,7.586803535162581,4.821893169499378
28.0,150.0,366.0,5000.0,920.0,3297.0,3297.0,206.1,2014.0,8.0,1,6.0,0,0,0,0,0,0,0,0,1,0,0,8.517393171418904,5.905361848054571,5.017279836814924,8.101071503119543,8.101071503119543,5.333201768401539
28.0,65.0,366.0,5000.0,650.0,,,,2014.0,8.0,1,6.0,0,0,0,0,0,0,0,0,1,0,0,8.517393171418904,5.905361848054571,4.189654742026425,,,
28.0,220.0,438.0,6200.0,824.0,,4219.0,2109.0,2014.0,6.0,1,6.0,0,0,0,0,0,0,0,0,1,0,0,8.732465848349879,6.0844994130751715,5.3981627015177525,,8.347590407030058,7.6544432264701125
28.0,275.0,438.0,6200.0,930.0,,5238.0,2619.0,2014.0,3.0,1,6.0,0,0,0,0,0,0,0,0,1,0,0,8.732465848349879,6.0844994130751715,5.62040086571715,,8.56388591940822,7.8709295967551425
28.0,65.0,56.0,690.0,650.0,,544.0,34.0,2014.0,7.0,1,6.0,0,0,0,0,0,0,0,0,1,0,0,6.53813982376767,4.04305126783455,4.189654742026425,,6.300785794663244,3.5553480614894135
28.0,65.0,56.0,690.0,650.0,,,,2013.0,2.0,1,6.0,0,0,0,0,0,0,0,0,1,0,0,6.53813982376767,4.04305126783455,4.189654742026425,,,
28.0,17.0,245.0,2410.0,533.0,,204.7,12.79,2014.0,9.0,1,6.0,0,1,0,0,0,0,0,0,0,0,0,7.787796878181171,5.5053315359323625,2.8903717578961645,,5.326418796658912,2.6239436918052106
28.0,65.0,245.0,2410.0,650.0,,,,2014.0,9.0,1,6.0,0,1,0,0,0,0,0,0,0,0,0,7.787796878181171,5.5053315359323625,4.189654742026425,,,
28.0,15.0,107.0,930.0,800.0,,204.8,12.8,2014.0,6.0,1,6.0,0,1,0,0,0,0,0,0,0,0,0,6.836259277277067,4.68213122712422,2.772588722239781,,5.326904823399949,2.624668592163159
28.0,65.0,107.0,930.0,650.0,,,,2014.0,6.0,1,6.0,0,1,0,0,0,0,0,0,0,0,0,6.836259277277067,4.68213122712422,4.189654742026425,,,
28.0,15.0,107.0,930.0,800.0,,204.8,12.8,2014.0,6.0,1,6.0,0,1,0,0,0,0,0,0,0,0,0,6.836259277277067,4.68213122712422,2.772588722239781,,5.326904823399949,2.624668592163159
40.0,19.0,67.0,370.0,625.0,,200.0,,2014.0,4.0,1,6.0,0,0,0,0,0,0,0,0,1,0,0,5.916202062607435,4.219507705176107,2.995732273553991,,5.303304908059076,
28.0,15.0,245.0,2410.0,497.0,,254.5,15.9,2014.0,9.0,1,6.0,0,1,0,0,0,0,0,0,0,0,0,7.787796878181171,5.5053315359323625,2.772588722239781,,5.543222409643759,2.8273136219290276
28.0,15.0,245.0,2410.0,758.0,,388.1,24.26,2014.0,9.0,1,6.0,0,1,0,0,0,0,0,0,0,0,0,7.787796878181171,5.5053315359323625,2.772588722239781,,5.963836379990508,3.229222116922345
28.0,65.0,56.0,690.0,780.0,,544.0,34.0,2014.0,5.0,1,6.0,0,0,0,0,0,0,0,0,1,0,0,6.53813982376767,4.04305126783455,4.189654742026425,,6.300785794663244,3.5553480614894135
28.0,65.0,56.0,690.0,1000.0,,659.2,41.2,2014.0,9.0,1,6.0,0,0,0,0,0,0,0,0,1,0,0,6.53813982376767,4.04305126783455,4.189654742026425,,6.492542819419093,3.742420221041966
28.0,65.0,56.0,690.0,650.0,,,,,,1,6.0,0,0,0,0,0,0,0,0,1,0,0,6.53813982376767,4.04305126783455,4.189654742026425,,,
28.0,65.0,125.0,1550.0,925.0,721.9,721.9,45.12,2014.0,10.0,1,6.0,0,0,0,0,0,0,0,0,1,0,0,7.346655163176539,4.836281906951478,4.189654742026425,6.5832709000062515,6.5832709000062515,3.8312466954008584
28.0,65.0,125.0,1550.0,650.0,,,,,,1,6.0,0,0,0,0,0,0,0,0,1,0,0,7.346655163176539,4.836281906951478,4.189654742026425,,,
28.0,17.0,245.0,2410.0,626.0,,320.5,20.03,2014.0,9.0,1,6.0,0,1,0,0,0,0,0,0,0,0,0,7.787796878181171,5.5053315359323625,2.8903717578961645,,5.772997543677674,3.0459499897146083
28.0,15.0,107.0,930.0,800.0,,204.8,12.8,2014.0,6.0,1,6.0,0,1,0,0,0,0,0,0,0,0,0,6.836259277277067,4.68213122712422,2.772588722239781,,5.326904823399949,2.624668592163159
28.0,15.0,107.0,930.0,800.0,,204.8,12.8,2014.0,6.0,1,6.0,0,1,0,0,0,0,0,0,0,0,0,6.836259277277067,4.68213122712422,2.772588722239781,,5.326904823399949,2.624668592163159
28.0,65.0,125.0,1550.0,925.0,721.9,721.9,45.12,2014.0,10.0,1,6.0,0,0,0,0,0,0,0,0,1,0,0,7.346655163176539,4.836281906951478,4.189654742026425,6.5832709000062515,6.5832709000062515,3.8312466954008584
28.0,17.0,245.0,2410.0,533.0,,409.3,25.58,2014.0,9.0,1,6.0,0,1,0,0,0,0,0,0,0,0,0,7.787796878181171,5.5053315359323625,2.8903717578961645,,6.016888599448141,3.2801590532850993
28.0,65.0,245.0,2410.0,650.0,,,,2014.0,2.0,1,6.0,0,1,0,0,0,0,0,0,0,0,0,7.787796878181171,5.5053315359323625,4.189654742026425,,,
28.0,80.0,123.0,1500.0,860.0,,1101.0,68.8,2014.0,8.0,1,6.0,0,0,0,0,0,0,0,0,1,0,0,7.313886831633462,4.820281565605037,4.394449154672439,,7.004881989712859,4.2456340097683265
28.0,150.0,212.0,2800.0,900.0,,2368.0,148.0,2014.0,8.0,1,6.0,0,0,0,0,0,0,0,0,1,0,0,7.937731775260109,5.3612921657094255,5.017279836814924,,7.7702232041587855,5.003946305945459
28.0,65.0,125.0,1550.0,940.0,752.6,752.6,47.04,2014.0,6.0,1,6.0,0,0,0,0,0,0,0,0,1,0,0,7.346655163176539,4.836281906951478,4.189654742026425,6.624861723262153,6.624861723262153,3.872033997211783
28.0,65.0,125.0,1550.0,925.0,721.9,721.9,45.12,2014.0,10.0,1,6.0,0,0,0,0,0,0,0,0,1,0,0,7.346655163176539,4.836281906951478,4.189654742026425,6.5832709000062515,6.5832709000062515,3.8312466954008584
28.0,65.0,125.0,1550.0,900.0,752.6,752.6,47.04,2014.0,5.0,1,6.0,0,0,0,0,0,0,0,0,1,0,0,7.346655163176539,4.836281906951478,4.189654742026425,6.624861723262153,6.624861723262153,3.872033997211783
28.0,65.0,125.0,1550.0,900.0,752.6,752.6,47.04,2014.0,6.0,1,6.0,0,0,0,0,0,0,0,0,1,0,0,7.346655163176539,4.836281906951478,4.189654742026425,6.624861723262153,6.624861723262153,3.872033997211783
28.0,65.0,125.0,1550.0,925.0,721.9,721.9,45.12,2014.0,10.0,1,6.0,0,0,0,0,0,0,0,0,1,0,0,7.346655163176539,4.836281906951478,4.189654742026425,6.5832709000062515,6.5832709000062515,3.8312466954008584
28.0,65.0,125.0,1550.0,900.0,752.6,752.6,47.04,2014.0,6.0,1,6.0,0,0,0,0,0,0,0,0,1,0,0,7.346655163176539,4.836281906951478,4.189654742026425,6.624861723262153,6.624861723262153,3.872033997211783
28.0,190.0,366.0,5000.0,918.0,3290.0,3290.0,205.6,2014.0,9.0,1,6.0,0,0,0,0,0,0,0,0,1,0,0,8.517393171418904,5.905361848054571,5.25227342804663,8.098946748943339,8.098946748943339,5.330784556685538
28.0,200.0,366.0,5000.0,1002.0,,4104.0,,,,1,6.0,0,0,0,0,0,0,0,0,1,0,0,8.517393171418904,5.905361848054571,5.303304908059076,,8.31996102188653,
28.0,580.0,438.0,6200.0,1000.0,,5632.0,704.0,2014.0,6.0,1,6.0,0,0,0,0,0,0,0,0,1,0,0,8.732465848349879,6.0844994130751715,6.364750756851911,,8.636397438894713,6.558197802812269
28.0,500.0,438.0,6200.0,1018.0,,5733.0,716.7,2014.0,4.0,1,6.0,0,0,0,0,0,0,0,0,1,0,0,8.732465848349879,6.0844994130751715,6.2166061010848646,,8.654168646443315,6.576051654436026
28.0,65.0,438.0,6200.0,650.0,,,,2014.0,4.0,1,6.0,0,0,0,0,0,0,0,0,1,0,0,8.732465848349879,6.0844994130751715,4.189654742026425,,,
28.0,65.0,123.0,1500.0,575.0,,800.0,50.0,2014.0,3.0,1,6.0,0,0,0,0,0,0,0,0,1,0,0,7.313886831633462,4.820281565605037,4.189654742026425,,6.68586094706836,3.9318256327243257
28.0,65.0,123.0,1500.0,725.0,,992.0,,2014.0,3.0,1,6.0,0,0,0,0,0,0,0,0,1,0,0,7.313886831633462,4.820281565605037,4.189654742026425,,6.900730664045173,
28.0,80.0,212.0,2800.0,850.0,,1997.0,124.8,2014.0,11.0,1,6.0,0,0,0,0,0,0,0,0,1,0,0,7.937731775260109,5.3612921657094255,4.394449154672439,,7.599901959208498,4.8346933442663405
28.0,250.0,366.0,5000.0,723.0,2961.0,2961.0,185.1,2014.0,11.0,1,6.0,0,0,0,0,0,0,0,0,1,0,0,8.517393171418904,5.905361848054571,5.5254529391317835,7.993619994827744,7.993619994827744,5.226284163648205
28.0,65.0,366.0,5000.0,650.0,,,,2014.0,11.0,1,6.0,0,0,0,0,0,0,0,0,1,0,0,8.517393171418904,5.905361848054571,4.189654742026425,,,
28.0,250.0,366.0,5000.0,850.0,3482.0,3482.0,217.6,2014.0,11.0,1,6.0,0,0,0,0,0,0,0,0,1,0,0,8.517393171418904,5.905361848054571,5.5254529391317835,8.155649270366002,8.155649270366002,5.387243575742438
14.0,15.0,169.0,1170.0,300.0,,307.2,76.8,2014.0,9.0,1,7.0,0,0,0,1,0,0,0,0,0,0,0,7.065613363597717,5.135798437050262,2.772588722239781,,5.730748922886015,4.354141431184346
14.0,65.0,169.0,1170.0,650.0,,,,2014.0,9.0,1,7.0,0,0,0,1,0,0,0,0,0,0,0,7.065613363597717,5.135798437050262,4.189654742026425,,,
14.0,15.0,169.0,1170.0,300.0,,326.4,81.6,2014.0,9.0,1,7.0,0,0,0,1,0,0,0,0,0,0,0,7.065613363597717,5.135798437050262,2.772588722239781,,5.791182664937034,4.414009680526933
14.0,15.0,169.0,1170.0,300.0,,403.2,100.8,2014.0,9.0,1,7.0,0,0,0,1,0,0,0,0,0,0,0,7.065613363597717,5.135798437050262,2.772588722239781,,6.001909804969521,4.623010104116422
14.0,15.0,133.0,1170.0,300.0,,729.6,182.4,2014.0,9.0,1,7.0,0,0,0,1,0,0,0,0,0,0,0,7.065613363597717,4.897839799950911,2.772588722239781,,6.593866114361182,5.211669559822364
14.0,65.0,133.0,1170.0,650.0,,,,2014.0,9.0,1,7.0,0,0,0,1,0,0,0,0,0,0,0,7.065613363597717,4.897839799950911,4.189654742026425,,,
14.0,15.0,169.0,1170.0,700.0,,384.0,96.0,2014.0,9.0,1,7.0,0,0,0,1,0,0,0,0,0,0,0,7.065613363597717,5.135798437050262,2.772588722239781,,5.953243334287785,4.574710978503383
14.0,15.0,133.0,1170.0,300.0,,768.0,192.0,2014.0,9.0,1,7.0,0,0,0,1,0,0,0,0,0,0,0,7.065613363597717,4.897839799950911,2.772588722239781,,6.645090969505644,5.262690188904886
14.0,15.0,169.0,1170.0,300.0,,844.8,211.2,2014.0,9.0,1,7.0,0,0,0,1,0,0,0,0,0,0,0,7.065613363597717,5.135798437050262,2.772588722239781,,6.740282925038388,5.357529226179882
14.0,65.0,169.0,1170.0,650.0,,,,2014.0,9.0,1,7.0,0,0,0,1,0,0,0,0,0,0,0,7.065613363597717,5.135798437050262,4.189654742026425,,,
14.0,15.0,169.0,1170.0,300.0,,844.8,211.2,2014.0,9.0,1,7.0,0,0,0,1,0,0,0,0,0,0,0,7.065613363597717,5.135798437050262,2.772588722239781,,6.740282925038388,5.357529226179882
14.0,15.0,169.0,1170.0,300.0,,614.4,153.6,2014.0,9.0,1,7.0,0,0,0,1,0,0,0,0,0,0,0,7.065613363597717,5.135798437050262,2.772588722239781,,6.422272462887942,5.040841136153322
28.0,130.0,118.0,1270.0,850.0,,326.4,13.6,2014.0,7.0,1,8.0,0,0,0,0,0,0,0,0,1,0,0,7.147559271189454,4.77912349311153,4.875197323201151,,5.791182664937034,2.681021528714291
28.0,225.0,294.0,3540.0,745.0,,2289.0,95.36,2014.0,7.0,1,8.0,0,0,0,0,0,0,0,0,1,0,0,8.172164452111904,5.68697535633982,5.420534999272286,,7.736307096548285,4.568091177746671
28.0,225.0,294.0,3540.0,745.0,,2289.0,95.36,2014.0,7.0,1,8.0,0,0,0,0,0,0,0,0,1,0,0,8.172164452111904,5.68697535633982,5.420534999272286,,7.736307096548285,4.568091177746671
28.0,225.0,294.0,3540.0,745.0,,2289.0,95.36,2014.0,7.0,1,8.0,0,0,0,0,0,0,0,0,1,0,0,8.172164452111904,5.68697535633982,5.420534999272286,,7.736307096548285,4.568091177746671
28.0,225.0,294.0,3540.0,745.0,,2289.0,95.36,2014.0,7.0,1,8.0,0,0,0,0,0,0,0,0,1,0,0,8.172164452111904,5.68697535633982,5.420534999272286,,7.736307096548285,4.568091177746671
28.0,225.0,294.0,3540.0,745.0,,2289.0,95.36,2014.0,7.0,1,8.0,0,0,0,0,0,0,0,0,1,0,0,8.172164452111904,5.68697535633982,5.420534999272286,,7.736307096548285,4.568091177746671
40.0,15.0,79.0,292.0,475.0,,91.2,7.6,2014.0,7.0,1,8.0,0,0,0,0,0,0,0,0,1,0,0,5.680172609017068,4.382026634673881,2.772588722239781,,4.523960130562548,2.151762203259462
28.0,15.0,87.0,1020.0,719.0,,291.1,12.13,2014.0,3.0,1,8.0,0,0,0,0,0,0,0,0,1,0,0,6.928537818164665,4.477336814478207,2.772588722239781,,5.677096209393695,2.574899688314705
28.0,33.0,116.0,585.0,775.0,,297.6,24.8,2014.0,7.0,1,8.0,0,0,0,0,0,0,0,0,1,0,0,6.373319789577012,4.762173934797756,3.5263605246161616,,5.69910488510509,3.250374491927572
40.0,15.0,79.0,292.0,475.0,,91.2,7.6,2014.0,3.0,1,8.0,0,0,0,0,0,0,0,0,1,0,0,5.680172609017068,4.382026634673881,2.772588722239781,,4.523960130562548,2.151762203259462
28.0,15.0,87.0,1020.0,719.0,,291.1,12.13,2014.0,7.0,1,8.0,0,0,0,0,0,0,0,0,1,0,0,6.928537818164665,4.477336814478207,2.772588722239781,,5.677096209393695,2.574899688314705
28.0,15.0,87.0,1020.0,719.0,,291.1,12.13,2014.0,7.0,1,8.0,0,0,0,0,0,0,0,0,1,0,0,6.928537818164665,4.477336814478207,2.772588722239781,,5.677096209393695,2.574899688314705
28.0,15.0,116.0,585.0,738.0,,85.25,7.104,2014.0,3.0,1,8.0,0,0,0,0,0,0,0,0,1,0,0,6.373319789577012,4.762173934797756,2.772588722239781,,4.457250055911469,2.092357766946382
28.0,33.0,77.0,1020.0,1082.0,,588.8,18.4,2014.0,7.0,1,8.0,0,0,0,0,0,0,0,0,1,0,0,6.928537818164665,4.356708826689592,3.5263605246161616,,6.379783496381176,2.9652730660692823
28.0,65.0,77.0,1020.0,650.0,,,,2014.0,3.0,1,8.0,0,0,0,0,0,0,0,0,1,0,0,6.928537818164665,4.356708826689592,4.189654742026425,,,
40.0,29.0,79.0,292.0,874.0,,167.8,13.98,2014.0,3.0,1,8.0,0,0,0,0,0,0,0,0,1,0,0,5.680172609017068,4.382026634673881,3.4011973816621555,,5.128714582161857,2.7067159780890733
28.0,19.0,87.0,1020.0,954.0,,366.3,15.26,2014.0,3.0,1,8.0,0,0,0,0,0,0,0,0,1,0,0,6.928537818164665,4.477336814478207,2.995732273553991,,5.906178952825622,2.7887081041196646
28.0,19.0,87.0,1020.0,954.0,,366.3,15.26,2014.0,3.0,1,8.0,0,0,0,0,0,0,0,0,1,0,0,6.928537818164665,4.477336814478207,2.995732273553991,,5.906178952825622,2.7887081041196646
28.0,65.0,87.0,1020.0,650.0,,,,2014.0,3.0,1,8.0,0,0,0,0,0,0,0,0,1,0,0,6.928537818164665,4.477336814478207,4.189654742026425,,,
28.0,19.0,87.0,1020.0,954.0,,366.3,15.26,2014.0,3.0,1,8.0,0,0,0,0,0,0,0,0,1,0,0,6.928537818164665,4.477336814478207,2.995732273553991,,5.906178952825622,2.7887081041196646
28.0,19.0,87.0,1020.0,797.0,,306.0,12.75,2014.0,9.0,1,8.0,0,0,0,0,0,0,0,0,1,0,0,6.928537818164665,4.477336814478207,2.995732273553991,,5.726847747587197,2.6210388241125804
28.0,19.0,87.0,1020.0,967.0,,742.7,30.94,2014.0,3.0,1,8.0,0,0,0,0,0,0,0,0,1,0,0,6.928537818164665,4.477336814478207,2.995732273553991,,6.611637727709255,3.4638591427868666
28.0,33.0,116.0,585.0,775.0,,297.6,24.8,2014.0,7.0,1,8.0,0,0,0,0,0,0,0,0,1,0,0,6.373319789577012,4.762173934797756,3.5263605246161616,,5.69910488510509,3.250374491927572
28.0,38.0,87.0,1020.0,902.0,,692.7,28.86,2014.0,6.0,1,8.0,0,0,0,0,0,0,0,0,1,0,0,6.928537818164665,4.477336814478207,3.6635616461296463,,6.542039590391256,3.3965197921110444
40.0,49.0,116.0,585.0,700.0,,268.8,22.4,2014.0,6.0,1,8.0,0,0,0,0,0,0,0,0,1,0,0,6.373319789577012,4.762173934797756,3.912023005428146,,5.597680943773655,3.152736022363656
40.0,49.0,116.0,585.0,700.0,,268.8,22.4,2014.0,6.0,1,8.0,0,0,0,0,0,0,0,0,1,0,0,6.373319789577012,4.762173934797756,3.912023005428146,,5.597680943773655,3.152736022363656
28.0,33.0,87.0,1020.0,719.0,,582.1,24.26,2014.0,7.0,1,8.0,0,0,0,0,0,0,0,0,1,0,0,6.928537818164665,4.477336814478207,3.5263605246161616,,6.368358698228111,3.229222116922345
28.0,64.0,118.0,1270.0,993.0,,762.6,31.78,2014.0,5.0,1,8.0,0,0,0,0,0,0,0,0,1,0,0,7.147559271189454,4.77912349311153,4.174387269895637,,6.638044091851593,3.4898185733156835
28.0,140.0,294.0,3540.0,980.0,,1981.0,82.56,2014.0,9.0,1,8.0,0,0,0,0,0,0,0,0,1,0,0,8.172164452111904,5.68697535633982,4.948759890378168,,7.591861714889934,4.425564936688365
28.0,55.0,221.0,2540.0,628.0,,1104.0,46.02,2014.0,3.0,1,8.0,0,0,0,0,0,0,0,0,1,0,0,7.840312983320164,5.402677381872279,4.02535169073515,,7.007600613951853,3.8505730431119236
28.0,148.0,398.0,5200.0,1050.0,,3920.0,122.5,2014.0,9.0,1,8.0,0,0,0,0,0,0,0,0,1,0,0,8.556606193773073,5.988961416889864,5.003946305945459,,8.27410200229233,4.816241156068032
28.0,65.0,398.0,5200.0,650.0,,,,2014.0,9.0,1,8.0,0,0,0,0,0,0,0,0,1,0,0,8.556606193773073,5.988961416889864,4.189654742026425,,,
28.0,65.0,398.0,5200.0,924.0,,2657.0,83.04,2014.0,10.0,1,8.0,0,0,0,0,0,0,0,0,1,0,0,8.556606193773073,5.988961416889864,4.189654742026425,,7.885329239273191,4.4312928759767996
28.0,65.0,398.0,5200.0,924.0,,2657.0,83.04,2014.0,10.0,1,8.0,0,0,0,0,0,0,0,0,1,0,0,8.556606193773073,5.988961416889864,4.189654742026425,,7.885329239273191,4.4312928759767996
28.0,165.0,398.0,5200.0,1127.0,,4981.0,155.6,2014.0,9.0,1,8.0,0,0,0,0,0,0,0,0,1,0,0,8.556606193773073,5.988961416889864,5.111987788356544,,8.513586695822125,5.053694783556702
28.0,65.0,398.0,5200.0,1038.0,,3462.0,108.2,2014.0,10.0,1,8.0,0,0,0,0,0,0,0,0,1,0,0,8.556606193773073,5.988961416889864,4.189654742026425,,8.149890544402423,4.693181063310805
28.0,65.0,398.0,5200.0,1038.0,,3462.0,108.2,2014.0,10.0,1,8.0,0,0,0,0,0,0,0,0,1,0,0,8.556606193773073,5.988961416889864,4.189654742026425,,8.149890544402423,4.693181063310805
28.0,375.0,561.0,7080.0,705.0,,5046.0,1682.0,2014.0,5.0,1,8.0,0,0,0,0,0,0,0,0,1,0,0,8.865170419651774,6.331501849893691,5.929589143389895,,8.526549286340263,7.428333194190806
28.0,8.0,169.0,1170.0,756.0,,365.2,11.41,2014.0,10.0,1,8.0,0,0,0,0,0,0,0,0,1,0,0,7.065613363597717,5.135798437050262,2.1972245773362196,,5.90317963224041,2.5185025992165158
28.0,65.0,169.0,1170.0,650.0,,,,2014.0,10.0,1,8.0,0,0,0,0,0,0,0,0,1,0,0,7.065613363597717,5.135798437050262,4.189654742026425,,,
28.0,35.0,118.0,1270.0,851.0,,326.8,13.62,2014.0,8.0,1,8.0,0,0,0,0,0,0,0,0,1,0,0,7.147559271189454,4.77912349311153,3.58351893845611,,5.792403666309729,2.6823904543216326
28.0,35.0,118.0,1270.0,745.0,,286.1,11.92,2014.0,8.0,1,8.0,0,0,0,0,0,0,0,0,1,0,0,7.147559271189454,4.77912349311153,3.58351893845611,,5.6598305871270185,2.558776498354456
28.0,68.0,148.0,1870.0,1046.0,,1439.0,44.96,2014.0,7.0,1,8.0,0,0,0,0,0,0,0,0,1,0,0,7.534228326274089,5.003946305945459,4.23410650459726,,7.272398392570047,3.827771452980555
28.0,65.0,148.0,1870.0,650.0,,,,2014.0,1.0,1,8.0,0,0,0,0,0,0,0,0,1,0,0,7.534228326274089,5.003946305945459,4.189654742026425,,,
28.0,65.0,148.0,1870.0,1150.0,,1472.0,46.0,2014.0,7.0,1,8.0,0,0,0,0,0,0,0,0,1,0,0,7.534228326274089,5.003946305945459,4.189654742026425,,7.29505641646263,3.8501476017100584
28.0,41.0,118.0,1270.0,876.0,,336.4,14.02,2014.0,7.0,1,8.0,0,0,0,0,0,0,0,0,1,0,0,7.147559271189454,4.77912349311153,3.7376696182833684,,5.821269170111868,2.7093826463359885
28.0,108.0,294.0,3540.0,771.0,,2107.0,87.81,2014.0,7.0,1,8.0,0,0,0,0,0,0,0,0,1,0,0,8.172164452111904,5.68697535633982,4.6913478822291435,,7.653494909661253,4.486499256270413
28.0,150.0,561.0,7080.0,667.0,,3553.0,148.0,2014.0,7.0,1,8.0,0,0,0,0,0,0,0,0,1,0,0,8.865170419651774,6.331501849893691,5.017279836814924,,8.175829008714597,5.003946305945459
28.0,45.0,148.0,1870.0,1058.0,,863.2,26.98,2014.0,7.0,1,8.0,0,0,0,0,0,0,0,0,1,0,0,7.534228326274089,5.003946305945459,3.828641396489095,,6.761804223497833,3.331489969237335
28.0,100.0,294.0,3540.0,693.0,,2491.0,103.8,2014.0,9.0,1,8.0,0,0,0,0,0,0,0,0,1,0,0,8.172164452111904,5.68697535633982,4.61512051684126,,7.820840879907344,4.6520537718869415
28.0,300.0,561.0,7100.0,562.0,,4113.0,1371.0,2014.0,11.0,1,8.0,0,0,0,0,0,0,0,0,1,0,0,8.867990898182093,6.331501849893691,5.707110264748875,,8.322151070212902,7.22402480828583
28.0,65.0,561.0,7100.0,650.0,,,,2014.0,11.0,1,8.0,0,0,0,0,0,0,0,0,1,0,0,8.867990898182093,6.331501849893691,4.189654742026425,,,
28.0,275.0,438.0,6200.0,930.0,,5238.0,2619.0,2015.0,7.0,1,6.0,0,0,0,0,0,0,0,0,1,0,0,8.732465848349879,6.0844994130751715,5.62040086571715,,8.56388591940822,7.8709295967551425
28.0,65.0,77.0,950.0,825.0,,691.2,43.2,2015.0,11.0,1,6.0,0,0,0,0,0,0,0,0,1,0,0,6.85751406254539,4.356708826689592,4.189654742026425,,6.539874931201244,3.7887247890836524
28.0,50.0,160.0,2080.0,930.0,,1428.0,89.28,2015.0,12.0,1,6.0,0,0,0,0,0,0,0,0,1,0,0,7.640603826393634,5.081404364984463,3.9318256327243257,,7.264730177929867,4.502915951949335
28.0,65.0,123.0,1500.0,900.0,,947.2,59.2,2015.0,10.0,1,6.0,0,0,0,0,0,0,0,0,1,0,0,7.313886831633462,4.820281565605037,4.189654742026425,,6.854565450468018,4.097672352314776
28.0,65.0,160.0,2080.0,1075.0,,1651.0,103.2,2015.0,11.0,1,6.0,0,0,0,0,0,0,0,0,1,0,0,7.640603826393634,5.081404364984463,4.189654742026425,,7.409741954080923,4.646312129319266
28.0,100.0,366.0,5000.0,723.0,2961.0,2961.0,185.1,2015.0,10.0,1,6.0,0,0,0,0,0,0,0,0,1,0,0,8.517393171418904,5.905361848054571,4.61512051684126,7.993619994827744,7.993619994827744,5.226284163648205
40.0,25.0,67.0,370.0,600.0,,192.0,,2015.0,9.0,1,6.0,0,0,0,0,0,0,0,0,1,0,0,5.916202062607435,4.219507705176107,3.258096538021482,,5.262690188904886,
28.0,75.0,160.0,2080.0,1000.0,,1536.0,96.0,2015.0,9.0,1,6.0,0,0,0,0,0,0,0,0,1,0,0,7.640603826393634,5.081404364984463,4.330733340286331,,7.337587743538596,4.574710978503383
28.0,75.0,160.0,2080.0,1000.0,,1536.0,96.0,2015.0,9.0,1,6.0,0,0,0,0,0,0,0,0,1,0,0,7.640603826393634,5.081404364984463,4.330733340286331,,7.337587743538596,4.574710978503383
28.0,95.0,366.0,5000.0,735.0,4096.0,4096.0,256.0,2015.0,9.0,1,6.0,0,0,0,0,0,0,0,0,1,0,0,8.517393171418904,5.905361848054571,4.564348191467836,8.318010277546872,8.318010277546872,5.54907608489522
40.0,35.0,67.0,370.0,775.0,,248.0,,2015.0,5.0,1,6.0,0,0,0,0,0,0,0,0,1,0,0,5.916202062607435,4.219507705176107,3.58351893845611,,5.517452896464707,
28.0,65.0,77.0,950.0,730.0,,599.0,37.44,2015.0,5.0,1,6.0,0,0,0,0,0,0,0,0,1,0,0,6.85751406254539,4.356708826689592,4.189654742026425,,6.396929655216146,3.6490985841020915
28.0,65.0,77.0,950.0,900.0,,691.2,43.2,2015.0,5.0,1,6.0,0,0,0,0,0,0,0,0,1,0,0,6.85751406254539,4.356708826689592,4.189654742026425,,6.539874931201244,3.7887247890836524
28.0,65.0,56.0,690.0,1030.0,,659.2,,2015.0,10.0,1,6.0,0,0,0,0,0,0,0,0,1,0,0,6.53813982376767,4.04305126783455,4.189654742026425,,6.492542819419093,
28.0,65.0,56.0,690.0,650.0,,,,2015.0,5.0,1,6.0,0,0,0,0,0,0,0,0,1,0,0,6.53813982376767,4.04305126783455,4.189654742026425,,,
28.0,65.0,56.0,690.0,1070.0,,684.8,,2015.0,10.0,1,6.0,0,0,0,0,0,0,0,0,1,0,0,6.53813982376767,4.04305126783455,4.189654742026425,,6.53058604002882,
28.0,65.0,125.0,1550.0,970.0,745.0,745.0,46.56,2015.0,5.0,1,6.0,0,0,0,0,0,0,0,0,1,0,0,7.346655163176539,4.836281906951478,4.189654742026425,6.61472560020376,6.61472560020376,3.861992071822581
28.0,65.0,125.0,1550.0,650.0,,,,2015.0,5.0,1,6.0,0,0,0,0,0,0,0,0,1,0,0,7.346655163176539,4.836281906951478,4.189654742026425,,,
28.0,65.0,56.0,690.0,780.0,,547.2,34.2,2015.0,5.0,1,6.0,0,0,0,0,0,0,0,0,1,0,0,6.53813982376767,4.04305126783455,4.189654742026425,,6.306640183868685,3.5610460826040513
28.0,18.0,56.0,690.0,955.0,,659.2,41.2,2015.0,5.0,1,6.0,0,0,0,0,0,0,0,0,1,0,0,6.53813982376767,4.04305126783455,2.9444389791664403,,6.492542819419093,3.742420221041966
28.0,65.0,56.0,690.0,1030.0,,659.2,41.2,2015.0,10.0,1,6.0,0,0,0,0,0,0,0,0,1,0,0,6.53813982376767,4.04305126783455,4.189654742026425,,6.492542819419093,3.742420221041966
28.0,15.0,125.0,1200.0,200.0,553.0,553.0,276.5,2015.0,11.0,1,6.0,0,1,0,0,0,0,0,0,0,0,0,7.0909098220799835,4.836281906951478,2.772588722239781,6.317164686747284,6.317164686747284,5.625820933186489
28.0,65.0,125.0,1200.0,650.0,,,,2015.0,11.0,1,6.0,0,1,0,0,0,0,0,0,0,0,0,7.0909098220799835,4.836281906951478,4.189654742026425,,,
28.0,65.0,56.0,690.0,955.0,,791.0,49.44,2015.0,12.0,1,6.0,0,0,0,0,0,0,0,0,1,0,0,6.53813982376767,4.04305126783455,4.189654742026425,,6.674561391814426,3.9207845110967185
28.0,65.0,56.0,690.0,955.0,,791.0,49.44,2015.0,12.0,1,6.0,0,0,0,0,0,0,0,0,1,0,0,6.53813982376767,4.04305126783455,4.189654742026425,,6.674561391814426,3.9207845110967185
28.0,15.0,125.0,1200.0,200.0,553.0,553.0,276.5,2015.0,11.0,1,6.0,0,1,0,0,0,0,0,0,0,0,0,7.0909098220799835,4.836281906951478,2.772588722239781,6.317164686747284,6.317164686747284,5.625820933186489
28.0,50.0,77.0,950.0,730.0,,599.0,37.44,2015.0,5.0,1,6.0,0,0,0,0,0,0,0,0,1,0,0,6.85751406254539,4.356708826689592,3.9318256327243257,,6.396929655216146,3.6490985841020915
28.0,50.0,77.0,950.0,730.0,,599.0,37.44,2015.0,5.0,1,6.0,0,0,0,0,0,0,0,0,1,0,0,6.85751406254539,4.356708826689592,3.9318256327243257,,6.396929655216146,3.6490985841020915
28.0,65.0,77.0,950.0,1000.0,,806.4,50.4,2015.0,5.0,1,6.0,0,0,0,0,0,0,0,0,1,0,0,6.85751406254539,4.356708826689592,4.189654742026425,,6.693819208418841,3.9396381724611196
28.0,65.0,77.0,950.0,1000.0,,806.4,50.4,2015.0,5.0,1,6.0,0,0,0,0,0,0,0,0,1,0,0,6.85751406254539,4.356708826689592,4.189654742026425,,6.693819208418841,3.9396381724611196
28.0,100.0,160.0,2080.0,1000.0,,1613.0,100.8,2015.0,6.0,1,6.0,0,0,0,0,0,0,0,0,1,0,0,7.640603826393634,5.081404364984463,4.61512051684126,,7.3864708488298945,4.623010104116422
28.0,65.0,160.0,2080.0,650.0,,,,2015.0,5.0,1,6.0,0,0,0,0,0,0,0,0,1,0,0,7.640603826393634,5.081404364984463,4.189654742026425,,,
28.0,85.0,160.0,2080.0,1100.0,,1971.0,123.2,2015.0,6.0,1,6.0,0,0,0,0,0,0,0,0,1,0,0,7.640603826393634,5.081404364984463,4.454347296253507,,7.586803535162581,4.821893169499378
28.0,75.0,160.0,2080.0,1050.0,,1613.0,100.8,2015.0,12.0,1,6.0,0,0,0,0,0,0,0,0,1,0,0,7.640603826393634,5.081404364984463,4.330733340286331,,7.3864708488298945,4.623010104116422
28.0,110.0,212.0,2800.0,925.0,,1997.0,124.8,2015.0,6.0,1,6.0,0,0,0,0,0,0,0,0,1,0,0,7.937731775260109,5.3612921657094255,4.709530201312334,,7.599901959208498,4.8346933442663405
28.0,65.0,212.0,2800.0,650.0,,,,2015.0,5.0,1,6.0,0,0,0,0,0,0,0,0,1,0,0,7.937731775260109,5.3612921657094255,4.189654742026425,,,
28.0,65.0,125.0,1550.0,1100.0,864.0,864.0,54.0,2015.0,5.0,1,6.0,0,0,0,0,0,0,0,0,1,0,0,7.346655163176539,4.836281906951478,4.189654742026425,6.762729506931879,6.762729506931879,4.007333185232471
28.0,65.0,77.0,950.0,620.0,,549.1,,2015.0,12.0,1,6.0,0,0,0,0,0,0,0,0,1,0,0,6.85751406254539,4.356708826689592,4.189654742026425,,6.310100079881413,
28.0,65.0,77.0,950.0,620.0,,549.1,34.32,2015.0,12.0,1,6.0,0,0,0,0,0,0,0,0,1,0,0,6.85751406254539,4.356708826689592,4.189654742026425,,6.310100079881413,3.564449375735759
28.0,65.0,125.0,1550.0,943.0,653.4,653.4,40.84,2015.0,5.0,1,6.0,0,0,0,0,0,0,0,0,1,0,0,7.346655163176539,4.836281906951478,4.189654742026425,6.483718785288537,6.483718785288537,3.7338528197566676
28.0,65.0,125.0,1550.0,1100.0,864.0,864.0,54.0,2015.0,5.0,1,6.0,0,0,0,0,0,0,0,0,1,0,0,7.346655163176539,4.836281906951478,4.189654742026425,6.762729506931879,6.762729506931879,4.007333185232471
28.0,65.0,77.0,950.0,875.0,,737.3,46.08,2015.0,5.0,1,6.0,0,0,0,0,0,0,0,0,1,0,0,6.85751406254539,4.356708826689592,4.189654742026425,,6.60435024606512,3.851848282392076
28.0,65.0,77.0,950.0,650.0,,,,2015.0,5.0,1,6.0,0,0,0,0,0,0,0,0,1,0,0,6.85751406254539,4.356708826689592,4.189654742026425,,,
28.0,15.0,125.0,1200.0,200.0,737.3,737.3,368.6,2015.0,11.0,1,6.0,0,1,0,0,0,0,0,0,0,0,0,7.0909098220799835,4.836281906951478,2.772588722239781,6.60435024606512,6.60435024606512,5.912421339767529
28.0,65.0,56.0,690.0,955.0,,791.0,49.44,2015.0,12.0,1,6.0,0,0,0,0,0,0,0,0,1,0,0,6.53813982376767,4.04305126783455,4.189654742026425,,6.674561391814426,3.9207845110967185
28.0,65.0,125.0,1550.0,900.0,864.0,864.0,54.0,2015.0,6.0,1,6.0,0,0,0,0,0,0,0,0,1,0,0,7.346655163176539,4.836281906951478,4.189654742026425,6.762729506931879,6.762729506931879,4.007333185232471
28.0,75.0,160.0,2080.0,1000.0,,1613.0,100.8,2015.0,5.0,1,6.0,0,0,0,0,0,0,0,0,1,0,0,7.640603826393634,5.081404364984463,4.330733340286331,,7.3864708488298945,4.623010104116422
28.0,110.0,212.0,2800.0,925.0,,2496.0,156.0,2015.0,5.0,1,6.0,0,0,0,0,0,0,0,0,1,0,0,7.937731775260109,5.3612921657094255,4.709530201312334,,7.822845290279774,5.056245805348308
28.0,150.0,212.0,2800.0,925.0,,1997.0,124.8,2015.0,6.0,1,6.0,0,0,0,0,0,0,0,0,1,0,0,7.937731775260109,5.3612921657094255,5.017279836814924,,7.599901959208498,4.8346933442663405
28.0,180.0,212.0,2800.0,980.0,,2637.0,164.8,2015.0,8.0,1,6.0,0,0,0,0,0,0,0,0,1,0,0,7.937731775260109,5.3612921657094255,5.198497031265826,,7.87777633327726,5.110782242701195
28.0,190.0,366.0,5000.0,970.0,3476.0,3476.0,217.3,2015.0,6.0,1,6.0,0,0,0,0,0,0,0,0,1,0,0,8.517393171418904,5.905361848054571,5.25227342804663,8.153925132007862,8.153925132007862,5.385870263555899
28.0,65.0,366.0,5000.0,650.0,,,,2015.0,5.0,1,6.0,0,0,0,0,0,0,0,0,1,0,0,8.517393171418904,5.905361848054571,4.189654742026425,,,
28.0,190.0,366.0,5000.0,918.0,3290.0,3290.0,205.6,2015.0,5.0,1,6.0,0,0,0,0,0,0,0,0,1,0,0,8.517393171418904,5.905361848054571,5.25227342804663,8.098946748943339,8.098946748943339,5.330784556685538
28.0,190.0,366.0,5000.0,970.0,3973.0,3973.0,248.3,2015.0,11.0,1,6.0,0,0,0,0,0,0,0,0,1,0,0,8.517393171418904,5.905361848054571,5.25227342804663,8.287528423111763,8.287528423111763,5.518656990529513
28.0,275.0,438.0,6200.0,1000.0,,5120.0,640.0,2015.0,6.0,1,6.0,0,0,0,0,0,0,0,0,1,0,0,8.732465848349879,6.0844994130751715,5.62040086571715,,8.54110501146255,6.46302945692067
28.0,65.0,438.0,6200.0,650.0,,,,2015.0,6.0,1,6.0,0,0,0,0,0,0,0,0,1,0,0,8.732465848349879,6.0844994130751715,4.189654742026425,,,
28.0,580.0,438.0,6200.0,1000.0,,5120.0,640.0,2015.0,9.0,1,6.0,0,0,0,0,0,0,0,0,1,0,0,8.732465848349879,6.0844994130751715,6.364750756851911,,8.54110501146255,6.46302945692067
28.0,275.0,438.0,6200.0,1050.0,,5914.0,739.2,2015.0,6.0,1,6.0,0,0,0,0,0,0,0,0,1,0,0,8.732465848349879,6.0844994130751715,5.62040086571715,,8.685246776412487,6.606920419952056
28.0,275.0,596.0,8900.0,1000.0,7168.0,7168.0,448.0,2015.0,7.0,1,6.0,0,0,0,0,0,0,0,0,1,0,0,9.093918908958932,6.391917113392602,5.62040086571715,8.877521453852872,8.877521453852872,6.1070228877422545
28.0,65.0,596.0,8900.0,650.0,,,,2015.0,6.0,1,6.0,0,0,0,0,0,0,0,0,1,0,0,9.093918908958932,6.391917113392602,4.189654742026425,,,
28.0,275.0,596.0,8900.0,1050.0,8602.0,8602.0,537.6,2015.0,6.0,1,6.0,0,0,0,0,0,0,0,0,1,0,0,9.093918908958932,6.391917113392602,5.62040086571715,9.059866258621348,9.059866258621348,6.288973180377498
28.0,65.0,123.0,1500.0,900.0,,947.2,59.2,2015.0,5.0,1,6.0,0,0,0,0,0,0,0,0,1,0,0,7.313886831633462,4.820281565605037,4.189654742026425,,6.854565450468018,4.097672352314776
28.0,65.0,123.0,1500.0,1000.0,,1299.0,81.2,2015.0,5.0,1,6.0,0,0,0,0,0,0,0,0,1,0,0,7.313886831633462,4.820281565605037,4.189654742026425,,7.170119543449628,4.409155302062135
28.0,65.0,123.0,1500.0,925.0,,1299.0,81.2,2015.0,5.0,1,6.0,0,0,0,0,0,0,0,0,1,0,0,7.313886831633462,4.820281565605037,4.189654742026425,,7.170119543449628,4.409155302062135
28.0,65.0,160.0,2080.0,900.0,,1536.0,96.0,2015.0,5.0,1,6.0,0,0,0,0,0,0,0,0,1,0,0,7.640603826393634,5.081404364984463,4.189654742026425,,7.337587743538596,4.574710978503383
28.0,65.0,160.0,2080.0,650.0,,,,2015.0,5.0,1,6.0,0,0,0,0,0,0,0,0,1,0,0,7.640603826393634,5.081404364984463,4.189654742026425,,,
28.0,65.0,160.0,2080.0,900.0,,1792.0,112.0,2015.0,5.0,1,6.0,0,0,0,0,0,0,0,0,1,0,0,7.640603826393634,5.081404364984463,4.189654742026425,,7.491645473605133,4.727387818712341
28.0,250.0,366.0,5000.0,834.0,,2989.0,373.6,2015.0,5.0,1,6.0,0,0,0,0,0,0,0,0,1,0,0,8.517393171418904,5.905361848054571,5.5254529391317835,,8.003028666384733,5.925858790009988
28.0,175.0,596.0,8900.0,1000.0,8192.0,8192.0,512.0,2015.0,8.0,1,6.0,0,0,0,0,0,0,0,0,1,0,0,9.093918908958932,6.391917113392602,5.170483995038151,9.011035410141815,9.011035410141815,6.240275845170769
14.0,6.0,169.0,1170.0,200.0,,124.8,15.6,2015.0,9.0,1,7.0,0,0,0,1,0,0,0,0,0,0,0,7.065613363597717,5.135798437050262,1.9459101490553132,,4.8346933442663405,2.8094026953624978
14.0,65.0,169.0,1170.0,650.0,,,,2015.0,9.0,1,7.0,0,0,0,1,0,0,0,0,0,0,0,7.065613363597717,5.135798437050262,4.189654742026425,,,
32.0,15.0,169.0,1170.0,350.0,364.8,182.4,45.6,2015.0,9.0,1,7.0,0,0,0,1,0,0,0,0,0,0,0,7.065613363597717,5.135798437050262,2.772588722239781,5.9020867359567655,5.211669559822364,3.8416005411316
32.0,65.0,169.0,1170.0,650.0,,,,2015.0,9.0,1,7.0,0,0,0,1,0,0,0,0,0,0,0,7.065613363597717,5.135798437050262,4.189654742026425,,,
32.0,15.0,169.0,1170.0,300.0,345.6,172.8,43.2,2015.0,9.0,1,7.0,0,0,0,1,0,0,0,0,0,0,0,7.065613363597717,5.135798437050262,2.772588722239781,5.848171377281505,5.157905212831292,3.7887247890836524
32.0,15.0,123.0,1170.0,300.0,614.4,307.2,76.8,2015.0,9.0,1,7.0,0,0,0,1,0,0,0,0,0,0,0,7.065613363597717,4.820281565605037,2.772588722239781,6.422272462887942,5.730748922886015,4.354141431184346
32.0,65.0,123.0,1170.0,650.0,,,,2015.0,9.0,1,7.0,0,0,0,1,0,0,0,0,0,0,0,7.065613363597717,4.820281565605037,4.189654742026425,,,
32.0,15.0,123.0,1170.0,300.0,691.2,345.6,86.4,2015.0,9.0,1,7.0,0,0,0,1,0,0,0,0,0,0,0,7.065613363597717,4.820281565605037,2.772588722239781,6.539874931201244,5.848171377281505,4.470495282661489
32.0,15.0,123.0,1170.0,350.0,729.6,364.8,91.2,2015.0,9.0,1,7.0,0,0,0,1,0,0,0,0,0,0,0,7.065613363597717,4.820281565605037,2.772588722239781,6.593866114361182,5.9020867359567655,4.523960130562548
32.0,15.0,123.0,1170.0,350.0,729.6,364.8,91.2,2015.0,9.0,1,7.0,0,0,0,1,0,0,0,0,0,0,0,7.065613363597717,4.820281565605037,2.772588722239781,6.593866114361182,5.9020867359567655,4.523960130562548
32.0,15.0,123.0,1170.0,350.0,768.0,384.0,96.0,2015.0,9.0,1,7.0,0,0,0,1,0,0,0,0,0,0,0,7.065613363597717,4.820281565605037,2.772588722239781,6.645090969505644,5.953243334287785,4.574710978503383
32.0,15.0,169.0,1170.0,300.0,,768.0,,2015.0,9.0,1,7.0,0,0,0,1,0,0,0,0,0,0,0,7.065613363597717,5.135798437050262,2.772588722239781,,6.645090969505644,
32.0,65.0,169.0,1170.0,650.0,,,,2015.0,9.0,1,7.0,0,0,0,1,0,0,0,0,0,0,0,7.065613363597717,5.135798437050262,4.189654742026425,,,
32.0,15.0,169.0,1170.0,300.0,1536.0,768.0,192.0,2015.0,9.0,1,7.0,0,0,0,1,0,0,0,0,0,0,0,7.065613363597717,5.135798437050262,2.772588722239781,7.337587743538596,6.645090969505644,5.262690188904886
32.0,15.0,169.0,1170.0,350.0,2189.0,1094.0,273.6,2015.0,9.0,1,7.0,0,0,0,1,0,0,0,0,0,0,0,7.065613363597717,5.135798437050262,2.772588722239781,7.691656822810547,6.9985096422506015,5.6153154933338705
32.0,65.0,169.0,1170.0,650.0,,,,2015.0,9.0,1,7.0,0,0,0,1,0,0,0,0,0,0,0,7.065613363597717,5.135798437050262,4.189654742026425,,,
32.0,15.0,169.0,1170.0,350.0,1536.0,768.0,192.0,2015.0,9.0,1,7.0,0,0,0,1,0,0,0,0,0,0,0,7.065613363597717,5.135798437050262,2.772588722239781,7.337587743538596,6.645090969505644,5.262690188904886
32.0,15.0,169.0,1170.0,350.0,2304.0,1152.0,288.0,2015.0,9.0,1,7.0,0,0,0,1,0,0,0,0,0,0,0,7.065613363597717,5.135798437050262,2.772588722239781,7.742835955430749,7.050122520269059,5.666426688112432
32.0,15.0,169.0,1170.0,350.0,2419.0,1210.0,302.4,2015.0,9.0,1,7.0,0,0,0,1,0,0,0,0,0,0,0,7.065613363597717,5.135798437050262,2.772588722239781,7.791522819150732,7.099201743553092,5.715052066914432
28.0,100.0,398.0,5200.0,722.0,,2218.0,69.31,2015.0,8.0,1,8.0,0,0,0,0,0,0,0,0,1,0,0,8.556606193773073,5.988961416889864,4.61512051684126,,7.704811922932594,4.25291403621107
28.0,225.0,398.0,5200.0,557.0,,4825.0,150.8,2015.0,8.0,1,8.0,0,0,0,0,0,0,0,0,1,0,0,8.556606193773073,5.988961416889864,5.420534999272286,,8.481773246184977,5.02256386496153
28.0,225.0,398.0,5200.0,557.0,,4825.0,150.8,2015.0,8.0,1,8.0,0,0,0,0,0,0,0,0,1,0,0,8.556606193773073,5.988961416889864,5.420534999272286,,8.481773246184977,5.02256386496153
28.0,225.0,398.0,5200.0,557.0,,4825.0,150.8,2015.0,8.0,1,8.0,0,0,0,0,0,0,0,0,1,0,0,8.556606193773073,5.988961416889864,5.420534999272286,,8.481773246184977,5.02256386496153
28.0,225.0,398.0,5200.0,557.0,,4825.0,150.8,2015.0,8.0,1,8.0,0,0,0,0,0,0,0,0,1,0,0,8.556606193773073,5.988961416889864,5.420534999272286,,8.481773246184977,5.02256386496153
28.0,33.0,77.0,1020.0,1071.0,,883.2,27.6,2015.0,8.0,1,8.0,0,0,0,0,0,0,0,0,1,0,0,6.928537818164665,4.356708826689592,3.5263605246161616,,6.784683281392143,3.353406717825807
28.0,75.0,148.0,1870.0,928.0,,1306.0,40.8,2015.0,10.0,1,8.0,0,0,0,0,0,0,0,0,1,0,0,7.534228326274089,5.003946305945459,4.330733340286331,,7.175489713624222,3.7328963395307104
28.0,60.0,228.0,2940.0,1087.0,,1269.0,39.65,2015.0,11.0,1,8.0,0,0,0,0,0,0,0,0,1,0,0,7.9865049385539955,5.43372200355424,4.110873864173311,,7.146772179452637,3.7049988359938197
28.0,65.0,228.0,2940.0,650.0,,,,2015.0,1.0,1,8.0,0,0,0,0,0,0,0,0,1,0,0,7.9865049385539955,5.43372200355424,4.189654742026425,,,
28.0,90.0,228.0,2940.0,1024.0,,1825.0,57.02,2015.0,8.0,1,8.0,0,0,0,0,0,0,0,0,1,0,0,7.9865049385539955,5.43372200355424,4.51085950651685,,7.509883061154913,4.060787778693258
28.0,65.0,398.0,5200.0,924.0,,2657.0,83.04,2015.0,11.0,1,8.0,0,0,0,0,0,0,0,0,1,0,0,8.556606193773073,5.988961416889864,4.189654742026425,,7.885329239273191,4.4312928759767996
28.0,65.0,228.0,2940.0,1176.0,,2460.0,76.86,2015.0,11.0,1,8.0,0,0,0,0,0,0,0,0,1,0,0,7.9865049385539955,5.43372200355424,4.189654742026425,,7.8083230503910555,4.35491234218231
28.0,65.0,398.0,5200.0,1064.0,,4669.0,145.9,2015.0,9.0,1,8.0,0,0,0,0,0,0,0,0,1,0,0,8.556606193773073,5.988961416889864,4.189654742026425,,8.448914350662942,4.989752083179832
28.0,250.0,601.0,8000.0,1000.0,,6060.0,189.4,2015.0,6.0,1,8.0,0,0,0,0,0,0,0,0,1,0,0,8.987321812850125,6.400257445308821,5.5254529391317835,,8.709630081951286,5.249127122357265
28.0,65.0,601.0,8000.0,650.0,,,,2015.0,3.0,1,8.0,0,0,0,0,0,0,0,0,1,0,0,8.987321812850125,6.400257445308821,4.189654742026425,,,
28.0,68.0,148.0,1870.0,902.0,,1058.0,33.06,2015.0,11.0,1,8.0,0,0,0,0,0,0,0,0,1,0,0,7.534228326274089,5.003946305945459,4.23410650459726,,6.9650803456014065,3.5281236752345424
28.0,40.0,148.0,1870.0,993.0,,1098.0,34.3,2015.0,8.0,1,8.0,0,0,0,0,0,0,0,0,1,0,0,7.534228326274089,5.003946305945459,3.713572066704308,,7.002155954403621,3.563882963939251
28.0,55.0,148.0,1870.0,1098.0,,1455.0,45.48,2015.0,12.0,1,8.0,0,0,0,0,0,0,0,0,1,0,0,7.534228326274089,5.003946305945459,4.02535169073515,,7.283448228756631,3.8390221125436557
28.0,75.0,398.0,5200.0,823.0,,1892.0,59.14,2015.0,8.0,1,8.0,0,0,0,0,0,0,0,0,1,0,0,8.556606193773073,5.988961416889864,4.330733340286331,,7.545918151209323,4.096675177560383
28.0,120.0,398.0,5200.0,773.0,,2573.0,80.39,2015.0,6.0,1,8.0,0,0,0,0,0,0,0,0,1,0,0,8.556606193773073,5.988961416889864,4.795790545596741,,7.853216388156072,4.3992524153389505
28.0,100.0,398.0,5200.0,975.0,,2593.0,81.04,2015.0,8.0,1,8.0,0,0,0,0,0,0,0,0,1,0,0,8.556606193773073,5.988961416889864,4.61512051684126,,7.860956364876389,4.40720693320418
28.0,150.0,398.0,5200.0,861.0,,4252.0,132.9,2015.0,6.0,1,8.0,0,0,0,0,0,0,0,0,1,0,0,8.556606193773073,5.988961416889864,5.017279836814924,,8.355379895253634,4.897093252697127
28.0,100.0,398.0,5200.0,962.0,,3229.0,100.9,2015.0,8.0,1,8.0,0,0,0,0,0,0,0,0,1,0,0,8.556606193773073,5.988961416889864,4.61512051684126,,8.080237416216702,4.623991940228679
28.0,30.0,148.0,1870.0,837.0,,672.8,21.02,2015.0,8.0,1,8.0,0,0,0,0,0,0,0,0,1,0,0,7.534228326274089,5.003946305945459,3.4339872044851463,,6.512933330972452,3.091951131294534
28.0,50.0,228.0,2940.0,872.0,,2195.0,68.61,2015.0,11.0,1,8.0,0,0,0,0,0,0,0,0,1,0,0,7.9865049385539955,5.43372200355424,3.9318256327243257,,7.694392802629421,4.242908235180575
28.0,250.0,601.0,8000.0,948.0,,6832.0,213.5,2015.0,11.0,1,8.0,0,0,0,0,0,0,0,0,1,0,0,8.987321812850125,6.400257445308821,5.5254529391317835,,8.829519094780778,5.368309738368072
28.0,250.0,601.0,8000.0,948.0,,6832.0,213.5,2015.0,11.0,1,8.0,0,0,0,0,0,0,0,0,1,0,0,8.987321812850125,6.400257445308821,5.5254529391317835,,8.829519094780778,5.368309738368072
28.0,100.0,398.0,5200.0,930.0,,3625.0,113.3,2015.0,8.0,1,8.0,0,0,0,0,0,0,0,0,1,0,0,8.556606193773073,5.988961416889864,4.61512051684126,,8.195885391314796,4.738826570800765
28.0,100.0,398.0,5200.0,930.0,,3625.0,113.3,2015.0,8.0,1,8.0,0,0,0,0,0,0,0,0,1,0,0,8.556606193773073,5.988961416889864,4.61512051684126,,8.195885391314796,4.738826570800765
28.0,300.0,398.0,5200.0,557.0,,4825.0,150.8,2015.0,8.0,1,8.0,0,0,0,0,0,0,0,0,1,0,0,8.556606193773073,5.988961416889864,5.707110264748875,,8.481773246184977,5.02256386496153
28.0,100.0,366.0,5000.0,725.0,2970.0,2970.0,185.6,2016.0,5.0,1,6.0,0,0,0,0,0,0,0,0,1,0,0,8.517393171418904,5.905361848054571,4.61512051684126,7.9966538754626075,7.9966538754626075,5.228967288413243
28.0,300.0,596.0,8900.0,975.0,,7987.0,499.2,2016.0,3.0,1,6.0,0,0,0,0,0,0,0,0,1,0,0,9.093918908958932,6.391917113392602,5.707110264748875,,8.985695694535705,6.215008018443519
28.0,65.0,596.0,8900.0,650.0,,,,2016.0,3.0,1,6.0,0,0,0,0,0,0,0,0,1,0,0,9.093918908958932,6.391917113392602,4.189654742026425,,,
16.0,150.0,322.0,5700.0,911.0,8396.0,4198.0,,2016.0,11.0,1,6.0,0,0,0,0,0,0,0,0,1,0,0,8.648396877031582,5.777652323222656,5.017279836814924,9.035629778183564,8.342601680684194,
16.0,65.0,322.0,5700.0,650.0,,,,2016.0,11.0,1,6.0,0,0,0,0,0,0,0,0,1,0,0,8.648396877031582,5.777652323222656,4.189654742026425,,,
16.0,75.0,209.0,1170.0,800.0,1843.0,1843.0,,2016.0,9.0,1,6.0,0,0,0,0,0,0,0,0,1,0,0,7.065613363597717,5.3471075307174685,4.330733340286331,7.519692404116539,7.519692404116539,
16.0,65.0,209.0,1170.0,650.0,,,,2016.0,9.0,1,6.0,0,0,0,0,0,0,0,0,1,0,0,7.065613363597717,5.3471075307174685,4.189654742026425,,,
14.0,50.0,123.0,3000.0,1053.0,1887.0,1887.0,117.9,2016.0,9.0,1,6.0,0,1,0,0,0,0,0,0,0,0,0,8.006700845440367,4.820281565605037,3.9318256327243257,7.543273346705446,7.543273346705446,4.778282803696737
14.0,65.0,123.0,3000.0,650.0,,,,2016.0,8.0,1,6.0,0,1,0,0,0,0,0,0,0,0,0,8.006700845440367,4.820281565605037,4.189654742026425,,,
14.0,80.0,123.0,3000.0,1090.0,2150.0,2150.0,134.4,2016.0,9.0,1,6.0,0,1,0,0,0,0,0,0,0,0,0,8.006700845440367,4.820281565605037,4.394449154672439,7.67368812926773,7.67368812926773,4.9082333604781745
14.0,95.0,232.0,5700.0,1120.0,5732.0,5732.0,358.3,2016.0,9.0,1,6.0,0,1,0,0,0,0,0,0,0,0,0,8.648396877031582,5.4510384535657,4.564348191467836,8.653994232908383,8.653994232908383,5.884157694119473
14.0,65.0,232.0,5700.0,650.0,,,,2016.0,6.0,1,6.0,0,1,0,0,0,0,0,0,0,0,0,8.648396877031582,5.4510384535657,4.189654742026425,,,
14.0,150.0,232.0,5700.0,1120.0,5682.0,5682.0,355.1,2016.0,12.0,1,6.0,0,1,0,0,0,0,0,0,0,0,0,8.648396877031582,5.4510384535657,5.017279836814924,8.645234541297121,8.645234541297121,5.875211590283732
28.0,175.0,596.0,8900.0,1000.0,8192.0,8192.0,512.0,2016.0,12.0,1,6.0,0,0,0,0,0,0,0,0,1,0,0,9.093918908958932,6.391917113392602,5.170483995038151,9.011035410141815,9.011035410141815,6.240275845170769
14.0,35.0,123.0,3000.0,800.0,1024.0,1024.0,64.0,2016.0,10.0,1,6.0,0,1,0,0,0,0,0,0,0,0,0,8.006700845440367,4.820281565605037,3.58351893845611,6.932447891572509,6.932447891572509,4.174387269895637
14.0,35.0,123.0,3000.0,855.0,1313.0,1313.0,82.08,2016.0,10.0,1,6.0,0,1,0,0,0,0,0,0,0,0,0,8.006700845440367,4.820281565605037,3.58351893845611,7.1808311990445555,7.1808311990445555,4.419803999007912
14.0,35.0,123.0,3000.0,850.0,1858.0,1858.0,116.1,2016.0,10.0,1,6.0,0,1,0,0,0,0,0,0,0,0,0,8.006700845440367,4.820281565605037,3.58351893845611,7.527793987721444,7.527793987721444,4.763028270603671
28.0,350.0,596.0,8900.0,1000.0,8192.0,8192.0,512.0,2016.0,4.0,1,6.0,0,0,0,0,0,0,0,0,1,0,0,9.093918908958932,6.391917113392602,5.860786223465865,9.011035410141815,9.011035410141815,6.240275845170769
28.0,260.0,596.0,8900.0,1000.0,17200.0,8602.0,537.6,2016.0,7.0,1,6.0,0,0,0,0,0,0,0,0,1,0,0,9.093918908958932,6.391917113392602,5.564520407322694,9.75272280064639,9.059866258621348,6.288973180377498
14.0,50.0,123.0,3000.0,1125.0,2460.0,2460.0,153.7,2016.0,11.0,1,6.0,0,1,0,0,0,0,0,0,0,0,0,8.006700845440367,4.820281565605037,3.9318256327243257,7.8083230503910555,7.8083230503910555,5.04148775757902
14.0,75.0,232.0,5700.0,713.0,3892.0,3892.0,243.3,2016.0,11.0,1,6.0,0,1,0,0,0,0,0,0,0,0,0,8.648396877031582,5.4510384535657,4.330733340286331,8.266935347610456,8.266935347610456,5.498396978263695
14.0,130.0,232.0,5700.0,1188.0,5728.0,5728.0,358.0,2016.0,11.0,1,6.0,0,1,0,0,0,0,0,0,0,0,0,8.648396877031582,5.4510384535657,4.875197323201151,8.653296274408579,8.653296274408579,5.883322388488279
28.0,15.0,125.0,1200.0,300.0,76.8,76.8,4.8,2016.0,6.0,1,6.0,0,1,0,0,0,0,0,0,0,0,0,7.0909098220799835,4.836281906951478,2.772588722239781,4.354141431184346,4.354141431184346,1.7578579175523736
28.0,65.0,125.0,1200.0,650.0,,,,2016.0,6.0,1,6.0,0,1,0,0,0,0,0,0,0,0,0,7.0909098220799835,4.836281906951478,4.189654742026425,,,
28.0,15.0,125.0,1200.0,200.0,153.6,153.6,9.6,2016.0,6.0,1,6.0,0,1,0,0,0,0,0,0,0,0,0,7.0909098220799835,4.836281906951478,2.772588722239781,5.040841136153322,5.040841136153322,2.3608540011180215
28.0,15.0,125.0,1200.0,200.0,153.6,153.6,9.6,2016.0,6.0,1,6.0,0,1,0,0,0,0,0,0,0,0,0,7.0909098220799835,4.836281906951478,2.772588722239781,5.040841136153322,5.040841136153322,2.3608540011180215
28.0,15.0,125.0,1200.0,200.0,167.7,167.7,10.48,2016.0,6.0,1,6.0,0,1,0,0,0,0,0,0,0,0,0,7.0909098220799835,4.836281906951478,2.772588722239781,5.128121989551922,5.128121989551922,2.4406063908914204
28.0,15.0,125.0,1200.0,200.0,251.5,251.5,15.72,2016.0,6.0,1,6.0,0,1,0,0,0,0,0,0,0,0,0,7.0909098220799835,4.836281906951478,2.772588722239781,5.531411248715415,5.531411248715415,2.8166056076565553
28.0,15.0,125.0,1200.0,400.0,230.4,230.4,14.4,2016.0,6.0,1,6.0,0,1,0,0,0,0,0,0,0,0,0,7.0909098220799835,4.836281906951478,2.772588722239781,5.444147814759576,5.444147814759576,2.7343675094195836
28.0,50.0,77.0,950.0,730.0,,599.0,37.44,2016.0,6.0,1,6.0,0,0,0,0,0,0,0,0,1,0,0,6.85751406254539,4.356708826689592,3.9318256327243257,,6.396929655216146,3.6490985841020915
28.0,50.0,56.0,690.0,1030.0,,659.2,41.2,2016.0,6.0,1,6.0,0,0,0,0,0,0,0,0,1,0,0,6.53813982376767,4.04305126783455,3.9318256327243257,,6.492542819419093,3.742420221041966
28.0,65.0,56.0,690.0,650.0,,,,2016.0,6.0,1,6.0,0,0,0,0,0,0,0,0,1,0,0,6.53813982376767,4.04305126783455,4.189654742026425,,,
28.0,65.0,56.0,690.0,780.0,,544.0,34.0,2016.0,5.0,1,6.0,0,0,0,0,0,0,0,0,1,0,0,6.53813982376767,4.04305126783455,4.189654742026425,,6.300785794663244,3.5553480614894135
28.0,65.0,56.0,690.0,780.0,,659.2,41.2,2016.0,5.0,1,6.0,0,0,0,0,0,0,0,0,1,0,0,6.53813982376767,4.04305126783455,4.189654742026425,,6.492542819419093,3.742420221041966
28.0,65.0,56.0,690.0,1030.0,,659.2,41.2,2016.0,5.0,1,6.0,0,0,0,0,0,0,0,0,1,0,0,6.53813982376767,4.04305126783455,4.189654742026425,,6.492542819419093,3.742420221041966
28.0,65.0,56.0,690.0,780.0,,659.2,41.2,2016.0,5.0,1,6.0,0,0,0,0,0,0,0,0,1,0,0,6.53813982376767,4.04305126783455,4.189654742026425,,6.492542819419093,3.742420221041966
28.0,15.0,125.0,1200.0,200.0,325.2,325.2,20.33,2016.0,6.0,1,6.0,0,1,0,0,0,0,0,0,0,0,0,7.0909098220799835,4.836281906951478,2.772588722239781,5.787510690186913,5.787510690186913,3.0601145324832593
28.0,15.0,125.0,1200.0,200.0,325.2,325.2,20.33,2016.0,6.0,1,6.0,0,1,0,0,0,0,0,0,0,0,0,7.0909098220799835,4.836281906951478,2.772588722239781,5.787510690186913,5.787510690186913,3.0601145324832593
28.0,65.0,56.0,690.0,955.0,,791.0,49.44,2016.0,12.0,1,6.0,0,0,0,0,0,0,0,0,1,0,0,6.53813982376767,4.04305126783455,4.189654742026425,,6.674561391814426,3.9207845110967185
28.0,55.0,123.0,1500.0,800.0,,819.2,51.2,2016.0,7.0,1,6.0,0,0,0,0,0,0,0,0,1,0,0,7.313886831633462,4.820281565605037,4.02535169073515,,6.709548212957959,3.955082494888593
28.0,50.0,77.0,950.0,730.0,,599.0,37.44,2016.0,6.0,1,6.0,0,0,0,0,0,0,0,0,1,0,0,6.85751406254539,4.356708826689592,3.9318256327243257,,6.396929655216146,3.6490985841020915
28.0,50.0,77.0,950.0,920.0,,588.8,36.8,2016.0,6.0,1,6.0,0,0,0,0,0,0,0,0,1,0,0,6.85751406254539,4.356708826689592,3.9318256327243257,,6.379783496381176,3.632309102625542
28.0,65.0,123.0,1500.0,925.0,,947.2,59.2,2016.0,6.0,1,6.0,0,0,0,0,0,0,0,0,1,0,0,7.313886831633462,4.820281565605037,4.189654742026425,,6.854565450468018,4.097672352314776
28.0,65.0,125.0,1550.0,891.0,570.2,570.2,35.64,2016.0,5.0,1,6.0,0,0,0,0,0,0,0,0,1,0,0,7.346655163176539,4.836281906951478,4.189654742026425,6.347739411025374,6.347739411025374,3.6011405398059297
28.0,65.0,125.0,1550.0,780.0,588.8,588.8,36.8,2016.0,5.0,1,6.0,0,0,0,0,0,0,0,0,1,0,0,7.346655163176539,4.836281906951478,4.189654742026425,6.379783496381176,6.379783496381176,3.632309102625542
28.0,65.0,125.0,1550.0,730.0,786.4,786.4,49.15,2016.0,5.0,1,6.0,0,0,0,0,0,0,0,0,1,0,0,7.346655163176539,4.836281906951478,4.189654742026425,6.668736378509637,6.668736378509637,3.9150185144079446
28.0,65.0,77.0,950.0,825.0,,633.6,39.6,2016.0,5.0,1,6.0,0,0,0,0,0,0,0,0,1,0,0,6.85751406254539,4.356708826689592,4.189654742026425,,6.452994879149095,3.703768066607687
28.0,65.0,125.0,1550.0,730.0,786.4,786.4,49.15,2016.0,5.0,1,6.0,0,0,0,0,0,0,0,0,1,0,0,7.346655163176539,4.836281906951478,4.189654742026425,6.668736378509637,6.668736378509637,3.9150185144079446
28.0,65.0,123.0,1500.0,900.0,,947.2,59.2,2016.0,5.0,1,6.0,0,0,0,0,0,0,0,0,1,0,0,7.313886831633462,4.820281565605037,4.189654742026425,,6.854565450468018,4.097672352314776
28.0,65.0,56.0,690.0,955.0,,791.0,49.44,2016.0,12.0,1,6.0,0,0,0,0,0,0,0,0,1,0,0,6.53813982376767,4.04305126783455,4.189654742026425,,6.674561391814426,3.9207845110967185
28.0,65.0,125.0,1550.0,780.0,653.4,653.4,40.84,2016.0,5.0,1,6.0,0,0,0,0,0,0,0,0,1,0,0,7.346655163176539,4.836281906951478,4.189654742026425,6.483718785288537,6.483718785288537,3.7338528197566676
28.0,65.0,160.0,2080.0,900.0,,1536.0,96.0,2016.0,5.0,1,6.0,0,0,0,0,0,0,0,0,1,0,0,7.640603826393634,5.081404364984463,4.189654742026425,,7.337587743538596,4.574710978503383
28.0,65.0,160.0,2080.0,1000.0,,1971.0,123.2,2016.0,5.0,1,6.0,0,0,0,0,0,0,0,0,1,0,0,7.640603826393634,5.081404364984463,4.189654742026425,,7.586803535162581,4.821893169499378
28.0,250.0,366.0,5000.0,723.0,2961.0,2961.0,185.1,2016.0,5.0,1,6.0,0,0,0,0,0,0,0,0,1,0,0,8.517393171418904,5.905361848054571,5.5254529391317835,7.993619994827744,7.993619994827744,5.226284163648205
28.0,100.0,160.0,2080.0,1050.0,,1613.0,100.8,2016.0,6.0,1,6.0,0,0,0,0,0,0,0,0,1,0,0,7.640603826393634,5.081404364984463,4.61512051684126,,7.3864708488298945,4.623010104116422
14.0,75.0,123.0,3000.0,1090.0,2150.0,2150.0,134.4,2016.0,8.0,1,6.0,0,1,0,0,0,0,0,0,0,0,0,8.006700845440367,4.820281565605037,4.330733340286331,7.67368812926773,7.67368812926773,4.9082333604781745
14.0,55.0,123.0,3000.0,1000.0,2115.0,2115.0,132.2,2016.0,8.0,1,6.0,0,1,0,0,0,0,0,0,0,0,0,8.006700845440367,4.820281565605037,4.02535169073515,7.65728279297819,7.65728279297819,4.891851758106289
14.0,120.0,232.0,5700.0,926.0,4940.0,4940.0,308.7,2016.0,8.0,1,6.0,0,1,0,0,0,0,0,0,0,0,0,8.648396877031582,5.4510384535657,4.795790545596741,8.50532301884575,8.50532301884575,5.735604086979157
14.0,85.0,232.0,5700.0,926.0,4399.0,4399.0,274.9,2016.0,8.0,1,6.0,0,1,0,0,0,0,0,0,0,0,0,8.648396877031582,5.4510384535657,4.454347296253507,8.389359819906353,8.389359819906353,5.62003848122324
14.0,120.0,232.0,5700.0,926.0,4322.0,4322.0,270.1,2016.0,10.0,1,6.0,0,1,0,0,0,0,0,0,0,0,0,8.648396877031582,5.4510384535657,4.795790545596741,8.371704884667631,8.371704884667631,5.60248775650462
14.0,150.0,232.0,5700.0,1120.0,5834.0,5834.0,364.6,2016.0,6.0,1,6.0,0,1,0,0,0,0,0,0,0,0,0,8.648396877031582,5.4510384535657,5.017279836814924,8.671629544720656,8.671629544720656,5.901539839579995
14.0,100.0,232.0,5700.0,1000.0,4963.0,4963.0,310.2,2016.0,8.0,1,6.0,0,1,0,0,0,0,0,0,0,0,0,8.648396877031582,5.4510384535657,4.61512051684126,8.509967146324497,8.509967146324497,5.740435792304236
14.0,150.0,232.0,5700.0,1120.0,5834.0,5834.0,364.6,2016.0,6.0,1,6.0,0,1,0,0,0,0,0,0,0,0,0,8.648396877031582,5.4510384535657,5.017279836814924,8.671629544720656,8.671629544720656,5.901539839579995
16.0,95.0,240.0,5000.0,914.0,,1404.0,,2016.0,8.0,1,6.0,0,0,0,0,0,0,0,0,1,0,0,8.517393171418904,5.484796933490655,4.564348191467836,,7.247792581767846,
16.0,65.0,240.0,5000.0,650.0,,,,2016.0,8.0,1,6.0,0,0,0,0,0,0,0,0,1,0,0,8.517393171418904,5.484796933490655,4.189654742026425,,,
14.0,6.0,169.0,1170.0,200.0,,187.2,23.4,2016.0,9.0,1,7.0,0,0,0,1,0,0,0,0,0,0,0,7.065613363597717,5.135798437050262,1.9459101490553132,,5.23750522715128,3.1945831322991562
14.0,65.0,169.0,1170.0,650.0,,,,2016.0,9.0,1,7.0,0,0,0,1,0,0,0,0,0,0,0,7.065613363597717,5.135798437050262,4.189654742026425,,,
32.0,5.0,169.0,1170.0,350.0,403.2,201.6,50.4,2016.0,8.0,1,7.0,0,0,0,1,0,0,0,0,0,0,0,7.065613363597717,5.135798437050262,1.791759469228055,6.001909804969521,5.311233591814583,3.9396381724611196
32.0,65.0,169.0,1170.0,650.0,,,,2016.0,8.0,1,7.0,0,0,0,1,0,0,0,0,0,0,0,7.065613363597717,5.135798437050262,4.189654742026425,,,
32.0,5.0,169.0,1170.0,300.0,345.6,172.8,43.2,2016.0,8.0,1,7.0,0,0,0,1,0,0,0,0,0,0,0,7.065613363597717,5.135798437050262,1.791759469228055,5.848171377281505,5.157905212831292,3.7887247890836524
32.0,5.0,169.0,1170.0,300.0,652.8,326.4,81.6,2016.0,8.0,1,7.0,0,0,0,1,0,0,0,0,0,0,0,7.065613363597717,5.135798437050262,1.791759469228055,6.48280149429011,5.791182664937034,4.414009680526933
32.0,65.0,169.0,1170.0,650.0,,,,2016.0,8.0,1,7.0,0,0,0,1,0,0,0,0,0,0,0,7.065613363597717,5.135798437050262,4.189654742026425,,,
32.0,15.0,169.0,1170.0,300.0,768.0,384.0,96.0,2016.0,8.0,1,7.0,0,0,0,1,0,0,0,0,0,0,0,7.065613363597717,5.135798437050262,2.772588722239781,6.645090969505644,5.953243334287785,4.574710978503383
32.0,15.0,169.0,1170.0,350.0,768.0,384.0,96.0,2016.0,8.0,1,7.0,0,0,0,1,0,0,0,0,0,0,0,7.065613363597717,5.135798437050262,2.772588722239781,6.645090969505644,5.953243334287785,4.574710978503383
32.0,15.0,169.0,1170.0,350.0,768.0,384.0,96.0,2016.0,8.0,1,7.0,0,0,0,1,0,0,0,0,0,0,0,7.065613363597717,5.135798437050262,2.772588722239781,6.645090969505644,5.953243334287785,4.574710978503383
32.0,15.0,169.0,1170.0,350.0,844.8,422.4,105.6,2016.0,8.0,1,7.0,0,0,0,1,0,0,0,0,0,0,0,7.065613363597717,5.135798437050262,2.772588722239781,6.740282925038388,6.048317358700765,4.669083511731744
28.0,225.0,148.0,1870.0,1033.0,,1672.0,52.24,2016.0,5.0,1,8.0,0,0,0,0,0,0,0,0,1,0,0,7.534228326274089,5.003946305945459,5.420534999272286,,7.422373700986824,3.974809993526911
28.0,65.0,148.0,1870.0,1033.0,,1672.0,52.24,2016.0,5.0,1,8.0,0,0,0,0,0,0,0,0,1,0,0,7.534228326274089,5.003946305945459,4.189654742026425,,7.422373700986824,3.974809993526911
28.0,50.0,148.0,1870.0,1033.0,,793.3,24.79,2016.0,5.0,1,8.0,0,0,0,0,0,0,0,0,1,0,0,7.534228326274089,5.003946305945459,3.9318256327243257,,6.677461223639086,3.2499868198932536
28.0,16.0,77.0,1020.0,965.0,,508.4,15.89,2016.0,3.0,1,8.0,0,0,0,0,0,0,0,0,1,0,0,6.928537818164665,4.356708826689592,2.833213344056216,,6.233233562545356,2.826721730819709
28.0,65.0,77.0,1020.0,650.0,,,,2014.0,3.0,1,8.0,0,0,0,0,0,0,0,0,1,0,0,6.928537818164665,4.356708826689592,4.189654742026425,,,
28.0,23.0,148.0,1870.0,795.0,,881.7,27.55,2016.0,6.0,1,8.0,0,0,0,0,0,0,0,0,1,0,0,7.534228326274089,5.003946305945459,3.1780538303479458,,6.7829853920261876,3.351656936102019
28.0,23.0,77.0,1020.0,1006.0,,913.2,28.54,2016.0,4.0,1,8.0,0,0,0,0,0,0,0,0,1,0,0,6.928537818164665,4.356708826689592,3.1780538303479458,,6.818049365897644,3.3857452771032337
40.0,29.0,116.0,585.0,701.0,,134.6,11.22,2016.0,4.0,1,8.0,0,0,0,0,0,0,0,0,1,0,0,6.373319789577012,4.762173934797756,3.4011973816621555,,4.909709375506295,2.503073953743449
14.0,75.0,132.0,3300.0,1354.0,29.1,1862.0,58.2,2016.0,10.0,1,8.0,0,0,0,0,0,0,1,0,0,0,0,8.101980731853192,4.890349128221754,4.330733340286331,3.40452517175483,7.529943370601589,4.0809215418899605
14.0,65.0,132.0,3300.0,650.0,,,,2016.0,10.0,1,8.0,0,0,0,0,0,0,1,0,0,0,0,8.101980731853192,4.890349128221754,4.189654742026425,,,
14.0,75.0,132.0,3300.0,1291.0,33.41,2138.0,66.82,2016.0,10.0,1,8.0,0,0,0,0,0,0,1,0,0,0,0,8.101980731853192,4.890349128221754,4.330733340286331,3.538347219809389,7.668093709082406,4.2168571366974925
16.0,120.0,200.0,4400.0,1506.0,61.49,3935.0,123.0,2016.0,8.0,1,8.0,0,0,0,0,0,0,0,0,1,0,0,8.38958706681109,5.303304908059076,4.795790545596741,4.135006543940991,8.277920258172143,4.820281565605037
16.0,65.0,200.0,4400.0,650.0,,,,2016.0,7.0,1,8.0,0,0,0,0,0,0,0,0,1,0,0,8.38958706681109,5.303304908059076,4.189654742026425,,,
16.0,120.0,314.0,7200.0,1506.0,61.49,3935.0,123.0,2016.0,12.0,1,8.0,0,0,0,0,0,0,0,0,1,0,0,8.881975184248867,5.752572638825633,4.795790545596741,4.135006543940991,8.277920258172143,4.820281565605037
16.0,65.0,314.0,7200.0,650.0,,,,2016.0,5.0,1,8.0,0,0,0,0,0,0,0,0,1,0,0,8.881975184248867,5.752572638825633,4.189654742026425,,,
16.0,120.0,200.0,4400.0,1506.0,68.36,4375.0,136.7,2016.0,7.0,1,8.0,0,0,0,0,0,0,0,0,1,0,0,8.38958706681109,5.303304908059076,4.795790545596741,4.239310332472287,8.383890344101816,4.925077405734609
16.0,80.0,200.0,4400.0,1405.0,66.84,4278.0,133.7,2016.0,8.0,1,8.0,0,0,0,0,0,0,0,0,1,0,0,8.38958706681109,5.303304908059076,4.394449154672439,4.2171519914836475,8.361474616416817,4.903050083416319
16.0,150.0,314.0,7200.0,1506.0,101.0,6463.0,202.0,2016.0,6.0,1,8.0,0,0,0,0,0,0,0,0,1,0,0,8.881975184248867,5.752572638825633,5.017279836814924,4.624972813284271,8.774003600200931,5.313205979041787
16.0,120.0,314.0,7200.0,1443.0,105.3,6738.0,210.6,2016.0,8.0,1,8.0,0,0,0,0,0,0,0,0,1,0,0,8.881975184248867,5.752572638825633,4.795790545596741,4.666265285347902,8.815666824946216,5.354697699984144
16.0,65.0,314.0,7200.0,650.0,,,,2016.0,8.0,1,8.0,0,0,0,0,0,0,0,0,1,0,0,8.881975184248867,5.752572638825633,4.189654742026425,,,
16.0,180.0,314.0,7200.0,1607.0,138.6,8873.0,277.3,2016.0,5.0,1,8.0,0,0,0,0,0,0,0,0,1,0,0,8.881975184248867,5.752572638825633,5.198497031265826,4.938781190328272,9.090880931938855,5.628699668531845
16.0,150.0,314.0,7200.0,1557.0,138.7,8878.0,277.4,2016.0,8.0,1,8.0,0,0,0,0,0,0,0,0,1,0,0,8.881975184248867,5.752572638825633,5.017279836814924,4.939497266262916,9.091444217032327,5.629058928460265
28.0,170.0,294.0,3540.0,993.0,,2812.0,117.2,2016.0,11.0,1,8.0,0,0,0,0,0,0,0,0,1,0,0,8.172164452111904,5.68697535633982,5.14166355650266,,7.9420068084898565,4.772378104971998
28.0,148.0,398.0,5200.0,1050.0,,3920.0,122.5,2016.0,6.0,1,8.0,0,0,0,0,0,0,0,0,1,0,0,8.556606193773073,5.988961416889864,5.003946305945459,,8.27410200229233,4.816241156068032
16.0,235.0,610.0,15300.0,1304.0,20690.0,10340.0,5172.0,2016.0,10.0,1,8.0,0,0,0,0,0,0,0,0,1,0,0,9.635673464721814,6.415096959171596,5.4638318050256105,9.937454102099402,9.243871855184976,8.551208070003515
16.0,65.0,610.0,15300.0,650.0,,,,2016.0,4.0,1,8.0,0,0,0,0,0,0,0,0,1,0,0,9.635673464721814,6.415096959171596,4.189654742026425,,,
28.0,75.0,228.0,2940.0,796.0,,1786.0,55.82,2016.0,4.0,1,8.0,0,0,0,0,0,0,0,0,1,0,0,7.9865049385539955,5.43372200355424,4.330733340286331,,7.488293515159428,4.039888376426042
28.0,75.0,398.0,5200.0,823.0,,1892.0,59.14,2016.0,10.0,1,8.0,0,0,0,0,0,0,0,0,1,0,0,8.556606193773073,5.988961416889864,4.330733340286331,,7.545918151209323,4.096675177560383
28.0,30.0,77.0,1020.0,1029.0,,863.2,26.98,2016.0,4.0,1,8.0,0,0,0,0,0,0,0,0,1,0,0,6.928537818164665,4.356708826689592,3.4339872044851463,,6.761804223497833,3.331489969237335
28.0,150.0,398.0,5200.0,1140.0,,4772.0,149.1,2016.0,4.0,1,8.0,0,0,0,0,0,0,0,0,1,0,0,8.556606193773073,5.988961416889864,5.017279836814924,,8.470730317005897,5.011301738639416
28.0,250.0,601.0,8000.0,988.0,,6844.0,213.9,2016.0,3.0,1,8.0,0,0,0,0,0,0,0,0,1,0,0,8.987321812850125,6.400257445308821,5.5254529391317835,,8.83127373772255,5.370172803648464
16.0,180.0,314.0,7200.0,1607.0,138.6,8873.0,277.3,2016.0,10.0,1,8.0,0,0,0,0,0,0,0,0,1,0,0,8.881975184248867,5.752572638825633,5.198497031265826,4.938781190328272,9.090880931938855,5.628699668531845
16.0,250.0,471.0,11800.0,1506.0,197.4,12630.0,394.8,2016.0,10.0,1,8.0,0,0,0,0,0,0,0,0,1,0,0,9.375939552625749,6.156978985585555,5.5254529391317835,5.290285194850773,9.443909388773974,5.980909033168466
16.0,65.0,471.0,11800.0,650.0,,,,2016.0,8.0,1,8.0,0,0,0,0,0,0,0,0,1,0,0,9.375939552625749,6.156978985585555,4.189654742026425,,,
16.0,250.0,471.0,11800.0,1417.0,171.5,10970.0,342.9,2016.0,8.0,1,8.0,0,0,0,0,0,0,0,0,1,0,0,9.375939552625749,6.156978985585555,5.5254529391317835,5.150397236471415,9.30301070681749,5.84035091743822
28.0,225.0,148.0,1870.0,1033.0,,1672.0,52.24,2016.0,5.0,1,8.0,0,0,0,0,0,0,0,0,1,0,0,7.534228326274089,5.003946305945459,5.420534999272286,,7.422373700986824,3.974809993526911
16.0,250.0,471.0,11800.0,1025.0,179.2,11470.0,358.3,2016.0,9.0,1,8.0,0,0,0,0,0,0,0,0,1,0,0,9.375939552625749,6.156978985585555,5.5254529391317835,5.194067345174237,9.347577390281268,5.884157694119473
16.0,300.0,610.0,15300.0,1328.0,21220.0,10610.0,5304.0,2016.0,4.0,1,8.0,0,0,0,0,0,0,0,0,1,0,0,9.635673464721814,6.415096959171596,5.707110264748875,9.96274653641105,9.269646477873591,8.576405051048084
16.0,250.0,610.0,15300.0,1190.0,19050.0,9526.0,4763.0,2016.0,6.0,1,8.0,0,0,0,0,0,0,0,0,1,0,0,9.635673464721814,6.415096959171596,5.5254529391317835,9.854874872615435,9.161885151706779,8.46884293047519
16.0,250.0,610.0,15300.0,1190.0,19050.0,9526.0,4763.0,2016.0,6.0,1,8.0,0,0,0,0,0,0,0,0,1,0,0,9.635673464721814,6.415096959171596,5.5254529391317835,9.854874872615435,9.161885151706779,8.46884293047519
16.0,300.0,610.0,15300.0,1328.0,21220.0,10610.0,5304.0,2016.0,4.0,1,8.0,0,0,0,0,0,0,0,0,1,0,0,9.635673464721814,6.415096959171596,5.707110264748875,9.96274653641105,9.269646477873591,8.576405051048084
16.0,75.0,314.0,7200.0,886.0,89.12,5704.0,178.2,2016.0,9.0,1,8.0,0,0,0,0,0,0,0,0,1,0,0,8.881975184248867,5.752572638825633,4.330733340286331,4.501142115564043,8.649098262296176,5.18850250054083
16.0,250.0,471.0,11800.0,1303.0,183.7,11760.0,367.4,2016.0,9.0,1,8.0,0,0,0,0,0,0,0,0,1,0,0,9.375939552625749,6.156978985585555,5.5254529391317835,5.218732887205194,9.372544251851037,5.909169304381152
14.0,180.0,232.0,5700.0,1120.0,4940.0,4940.0,308.7,,,1,6.0,0,1,0,0,0,0,0,0,0,0,0,8.648396877031582,5.4510384535657,5.198497031265826,8.50532301884575,8.50532301884575,5.735604086979157
14.0,65.0,232.0,5700.0,650.0,,,,2017.0,4.0,1,6.0,0,1,0,0,0,0,0,0,0,0,0,8.648396877031582,5.4510384535657,4.189654742026425,,,
28.0,50.0,56.0,690.0,1030.0,,659.2,41.2,2017.0,4.0,1,6.0,0,0,0,0,0,0,0,0,1,0,0,6.53813982376767,4.04305126783455,3.9318256327243257,,6.492542819419093,3.742420221041966
28.0,50.0,56.0,690.0,1030.0,,659.2,41.2,2017.0,4.0,1,6.0,0,0,0,0,0,0,0,0,1,0,0,6.53813982376767,4.04305126783455,3.9318256327243257,,6.492542819419093,3.742420221041966
28.0,50.0,56.0,690.0,1030.0,,659.2,41.2,2017.0,4.0,1,6.0,0,0,0,0,0,0,0,0,1,0,0,6.53813982376767,4.04305126783455,3.9318256327243257,,6.492542819419093,3.742420221041966
28.0,50.0,125.0,1550.0,730.0,784.1,784.1,49.01,2017.0,4.0,1,6.0,0,0,0,0,0,0,0,0,1,0,0,7.346655163176539,4.836281906951478,3.9318256327243257,6.66581109820421,6.66581109820421,3.9122229854308124
28.0,65.0,125.0,1550.0,650.0,,,,2017.0,4.0,1,6.0,0,0,0,0,0,0,0,0,1,0,0,7.346655163176539,4.836281906951478,4.189654742026425,,,
28.0,50.0,125.0,1550.0,730.0,684.3,684.3,42.77,2017.0,4.0,1,6.0,0,0,0,0,0,0,0,0,1,0,0,7.346655163176539,4.836281906951478,3.9318256327243257,6.529856698591778,6.529856698591778,3.778948651202804
28.0,50.0,125.0,1550.0,730.0,786.4,786.4,49.15,2017.0,4.0,1,6.0,0,0,0,0,0,0,0,0,1,0,0,7.346655163176539,4.836281906951478,3.9318256327243257,6.668736378509637,6.668736378509637,3.9150185144079446
28.0,65.0,125.0,1550.0,650.0,,,,2017.0,4.0,1,6.0,0,0,0,0,0,0,0,0,1,0,0,7.346655163176539,4.836281906951478,4.189654742026425,,,
28.0,50.0,125.0,1550.0,730.0,755.7,755.7,47.23,2017.0,4.0,1,6.0,0,0,0,0,0,0,0,0,1,0,0,7.346655163176539,4.836281906951478,3.9318256327243257,6.628966873700476,6.628966873700476,3.8759812340808804
14.0,50.0,103.0,2200.0,1100.0,1211.0,1211.0,75.71,2017.0,4.0,1,6.0,0,1,0,0,0,0,0,0,0,0,0,7.696667081526462,4.6443908991413725,3.9318256327243257,7.10002716662926,7.10002716662926,4.3400320779712045
14.0,65.0,103.0,2200.0,650.0,,,,2017.0,4.0,1,6.0,0,1,0,0,0,0,0,0,0,0,0,7.696667081526462,4.6443908991413725,4.189654742026425,,,
14.0,40.0,103.0,2200.0,1124.0,1248.0,1248.0,78.02,2017.0,10.0,1,6.0,0,1,0,0,0,0,0,0,0,0,0,7.696667081526462,4.6443908991413725,3.713572066704308,7.130098510125578,7.130098510125578,4.369700984983244
14.0,35.0,103.0,2200.0,1124.0,1248.0,1248.0,78.02,2017.0,10.0,1,6.0,0,1,0,0,0,0,0,0,0,0,0,7.696667081526462,4.6443908991413725,3.58351893845611,7.130098510125578,7.130098510125578,4.369700984983244
14.0,35.0,103.0,2200.0,1124.0,1248.0,1248.0,78.02,2017.0,10.0,1,6.0,0,1,0,0,0,0,0,0,0,0,0,7.696667081526462,4.6443908991413725,3.58351893845611,7.130098510125578,7.130098510125578,4.369700984983244
14.0,50.0,103.0,2200.0,1124.0,1248.0,1248.0,78.02,2017.0,10.0,1,6.0,0,1,0,0,0,0,0,0,0,0,0,7.696667081526462,4.6443908991413725,3.9318256327243257,7.130098510125578,7.130098510125578,4.369700984983244
14.0,50.0,103.0,2200.0,1124.0,1248.0,1248.0,78.02,2017.0,10.0,1,6.0,0,1,0,0,0,0,0,0,0,0,0,7.696667081526462,4.6443908991413725,3.9318256327243257,7.130098510125578,7.130098510125578,4.369700984983244
14.0,300.0,495.0,12500.0,1400.0,24580.0,12290.0,768.0,2017.0,6.0,1,6.0,0,1,0,0,0,0,0,0,0,0,0,9.433563920090563,6.206575926724928,5.707110264748875,10.109729065774982,9.416622566214981,6.645090969505644
14.0,65.0,495.0,12500.0,650.0,,,,2017.0,6.0,1,6.0,0,1,0,0,0,0,0,0,0,0,0,9.433563920090563,6.206575926724928,4.189654742026425,,,
14.0,75.0,123.0,3000.0,850.0,1306.0,1306.0,81.6,2017.0,6.0,1,6.0,0,1,0,0,0,0,0,0,0,0,0,8.006700845440367,4.820281565605037,4.330733340286331,7.175489713624222,7.175489713624222,4.414009680526933
14.0,65.0,123.0,3000.0,650.0,,,,2017.0,4.0,1,6.0,0,1,0,0,0,0,0,0,0,0,0,8.006700845440367,4.820281565605037,4.189654742026425,,,
14.0,75.0,123.0,3000.0,907.0,1858.0,1858.0,116.1,2017.0,4.0,1,6.0,0,1,0,0,0,0,0,0,0,0,0,8.006700845440367,4.820281565605037,4.330733340286331,7.527793987721444,7.527793987721444,4.763028270603671
14.0,150.0,232.0,5700.0,1000.0,3960.0,3960.0,247.5,2017.0,6.0,1,6.0,0,1,0,0,0,0,0,0,0,0,0,8.648396877031582,5.4510384535657,5.017279836814924,8.284251797621916,8.284251797621916,5.5154428455366835
14.0,150.0,232.0,5700.0,1096.0,4489.0,4489.0,280.6,2017.0,6.0,1,6.0,0,1,0,0,0,0,0,0,0,0,0,8.648396877031582,5.4510384535657,5.017279836814924,8.4096079807363,8.4096079807363,5.640487624283887
14.0,185.0,232.0,5700.0,1100.0,5530.0,5530.0,345.6,2017.0,6.0,1,6.0,0,1,0,0,0,0,0,0,0,0,0,8.648396877031582,5.4510384535657,5.225746673713202,8.618123909994678,8.618123909994678,5.848171377281505
14.0,250.0,232.0,5700.0,1243.0,5728.0,5728.0,358.0,2017.0,4.0,1,6.0,0,1,0,0,0,0,0,0,0,0,0,8.648396877031582,5.4510384535657,5.5254529391317835,8.653296274408579,8.653296274408579,5.883322388488279
14.0,260.0,495.0,12500.0,1440.0,24580.0,12290.0,768.0,2017.0,8.0,1,6.0,0,1,0,0,0,0,0,0,0,0,0,9.433563920090563,6.206575926724928,5.564520407322694,10.109729065774982,9.416622566214981,6.645090969505644
14.0,230.0,495.0,12500.0,852.0,21500.0,10750.0,672.0,2017.0,6.0,1,6.0,0,1,0,0,0,0,0,0,0,0,0,9.433563920090563,6.206575926724928,5.442417710521793,9.975854724662028,9.282754052485227,6.511745329644728
14.0,210.0,495.0,12500.0,1138.0,17920.0,8960.0,560.0,2017.0,8.0,1,6.0,0,1,0,0,0,0,0,0,0,0,0,9.433563920090563,6.206575926724928,5.351858133476067,9.793728488543389,9.10063710688422,6.329720905522696
14.0,250.0,495.0,12500.0,1250.0,22120.0,11060.0,691.2,2017.0,6.0,1,6.0,0,1,0,0,0,0,0,0,0,0,0,9.433563920090563,6.206575926724928,5.5254529391317835,10.004282662571022,9.311180686902254,6.539874931201244
14.0,35.0,103.0,2200.0,925.0,1248.0,1248.0,78.02,2017.0,6.0,1,6.0,0,1,0,0,0,0,0,0,0,0,0,7.696667081526462,4.6443908991413725,3.58351893845611,7.130098510125578,7.130098510125578,4.369700984983244
14.0,65.0,103.0,2200.0,925.0,1248.0,1248.0,78.02,2017.0,6.0,1,6.0,0,1,0,0,0,0,0,0,0,0,0,7.696667081526462,4.6443908991413725,4.189654742026425,7.130098510125578,7.130098510125578,4.369700984983244
14.0,50.0,123.0,3000.0,1002.0,1348.0,1348.0,84.24,2017.0,3.0,1,6.0,0,1,0,0,0,0,0,0,0,0,0,8.006700845440367,4.820281565605037,3.9318256327243257,7.207118856207756,7.207118856207756,4.445470807230416
14.0,50.0,123.0,3000.0,1002.0,1887.0,1887.0,117.9,2017.0,3.0,1,6.0,0,1,0,0,0,0,0,0,0,0,0,8.006700845440367,4.820281565605037,3.9318256327243257,7.543273346705446,7.543273346705446,4.778282803696737
14.0,50.0,123.0,3000.0,1002.0,2460.0,2460.0,153.7,2017.0,3.0,1,6.0,0,1,0,0,0,0,0,0,0,0,0,8.006700845440367,4.820281565605037,3.9318256327243257,7.8083230503910555,7.8083230503910555,5.04148775757902
14.0,130.0,232.0,5700.0,1188.0,,5728.0,358.0,2017.0,3.0,1,6.0,0,1,0,0,0,0,0,0,0,0,0,8.648396877031582,5.4510384535657,4.875197323201151,,8.653296274408579,5.883322388488279
14.0,130.0,232.0,5700.0,1188.0,,5728.0,358.0,2017.0,3.0,1,6.0,0,1,0,0,0,0,0,0,0,0,0,8.648396877031582,5.4510384535657,4.875197323201151,,8.653296274408579,5.883322388488279
14.0,230.0,495.0,12500.0,1200.0,21500.0,10750.0,672.0,2017.0,12.0,1,6.0,0,1,0,0,0,0,0,0,0,0,0,9.433563920090563,6.206575926724928,5.442417710521793,9.975854724662028,9.282754052485227,6.511745329644728
14.0,230.0,495.0,12500.0,1200.0,24580.0,12290.0,768.0,2017.0,7.0,1,6.0,0,1,0,0,0,0,0,0,0,0,0,9.433563920090563,6.206575926724928,5.442417710521793,10.109729065774982,9.416622566214981,6.645090969505644
28.0,15.0,125.0,1200.0,200.0,691.2,691.2,345.6,2017.0,9.0,1,6.0,0,1,0,0,0,0,0,0,0,0,0,7.0909098220799835,4.836281906951478,2.772588722239781,6.539874931201244,6.539874931201244,5.848171377281505
28.0,65.0,125.0,1550.0,780.0,570.2,570.2,35.64,2017.0,4.0,1,6.0,0,0,0,0,0,0,0,0,1,0,0,7.346655163176539,4.836281906951478,4.189654742026425,6.347739411025374,6.347739411025374,3.6011405398059297
14.0,75.0,123.0,3000.0,1090.0,2458.0,2458.0,153.6,2017.0,1.0,1,6.0,0,1,0,0,0,0,0,0,0,0,0,8.006700845440367,4.820281565605037,4.330733340286331,7.807510042216193,7.807510042216193,5.040841136153322
14.0,50.0,103.0,2200.0,1046.0,1071.0,1071.0,66.94,2017.0,11.0,1,6.0,0,1,0,0,0,0,0,0,0,0,0,7.696667081526462,4.6443908991413725,3.9318256327243257,6.977281341630747,6.977281341630747,4.218624962732438
14.0,50.0,103.0,2200.0,1100.0,1211.0,1211.0,75.71,2017.0,4.0,1,6.0,0,1,0,0,0,0,0,0,0,0,0,7.696667081526462,4.6443908991413725,3.9318256327243257,7.10002716662926,7.10002716662926,4.3400320779712045
14.0,50.0,123.0,3000.0,1019.0,1097.0,1097.0,68.54,2017.0,10.0,1,6.0,0,1,0,0,0,0,0,0,0,0,0,8.006700845440367,4.820281565605037,3.9318256327243257,7.001245622069476,7.001245622069476,4.241902126579715
14.0,60.0,123.0,3000.0,1019.0,1371.0,1371.0,85.68,2017.0,10.0,1,6.0,0,1,0,0,0,0,0,0,0,0,0,8.006700845440367,4.820281565605037,4.110873864173311,7.22402480828583,7.22402480828583,4.462223176668158
14.0,50.0,103.0,2200.0,1100.0,1647.0,1647.0,103.0,2017.0,7.0,1,6.0,0,1,0,0,0,0,0,0,0,0,0,7.696667081526462,4.6443908991413725,3.9318256327243257,7.4073177104694174,7.4073177104694174,4.6443908991413725
14.0,75.0,123.0,3000.0,1175.0,2611.0,2611.0,163.2,2017.0,4.0,1,6.0,0,1,0,0,0,0,0,0,0,0,0,8.006700845440367,4.820281565605037,4.330733340286331,7.867871490396322,7.867871490396322,5.101085197018328
14.0,45.0,123.0,3000.0,1090.0,2106.0,2106.0,131.6,2017.0,7.0,1,6.0,0,1,0,0,0,0,0,0,0,0,0,8.006700845440367,4.820281565605037,3.828641396489095,7.653020413804189,7.653020413804189,4.887337077751762
14.0,65.0,123.0,3000.0,1090.0,2106.0,2106.0,131.6,2017.0,7.0,1,6.0,0,1,0,0,0,0,0,0,0,0,0,8.006700845440367,4.820281565605037,4.189654742026425,7.653020413804189,7.653020413804189,4.887337077751762
14.0,150.0,232.0,5700.0,1168.0,5095.0,5095.0,318.5,2017.0,4.0,1,6.0,0,1,0,0,0,0,0,0,0,0,0,8.648396877031582,5.4510384535657,5.017279836814924,8.536211197252,8.536211197252,5.766757273817589
14.0,85.0,232.0,5700.0,926.0,4940.0,4940.0,308.7,2017.0,12.0,1,6.0,0,1,0,0,0,0,0,0,0,0,0,8.648396877031582,5.4510384535657,4.454347296253507,8.50532301884575,8.50532301884575,5.735604086979157
14.0,180.0,232.0,5700.0,1120.0,4940.0,4940.0,308.7,,,1,6.0,0,1,0,0,0,0,0,0,0,0,0,8.648396877031582,5.4510384535657,5.198497031265826,8.50532301884575,8.50532301884575,5.735604086979157
14.0,185.0,232.0,5700.0,1257.0,6175.0,6175.0,385.9,2017.0,4.0,1,6.0,0,1,0,0,0,0,0,0,0,0,0,8.648396877031582,5.4510384535657,5.225746673713202,8.728426091704613,8.728426091704613,5.9581662617064675
14.0,100.0,232.0,5700.0,1000.0,4963.0,4963.0,310.2,2017.0,4.0,1,6.0,0,1,0,0,0,0,0,0,0,0,0,8.648396877031582,5.4510384535657,4.61512051684126,8.509967146324497,8.509967146324497,5.740435792304236
14.0,10.0,210.0,4940.0,300.0,3331.0,1665.0,104.1,2017.0,10.0,1,6.0,0,1,0,0,0,0,0,0,0,0,0,8.50532301884575,5.351858133476067,2.3978952727983707,8.111328003286733,7.418180822726788,4.6549122778829055
14.0,65.0,210.0,4940.0,650.0,,,,2017.0,10.0,1,6.0,0,1,0,0,0,0,0,0,0,0,0,8.50532301884575,5.351858133476067,4.189654742026425,,,
14.0,210.0,495.0,12500.0,1156.0,21090.0,10540.0,659.0,2017.0,8.0,1,6.0,0,1,0,0,0,0,0,0,0,0,0,9.433563920090563,6.206575926724928,5.351858133476067,9.956601688185614,9.26302769425519,6.492239835020471
14.0,295.0,495.0,12500.0,1247.0,25330.0,12660.0,791.6,2017.0,8.0,1,6.0,0,1,0,0,0,0,0,0,0,0,0,9.433563920090563,6.206575926724928,5.69035945432406,10.139784221095251,9.446281681520253,6.675318680756335
14.0,295.0,495.0,12500.0,1247.0,25330.0,12660.0,791.6,2017.0,8.0,1,6.0,0,1,0,0,0,0,0,0,0,0,0,9.433563920090563,6.206575926724928,5.69035945432406,10.139784221095251,9.446281681520253,6.675318680756335
14.0,345.0,495.0,12500.0,1406.0,27480.0,13740.0,858.6,2017.0,8.0,1,6.0,0,1,0,0,0,0,0,0,0,0,0,9.433563920090563,6.206575926724928,5.846438775057725,10.221250135776074,9.528139343331775,6.756467164768355
14.0,25.0,210.0,4940.0,300.0,2255.0,1127.0,70.46,2017.0,10.0,1,6.0,0,1,0,0,0,0,0,0,0,0,0,8.50532301884575,5.351858133476067,3.258096538021482,7.721348612617949,7.028201432058005,4.2691378525952635
14.0,300.0,495.0,12500.0,1382.0,26210.0,13110.0,819.2,2017.0,6.0,1,6.0,0,1,0,0,0,0,0,0,0,0,0,9.433563920090563,6.206575926724928,5.707110264748875,10.173934448966204,9.481206851499401,6.709548212957959
14.0,375.0,495.0,12500.0,1382.0,26210.0,13110.0,819.2,2017.0,7.0,1,6.0,0,1,0,0,0,0,0,0,0,0,0,9.433563920090563,6.206575926724928,5.929589143389895,10.173934448966204,9.481206851499401,6.709548212957959
16.0,150.0,359.0,7000.0,1172.0,6001.0,6001.0,,2017.0,11.0,1,6.0,0,0,0,0,0,0,0,0,1,0,0,8.853808274977197,5.886104031450156,5.017279836814924,8.699848026000312,8.699848026000312,
16.0,65.0,359.0,7000.0,650.0,,,,2017.0,11.0,1,6.0,0,0,0,0,0,0,0,0,1,0,0,8.853808274977197,5.886104031450156,4.189654742026425,,,
14.0,5.0,169.0,1170.0,200.0,249.6,124.8,31.2,2017.0,12.0,1,7.0,0,0,0,1,0,0,0,0,0,0,0,7.065613363597717,5.135798437050262,1.791759469228055,5.523858042461968,4.8346933442663405,3.4719664525503626
14.0,65.0,169.0,1170.0,650.0,,,,2017.0,12.0,1,7.0,0,0,0,1,0,0,0,0,0,0,0,7.065613363597717,5.135798437050262,4.189654742026425,,,
14.0,5.0,169.0,1170.0,200.0,432.0,216.0,54.0,2017.0,12.0,1,7.0,0,0,0,1,0,0,0,0,0,0,0,7.065613363597717,5.135798437050262,1.791759469228055,6.07073772800249,5.37989735354046,4.007333185232471
14.0,65.0,169.0,1170.0,650.0,,,,2017.0,12.0,1,7.0,0,0,0,1,0,0,0,0,0,0,0,7.065613363597717,5.135798437050262,4.189654742026425,,,
32.0,15.0,169.0,1170.0,300.0,768.0,384.0,96.0,2017.0,9.0,1,7.0,0,0,0,1,0,0,0,0,0,0,0,7.065613363597717,5.135798437050262,2.772588722239781,6.645090969505644,5.953243334287785,4.574710978503383
32.0,15.0,169.0,1170.0,350.0,772.8,386.4,96.6,2017.0,9.0,1,7.0,0,0,0,1,0,0,0,0,0,0,0,7.065613363597717,5.135798437050262,2.772588722239781,6.651313442266413,5.959457750972896,4.580877493419047
32.0,65.0,169.0,1170.0,650.0,,,,2017.0,9.0,1,7.0,0,0,0,1,0,0,0,0,0,0,0,7.065613363597717,5.135798437050262,4.189654742026425,,,
32.0,15.0,169.0,1170.0,350.0,806.4,403.2,100.8,2017.0,9.0,1,7.0,0,0,0,1,0,0,0,0,0,0,0,7.065613363597717,5.135798437050262,2.772588722239781,6.693819208418841,6.001909804969521,4.623010104116422
14.0,30.0,74.0,1800.0,1228.0,17.62,1127.0,35.23,2017.0,5.0,1,8.0,0,0,0,0,0,0,1,0,0,0,0,7.496097345175956,4.31748811353631,3.4339872044851463,2.924236271848921,7.028201432058005,3.5898875049069856
14.0,65.0,74.0,1800.0,650.0,,,,2017.0,5.0,1,8.0,0,0,0,0,0,0,1,0,0,0,0,7.496097345175956,4.31748811353631,4.189654742026425,,,
28.0,50.0,118.0,1270.0,993.0,,381.3,15.89,2017.0,10.0,1,8.0,0,0,0,0,0,0,0,0,1,0,0,7.147559271189454,4.77912349311153,3.9318256327243257,,5.946205640702368,2.826721730819709
16.0,75.0,200.0,4400.0,1493.0,38.88,2488.0,77.76,2017.0,2.0,1,8.0,0,0,0,0,0,0,0,0,1,0,0,8.38958706681109,5.303304908059076,4.330733340286331,3.6858749450936377,7.819636302367592,4.366405253770925
16.0,120.0,200.0,4400.0,1506.0,68.36,4375.0,136.7,2017.0,12.0,1,8.0,0,0,0,0,0,0,0,0,1,0,0,8.38958706681109,5.303304908059076,4.795790545596741,4.239310332472287,8.383890344101816,4.925077405734609
16.0,120.0,200.0,4400.0,1506.0,68.36,4375.0,136.7,2017.0,4.0,1,8.0,0,0,0,0,0,0,0,0,1,0,0,8.38958706681109,5.303304908059076,4.795790545596741,4.239310332472287,8.383890344101816,4.925077405734609
16.0,80.0,200.0,4400.0,1063.0,59.2,3789.0,118.4,2017.0,6.0,1,8.0,0,0,0,0,0,0,0,0,1,0,0,8.38958706681109,5.303304908059076,4.394449154672439,4.097672352314776,8.240121298076472,4.782479200958502
16.0,115.0,314.0,7200.0,1215.0,88.26,5648.0,176.5,2017.0,6.0,1,8.0,0,0,0,0,0,0,0,0,1,0,0,8.881975184248867,5.752572638825633,4.7535901911063645,4.491553459201124,8.639233817325263,5.178970608915471
16.0,180.0,314.0,7200.0,1607.0,127.9,8186.0,255.8,2017.0,11.0,1,8.0,0,0,0,0,0,0,0,0,1,0,0,8.881975184248867,5.752572638825633,5.198497031265826,4.859036909945142,9.010302809376448,5.548297571815806
16.0,180.0,314.0,7200.0,1607.0,138.6,8873.0,277.3,2017.0,4.0,1,8.0,0,0,0,0,0,0,0,0,1,0,0,8.881975184248867,5.752572638825633,5.198497031265826,4.938781190328272,9.090880931938855,5.628699668531845
16.0,150.0,314.0,7200.0,1277.0,109.3,6994.0,218.6,2017.0,6.0,1,8.0,0,0,0,0,0,0,0,0,1,0,0,8.881975184248867,5.752572638825633,5.017279836814924,4.703203926259457,8.852950887099581,5.391807709635375
16.0,250.0,471.0,11800.0,1481.0,177.2,11340.0,354.4,2017.0,3.0,1,8.0,0,0,0,0,0,0,0,0,1,0,0,9.375939552625749,6.156978985585555,5.5254529391317835,5.182906515036709,9.33617975681533,5.8732439157205505
28.0,30.0,77.0,1020.0,978.0,,772.6,24.14,2017.0,11.0,1,8.0,0,0,0,0,0,0,0,0,1,0,0,6.928537818164665,4.356708826689592,3.4339872044851463,,6.6510549441390845,3.2244602031621015
28.0,30.0,77.0,1020.0,1109.0,,913.2,28.54,2017.0,11.0,1,8.0,0,0,0,0,0,0,0,0,1,0,0,6.928537818164665,4.356708826689592,3.4339872044851463,,6.818049365897644,3.3857452771032337
14.0,10.0,74.0,1800.0,937.0,12.46,797.2,24.91,2017.0,5.0,1,8.0,0,0,0,0,0,0,1,0,0,0,0,7.496097345175956,4.31748811353631,2.3978952727983707,2.599722324216582,6.6823591926146335,3.2546289945740186
14.0,25.0,74.0,1800.0,1469.0,18.38,1177.0,36.77,2017.0,5.0,1,8.0,0,0,0,0,0,0,1,0,0,0,0,7.496097345175956,4.31748811353631,3.258096538021482,2.96424160646262,7.071573364211532,3.6315151367243654
16.0,65.0,314.0,7200.0,1607.0,104.0,6655.0,208.0,2017.0,12.0,1,8.0,0,0,0,0,0,0,0,0,1,0,0,8.881975184248867,5.752572638825633,4.189654742026425,4.653960350157523,8.803273982501045,5.342334251964811
16.0,75.0,200.0,4400.0,1354.0,36.74,2352.0,73.49,2017.0,7.0,1,8.0,0,0,0,0,0,0,0,0,1,0,0,8.38958706681109,5.303304908059076,4.330733340286331,3.630720539940404,7.763446388727362,4.310664888188185
16.0,120.0,200.0,4400.0,1506.0,68.36,4375.0,136.7,2017.0,6.0,1,8.0,0,0,0,0,0,0,0,0,1,0,0,8.38958706681109,5.303304908059076,4.795790545596741,4.239310332472287,8.383890344101816,4.925077405734609
28.0,45.0,148.0,1870.0,991.0,,1469.0,45.92,2017.0,1.0,1,8.0,0,0,0,0,0,0,0,0,1,0,0,7.534228326274089,5.003946305945459,3.828641396489095,,7.293017679772782,3.848444023785275
28.0,25.0,77.0,1020.0,965.0,,903.2,28.22,2017.0,1.0,1,8.0,0,0,0,0,0,0,0,0,1,0,0,6.928537818164665,4.356708826689592,3.258096538021482,,6.807050574860505,3.3748534063225533
28.0,30.0,148.0,1870.0,756.0,,1042.0,32.58,2017.0,1.0,1,8.0,0,0,0,0,0,0,0,0,1,0,0,7.534228326274089,5.003946305945459,3.4339872044851463,,6.949856455000773,3.5139306516493947
14.0,47.0,132.0,3300.0,1266.0,29.6,1894.0,59.2,2017.0,2.0,1,8.0,0,0,0,0,0,0,1,0,0,0,0,8.101980731853192,4.890349128221754,3.871201010907891,3.4210000089583352,7.546974117516527,4.097672352314776
14.0,47.0,132.0,3300.0,1354.0,22.27,1425.0,44.54,2017.0,2.0,1,8.0,0,0,0,0,0,0,1,0,0,0,0,8.101980731853192,4.890349128221754,3.871201010907891,3.1471649773142003,7.262628600974241,3.8185910606355935
14.0,40.0,132.0,3300.0,1493.0,24.3,1555.0,48.61,2017.0,2.0,1,8.0,0,0,0,0,0,0,1,0,0,0,0,8.101980731853192,4.890349128221754,3.713572066704308,3.2308043957334744,7.349873704738337,3.9041924263129575
16.0,75.0,200.0,4400.0,1076.0,47.36,3031.0,94.72,2017.0,2.0,1,8.0,0,0,0,0,0,0,0,0,1,0,0,8.38958706681109,5.303304908059076,4.330733340286331,3.878673025746592,8.016977746762262,4.561427263040173
14.0,50.0,132.0,3300.0,1557.0,38.57,2468.0,77.14,2017.0,2.0,1,8.0,0,0,0,0,0,0,1,0,0,0,0,8.101980731853192,4.890349128221754,3.9318256327243257,3.678071255397333,7.81156848934518,4.358502089626924
14.0,30.0,132.0,3300.0,1228.0,10.02,641.0,20.03,2017.0,2.0,1,8.0,0,0,0,0,0,0,1,0,0,0,0,8.101980731853192,4.890349128221754,3.4339872044851463,2.3997118037247684,6.464588303689961,3.0459499897146083
16.0,105.0,314.0,7200.0,1202.0,82.88,5304.0,165.8,2017.0,2.0,1,8.0,0,0,0,0,0,0,0,0,1,0,0,8.881975184248867,5.752572638825633,4.663439094112067,4.429387206033719,8.576405051048084,5.116795489924646
16.0,200.0,314.0,7200.0,1164.0,96.38,6169.0,192.8,2017.0,1.0,1,8.0,0,0,0,0,0,0,0,0,1,0,0,8.881975184248867,5.752572638825633,5.303304908059076,4.578620850754555,8.727454116899434,5.266826699456666
14.0,40.0,132.0,3300.0,1329.0,18.68,1196.0,37.37,2017.0,2.0,1,8.0,0,0,0,0,0,0,1,0,0,0,0,8.101980731853192,4.890349128221754,3.713572066704308,2.9796028916241073,7.087573705557973,3.647275904258861
14.0,25.0,132.0,3300.0,1430.0,19.44,1244.0,38.88,2017.0,2.0,1,8.0,0,0,0,0,0,0,1,0,0,0,0,8.101980731853192,4.890349128221754,3.258096538021482,3.017493765335504,7.126890808898808,3.6858749450936377
20.0,15.0,118.0,2000.0,384.0,786.4,393.2,12.29,2017.0,3.0,1,8.0,0,0,0,0,0,0,0,0,1,0,0,7.601402334583733,4.77912349311153,2.772588722239781,6.668736378509637,5.97685839471862,2.587011872725154
20.0,65.0,118.0,2000.0,650.0,,,,2015.0,1.0,1,8.0,0,0,0,0,0,0,0,0,1,0,0,7.601402334583733,4.77912349311153,4.189654742026425,,,
12.0,250.0,815.0,21100.0,1200.0,29800.0,14900.0,7450.0,2017.0,12.0,1,8.0,0,0,0,0,0,0,0,0,1,0,0,9.957075711706057,6.704414354964107,5.5254529391317835,10.30229722897745,9.60918360377546,8.916103530553727
12.0,65.0,815.0,21100.0,650.0,,,,2017.0,6.0,1,8.0,0,0,0,0,0,0,0,0,1,0,0,9.957075711706057,6.704414354964107,4.189654742026425,,,
16.0,250.0,471.0,11800.0,1405.0,189.8,12150.0,379.7,2017.0,4.0,1,8.0,0,0,0,0,0,0,0,0,1,0,0,9.375939552625749,6.156978985585555,5.5254529391317835,5.251225759014186,9.405166749908611,5.942011663388452
16.0,90.0,314.0,7200.0,1012.0,96.38,6169.0,192.8,2017.0,3.0,1,8.0,0,0,0,0,0,0,0,0,1,0,0,8.881975184248867,5.752572638825633,4.51085950651685,4.578620850754555,8.727454116899434,5.266826699456666
12.0,300.0,815.0,21100.0,1245.0,28260.0,14130.0,7066.0,2017.0,6.0,1,8.0,0,0,0,0,0,0,0,0,1,0,0,9.957075711706057,6.704414354964107,5.707110264748875,10.249238041316636,9.556126244582746,8.863191340690854
12.0,250.0,815.0,21100.0,1312.0,31330.0,15670.0,7834.0,2017.0,6.0,1,8.0,0,0,0,0,0,0,0,0,1,0,0,9.957075711706057,6.704414354964107,5.5254529391317835,10.35236330172604,9.659567149523216,8.966356154790121
14.0,50.0,103.0,2200.0,980.0,1071.0,1071.0,66.94,2018.0,9.0,1,6.0,0,1,0,0,0,0,0,0,0,0,0,7.696667081526462,4.6443908991413725,3.9318256327243257,6.977281341630747,6.977281341630747,4.218624962732438
14.0,50.0,103.0,2200.0,1019.0,1371.0,1371.0,85.68,2018.0,4.0,1,6.0,0,1,0,0,0,0,0,0,0,0,0,7.696667081526462,4.6443908991413725,3.9318256327243257,7.22402480828583,7.22402480828583,4.462223176668158
14.0,50.0,103.0,2200.0,1082.0,1385.0,1385.0,86.56,2018.0,4.0,1,6.0,0,1,0,0,0,0,0,0,0,0,0,7.696667081526462,4.6443908991413725,3.9318256327243257,7.234177179749849,7.234177179749849,4.472324272654662
14.0,65.0,103.0,2200.0,650.0,,,,2018.0,4.0,1,6.0,0,1,0,0,0,0,0,0,0,0,0,7.696667081526462,4.6443908991413725,4.189654742026425,,,
7.0,300.0,331.0,13230.0,1200.0,26820.0,13410.0,6705.0,2018.0,11.0,1,6.0,0,0,0,0,0,0,0,0,1,0,0,9.490317840042412,5.805134968916488,5.707110264748875,10.196940441748334,9.50383054471094,8.810757927026174
7.0,65.0,331.0,13230.0,650.0,,,,2018.0,11.0,1,6.0,0,0,0,0,0,0,0,0,1,0,0,9.490317840042412,5.805134968916488,4.189654742026425,,,
7.0,300.0,331.0,13230.0,1200.0,29490.0,14750.0,7373.0,2018.0,11.0,1,6.0,0,0,0,0,0,0,0,0,1,0,0,9.490317840042412,5.805134968916488,5.707110264748875,10.29184041103433,9.599066156080049,8.90571557879409
14.0,75.0,123.0,3000.0,907.0,1393.0,1393.0,87.07,2018.0,7.0,1,6.0,0,1,0,0,0,0,0,0,0,0,0,8.006700845440367,4.820281565605037,4.330733340286331,7.2399325913204695,7.2399325913204695,4.478131952817368
14.0,75.0,123.0,3000.0,1004.0,2056.0,2056.0,128.5,2018.0,7.0,1,6.0,0,1,0,0,0,0,0,0,0,0,0,8.006700845440367,4.820281565605037,4.330733340286331,7.6290038896529575,7.6290038896529575,4.863680881139593
14.0,230.0,495.0,12500.0,852.0,21500.0,10750.0,672.0,2018.0,8.0,1,6.0,0,1,0,0,0,0,0,0,0,0,0,9.433563920090563,6.206575926724928,5.442417710521793,9.975854724662028,9.282754052485227,6.511745329644728
14.0,230.0,495.0,12500.0,852.0,21500.0,10750.0,672.0,2018.0,8.0,1,6.0,0,1,0,0,0,0,0,0,0,0,0,9.433563920090563,6.206575926724928,5.442417710521793,9.975854724662028,9.282754052485227,6.511745329644728
7.0,300.0,331.0,13230.0,800.0,27850.0,13930.0,6963.0,,,1,6.0,0,0,0,0,0,0,0,0,1,0,0,9.490317840042412,5.805134968916488,5.707110264748875,10.23462415135353,9.541871851706224,8.848509300888079
14.0,75.0,169.0,1170.0,815.0,4874.0,2437.0,152.3,2018.0,11.0,1,6.0,0,1,0,0,0,0,0,0,0,0,0,7.065613363597717,5.135798437050262,4.330733340286331,8.491875383431948,7.798933310041217,5.0323967858777685
14.0,65.0,169.0,1170.0,650.0,,,,2018.0,11.0,1,6.0,0,1,0,0,0,0,0,0,0,0,0,7.065613363597717,5.135798437050262,4.189654742026425,,,
14.0,100.0,169.0,1170.0,815.0,6569.0,3284.0,205.3,2018.0,11.0,1,6.0,0,1,0,0,0,0,0,0,0,0,0,7.065613363597717,5.135798437050262,4.61512051684126,8.790269111478656,8.09712193091871,5.329331420077207
14.0,230.0,495.0,12500.0,1200.0,21500.0,10750.0,672.0,2018.0,8.0,1,6.0,0,1,0,0,0,0,0,0,0,0,0,9.433563920090563,6.206575926724928,5.442417710521793,9.975854724662028,9.282754052485227,6.511745329644728
14.0,65.0,208.0,5000.0,931.0,2588.0,2588.0,161.8,2018.0,4.0,1,6.0,0,1,0,0,0,0,0,0,0,0,0,8.517393171418904,5.342334251964811,4.189654742026425,7.859026979751538,7.859026979751538,5.09252245356844
14.0,65.0,208.0,5000.0,650.0,,,,2018.0,2.0,1,6.0,0,1,0,0,0,0,0,0,0,0,0,8.517393171418904,5.342334251964811,4.189654742026425,,,
14.0,50.0,103.0,2200.0,1124.0,1240.0,1240.0,77.5,2018.0,4.0,1,6.0,0,1,0,0,0,0,0,0,0,0,0,7.696667081526462,4.6443908991413725,3.9318256327243257,7.123672785204607,7.123672785204607,4.363098624788363
14.0,50.0,103.0,2200.0,1100.0,1211.0,1211.0,75.71,2018.0,12.0,1,6.0,0,1,0,0,0,0,0,0,0,0,0,7.696667081526462,4.6443908991413725,3.9318256327243257,7.10002716662926,7.10002716662926,4.3400320779712045
14.0,60.0,123.0,3000.0,1019.0,1371.0,1371.0,85.68,2018.0,4.0,1,6.0,0,1,0,0,0,0,0,0,0,0,0,8.006700845440367,4.820281565605037,4.110873864173311,7.22402480828583,7.22402480828583,4.462223176668158
14.0,50.0,103.0,2200.0,1100.0,1505.0,1505.0,94.08,2018.0,4.0,1,6.0,0,1,0,0,0,0,0,0,0,0,0,7.696667081526462,4.6443908991413725,3.9318256327243257,7.317212408359839,7.317212408359839,4.554718642491993
14.0,65.0,123.0,3000.0,1090.0,2106.0,2106.0,131.6,2018.0,4.0,1,6.0,0,1,0,0,0,0,0,0,0,0,0,8.006700845440367,4.820281565605037,4.189654742026425,7.653020413804189,7.653020413804189,4.887337077751762
14.0,75.0,123.0,3000.0,1175.0,2611.0,2611.0,163.2,2018.0,4.0,1,6.0,0,1,0,0,0,0,0,0,0,0,0,8.006700845440367,4.820281565605037,4.330733340286331,7.867871490396322,7.867871490396322,5.101085197018328
14.0,65.0,123.0,3000.0,1275.0,2611.0,2611.0,163.2,2018.0,4.0,1,6.0,0,1,0,0,0,0,0,0,0,0,0,8.006700845440367,4.820281565605037,4.189654742026425,7.867871490396322,7.867871490396322,5.101085197018328
14.0,65.0,123.0,3000.0,1275.0,2611.0,2611.0,163.2,2018.0,4.0,1,6.0,0,1,0,0,0,0,0,0,0,0,0,8.006700845440367,4.820281565605037,4.189654742026425,7.867871490396322,7.867871490396322,5.101085197018328
14.0,65.0,123.0,3000.0,1175.0,2462.0,2462.0,153.9,2018.0,4.0,1,6.0,0,1,0,0,0,0,0,0,0,0,0,8.006700845440367,4.820281565605037,4.189654742026425,7.809135398120538,7.809135398120538,5.042779747422823
14.0,150.0,232.0,5700.0,1168.0,5095.0,5095.0,318.5,2018.0,4.0,1,6.0,0,1,0,0,0,0,0,0,0,0,0,8.648396877031582,5.4510384535657,5.017279836814924,8.536211197252,8.536211197252,5.766757273817589
14.0,150.0,232.0,5700.0,1168.0,5259.0,5259.0,328.7,2018.0,10.0,1,6.0,0,1,0,0,0,0,0,0,0,0,0,8.648396877031582,5.4510384535657,5.017279836814924,8.567886305731756,8.567886305731756,5.798183150077685
14.0,185.0,232.0,5700.0,1257.0,6129.0,6129.0,383.0,2018.0,10.0,1,6.0,0,1,0,0,0,0,0,0,0,0,0,8.648396877031582,5.4510384535657,5.225746673713202,8.720950028930258,8.720950028930258,5.950642552587727
14.0,185.0,232.0,5700.0,1257.0,6175.0,6175.0,385.9,2018.0,4.0,1,6.0,0,1,0,0,0,0,0,0,0,0,0,8.648396877031582,5.4510384535657,5.225746673713202,8.728426091704613,8.728426091704613,5.9581662617064675
14.0,100.0,232.0,5700.0,1266.0,5834.0,5834.0,364.6,2018.0,4.0,1,6.0,0,1,0,0,0,0,0,0,0,0,0,8.648396877031582,5.4510384535657,4.61512051684126,8.671629544720656,8.671629544720656,5.901539839579995
12.0,175.0,232.0,5700.0,1469.0,7119.0,7119.0,445.0,2018.0,11.0,1,6.0,0,1,0,0,0,0,0,0,0,0,0,8.648396877031582,5.4510384535657,5.170483995038151,8.87066300440602,8.87066300440602,6.100318952020064
12.0,65.0,232.0,5700.0,650.0,,,,2018.0,11.0,1,6.0,0,1,0,0,0,0,0,0,0,0,0,8.648396877031582,5.4510384535657,4.189654742026425,,,
14.0,25.0,210.0,4940.0,300.0,3523.0,1761.0,110.1,2018.0,5.0,1,6.0,0,1,0,0,0,0,0,0,0,0,0,8.50532301884575,5.351858133476067,3.258096538021482,8.16735198705607,7.474204806496124,4.7104306966455844
14.0,65.0,210.0,4940.0,650.0,,,,2018.0,2.0,1,6.0,0,1,0,0,0,0,0,0,0,0,0,8.50532301884575,5.351858133476067,4.189654742026425,,,
14.0,25.0,210.0,4940.0,300.0,3492.0,1746.0,109.1,2018.0,2.0,1,6.0,0,1,0,0,0,0,0,0,0,0,0,8.50532301884575,5.351858133476067,3.258096538021482,8.158516244806831,7.465655310134056,4.701389043728634
14.0,25.0,210.0,4940.0,300.0,3523.0,1761.0,110.1,2018.0,4.0,1,6.0,0,1,0,0,0,0,0,0,0,0,0,8.50532301884575,5.351858133476067,3.258096538021482,8.16735198705607,7.474204806496124,4.7104306966455844
14.0,120.0,495.0,12500.0,1138.0,18650.0,9326.0,582.8,2018.0,6.0,1,6.0,0,1,0,0,0,0,0,0,0,0,0,9.433563920090563,6.206575926724928,4.795790545596741,9.833655042937448,9.140668698726863,6.3695584584200144
14.0,100.0,208.0,5000.0,1063.0,3656.0,3656.0,228.5,2018.0,2.0,1,6.0,0,1,0,0,0,0,0,0,0,0,0,8.517393171418904,5.342334251964811,4.61512051684126,8.204398418149381,8.204398418149381,5.4359030295006
14.0,65.0,208.0,5000.0,931.0,2588.0,2588.0,161.8,2018.0,2.0,1,6.0,0,1,0,0,0,0,0,0,0,0,0,8.517393171418904,5.342334251964811,4.189654742026425,7.859026979751538,7.859026979751538,5.09252245356844
14.0,25.0,210.0,4940.0,300.0,3664.0,1832.0,114.5,2018.0,2.0,1,6.0,0,1,0,0,0,0,0,0,0,0,0,8.50532301884575,5.351858133476067,3.258096538021482,8.206583614320753,7.513709247839705,4.749270529961848
14.0,15.0,210.0,4940.0,300.0,768.8,384.4,24.02,2018.0,9.0,1,6.0,0,1,0,0,0,0,0,0,0,0,0,8.50532301884575,5.351858133476067,2.772588722239781,6.646130740849646,5.954281755980266,3.219675505038765
14.0,15.0,210.0,4940.0,300.0,768.8,384.4,24.02,2018.0,2.0,1,6.0,0,1,0,0,0,0,0,0,0,0,0,8.50532301884575,5.351858133476067,2.772588722239781,6.646130740849646,5.954281755980266,3.219675505038765
14.0,15.0,210.0,4940.0,300.0,768.8,384.4,24.02,2018.0,7.0,1,6.0,0,1,0,0,0,0,0,0,0,0,0,8.50532301884575,5.351858133476067,2.772588722239781,6.646130740849646,5.954281755980266,3.219675505038765
14.0,15.0,210.0,4940.0,300.0,845.6,422.8,26.42,2018.0,1.0,1,6.0,0,1,0,0,0,0,0,0,0,0,0,8.50532301884575,5.351858133476067,2.772588722239781,6.741228328086823,6.049261645834199,3.3112726741341683
14.0,15.0,210.0,4940.0,300.0,1966.0,983.0,61.44,2018.0,5.0,1,6.0,0,1,0,0,0,0,0,0,0,0,0,8.50532301884575,5.351858133476067,2.772588722239781,7.584264818389059,6.891625897052253,4.134206095647231
14.0,15.0,210.0,4940.0,300.0,1691.0,845.6,52.85,2018.0,1.0,1,6.0,0,1,0,0,0,0,0,0,0,0,0,8.50532301884575,5.351858133476067,2.772588722239781,7.433666540166168,6.741228328086823,3.9862024036023977
14.0,25.0,210.0,4940.0,300.0,2253.0,1126.0,70.4,2018.0,2.0,1,6.0,0,1,0,0,0,0,0,0,0,0,0,8.50532301884575,5.351858133476067,3.258096538021482,7.720461694599722,7.027314514039777,4.268297869345539
14.0,25.0,210.0,4940.0,300.0,2255.0,1127.0,70.46,2018.0,4.0,1,6.0,0,1,0,0,0,0,0,0,0,0,0,8.50532301884575,5.351858133476067,3.258096538021482,7.721348612617949,7.028201432058005,4.2691378525952635
14.0,15.0,210.0,4940.0,300.0,2253.0,1126.0,70.4,2018.0,2.0,1,6.0,0,1,0,0,0,0,0,0,0,0,0,8.50532301884575,5.351858133476067,2.772588722239781,7.720461694599722,7.027314514039777,4.268297869345539
14.0,100.0,397.0,1170.0,1300.0,7987.0,3994.0,249.6,2018.0,8.0,1,6.0,0,0,0,0,0,0,0,0,1,0,0,7.065613363597717,5.986452005284438,4.61512051684126,8.985695694535705,8.292798858200374,5.523858042461968
14.0,65.0,397.0,1170.0,650.0,,,,2018.0,8.0,1,6.0,0,0,0,0,0,0,0,0,1,0,0,7.065613363597717,5.986452005284438,4.189654742026425,,,
32.0,15.0,169.0,1170.0,300.0,1613.0,806.4,201.6,2018.0,4.0,1,7.0,0,0,0,1,0,0,0,0,0,0,0,7.065613363597717,5.135798437050262,2.772588722239781,7.3864708488298945,6.693819208418841,5.311233591814583
32.0,65.0,169.0,1170.0,650.0,,,,2018.0,4.0,1,7.0,0,0,0,1,0,0,0,0,0,0,0,7.065613363597717,5.135798437050262,4.189654742026425,,,
32.0,15.0,169.0,1170.0,350.0,403.2,201.6,50.4,2018.0,4.0,1,7.0,0,0,0,1,0,0,0,0,0,0,0,7.065613363597717,5.135798437050262,2.772588722239781,6.001909804969521,5.311233591814583,3.9396381724611196
32.0,65.0,169.0,1170.0,650.0,,,,2018.0,4.0,1,7.0,0,0,0,1,0,0,0,0,0,0,0,7.065613363597717,5.135798437050262,4.189654742026425,,,
32.0,15.0,169.0,1170.0,300.0,345.6,172.8,43.2,2018.0,4.0,1,7.0,0,0,0,1,0,0,0,0,0,0,0,7.065613363597717,5.135798437050262,2.772588722239781,5.848171377281505,5.157905212831292,3.7887247890836524
14.0,15.0,169.0,1170.0,300.0,691.2,345.6,86.4,2018.0,11.0,1,7.0,0,0,0,1,0,0,0,0,0,0,0,7.065613363597717,5.135798437050262,2.772588722239781,6.539874931201244,5.848171377281505,4.470495282661489
14.0,65.0,169.0,1170.0,650.0,,,,2018.0,11.0,1,7.0,0,0,0,1,0,0,0,0,0,0,0,7.065613363597717,5.135798437050262,4.189654742026425,,,
14.0,15.0,169.0,1170.0,300.0,806.4,403.2,100.8,2018.0,11.0,1,7.0,0,0,0,1,0,0,0,0,0,0,0,7.065613363597717,5.135798437050262,2.772588722239781,6.693819208418841,6.001909804969521,4.623010104116422
14.0,15.0,169.0,1170.0,300.0,768.0,384.0,96.0,2018.0,8.0,1,7.0,0,0,0,1,0,0,0,0,0,0,0,7.065613363597717,5.135798437050262,2.772588722239781,6.645090969505644,5.953243334287785,4.574710978503383
14.0,65.0,169.0,1170.0,650.0,,,,2018.0,8.0,1,7.0,0,0,0,1,0,0,0,0,0,0,0,7.065613363597717,5.135798437050262,4.189654742026425,,,
32.0,15.0,169.0,1170.0,350.0,768.0,384.0,96.0,2018.0,4.0,1,7.0,0,0,0,1,0,0,0,0,0,0,0,7.065613363597717,5.135798437050262,2.772588722239781,6.645090969505644,5.953243334287785,4.574710978503383
32.0,15.0,169.0,1170.0,350.0,844.8,422.4,105.6,2018.0,5.0,1,7.0,0,0,0,1,0,0,0,0,0,0,0,7.065613363597717,5.135798437050262,2.772588722239781,6.740282925038388,6.048317358700765,4.669083511731744
32.0,15.0,169.0,1170.0,350.0,921.6,460.8,115.2,2018.0,5.0,1,7.0,0,0,0,1,0,0,0,0,0,0,0,7.065613363597717,5.135798437050262,2.772588722239781,6.82719577112372,6.135131896920395,4.755312844417811
14.0,20.0,74.0,1800.0,1152.0,16.55,1059.0,33.1,2018.0,3.0,1,8.0,0,0,0,0,0,0,1,0,0,0,0,7.496097345175956,4.31748811353631,3.044522437723423,2.865053949911875,6.966024187106113,3.529297384289471
28.0,65.0,118.0,1270.0,1058.0,,812.5,33.86,2018.0,9.0,1,8.0,0,0,0,0,0,0,0,0,1,0,0,7.147559271189454,4.77912349311153,4.189654742026425,,6.7013459266590925,3.551340040091875
14.0,75.0,132.0,3300.0,1392.0,36.43,2332.0,72.86,2018.0,5.0,1,8.0,0,0,0,0,0,0,1,0,0,0,0,8.101980731853192,4.890349128221754,4.330733340286331,3.6224725219163374,7.75491027202143,4.3021714094244174
14.0,75.0,132.0,3300.0,1000.0,22.78,1458.0,45.56,2018.0,1.0,1,8.0,0,0,0,0,0,0,1,0,0,0,0,8.101980731853192,4.890349128221754,4.330733340286331,3.1688448912626357,7.285506548522785,3.8407418034231826
16.0,120.0,314.0,7200.0,1506.0,68.36,4375.0,136.7,2018.0,10.0,1,8.0,0,0,0,0,0,0,0,0,1,0,0,8.881975184248867,5.752572638825633,4.795790545596741,4.239310332472287,8.383890344101816,4.925077405734609
16.0,120.0,314.0,7200.0,1506.0,68.32,4372.0,136.6,2018.0,3.0,1,8.0,0,0,0,0,0,0,0,0,1,0,0,8.881975184248867,5.752572638825633,4.795790545596741,4.238733464847405,8.38320455141292,4.924350925499243
16.0,120.0,200.0,4400.0,1506.0,68.36,4375.0,136.7,2018.0,1.0,1,8.0,0,0,0,0,0,0,0,0,1,0,0,8.38958706681109,5.303304908059076,4.795790545596741,4.239310332472287,8.383890344101816,4.925077405734609
16.0,120.0,314.0,7200.0,1506.0,68.36,4375.0,136.7,,,1,8.0,0,0,0,0,0,0,0,0,1,0,0,8.881975184248867,5.752572638825633,4.795790545596741,4.239310332472287,8.383890344101816,4.925077405734609
16.0,150.0,314.0,7200.0,1506.0,101.0,6463.0,202.0,2018.0,12.0,1,8.0,0,0,0,0,0,0,0,0,1,0,0,8.881975184248867,5.752572638825633,5.017279836814924,4.624972813284271,8.774003600200931,5.313205979041787
16.0,250.0,471.0,11800.0,1557.0,167.0,10690.0,334.0,,,1,8.0,0,0,0,0,0,0,0,0,1,0,0,9.375939552625749,6.156978985585555,5.5254529391317835,5.123963979403259,9.2771575450135,5.814130531825066
16.0,250.0,471.0,11800.0,1557.0,167.0,10690.0,334.0,,,1,8.0,0,0,0,0,0,0,0,0,1,0,0,9.375939552625749,6.156978985585555,5.5254529391317835,5.123963979403259,9.2771575450135,5.814130531825066
12.0,175.0,445.0,10800.0,1410.0,14930.0,7465.0,233.3,2018.0,10.0,1,8.0,0,0,0,0,0,0,0,0,1,0,0,9.287394001418473,6.100318952020064,5.170483995038151,9.611194867526663,8.91811465947453,5.45660234551375
12.0,65.0,445.0,10800.0,650.0,,,,2018.0,10.0,1,8.0,0,0,0,0,0,0,0,0,1,0,0,9.287394001418473,6.100318952020064,4.189654742026425,,,
12.0,215.0,545.0,13600.0,1515.0,20140.0,10070.0,314.6,2018.0,9.0,1,8.0,0,0,0,0,0,0,0,0,1,0,0,9.517898598432753,6.302618975744905,5.375278407684165,9.910512817472881,9.217415285648144,5.75447558897172
12.0,65.0,545.0,13600.0,650.0,,,,2018.0,8.0,1,8.0,0,0,0,0,0,0,0,0,1,0,0,9.517898598432753,6.302618975744905,4.189654742026425,,,
12.0,215.0,545.0,13600.0,1515.0,21010.0,10510.0,328.3,,,1,8.0,0,0,0,0,0,0,0,0,1,0,0,9.517898598432753,6.302618975744905,5.375278407684165,9.95280138908905,9.260177606823355,5.7969691893823185
12.0,250.0,754.0,18600.0,1350.0,26900.0,13450.0,420.2,2018.0,9.0,1,8.0,0,0,0,0,0,0,0,0,1,0,0,9.83097062169695,6.626717749249025,5.5254529391317835,10.199918739620157,9.506808731708581,6.04310778025982
12.0,65.0,754.0,18600.0,650.0,,,,2018.0,8.0,1,8.0,0,0,0,0,0,0,0,0,1,0,0,9.83097062169695,6.626717749249025,4.189654742026425,,,
12.0,30.0,350.0,9000.0,854.0,2820.0,1410.0,705.0,,,1,8.0,0,0,0,0,0,0,0,0,1,0,0,9.105090961257085,5.860786223465865,3.4339872044851463,7.944846711001996,7.252053951852814,6.559615237493242
12.0,65.0,350.0,9000.0,650.0,,,,,,1,8.0,0,0,0,0,0,0,0,0,1,0,0,9.105090961257085,5.860786223465865,4.189654742026425,,,
12.0,30.0,350.0,9000.0,854.0,2820.0,1410.0,705.0,,,1,8.0,0,0,0,0,0,0,0,0,1,0,0,9.105090961257085,5.860786223465865,3.4339872044851463,7.944846711001996,7.252053951852814,6.559615237493242
16.0,250.0,471.0,11800.0,1582.0,168.3,10770.0,336.6,2018.0,2.0,1,8.0,0,0,0,0,0,0,0,0,1,0,0,9.375939552625749,6.156978985585555,5.5254529391317835,5.13167228913909,9.28461261635077,5.821861762721802
16.0,250.0,471.0,11800.0,1557.0,167.0,10690.0,334.0,,,1,8.0,0,0,0,0,0,0,0,0,1,0,0,9.375939552625749,6.156978985585555,5.5254529391317835,5.123963979403259,9.2771575450135,5.814130531825066
16.0,65.0,314.0,7200.0,1506.0,134.6,8617.0,269.3,2018.0,1.0,1,8.0,0,0,0,0,0,0,0,0,1,0,0,8.881975184248867,5.752572638825633,4.189654742026425,4.909709375506295,9.061608318175784,5.599532453282402
12.0,250.0,815.0,21100.0,1132.0,33320.0,16660.0,8330.0,2018.0,3.0,1,8.0,0,0,0,0,0,0,0,0,1,0,0,9.957075711706057,6.704414354964107,5.5254529391317835,10.41394310783523,9.72082593792907,9.027738775974909
16.0,75.0,314.0,7200.0,1139.0,78.62,5032.0,157.2,2018.0,2.0,1,8.0,0,0,0,0,0,0,0,0,1,0,0,8.881975184248867,5.752572638825633,4.330733340286331,4.377265317572172,8.52377150677636,5.063860055333554
16.0,75.0,314.0,7200.0,1328.0,86.41,5530.0,172.8,2018.0,2.0,1,8.0,0,0,0,0,0,0,0,0,1,0,0,8.881975184248867,5.752572638825633,4.330733340286331,4.470609692592396,8.618123909994678,5.157905212831292
16.0,100.0,314.0,7200.0,1215.0,106.6,6820.0,213.1,2018.0,2.0,1,8.0,0,0,0,0,0,0,0,0,1,0,0,8.881975184248867,5.752572638825633,4.61512051684126,4.678420647727684,8.82776136765472,5.366443195595637
16.0,100.0,314.0,7200.0,1418.0,114.8,7345.0,229.5,2018.0,2.0,1,8.0,0,0,0,0,0,0,0,0,1,0,0,8.881975184248867,5.752572638825633,4.61512051684126,4.751864565138895,8.901911226379612,5.440250862436703
14.0,18.0,74.0,1800.0,1455.0,12.15,777.7,24.3,2018.0,1.0,1,8.0,0,0,0,0,0,0,1,0,0,0,0,7.496097345175956,4.31748811353631,2.9444389791664403,2.5764217586237734,6.6576258625829405,3.2308043957334744
16.0,100.0,314.0,7200.0,1316.0,125.5,8033.0,251.0,2018.0,2.0,1,8.0,0,0,0,0,0,0,0,0,1,0,0,8.881975184248867,5.752572638825633,4.61512051684126,4.840242308167575,8.991437814919227,5.529429087511423
16.0,100.0,314.0,7200.0,1582.0,140.7,9006.0,281.4,2018.0,2.0,1,8.0,0,0,0,0,0,0,0,0,1,0,0,8.881975184248867,5.752572638825633,4.61512051684126,4.953712146696635,9.105757331783742,5.643324505619087
14.0,40.0,132.0,3300.0,1266.0,21.66,1386.0,43.33,2018.0,2.0,1,8.0,0,0,0,0,0,0,1,0,0,0,0,8.101980731853192,4.890349128221754,3.713572066704308,3.12060125559986,7.234898420314831,3.7916616487569623
14.0,40.0,132.0,3300.0,1177.0,23.09,1478.0,46.18,2018.0,2.0,1,8.0,0,0,0,0,0,0,1,0,0,0,0,8.101980731853192,4.890349128221754,3.713572066704308,3.18179681662678,7.2991214627108,3.853970073979529
12.0,160.0,545.0,13600.0,1005.0,14240.0,7119.0,222.5,2018.0,11.0,1,8.0,0,0,0,0,0,0,0,0,1,0,0,9.517898598432753,6.302618975744905,5.081404364984463,9.563880407219427,8.87066300440602,5.409411414053624
12.0,230.0,545.0,13600.0,1620.0,22300.0,11150.0,348.5,2018.0,8.0,1,8.0,0,0,0,0,0,0,0,0,1,0,0,9.517898598432753,6.302618975744905,5.442417710521793,10.012386799492118,9.319284458965361,5.856503561673865
12.0,260.0,754.0,18600.0,1440.0,32620.0,16310.0,509.8,2018.0,8.0,1,8.0,0,0,0,0,0,0,0,0,1,0,0,9.83097062169695,6.626717749249025,5.564520407322694,10.392711531744357,9.69959500581403,6.235978124158384
12.0,260.0,754.0,18600.0,1305.0,28750.0,14380.0,449.3,2018.0,8.0,1,8.0,0,0,0,0,0,0,0,0,1,0,0,9.83097062169695,6.626717749249025,5.564520407322694,10.266427828229292,9.57366316988638,6.109914027307526
12.0,260.0,754.0,18600.0,1395.0,32620.0,16310.0,509.8,2018.0,8.0,1,8.0,0,0,0,0,0,0,0,0,1,0,0,9.83097062169695,6.626717749249025,5.564520407322694,10.392711531744357,9.69959500581403,6.235978124158384
12.0,260.0,754.0,18600.0,1230.0,29860.0,14930.0,466.6,2018.0,8.0,1,8.0,0,0,0,0,0,0,0,0,1,0,0,9.83097062169695,6.626717749249025,5.564520407322694,10.304308560150634,9.611194867526663,6.147613229597914
12.0,280.0,754.0,18600.0,1350.0,32620.0,16310.0,509.8,2018.0,12.0,1,8.0,0,0,0,0,0,0,0,0,1,0,0,9.83097062169695,6.626717749249025,5.638354669333745,10.392711531744357,9.69959500581403,6.235978124158384
12.0,250.0,815.0,21100.0,1200.0,29800.0,14900.0,7450.0,2018.0,6.0,1,8.0,0,0,0,0,0,0,0,0,1,0,0,9.957075711706057,6.704414354964107,5.5254529391317835,10.30229722897745,9.60918360377546,8.916103530553727
12.0,70.0,545.0,13600.0,585.0,65130.0,8141.0,254.4,2018.0,9.0,1,8.0,0,0,0,0,0,0,0,0,1,0,0,9.517898598432753,6.302618975744905,4.2626798770413155,11.084155905330146,9.004791129062925,5.542830943598439
12.0,70.0,545.0,13600.0,585.0,65130.0,8141.0,254.4,2018.0,9.0,1,8.0,0,0,0,0,0,0,0,0,1,0,0,9.517898598432753,6.302618975744905,4.2626798770413155,11.084155905330146,9.004791129062925,5.542830943598439
12.0,250.0,815.0,21100.0,1354.0,32400.0,16200.0,8100.0,2018.0,3.0,1,8.0,0,0,0,0,0,0,0,0,1,0,0,9.957075711706057,6.704414354964107,5.5254529391317835,10.385944565501662,9.692828247710418,8.999742789830492
12.0,250.0,815.0,21100.0,1297.0,31330.0,15670.0,7834.0,2018.0,3.0,1,8.0,0,0,0,0,0,0,0,0,1,0,0,9.957075711706057,6.704414354964107,5.5254529391317835,10.35236330172604,9.659567149523216,8.966356154790121
12.0,250.0,815.0,21100.0,937.0,26420.0,13210.0,6605.0,2018.0,3.0,1,8.0,0,0,0,0,0,0,0,0,1,0,0,9.957075711706057,6.704414354964107,5.5254529391317835,10.181914427473568,9.488805094878353,8.795733605950735
12.0,250.0,815.0,21100.0,1230.0,28260.0,14130.0,7066.0,2018.0,3.0,1,8.0,0,0,0,0,0,0,0,0,1,0,0,9.957075711706057,6.704414354964107,5.5254529391317835,10.249238041316636,9.556126244582746,8.863191340690854
12.0,250.0,815.0,21100.0,1290.0,31330.0,15670.0,7834.0,2018.0,3.0,1,8.0,0,0,0,0,0,0,0,0,1,0,0,9.957075711706057,6.704414354964107,5.5254529391317835,10.35236330172604,9.659567149523216,8.966356154790121
12.0,250.0,815.0,21100.0,1380.0,32710.0,16350.0,8177.0,2018.0,3.0,1,8.0,0,0,0,0,0,0,0,0,1,0,0,9.957075711706057,6.704414354964107,5.5254529391317835,10.39546669175574,9.702044336534586,9.009202900924588
14.0,50.0,103.0,2200.0,1046.0,1071.0,1071.0,66.94,2019.0,3.0,1,6.0,0,1,0,0,0,0,0,0,0,0,0,7.696667081526462,4.6443908991413725,3.9318256327243257,6.977281341630747,6.977281341630747,4.218624962732438
14.0,50.0,103.0,2200.0,980.0,1121.0,1121.0,70.08,2019.0,2.0,1,6.0,0,1,0,0,0,0,0,0,0,0,0,7.696667081526462,4.6443908991413725,3.9318256327243257,7.022868086082641,7.022868086082641,4.263806003286451
14.0,50.0,103.0,2200.0,1082.0,1247.0,1247.0,77.95,2019.0,3.0,1,6.0,0,1,0,0,0,0,0,0,0,0,0,7.696667081526462,4.6443908991413725,3.9318256327243257,7.129297548929373,7.129297548929373,4.3688147407016515
28.0,50.0,56.0,690.0,1030.0,,659.2,41.2,2019.0,5.0,1,6.0,0,0,0,0,0,0,0,0,1,0,0,6.53813982376767,4.04305126783455,3.9318256327243257,,6.492542819419093,3.742420221041966
28.0,50.0,125.0,1550.0,920.0,706.6,706.6,44.16,2019.0,5.0,1,6.0,0,0,0,0,0,0,0,0,1,0,0,7.346655163176539,4.836281906951478,3.9318256327243257,6.56187896228563,6.56187896228563,3.810211739281461
28.0,50.0,125.0,1550.0,730.0,786.4,786.4,49.15,2019.0,5.0,1,6.0,0,0,0,0,0,0,0,0,1,0,0,7.346655163176539,4.836281906951478,3.9318256327243257,6.668736378509637,6.668736378509637,3.9150185144079446
28.0,35.0,125.0,1550.0,1024.0,786.4,786.4,49.15,2019.0,5.0,1,6.0,0,0,0,0,0,0,0,0,1,0,0,7.346655163176539,4.836281906951478,3.58351893845611,6.668736378509637,6.668736378509637,3.9150185144079446
14.0,50.0,103.0,2200.0,1082.0,1240.0,1240.0,77.5,2019.0,5.0,1,6.0,0,1,0,0,0,0,0,0,0,0,0,7.696667081526462,4.6443908991413725,3.9318256327243257,7.123672785204607,7.123672785204607,4.363098624788363
14.0,75.0,232.0,5700.0,713.0,3903.0,3903.0,243.9,2019.0,10.0,1,6.0,0,1,0,0,0,0,0,0,0,0,0,8.648396877031582,5.4510384535657,4.330733340286331,8.269756947532983,8.269756947532983,5.500849963958122
14.0,130.0,232.0,5700.0,1120.0,5700.0,5700.0,356.3,2019.0,10.0,1,6.0,0,1,0,0,0,0,0,0,0,0,0,8.648396877031582,5.4510384535657,4.875197323201151,8.648396877031582,8.648396877031582,5.878575765029364
7.0,85.0,158.0,6400.0,1000.0,6400.0,3200.0,200.0,2019.0,11.0,1,6.0,0,0,0,0,0,0,0,0,1,0,0,8.764209507142004,5.0689042022202315,4.454347296253507,8.764209507142004,8.071218539969863,5.303304908059076
7.0,65.0,158.0,6400.0,650.0,,,,2019.0,10.0,1,6.0,0,0,0,0,0,0,0,0,1,0,0,8.764209507142004,5.0689042022202315,4.189654742026425,,,
7.0,85.0,158.0,6400.0,1000.0,8909.0,4454.0,278.4,2019.0,11.0,1,6.0,0,0,0,0,0,0,0,0,1,0,0,8.764209507142004,5.0689042022202315,4.454347296253507,9.094929520464856,8.40178233990491,5.632644446822861
14.0,150.0,232.0,5700.0,1000.0,3960.0,3960.0,247.5,2019.0,3.0,1,6.0,0,1,0,0,0,0,0,0,0,0,0,8.648396877031582,5.4510384535657,5.017279836814924,8.284251797621916,8.284251797621916,5.5154428455366835
14.0,150.0,232.0,5700.0,1096.0,4489.0,4489.0,280.6,2019.0,3.0,1,6.0,0,1,0,0,0,0,0,0,0,0,0,8.648396877031582,5.4510384535657,5.017279836814924,8.4096079807363,8.4096079807363,5.640487624283887
14.0,185.0,232.0,5700.0,1100.0,5530.0,5530.0,345.6,2019.0,3.0,1,6.0,0,1,0,0,0,0,0,0,0,0,0,8.648396877031582,5.4510384535657,5.225746673713202,8.618123909994678,8.618123909994678,5.848171377281505
14.0,65.0,495.0,12500.0,1200.0,14750.0,7373.0,460.8,2019.0,3.0,1,6.0,0,1,0,0,0,0,0,0,0,0,0,9.433563920090563,6.206575926724928,4.189654742026425,9.599066156080049,8.90571557879409,6.135131896920395
14.0,250.0,495.0,12500.0,1250.0,24050.0,12030.0,751.6,2019.0,3.0,1,6.0,0,1,0,0,0,0,0,0,0,0,0,9.433563920090563,6.206575926724928,5.5254529391317835,10.087931854711062,9.395241931033524,6.6235338781593365
7.0,475.0,331.0,13230.0,1574.0,28180.0,14090.0,880.6,2019.0,6.0,1,6.0,0,0,0,0,0,0,0,0,1,0,0,9.490317840042412,5.805134968916488,6.16541785423142,10.24640327098345,9.553291574695105,6.78173843839865
7.0,475.0,331.0,13230.0,1400.0,28180.0,14090.0,880.6,2019.0,6.0,1,6.0,0,0,0,0,0,0,0,0,1,0,0,9.490317840042412,5.805134968916488,6.16541785423142,10.24640327098345,9.553291574695105,6.78173843839865
7.0,85.0,158.0,6400.0,1000.0,6400.0,3200.0,200.0,2019.0,11.0,1,6.0,0,0,0,0,0,0,0,0,1,0,0,8.764209507142004,5.0689042022202315,4.454347296253507,8.764209507142004,8.071218539969863,5.303304908059076
7.0,125.0,158.0,6400.0,1187.0,10800.0,5398.0,337.3,2019.0,12.0,1,6.0,0,0,0,0,0,0,0,0,1,0,0,8.764209507142004,5.0689042022202315,4.836281906951478,9.287394001418473,8.593969030218288,5.8239330757866625
7.0,205.0,251.0,10300.0,1400.0,17330.0,8663.0,541.4,2019.0,11.0,1,6.0,0,0,0,0,0,0,0,0,1,0,0,9.239996256883693,5.529429087511423,5.327876168789581,9.760252084449375,9.066931788680826,6.296003736626186
7.0,65.0,251.0,10300.0,650.0,,,,2019.0,7.0,1,6.0,0,0,0,0,0,0,0,0,1,0,0,9.239996256883693,5.529429087511423,4.189654742026425,,,
7.0,205.0,251.0,10300.0,1243.0,20890.0,10440.0,652.8,2019.0,12.0,1,6.0,0,0,0,0,0,0,0,0,1,0,0,9.239996256883693,5.529429087511423,5.327876168789581,9.947073723199049,9.25349564229011,6.48280149429011
14.0,65.0,103.0,2200.0,1295.0,1658.0,1658.0,103.6,2019.0,7.0,1,6.0,0,1,0,0,0,0,0,0,0,0,0,7.696667081526462,4.6443908991413725,4.189654742026425,7.413970290190444,7.413970290190444,4.650143551630823
14.0,65.0,103.0,2200.0,1082.0,1385.0,1385.0,86.56,2019.0,7.0,1,6.0,0,1,0,0,0,0,0,0,0,0,0,7.696667081526462,4.6443908991413725,4.189654742026425,7.234177179749849,7.234177179749849,4.472324272654662
7.0,100.0,158.0,6400.0,1670.0,10390.0,5196.0,324.7,2019.0,10.0,1,6.0,0,0,0,0,0,0,0,0,1,0,0,8.764209507142004,5.0689042022202315,4.61512051684126,9.248695325852646,8.555836815008442,5.785976712282188
7.0,85.0,158.0,6400.0,1000.0,8138.0,4069.0,254.3,2019.0,11.0,1,6.0,0,0,0,0,0,0,0,0,1,0,0,8.764209507142004,5.0689042022202315,4.454347296253507,9.004422601327041,8.311398278436641,5.542439324247439
7.0,110.0,158.0,6400.0,1500.0,10390.0,5196.0,324.7,2019.0,10.0,1,6.0,0,0,0,0,0,0,0,0,1,0,0,8.764209507142004,5.0689042022202315,4.709530201312334,9.248695325852646,8.555836815008442,5.785976712282188
7.0,130.0,158.0,6400.0,1607.0,10390.0,5196.0,324.7,2019.0,12.0,1,6.0,0,0,0,0,0,0,0,0,1,0,0,8.764209507142004,5.0689042022202315,4.875197323201151,9.248695325852646,8.555836815008442,5.785976712282188
7.0,85.0,158.0,6400.0,1375.0,9265.0,4632.0,289.5,2019.0,10.0,1,6.0,0,0,0,0,0,0,0,0,1,0,0,8.764209507142004,5.0689042022202315,4.454347296253507,9.134107065976593,8.440959885416648,5.671603576291966
14.0,150.0,232.0,5700.0,1074.0,4394.0,4394.0,274.6,2019.0,3.0,1,6.0,0,1,0,0,0,0,0,0,0,0,0,8.648396877031582,5.4510384535657,5.017279836814924,8.388222810119277,8.388222810119277,5.618950539139504
7.0,180.0,251.0,10300.0,1465.0,15900.0,7949.0,496.8,2019.0,7.0,1,6.0,0,0,0,0,0,0,0,0,1,0,0,9.239996256883693,5.529429087511423,5.198497031265826,9.674137279312397,8.980927207648378,6.210198389933492
7.0,225.0,251.0,10300.0,1605.0,19510.0,9754.0,609.6,2019.0,7.0,1,6.0,0,0,0,0,0,0,0,0,1,0,0,9.239996256883693,5.529429087511423,5.420534999272286,9.878733688069898,9.185535253057212,6.414442080300778
7.0,225.0,251.0,10300.0,1680.0,20280.0,10140.0,633.6,2019.0,7.0,1,6.0,0,0,0,0,0,0,0,0,1,0,0,9.239996256883693,5.529429087511423,5.420534999272286,9.917439766154132,9.224341891611996,6.452994879149095
14.0,50.0,103.0,2200.0,1082.0,1559.0,1559.0,97.44,2019.0,5.0,1,6.0,0,1,0,0,0,0,0,0,0,0,0,7.696667081526462,4.6443908991413725,3.9318256327243257,7.352441100243583,7.352441100243583,4.589447225522855
12.0,15.0,210.0,4940.0,300.0,3942.0,1971.0,123.2,2019.0,7.0,1,6.0,0,1,0,0,0,0,0,0,0,0,0,8.50532301884575,5.351858133476067,2.772588722239781,8.279697133877628,7.586803535162581,4.821893169499378
12.0,65.0,210.0,4940.0,650.0,,,,2019.0,7.0,1,6.0,0,1,0,0,0,0,0,0,0,0,0,8.50532301884575,5.351858133476067,4.189654742026425,,,
12.0,15.0,210.0,4940.0,300.0,3942.0,1971.0,123.2,2019.0,10.0,1,6.0,0,1,0,0,0,0,0,0,0,0,0,8.50532301884575,5.351858133476067,2.772588722239781,8.279697133877628,7.586803535162581,4.821893169499378
12.0,65.0,210.0,4940.0,650.0,,,,2019.0,1.0,1,6.0,0,1,0,0,0,0,0,0,0,0,0,8.50532301884575,5.351858133476067,4.189654742026425,,,
7.0,295.0,331.0,13230.0,1400.0,26880.0,13440.0,3360.0,2019.0,2.0,1,6.0,0,0,0,0,0,0,0,0,1,0,0,9.490317840042412,5.805134968916488,5.69035945432406,10.199174996326047,9.506065016071148,8.119993827725105
12.0,15.0,210.0,4940.0,300.0,3584.0,1792.0,112.0,2019.0,4.0,1,6.0,0,1,0,0,0,0,0,0,0,0,0,8.50532301884575,5.351858133476067,2.772588722239781,8.184513753033722,7.491645473605133,4.727387818712341
12.0,15.0,210.0,4940.0,300.0,3942.0,1971.0,123.2,2019.0,9.0,1,6.0,0,1,0,0,0,0,0,0,0,0,0,8.50532301884575,5.351858133476067,2.772588722239781,8.279697133877628,7.586803535162581,4.821893169499378
12.0,15.0,210.0,4940.0,300.0,844.8,422.4,26.4,2019.0,11.0,1,6.0,0,1,0,0,0,0,0,0,0,0,0,8.50532301884575,5.351858133476067,2.772588722239781,6.740282925038388,6.048317358700765,3.3105430133940246
12.0,10.0,210.0,4940.0,300.0,768.0,384.0,24.0,,,1,6.0,0,1,0,0,0,0,0,0,0,0,0,8.50532301884575,5.351858133476067,2.3978952727983707,6.645090969505644,5.953243334287785,3.2188758248682006
12.0,10.0,210.0,4940.0,300.0,921.6,460.8,28.8,,,1,6.0,0,1,0,0,0,0,0,0,0,0,0,8.50532301884575,5.351858133476067,2.3978952727983707,6.82719577112372,6.135131896920395,3.3945083935113587
12.0,15.0,210.0,4940.0,300.0,2560.0,1280.0,80.0,2019.0,7.0,1,6.0,0,1,0,0,0,0,0,0,0,0,0,8.50532301884575,5.351858133476067,2.772588722239781,7.848153086199526,7.155396301896734,4.394449154672439
12.0,15.0,210.0,4940.0,300.0,2458.0,1229.0,76.8,2019.0,4.0,1,6.0,0,1,0,0,0,0,0,0,0,0,0,8.50532301884575,5.351858133476067,2.772588722239781,7.807510042216193,7.114769448366463,4.354141431184346
12.0,15.0,210.0,4940.0,300.0,2995.0,1498.0,93.6,2019.0,10.0,1,6.0,0,1,0,0,0,0,0,0,0,0,0,8.50532301884575,5.351858133476067,2.772588722239781,8.005033344637111,7.312553498102598,4.549657476057832
32.0,15.0,169.0,1170.0,300.0,1613.0,806.4,201.6,2019.0,10.0,1,7.0,0,0,0,1,0,0,0,0,0,0,0,7.065613363597717,5.135798437050262,2.772588722239781,7.3864708488298945,6.693819208418841,5.311233591814583
32.0,15.0,169.0,1170.0,300.0,1613.0,806.4,201.6,2019.0,5.0,1,7.0,0,0,0,1,0,0,0,0,0,0,0,7.065613363597717,5.135798437050262,2.772588722239781,7.3864708488298945,6.693819208418841,5.311233591814583
32.0,65.0,169.0,1170.0,650.0,,,,2019.0,5.0,1,7.0,0,0,0,1,0,0,0,0,0,0,0,7.065613363597717,5.135798437050262,4.189654742026425,,,
14.0,15.0,169.0,1170.0,300.0,806.4,403.2,100.8,2019.0,8.0,1,7.0,0,0,0,1,0,0,0,0,0,0,0,7.065613363597717,5.135798437050262,2.772588722239781,6.693819208418841,6.001909804969521,4.623010104116422
32.0,15.0,169.0,1170.0,300.0,691.2,345.6,86.4,2019.0,8.0,1,7.0,0,0,0,1,0,0,0,0,0,0,0,7.065613363597717,5.135798437050262,2.772588722239781,6.539874931201244,5.848171377281505,4.470495282661489
32.0,65.0,169.0,1170.0,650.0,,,,2019.0,8.0,1,7.0,0,0,0,1,0,0,0,0,0,0,0,7.065613363597717,5.135798437050262,4.189654742026425,,,
32.0,15.0,169.0,1170.0,300.0,768.0,384.0,96.0,2019.0,8.0,1,7.0,0,0,0,1,0,0,0,0,0,0,0,7.065613363597717,5.135798437050262,2.772588722239781,6.645090969505644,5.953243334287785,4.574710978503383
32.0,65.0,169.0,1170.0,650.0,,,,2019.0,8.0,1,7.0,0,0,0,1,0,0,0,0,0,0,0,7.065613363597717,5.135798437050262,4.189654742026425,,,
32.0,15.0,169.0,1170.0,300.0,921.6,460.8,115.2,2019.0,5.0,1,7.0,0,0,0,1,0,0,0,0,0,0,0,7.065613363597717,5.135798437050262,2.772588722239781,6.82719577112372,6.135131896920395,4.755312844417811
14.0,75.0,132.0,3300.0,1366.0,34.61,2215.0,69.22,2019.0,2.0,1,8.0,0,0,0,0,0,0,1,0,0,0,0,8.101980731853192,4.890349128221754,4.330733340286331,3.5726264972896864,7.703459047867175,4.251633170740286
12.0,75.0,200.0,4700.0,1485.0,5967.0,2984.0,93.24,2019.0,4.0,1,8.0,0,0,0,0,0,0,0,0,1,0,0,8.45553053102413,5.303304908059076,4.330733340286331,8.694167141883597,8.001355025826703,4.545844719903276
12.0,65.0,200.0,4700.0,650.0,,,,2019.0,4.0,1,8.0,0,0,0,0,0,0,0,0,1,0,0,8.45553053102413,5.303304908059076,4.189654742026425,,,
12.0,50.0,200.0,4700.0,1020.0,5100.0,2550.0,79.68,2019.0,4.0,1,8.0,0,0,0,0,0,0,0,0,1,0,0,8.45553053102413,5.303304908059076,3.9318256327243257,8.537191877922927,7.844240718141811,4.390490713086011
12.0,50.0,200.0,4700.0,1395.0,6390.0,3195.0,99.84,2019.0,4.0,1,8.0,0,0,0,0,0,0,0,0,1,0,0,8.45553053102413,5.303304908059076,3.9318256327243257,8.762646029650282,8.069655306886165,4.6135351023197195
12.0,100.0,284.0,6600.0,1530.0,8832.0,4416.0,138.0,2019.0,11.0,1,8.0,0,0,0,0,0,0,0,0,1,0,0,8.79497643168877,5.652489180268651,4.61512051684126,9.086249986745132,8.393216011596527,4.9344739331306915
12.0,65.0,284.0,6600.0,650.0,,,,2019.0,2.0,1,8.0,0,0,0,0,0,0,0,0,1,0,0,8.79497643168877,5.652489180268651,4.189654742026425,,,
12.0,120.0,284.0,6600.0,1530.0,10050.0,5027.0,157.1,2019.0,3.0,1,8.0,0,0,0,0,0,0,0,0,1,0,0,8.79497643168877,5.652489180268651,4.795790545596741,9.21542741102474,8.522777569710138,5.0632277442154265
12.0,125.0,284.0,6600.0,1530.0,10050.0,5027.0,157.1,2019.0,10.0,1,8.0,0,0,0,0,0,0,0,0,1,0,0,8.79497643168877,5.652489180268651,4.836281906951478,9.21542741102474,8.522777569710138,5.0632277442154265
12.0,120.0,284.0,6600.0,1500.0,10870.0,5437.0,169.9,2019.0,2.0,1,8.0,0,0,0,0,0,0,0,0,1,0,0,8.79497643168877,5.652489180268651,4.795790545596741,9.293853972204001,8.601166625192416,5.141078590121546
12.0,65.0,284.0,6600.0,1140.0,8202.0,4101.0,128.2,2019.0,4.0,1,8.0,0,0,0,0,0,0,0,0,1,0,0,8.79497643168877,5.652489180268651,4.189654742026425,9.01225522000275,8.319229938632326,4.861361591348501
12.0,65.0,284.0,6600.0,1455.0,9769.0,4884.0,152.6,2019.0,4.0,1,8.0,0,0,0,0,0,0,0,0,1,0,0,8.79497643168877,5.652489180268651,4.189654742026425,9.187071745036828,8.493924564476883,5.034351820713572
14.0,25.0,132.0,3300.0,1469.0,18.38,1177.0,36.77,2019.0,2.0,1,8.0,0,0,0,0,0,0,1,0,0,0,0,8.101980731853192,4.890349128221754,3.258096538021482,2.96424160646262,7.071573364211532,3.6315151367243654
14.0,10.0,74.0,1800.0,1519.0,12.25,783.9,24.5,2019.0,2.0,1,8.0,0,0,0,0,0,0,1,0,0,0,0,7.496097345175956,4.31748811353631,2.3978952727983707,2.583997552432231,6.665556321132768,3.2386784521643803
14.0,10.0,74.0,1800.0,937.0,12.46,797.2,24.91,2019.0,2.0,1,8.0,0,0,0,0,0,0,1,0,0,0,0,7.496097345175956,4.31748811353631,2.3978952727983707,2.599722324216582,6.6823591926146335,3.2546289945740186
14.0,65.0,74.0,1800.0,650.0,,,,2019.0,2.0,1,8.0,0,0,0,0,0,0,1,0,0,0,0,7.496097345175956,4.31748811353631,4.189654742026425,,,
14.0,25.0,74.0,1800.0,1519.0,18.98,1215.0,37.97,2019.0,2.0,1,8.0,0,0,0,0,0,0,1,0,0,0,0,7.496097345175956,4.31748811353631,3.258096538021482,2.9947317732204075,7.103322062526113,3.662792119350618
12.0,115.0,445.0,10800.0,960.0,9216.0,4608.0,144.0,2019.0,1.0,1,8.0,0,0,0,0,0,0,0,0,1,0,0,9.287394001418473,6.100318952020064,4.7535901911063645,9.128804883993665,8.435766192720509,4.976733742420574
12.0,65.0,445.0,10800.0,650.0,,,,2019.0,1.0,1,8.0,0,0,0,0,0,0,0,0,1,0,0,9.287394001418473,6.100318952020064,4.189654742026425,,,
12.0,115.0,445.0,10800.0,960.0,9216.0,4608.0,144.0,2019.0,1.0,1,8.0,0,0,0,0,0,0,0,0,1,0,0,9.287394001418473,6.100318952020064,4.7535901911063645,9.128804883993665,8.435766192720509,4.976733742420574
12.0,65.0,445.0,10800.0,1005.0,11980.0,5990.0,187.2,2019.0,1.0,1,8.0,0,0,0,0,0,0,0,0,1,0,0,9.287394001418473,6.100318952020064,4.189654742026425,9.3910773406399,8.698013622083925,5.23750522715128
12.0,175.0,445.0,10800.0,1470.0,14360.0,7181.0,224.4,2019.0,7.0,1,8.0,0,0,0,0,0,0,0,0,1,0,0,9.287394001418473,6.100318952020064,5.170483995038151,9.57227147806062,8.879333174786028,5.417876601605676
12.0,175.0,445.0,10800.0,1470.0,13320.0,6659.0,208.1,2019.0,7.0,1,8.0,0,0,0,0,0,0,0,0,1,0,0,9.287394001418473,6.100318952020064,5.170483995038151,9.497097016351463,8.803874763534434,5.342812606434588
12.0,90.0,445.0,10800.0,885.0,10920.0,5460.0,170.6,2019.0,1.0,1,8.0,0,0,0,0,0,0,0,0,1,0,0,9.287394001418473,6.100318952020064,4.51085950651685,9.298442820197728,8.605387202152153,5.145166187053862
12.0,115.0,445.0,10800.0,1215.0,13270.0,6636.0,207.4,2019.0,1.0,1,8.0,0,0,0,0,0,0,0,0,1,0,0,9.287394001418473,6.100318952020064,4.7535901911063645,9.493336482437249,8.800415333145924,5.339459309879212
12.0,215.0,545.0,13600.0,1605.0,18120.0,9062.0,283.2,2019.0,7.0,1,8.0,0,0,0,0,0,0,0,0,1,0,0,9.517898598432753,6.302618975744905,5.375278407684165,9.804826765712157,9.111955470054781,5.649678215663
12.0,80.0,545.0,13600.0,735.0,12890.0,6447.0,201.5,2019.0,1.0,1,8.0,0,0,0,0,0,0,0,0,1,0,0,9.517898598432753,6.302618975744905,4.394449154672439,9.464284672443105,8.771525284186465,5.310739886546594
12.0,150.0,545.0,13600.0,1380.0,18720.0,9362.0,292.6,2019.0,1.0,1,8.0,0,0,0,0,0,0,0,0,1,0,0,9.517898598432753,6.302618975744905,5.017279836814924,9.837401167408268,9.14452103093889,5.682218296740361
12.0,250.0,545.0,13600.0,1650.0,22300.0,11150.0,348.5,2019.0,7.0,1,8.0,0,0,0,0,0,0,0,0,1,0,0,9.517898598432753,6.302618975744905,5.5254529391317835,10.012386799492118,9.319284458965361,5.856503561673865
12.0,250.0,754.0,18600.0,1410.0,30410.0,15210.0,475.2,,,1,8.0,0,0,0,0,0,0,0,0,1,0,0,9.83097062169695,6.626717749249025,5.5254529391317835,10.322559664050509,9.629774129311743,6.165837934052762
20.0,10.0,118.0,2000.0,640.0,471.6,235.8,7.368,,,1,8.0,0,0,0,0,0,0,0,0,1,0,0,7.601402334583733,4.77912349311153,2.3978952727983707,6.158249364752807,5.46721590300985,2.124414907322567
16.0,75.0,200.0,4400.0,1291.0,46.48,2974.0,92.95,2019.0,2.0,1,8.0,0,0,0,0,0,0,0,0,1,0,0,8.38958706681109,5.303304908059076,4.330733340286331,3.860308569741467,7.99799931797973,4.5427627258594745
16.0,75.0,200.0,4400.0,1000.0,59.72,3822.0,119.4,2019.0,6.0,1,8.0,0,0,0,0,0,0,0,0,1,0,0,8.38958706681109,5.303304908059076,4.330733340286331,4.106273133087375,8.248790733696413,4.79081953287472
14.0,18.0,74.0,1800.0,1303.0,17.92,1147.0,35.83,2019.0,5.0,1,8.0,0,0,0,0,0,0,1,0,0,0,0,7.496097345175956,4.31748811353631,2.9444389791664403,2.9402195636237325,7.045776576879511,3.606312730456974
14.0,18.0,74.0,1800.0,1303.0,17.92,1147.0,35.83,2019.0,5.0,1,8.0,0,0,0,0,0,0,1,0,0,0,0,7.496097345175956,4.31748811353631,2.9444389791664403,2.9402195636237325,7.045776576879511,3.606312730456974
12.0,60.0,445.0,10800.0,600.0,9331.0,4666.0,145.8,2019.0,5.0,1,8.0,0,0,0,0,0,0,0,0,1,0,0,9.287394001418473,6.100318952020064,4.110873864173311,9.14120463314132,8.448271745949816,4.9890711161804155
12.0,80.0,445.0,10800.0,945.0,10600.0,5299.0,165.6,2019.0,5.0,1,8.0,0,0,0,0,0,0,0,0,1,0,0,9.287394001418473,6.100318952020064,4.394449154672439,9.268703615273097,8.575462099540212,5.115595729732743
12.0,80.0,445.0,10800.0,945.0,10600.0,5299.0,165.6,2019.0,5.0,1,8.0,0,0,0,0,0,0,0,0,1,0,0,9.287394001418473,6.100318952020064,4.394449154672439,9.268703615273097,8.575462099540212,5.115595729732743
12.0,160.0,445.0,10800.0,945.0,10600.0,5299.0,165.6,2019.0,5.0,1,8.0,0,0,0,0,0,0,0,0,1,0,0,9.287394001418473,6.100318952020064,5.081404364984463,9.268703615273097,8.575462099540212,5.115595729732743
12.0,80.0,545.0,13600.0,780.0,14130.0,7066.0,220.8,2019.0,5.0,1,8.0,0,0,0,0,0,0,0,0,1,0,0,9.517898598432753,6.302618975744905,4.394449154672439,9.556126244582746,8.863191340690854,5.401776074916267
12.0,110.0,545.0,13600.0,1110.0,15970.0,7987.0,249.6,2019.0,5.0,1,8.0,0,0,0,0,0,0,0,0,1,0,0,9.517898598432753,6.302618975744905,4.709530201312334,9.67852985665631,8.985695694535705,5.523858042461968
12.0,80.0,545.0,13600.0,600.0,16590.0,8294.0,259.2,2019.0,5.0,1,8.0,0,0,0,0,0,0,0,0,1,0,0,9.517898598432753,6.302618975744905,4.394449154672439,9.716615658643356,9.023408202624545,5.561450566078405
12.0,110.0,545.0,13600.0,1035.0,18800.0,9400.0,293.8,2019.0,5.0,1,8.0,0,0,0,0,0,0,0,0,1,0,0,9.517898598432753,6.302618975744905,4.709530201312334,9.841665338892785,9.148571345578551,5.686297160315181
12.0,65.0,754.0,18600.0,1275.0,26820.0,13410.0,419.0,2019.0,9.0,1,8.0,0,0,0,0,0,0,0,0,1,0,0,9.83097062169695,6.626717749249025,4.189654742026425,10.196940441748334,9.50383054471094,6.040254711277414
12.0,50.0,200.0,4700.0,765.0,4838.0,2419.0,75.6,2019.0,5.0,1,8.0,0,0,0,0,0,0,0,0,1,0,0,8.45553053102413,5.303304908059076,3.9318256327243257,8.48446336679332,7.791522819150732,4.338597076746545
12.0,50.0,200.0,4700.0,1395.0,5215.0,2607.0,81.48,2019.0,5.0,1,8.0,0,0,0,0,0,0,0,0,1,0,0,8.45553053102413,5.303304908059076,3.9318256327243257,8.559486103606488,7.866338923046544,4.412555839708705
12.0,40.0,200.0,4700.0,1035.0,5714.0,2857.0,89.28,2019.0,5.0,1,8.0,0,0,0,0,0,0,0,0,1,0,0,8.45553053102413,5.303304908059076,3.713572066704308,8.65084957622891,7.957877358489813,4.502915951949335
12.0,60.0,200.0,4700.0,1575.0,7311.0,3656.0,114.2,2019.0,5.0,1,8.0,0,0,0,0,0,0,0,0,1,0,0,8.45553053102413,5.303304908059076,4.110873864173311,8.897272113133987,8.204398418149381,4.746669748261791
16.0,15.0,100.0,2000.0,384.0,786.4,393.2,12.29,2019.0,8.0,1,8.0,0,0,0,0,0,0,0,0,1,0,0,7.601402334583733,4.61512051684126,2.772588722239781,6.668736378509637,5.97685839471862,2.587011872725154
16.0,65.0,100.0,2000.0,650.0,,,,2019.0,8.0,1,8.0,0,0,0,0,0,0,0,0,1,0,0,7.601402334583733,4.61512051684126,4.189654742026425,,,
12.0,250.0,815.0,21100.0,1260.0,28260.0,14130.0,7066.0,2019.0,11.0,1,8.0,0,0,0,0,0,0,0,0,1,0,0,9.957075711706057,6.704414354964107,5.5254529391317835,10.249238041316636,9.556126244582746,8.863191340690854
12.0,250.0,815.0,21100.0,1312.0,31330.0,15670.0,7834.0,2019.0,11.0,1,8.0,0,0,0,0,0,0,0,0,1,0,0,9.957075711706057,6.704414354964107,5.5254529391317835,10.35236330172604,9.659567149523216,8.966356154790121
12.0,250.0,815.0,21100.0,1245.0,32710.0,16350.0,8177.0,2019.0,11.0,1,8.0,0,0,0,0,0,0,0,0,1,0,0,9.957075711706057,6.704414354964107,5.5254529391317835,10.39546669175574,9.702044336534586,9.009202900924588
12.0,250.0,815.0,21100.0,1245.0,32710.0,16350.0,8177.0,2019.0,11.0,1,8.0,0,0,0,0,0,0,0,0,1,0,0,9.957075711706057,6.704414354964107,5.5254529391317835,10.39546669175574,9.702044336534586,9.009202900924588
16.0,100.0,169.0,1170.0,935.0,3530.0,1765.0,110.3,2020.0,3.0,1,6.0,0,0,0,0,0,0,0,0,1,0,0,7.065613363597717,5.135798437050262,4.61512051684126,8.169336395928386,7.476472381163905,4.712229258281499
16.0,65.0,169.0,1170.0,650.0,,,,2020.0,3.0,1,6.0,0,0,0,0,0,0,0,0,1,0,0,7.065613363597717,5.135798437050262,4.189654742026425,,,
14.0,15.0,149.0,1170.0,300.0,922.4,461.2,28.82,2020.0,12.0,1,6.0,0,1,0,0,0,0,0,0,0,0,0,7.065613363597717,5.0106352940962555,2.772588722239781,6.828062510072889,6.13599769784028,3.3951793093365925
14.0,65.0,149.0,1170.0,650.0,,,,2020.0,12.0,1,6.0,0,1,0,0,0,0,0,0,0,0,0,7.065613363597717,5.0106352940962555,4.189654742026425,,,
14.0,15.0,149.0,1170.0,300.0,922.4,461.2,28.82,2020.0,12.0,1,6.0,0,1,0,0,0,0,0,0,0,0,0,7.065613363597717,5.0106352940962555,2.772588722239781,6.828062510072889,6.13599769784028,3.3951793093365925
7.0,180.0,308.0,10600.0,2233.0,20580.0,10290.0,643.1,2020.0,11.0,1,6.0,0,0,0,0,0,0,0,0,1,0,0,9.268703615273097,5.733341276897746,5.198497031265826,9.93212359907246,9.239025005836092,6.467853993552845
7.0,65.0,308.0,10600.0,650.0,,,,2020.0,11.0,1,6.0,0,0,0,0,0,0,0,0,1,0,0,9.268703615273097,5.733341276897746,4.189654742026425,,,
7.0,15.0,156.0,9800.0,400.0,1792.0,896.0,56.0,2020.0,1.0,1,6.0,0,0,0,0,0,0,0,0,1,0,0,9.19023970026918,5.056245805348308,2.772588722239781,7.491645473605133,6.799055862058796,4.04305126783455
7.0,65.0,156.0,9800.0,650.0,,,,2020.0,1.0,1,6.0,0,0,0,0,0,0,0,0,1,0,0,9.19023970026918,5.056245805348308,4.189654742026425,,,
7.0,15.0,156.0,9800.0,400.0,2304.0,1152.0,72.0,2020.0,1.0,1,6.0,0,0,0,0,0,0,0,0,1,0,0,9.19023970026918,5.056245805348308,2.772588722239781,7.742835955430749,7.050122520269059,4.290459441148391
7.0,15.0,156.0,9800.0,400.0,3405.0,1702.0,106.4,2020.0,1.0,1,6.0,0,0,0,0,0,0,0,0,1,0,0,9.19023970026918,5.056245805348308,2.772588722239781,8.133293861222633,7.440146680662688,4.676560182074764
7.0,65.0,156.0,9800.0,650.0,,,,2020.0,1.0,1,6.0,0,0,0,0,0,0,0,0,1,0,0,9.19023970026918,5.056245805348308,4.189654742026425,,,
7.0,15.0,156.0,9800.0,400.0,2867.0,1434.0,89.6,2020.0,1.0,1,6.0,0,0,0,0,0,0,0,0,1,0,0,9.19023970026918,5.056245805348308,2.772588722239781,7.961370201719511,7.268920128193722,4.506454213048934
7.0,15.0,156.0,9800.0,400.0,4301.0,2150.0,134.4,2020.0,3.0,1,6.0,0,0,0,0,0,0,0,0,1,0,0,9.19023970026918,5.056245805348308,2.772588722239781,8.366835309827675,7.67368812926773,4.9082333604781745
7.0,15.0,156.0,9800.0,400.0,3584.0,1792.0,112.0,2020.0,3.0,1,6.0,0,0,0,0,0,0,0,0,1,0,0,9.19023970026918,5.056245805348308,2.772588722239781,8.184513753033722,7.491645473605133,4.727387818712341
7.0,300.0,750.0,25600.0,1000.0,184600.0,23070.0,11540.0,2020.0,11.0,1,6.0,0,0,0,0,0,0,0,0,1,0,0,10.150386692204734,6.621405651764134,5.707110264748875,12.12595201815431,10.046331696565609,9.353661191420406
7.0,65.0,750.0,25600.0,650.0,,,,2020.0,11.0,1,6.0,0,0,0,0,0,0,0,0,1,0,0,10.150386692204734,6.621405651764134,4.189654742026425,,,
7.0,85.0,158.0,6400.0,1000.0,8448.0,4224.0,264.0,2020.0,8.0,1,6.0,0,0,0,0,0,0,0,0,1,0,0,8.764209507142004,5.0689042022202315,4.454347296253507,9.041803370152845,8.348774539791274,5.579729825986222
7.0,125.0,158.0,6400.0,1187.0,10800.0,5398.0,337.3,2020.0,8.0,1,6.0,0,0,0,0,0,0,0,0,1,0,0,8.764209507142004,5.0689042022202315,4.836281906951478,9.287394001418473,8.593969030218288,5.8239330757866625
7.0,50.0,169.0,1170.0,822.0,11710.0,5857.0,366.1,2020.0,6.0,1,6.0,0,0,0,0,0,0,0,0,1,0,0,7.065613363597717,5.135798437050262,3.9318256327243257,9.368283850042138,8.675563527387679,5.905634290502789
7.0,65.0,169.0,1170.0,650.0,,,,2020.0,6.0,1,6.0,0,0,0,0,0,0,0,0,1,0,0,7.065613363597717,5.135798437050262,4.189654742026425,,,
7.0,130.0,251.0,10300.0,1243.0,12440.0,6221.0,388.8,2020.0,8.0,1,6.0,0,0,0,0,0,0,0,0,1,0,0,9.239996256883693,5.529429087511423,4.875197323201151,9.42875274891449,8.735846677457582,5.96563378707346
7.0,130.0,251.0,10300.0,1243.0,15350.0,7675.0,479.7,2020.0,8.0,1,6.0,0,0,0,0,0,0,0,0,1,0,0,9.239996256883693,5.529429087511423,4.875197323201151,9.638935897473202,8.94585385712759,6.175243374899915
7.0,225.0,169.0,1170.0,1000.0,14750.0,7373.0,460.8,2020.0,12.0,1,6.0,0,0,0,0,0,0,0,0,1,0,0,7.065613363597717,5.135798437050262,5.420534999272286,9.599066156080049,8.90571557879409,6.135131896920395
7.0,225.0,169.0,1170.0,1000.0,14750.0,7373.0,460.8,,,1,6.0,0,0,0,0,0,0,0,0,1,0,0,7.065613363597717,5.135798437050262,5.420534999272286,9.599066156080049,8.90571557879409,6.135131896920395
7.0,250.0,331.0,13230.0,1400.0,26110.0,13060.0,6528.0,2020.0,5.0,1,6.0,0,0,0,0,0,0,0,0,1,0,0,9.490317840042412,5.805134968916488,5.5254529391317835,10.170111960461874,9.47738596957752,8.784009071186633
7.0,125.0,158.0,6400.0,1744.0,10450.0,5224.0,326.5,2020.0,2.0,1,6.0,0,0,0,0,0,0,0,0,1,0,0,8.764209507142004,5.0689042022202315,4.836281906951478,9.254452946594503,8.561210076833012,5.791488055075306
7.0,85.0,158.0,6400.0,1448.0,9265.0,4632.0,289.5,2020.0,2.0,1,6.0,0,0,0,0,0,0,0,0,1,0,0,8.764209507142004,5.0689042022202315,4.454347296253507,9.134107065976593,8.440959885416648,5.671603576291966
7.0,100.0,158.0,6400.0,1327.0,9265.0,4632.0,289.5,2020.0,5.0,1,6.0,0,0,0,0,0,0,0,0,1,0,0,8.764209507142004,5.0689042022202315,4.61512051684126,9.134107065976593,8.440959885416648,5.671603576291966
7.0,125.0,251.0,10300.0,1130.0,12780.0,6390.0,399.4,2020.0,1.0,1,6.0,0,0,0,0,0,0,0,0,1,0,0,9.239996256883693,5.529429087511423,4.836281906951478,9.455714972131714,8.762646029650282,5.992464047441065
7.0,150.0,251.0,10300.0,1130.0,14380.0,7188.0,449.3,2020.0,1.0,1,6.0,0,0,0,0,0,0,0,0,1,0,0,9.239996256883693,5.529429087511423,5.017279836814924,9.57366316988638,8.880307358983872,6.109914027307526
7.0,150.0,251.0,10300.0,1035.0,11660.0,5829.0,364.3,2020.0,7.0,1,6.0,0,0,0,0,0,0,0,0,1,0,0,9.239996256883693,5.529429087511423,5.017279836814924,9.364005219520333,8.670772279344538,5.900718933801237
7.0,180.0,251.0,10300.0,1465.0,15850.0,7926.0,495.4,2020.0,3.0,1,6.0,0,0,0,0,0,0,0,0,1,0,0,9.239996256883693,5.529429087511423,5.198497031265826,9.670987868797893,8.978029932837156,6.207382053330452
14.0,175.0,232.0,5700.0,1257.0,6543.0,6543.0,409.0,2020.0,3.0,1,6.0,0,1,0,0,0,0,0,0,0,0,0,8.648396877031582,5.4510384535657,5.170483995038151,8.786303878282583,8.786303878282583,6.016157159698354
14.0,50.0,103.0,2200.0,1295.0,1658.0,1658.0,103.6,2020.0,4.0,1,6.0,0,1,0,0,0,0,0,0,0,0,0,7.696667081526462,4.6443908991413725,3.9318256327243257,7.413970290190444,7.413970290190444,4.650143551630823
7.0,250.0,520.0,26800.0,1700.0,32330.0,16170.0,1010.0,2020.0,10.0,1,6.0,0,0,0,0,0,0,0,0,1,0,0,10.196194479235656,6.255750041753367,5.5254529391317835,10.383781801264941,9.690974793577944,6.918695219020472
7.0,65.0,520.0,26800.0,650.0,,,,2020.0,10.0,1,6.0,0,0,0,0,0,0,0,0,1,0,0,10.196194479235656,6.255750041753367,4.189654742026425,,,
7.0,300.0,520.0,26800.0,1825.0,41470.0,20740.0,1296.0,2020.0,10.0,1,6.0,0,0,0,0,0,0,0,0,1,0,0,10.196194479235656,6.255750041753367,5.707110264748875,10.63274966676691,9.939867696628879,7.167809184316444
7.0,300.0,520.0,26800.0,1825.0,46080.0,23040.0,1440.0,2020.0,10.0,1,6.0,0,0,0,0,0,0,0,0,1,0,0,10.196194479235656,6.255750041753367,5.707110264748875,10.73815599652319,10.045030516645731,7.273092595999522
7.0,330.0,520.0,26800.0,2075.0,49870.0,24930.0,1558.0,,,1,6.0,0,0,0,0,0,0,0,0,1,0,0,10.196194479235656,6.255750041753367,5.802118375377063,10.81719495047468,10.123867288027606,7.351799869057777
12.0,15.0,210.0,4940.0,300.0,768.0,384.0,24.0,2020.0,1.0,1,6.0,0,1,0,0,0,0,0,0,0,0,0,8.50532301884575,5.351858133476067,2.772588722239781,6.645090969505644,5.953243334287785,3.2188758248682006
7.0,100.0,197.0,8000.0,1565.0,8013.0,4006.0,250.4,2020.0,11.0,1,6.0,0,0,0,0,0,0,0,0,1,0,0,8.987321812850125,5.288267030694535,4.61512051684126,8.98894529119609,8.295798110636145,5.527045296156147
7.0,65.0,197.0,8000.0,650.0,,,,2020.0,11.0,1,6.0,0,0,0,0,0,0,0,0,1,0,0,8.987321812850125,5.288267030694535,4.189654742026425,,,
7.0,200.0,360.0,15300.0,1825.0,24290.0,12150.0,759.2,2020.0,11.0,1,6.0,0,0,0,0,0,0,0,0,1,0,0,9.635673464721814,5.8888779583328805,5.303304908059076,10.097861190354225,9.405166749908611,6.633581556555148
7.0,65.0,360.0,15300.0,650.0,,,,2020.0,11.0,1,6.0,0,0,0,0,0,0,0,0,1,0,0,9.635673464721814,5.8888779583328805,4.189654742026425,,,
10.0,300.0,95.0,1170.0,1050.0,3379.0,1690.0,422.4,2020.0,11.0,1,7.0,0,0,0,1,0,0,0,0,0,0,0,7.065613363597717,4.564348191467836,5.707110264748875,8.125630988477065,7.43307534889858,6.048317358700765
10.0,65.0,95.0,1170.0,650.0,,,,,,1,7.0,0,0,0,1,0,0,0,0,0,0,0,7.065613363597717,4.564348191467836,4.189654742026425,,,
32.0,15.0,169.0,1170.0,300.0,2150.0,1075.0,268.8,2020.0,5.0,1,7.0,0,0,0,1,0,0,0,0,0,0,0,7.065613363597717,5.135798437050262,2.772588722239781,7.67368812926773,6.98100574072173,5.597680943773655
32.0,65.0,169.0,1170.0,650.0,,,,2020.0,5.0,1,7.0,0,0,0,1,0,0,0,0,0,0,0,7.065613363597717,5.135798437050262,4.189654742026425,,,
10.0,15.0,146.0,1170.0,300.0,1690.0,844.8,211.2,2020.0,9.0,1,7.0,0,0,0,1,0,0,0,0,0,0,0,7.065613363597717,4.990432586778736,2.772588722239781,7.43307534889858,6.740282925038388,5.357529226179882
10.0,65.0,146.0,1170.0,650.0,,,,2020.0,9.0,1,7.0,0,0,0,1,0,0,0,0,0,0,0,7.065613363597717,4.990432586778736,4.189654742026425,,,
10.0,15.0,146.0,1170.0,300.0,2816.0,1408.0,352.0,2020.0,9.0,1,7.0,0,0,0,1,0,0,0,0,0,0,0,7.065613363597717,4.990432586778736,2.772588722239781,7.943427767876373,7.25063551189868,5.8664680569332965
10.0,15.0,146.0,1170.0,300.0,3379.0,1690.0,422.4,2020.0,9.0,1,7.0,0,0,0,1,0,0,0,0,0,0,0,7.065613363597717,4.990432586778736,2.772588722239781,8.125630988477065,7.43307534889858,6.048317358700765
10.0,25.0,95.0,1170.0,300.0,5069.0,2534.0,633.6,2020.0,10.0,1,7.0,0,0,0,1,0,0,0,0,0,0,0,7.065613363597717,4.564348191467836,3.258096538021482,8.531096096585228,7.837948916025283,6.452994879149095
10.0,9.0,169.0,1170.0,250.0,384.0,192.0,48.0,2020.0,9.0,1,7.0,0,0,0,1,0,0,0,0,0,0,0,7.065613363597717,5.135798437050262,2.302585092994046,5.953243334287785,5.262690188904886,3.8918202981106265
10.0,65.0,169.0,1170.0,650.0,,,,2020.0,9.0,1,7.0,0,0,0,1,0,0,0,0,0,0,0,7.065613363597717,5.135798437050262,4.189654742026425,,,
10.0,9.0,169.0,1170.0,400.0,768.0,384.0,96.0,2020.0,9.0,1,7.0,0,0,0,1,0,0,0,0,0,0,0,7.065613363597717,5.135798437050262,2.302585092994046,6.645090969505644,5.953243334287785,4.574710978503383
32.0,15.0,169.0,1170.0,350.0,403.2,201.6,50.4,2020.0,4.0,1,7.0,0,0,0,1,0,0,0,0,0,0,0,7.065613363597717,5.135798437050262,2.772588722239781,6.001909804969521,5.311233591814583,3.9396381724611196
32.0,15.0,169.0,1170.0,350.0,846.4,423.2,105.8,2020.0,4.0,1,7.0,0,0,0,1,0,0,0,0,0,0,0,7.065613363597717,5.135798437050262,2.772588722239781,6.742172838192459,6.050205042130582,4.6709579265260945
32.0,15.0,169.0,1170.0,350.0,921.6,460.8,115.2,2020.0,4.0,1,7.0,0,0,0,1,0,0,0,0,0,0,0,7.065613363597717,5.135798437050262,2.772588722239781,6.82719577112372,6.135131896920395,4.755312844417811
10.0,15.0,169.0,1170.0,200.0,768.0,384.0,96.0,2020.0,5.0,1,7.0,0,0,0,1,0,0,0,0,0,0,0,7.065613363597717,5.135798437050262,2.772588722239781,6.645090969505644,5.953243334287785,4.574710978503383
10.0,65.0,169.0,1170.0,650.0,,,,2020.0,5.0,1,7.0,0,0,0,1,0,0,0,0,0,0,0,7.065613363597717,5.135798437050262,4.189654742026425,,,
10.0,15.0,169.0,1170.0,200.0,1024.0,512.0,128.0,2020.0,5.0,1,7.0,0,0,0,1,0,0,0,0,0,0,0,7.065613363597717,5.135798437050262,2.772588722239781,6.932447891572509,6.240275845170769,4.859812404361672
10.0,65.0,169.0,1170.0,650.0,,,,2020.0,5.0,1,7.0,0,0,0,1,0,0,0,0,0,0,0,7.065613363597717,5.135798437050262,4.189654742026425,,,
32.0,15.0,169.0,1170.0,350.0,921.6,460.8,115.2,2020.0,5.0,1,7.0,0,0,0,1,0,0,0,0,0,0,0,7.065613363597717,5.135798437050262,2.772588722239781,6.82719577112372,6.135131896920395,4.755312844417811
32.0,15.0,169.0,1170.0,350.0,960.0,480.0,120.0,2020.0,5.0,1,7.0,0,0,0,1,0,0,0,0,0,0,0,7.065613363597717,5.135798437050262,2.772588722239781,6.8679744089702925,6.175867270105761,4.795790545596741
10.0,30.0,95.0,1170.0,900.0,3968.0,1984.0,496.0,,,1,7.0,0,0,0,1,0,0,0,0,0,0,0,7.065613363597717,4.564348191467836,3.4339872044851463,8.286269452783065,7.59337419312129,6.208590026096629
10.0,75.0,95.0,1170.0,900.0,4608.0,2304.0,576.0,,,1,7.0,0,0,0,1,0,0,0,0,0,0,0,7.065613363597717,4.564348191467836,4.330733340286331,8.435766192720509,7.742835955430749,6.3578422665081
7.0,250.0,826.0,54200.0,765.0,77970.0,19490.0,9746.0,2020.0,6.0,1,8.0,0,0,0,0,0,0,0,0,1,0,0,10.900454637442037,6.717804695023691,5.5254529391317835,11.264092241667084,9.877708099548641,9.18471482433721
7.0,65.0,826.0,54200.0,650.0,,,,2020.0,5.0,1,8.0,0,0,0,0,0,0,0,0,1,0,0,10.900454637442037,6.717804695023691,4.189654742026425,,,
7.0,400.0,826.0,54200.0,1095.0,77970.0,19490.0,9746.0,2020.0,5.0,1,8.0,0,0,0,0,0,0,0,0,1,0,0,10.900454637442037,6.717804695023691,5.993961427306569,11.264092241667084,9.877708099548641,9.18471482433721
7.0,400.0,826.0,54200.0,1275.0,77970.0,19490.0,9746.0,2020.0,11.0,1,8.0,0,0,0,0,0,0,0,0,1,0,0,10.900454637442037,6.717804695023691,5.993961427306569,11.264092241667084,9.877708099548641,9.18471482433721
8.0,300.0,628.0,28300.0,1305.0,37420.0,37420.0,584.6,2020.0,10.0,1,8.0,0,0,0,0,0,0,1,0,0,0,0,10.250652418696085,6.444131256700441,5.707110264748875,10.529987323148188,10.529987323148188,6.3726369626471016
8.0,65.0,628.0,28300.0,650.0,,,,2020.0,9.0,1,8.0,0,0,0,0,0,0,1,0,0,0,0,10.250652418696085,6.444131256700441,4.189654742026425,,,
7.0,400.0,826.0,54200.0,1065.0,77970.0,19490.0,9746.0,2020.0,5.0,1,8.0,0,0,0,0,0,0,0,0,1,0,0,10.900454637442037,6.717804695023691,5.993961427306569,11.264092241667084,9.877708099548641,9.18471482433721
7.0,400.0,826.0,54200.0,900.0,55570.0,13890.0,6947.0,2020.0,5.0,1,8.0,0,0,0,0,0,0,0,0,1,0,0,10.900454637442037,6.717804695023691,5.993961427306569,10.92541676143327,9.53899642739739,8.846209127360996
7.0,400.0,826.0,54200.0,900.0,55570.0,13890.0,6947.0,2020.0,5.0,1,8.0,0,0,0,0,0,0,0,0,1,0,0,10.900454637442037,6.717804695023691,5.993961427306569,10.92541676143327,9.53899642739739,8.846209127360996
12.0,260.0,754.0,18600.0,1065.0,25710.0,12860.0,401.8,,,1,8.0,0,0,0,0,0,0,0,0,1,0,0,9.83097062169695,6.626717749249025,5.564520407322694,10.15467419487498,9.461954755266087,5.998440160844408
12.0,260.0,754.0,18600.0,1065.0,25710.0,12860.0,401.8,,,1,8.0,0,0,0,0,0,0,0,0,1,0,0,9.83097062169695,6.626717749249025,5.564520407322694,10.15467419487498,9.461954755266087,5.998440160844408
12.0,260.0,754.0,18600.0,1065.0,25710.0,12860.0,401.8,,,1,8.0,0,0,0,0,0,0,0,0,1,0,0,9.83097062169695,6.626717749249025,5.564520407322694,10.15467419487498,9.461954755266087,5.998440160844408
12.0,260.0,754.0,18600.0,1065.0,25710.0,12860.0,401.8,,,1,8.0,0,0,0,0,0,0,0,0,1,0,0,9.83097062169695,6.626717749249025,5.564520407322694,10.15467419487498,9.461954755266087,5.998440160844408
12.0,75.0,200.0,4700.0,1410.0,5699.0,2849.0,89.04,2020.0,4.0,1,8.0,0,0,0,0,0,0,0,0,1,0,0,8.45553053102413,5.303304908059076,4.330733340286331,8.648221453822641,7.955074273262696,4.500254016038531
12.0,30.0,200.0,4700.0,930.0,4608.0,2304.0,72.0,2020.0,4.0,1,8.0,0,0,0,0,0,0,0,0,1,0,0,8.45553053102413,5.303304908059076,3.4339872044851463,8.435766192720509,7.742835955430749,4.290459441148391
12.0,50.0,200.0,4700.0,1380.0,6205.0,3103.0,96.96,2020.0,4.0,1,8.0,0,0,0,0,0,0,0,0,1,0,0,8.45553053102413,5.303304908059076,3.9318256327243257,8.733271845008325,8.04044688130311,4.584559232083967
12.0,90.0,445.0,10800.0,1410.0,5699.0,2849.0,89.04,2020.0,6.0,1,8.0,0,0,0,0,0,0,0,0,1,0,0,9.287394001418473,6.100318952020064,4.51085950651685,8.648221453822641,7.955074273262696,4.500254016038531
12.0,80.0,284.0,6600.0,1410.0,5699.0,2849.0,89.04,2020.0,7.0,1,8.0,0,0,0,0,0,0,0,0,1,0,0,8.79497643168877,5.652489180268651,4.394449154672439,8.648221453822641,7.955074273262696,4.500254016038531
12.0,50.0,200.0,4700.0,1035.0,4915.0,2458.0,76.8,2020.0,4.0,1,8.0,0,0,0,0,0,0,0,0,1,0,0,8.45553053102413,5.303304908059076,3.9318256327243257,8.500250470685925,7.807510042216193,4.354141431184346
12.0,50.0,284.0,6600.0,1350.0,6083.0,3041.0,95.04,2020.0,4.0,1,8.0,0,0,0,0,0,0,0,0,1,0,0,8.79497643168877,5.652489180268651,3.9318256327243257,8.713417653379183,8.020270472819238,4.564764771353053
12.0,50.0,200.0,4700.0,1350.0,6083.0,3041.0,95.04,2020.0,4.0,1,8.0,0,0,0,0,0,0,0,0,1,0,0,8.45553053102413,5.303304908059076,3.9318256327243257,8.713417653379183,8.020270472819238,4.564764771353053
14.0,10.0,74.0,1800.0,1531.0,19.13,1224.0,38.26,2020.0,2.0,1,8.0,0,0,0,0,0,0,1,0,0,0,0,7.496097345175956,4.31748811353631,2.3978952727983707,3.0022112396517002,7.110696122978827,3.670206188848315
14.0,20.0,132.0,3300.0,1354.0,29.36,1879.0,58.72,2020.0,2.0,1,8.0,0,0,0,0,0,0,1,0,0,0,0,8.101980731853192,4.890349128221754,3.044522437723423,3.4131259525274293,7.539027055823995,4.089666972670989
14.0,65.0,132.0,3300.0,650.0,,,,2020.0,2.0,1,8.0,0,0,0,0,0,0,1,0,0,0,0,8.101980731853192,4.890349128221754,4.189654742026425,,,
14.0,20.0,132.0,3300.0,747.0,18.74,1199.0,37.48,2020.0,2.0,1,8.0,0,0,0,0,0,0,1,0,0,0,0,8.101980731853192,4.890349128221754,3.044522437723423,2.9826470340053355,7.090076835776092,3.6501386257975055
12.0,12.0,200.0,4700.0,720.0,3333.0,1667.0,52.08,2020.0,8.0,1,8.0,0,0,0,0,0,0,0,0,1,0,0,8.45553053102413,5.303304908059076,2.5649493574615367,8.111928063310739,7.419380582918692,3.9718002094640066
12.0,65.0,200.0,4700.0,650.0,,,,2020.0,8.0,1,8.0,0,0,0,0,0,0,0,0,1,0,0,8.45553053102413,5.303304908059076,4.189654742026425,,,
12.0,31.0,200.0,4700.0,1395.0,5645.0,2822.0,88.2,2020.0,8.0,1,8.0,0,0,0,0,0,0,0,0,1,0,0,8.45553053102413,5.303304908059076,3.4657359027997265,8.638702608813434,7.945555428253489,4.490881039585964
12.0,31.0,200.0,4700.0,1035.0,4570.0,2285.0,71.4,2020.0,8.0,1,8.0,0,0,0,0,0,0,0,0,1,0,0,8.45553053102413,5.303304908059076,3.4657359027997265,8.427487278331744,7.734558844354756,4.282206299391671
12.0,65.0,445.0,10800.0,975.0,9101.0,4550.0,142.2,2020.0,1.0,1,8.0,0,0,0,0,0,0,0,0,1,0,0,9.287394001418473,6.100318952020064,4.189654742026425,9.116249448576587,8.423102268016642,4.964242254526545
12.0,160.0,545.0,13600.0,1365.0,12900.0,6451.0,201.6,2020.0,1.0,1,8.0,0,0,0,0,0,0,0,0,1,0,0,9.517898598432753,6.302618975744905,5.081404364984463,9.465060106725137,8.772145439245099,5.311233591814583
12.0,115.0,445.0,10800.0,900.0,10370.0,5184.0,162.0,2020.0,3.0,1,8.0,0,0,0,0,0,0,0,0,1,0,0,9.287394001418473,6.100318952020064,4.7535901911063645,9.246768728589734,8.553525120663627,5.093750200806762
12.0,115.0,445.0,10800.0,1260.0,13410.0,6705.0,209.5,2020.0,3.0,1,8.0,0,0,0,0,0,0,0,0,1,0,0,9.287394001418473,6.100318952020064,4.7535901911063645,9.50383054471094,8.810757927026174,5.349485653122436
12.0,80.0,545.0,13600.0,930.0,11830.0,5914.0,184.8,2020.0,4.0,1,8.0,0,0,0,0,0,0,0,0,1,0,0,9.517898598432753,6.302618975744905,4.394449154672439,9.378478484253662,8.685246776412487,5.224670826379739
12.0,115.0,545.0,13600.0,1140.0,14130.0,7066.0,220.8,2020.0,4.0,1,8.0,0,0,0,0,0,0,0,0,1,0,0,9.517898598432753,6.302618975744905,4.7535901911063645,9.556126244582746,8.863191340690854,5.401776074916267
12.0,80.0,545.0,13600.0,735.0,11980.0,5990.0,187.2,2020.0,4.0,1,8.0,0,0,0,0,0,0,0,0,1,0,0,9.517898598432753,6.302618975744905,4.394449154672439,9.3910773406399,8.698013622083925,5.23750522715128
12.0,150.0,545.0,13600.0,1365.0,19170.0,9585.0,299.5,2020.0,4.0,1,8.0,0,0,0,0,0,0,0,0,1,0,0,9.517898598432753,6.302618975744905,5.017279836814924,9.861153999520049,9.168058979719577,5.705447753975262
8.0,200.0,392.0,17400.0,1410.0,16200.0,16200.0,253.1,2020.0,12.0,1,8.0,0,0,0,0,0,0,1,0,0,0,0,9.76428295481558,5.973809611869261,5.303304908059076,9.692828247710418,9.692828247710418,5.537727890326118
8.0,65.0,392.0,17400.0,650.0,,,,2020.0,9.0,1,8.0,0,0,0,0,0,0,1,0,0,0,0,9.76428295481558,5.973809611869261,4.189654742026425,,,
8.0,220.0,392.0,17400.0,1500.0,20310.0,20310.0,317.4,2020.0,9.0,1,8.0,0,0,0,0,0,0,1,0,0,0,0,9.76428295481558,5.973809611869261,5.3981627015177525,9.918917890191485,9.918917890191485,5.763308453970228
8.0,320.0,628.0,28300.0,1440.0,29770.0,29770.0,465.1,2020.0,9.0,1,8.0,0,0,0,0,0,0,1,0,0,0,0,10.250652418696085,6.444131256700441,5.771441123130016,10.301290044308947,10.301290044308947,6.144400203378695
8.0,350.0,628.0,28300.0,1395.0,35580.0,35580.0,556.0,2020.0,9.0,1,8.0,0,0,0,0,0,0,1,0,0,0,0,10.250652418696085,6.444131256700441,5.860786223465865,10.479567066502216,10.479567066502216,6.322565239927284
12.0,20.0,350.0,9000.0,854.0,1690.0,844.8,422.4,2020.0,5.0,1,8.0,0,0,0,0,0,0,0,0,1,0,0,9.105090961257085,5.860786223465865,3.044522437723423,7.43307534889858,6.740282925038388,6.048317358700765
12.0,15.0,350.0,9000.0,854.0,1690.0,844.8,422.4,2020.0,5.0,1,8.0,0,0,0,0,0,0,0,0,1,0,0,9.105090961257085,5.860786223465865,2.772588722239781,7.43307534889858,6.740282925038388,6.048317358700765
12.0,110.0,545.0,13600.0,1035.0,18800.0,9400.0,293.8,2020.0,6.0,1,8.0,0,0,0,0,0,0,0,0,1,0,0,9.517898598432753,6.302618975744905,4.709530201312334,9.841665338892785,9.148571345578551,5.686297160315181
12.0,65.0,545.0,13600.0,650.0,,,,2020.0,6.0,1,8.0,0,0,0,0,0,0,0,0,1,0,0,9.517898598432753,6.302618975744905,4.189654742026425,,,
12.0,110.0,545.0,13600.0,1035.0,18800.0,9400.0,293.8,2020.0,6.0,1,8.0,0,0,0,0,0,0,0,0,1,0,0,9.517898598432753,6.302618975744905,4.709530201312334,9.841665338892785,9.148571345578551,5.686297160315181
12.0,50.0,200.0,4700.0,1395.0,5914.0,2957.0,92.4,2020.0,6.0,1,8.0,0,0,0,0,0,0,0,0,1,0,0,8.45553053102413,5.303304908059076,3.9318256327243257,8.685246776412487,7.992268643270745,4.536891345234797
8.0,300.0,628.0,28300.0,1410.0,38710.0,38710.0,604.8,2020.0,10.0,1,8.0,0,0,0,0,0,0,1,0,0,0,0,10.250652418696085,6.444131256700441,5.707110264748875,10.563879076356082,10.563879076356082,6.406549898593137
12.0,18.0,200.0,4700.0,795.0,5107.0,2554.0,79.8,2020.0,12.0,1,8.0,0,0,0,0,0,0,0,0,1,0,0,8.45553053102413,5.303304908059076,2.9444389791664403,8.53856321715243,7.845807502637805,4.39197696552705
12.0,18.0,200.0,4700.0,1185.0,5591.0,2796.0,87.36,2020.0,12.0,1,8.0,0,0,0,0,0,0,0,0,1,0,0,8.45553053102413,5.303304908059076,2.9444389791664403,8.629092283913646,7.936302693201959,4.481419378551917
12.0,150.0,754.0,18600.0,1065.0,17140.0,8571.0,267.8,,,1,8.0,0,0,0,0,0,0,0,0,1,0,0,9.83097062169695,6.626717749249025,5.017279836814924,9.749228533507058,9.056256356593467,5.5939676086489944
7.0,45.0,180.0,9800.0,300.0,2611.0,1306.0,81.6,2021.0,4.0,1,6.0,0,0,0,0,0,0,0,0,1,0,0,9.19023970026918,5.198497031265826,3.828641396489095,7.867871490396322,7.175489713624222,4.414009680526933
7.0,65.0,180.0,9800.0,650.0,,,,2021.0,1.0,1,6.0,0,0,0,0,0,0,0,0,1,0,0,9.19023970026918,5.198497031265826,4.189654742026425,,,
7.0,45.0,180.0,9800.0,300.0,2458.0,1229.0,76.8,2021.0,4.0,1,6.0,0,0,0,0,0,0,0,0,1,0,0,9.19023970026918,5.198497031265826,3.828641396489095,7.807510042216193,7.114769448366463,4.354141431184346
7.0,65.0,180.0,9800.0,650.0,,,,2021.0,1.0,1,6.0,0,0,0,0,0,0,0,0,1,0,0,9.19023970026918,5.198497031265826,4.189654742026425,,,
7.0,45.0,180.0,9800.0,300.0,3405.0,1702.0,106.4,2021.0,4.0,1,6.0,0,0,0,0,0,0,0,0,1,0,0,9.19023970026918,5.198497031265826,3.828641396489095,8.133293861222633,7.440146680662688,4.676560182074764
7.0,45.0,180.0,9800.0,300.0,3226.0,1613.0,100.8,2021.0,4.0,1,6.0,0,0,0,0,0,0,0,0,1,0,0,9.19023970026918,5.198497031265826,3.828641396489095,8.079308192051961,7.3864708488298945,4.623010104116422
6.0,300.0,724.0,58200.0,1000.0,181000.0,22630.0,22630.0,,,1,6.0,0,0,0,0,0,0,0,0,1,0,0,10.971657815702502,6.586171654854675,5.707110264748875,12.10625783509458,10.027075926780746,10.027075926780746
6.0,65.0,724.0,58200.0,650.0,,,,2021.0,11.0,1,6.0,0,0,0,0,0,0,0,0,1,0,0,10.971657815702502,6.586171654854675,4.189654742026425,,,
6.0,300.0,724.0,58200.0,1000.0,181000.0,22630.0,22630.0,,,1,6.0,0,0,0,0,0,0,0,0,1,0,0,10.971657815702502,6.586171654854675,5.707110264748875,12.10625783509458,10.027075926780746,10.027075926780746
6.0,500.0,724.0,58200.0,1000.0,362100.0,45260.0,45260.0,2021.0,11.0,1,6.0,0,0,0,0,0,0,0,0,1,0,0,10.971657815702502,6.586171654854675,6.2166061010848646,12.799678457417967,10.720201013508184,10.720201013508184
6.0,500.0,724.0,58200.0,1000.0,383000.0,47870.0,47870.0,2021.0,11.0,1,6.0,0,0,0,0,0,0,0,0,1,0,0,10.971657815702502,6.586171654854675,6.2166061010848646,12.855792879125431,10.776265172078537,10.776265172078537
7.0,300.0,520.0,26800.0,1825.0,40550.0,20280.0,1267.0,2021.0,11.0,1,6.0,0,0,0,0,0,0,0,0,1,0,0,10.196194479235656,6.255750041753367,5.707110264748875,10.610315720151938,9.917439766154132,7.145196134997171
7.0,100.0,237.0,11060.0,2331.0,18490.0,9247.0,577.9,2021.0,6.0,1,6.0,0,0,0,0,0,0,0,0,1,0,0,9.311180686902254,5.472270673671475,4.61512051684126,9.825039406206987,9.13216259091216,6.361129751084959
7.0,65.0,237.0,11060.0,650.0,,,,2021.0,5.0,1,6.0,0,0,0,0,0,0,0,0,1,0,0,9.311180686902254,5.472270673671475,4.189654742026425,,,
7.0,250.0,520.0,26800.0,2075.0,35640.0,17820.0,1114.0,2021.0,6.0,1,6.0,0,0,0,0,0,0,0,0,1,0,0,10.196194479235656,6.255750041753367,5.5254529391317835,10.481251939552509,9.7881328161731,7.016609683894219
7.0,90.0,237.0,11060.0,1224.0,14580.0,7290.0,455.6,2021.0,6.0,1,6.0,0,0,0,0,0,0,0,0,1,0,0,9.311180686902254,5.472270673671475,4.51085950651685,9.587474590316285,8.89439598980643,6.123807734095696
7.0,120.0,237.0,11060.0,2068.0,20310.0,10150.0,634.6,2021.0,8.0,1,6.0,0,0,0,0,0,0,0,0,1,0,0,9.311180686902254,5.472270673671475,4.795790545596741,9.918917890191485,9.225327501784431,6.454569434662561
7.0,200.0,520.0,26800.0,1800.0,32060.0,16030.0,1002.0,2021.0,8.0,1,6.0,0,0,0,0,0,0,0,0,1,0,0,10.196194479235656,6.255750041753367,5.303304908059076,10.375395617193007,9.682279626689674,6.910750787961936
7.0,400.0,520.0,26800.0,1800.0,30210.0,15110.0,944.2,2021.0,8.0,1,6.0,0,0,0,0,0,0,0,0,1,0,0,10.196194479235656,6.255750041753367,5.993961427306569,10.315961375454851,9.62317823441376,6.8513965453127526
7.0,300.0,520.0,26800.0,1825.0,44460.0,22230.0,1389.0,2021.0,8.0,1,6.0,0,0,0,0,0,0,0,0,1,0,0,10.196194479235656,6.255750041753367,5.707110264748875,10.702367679393,10.009242990201992,7.237059026124737
7.0,132.0,237.0,11060.0,1626.0,17860.0,8928.0,558.0,2021.0,10.0,1,6.0,0,0,0,0,0,0,0,0,1,0,0,9.311180686902254,5.472270673671475,4.890349128221754,9.790374843904484,9.097059685517216,6.326149473155099
7.0,160.0,237.0,11060.0,1968.0,21210.0,10600.0,662.8,2021.0,7.0,1,6.0,0,0,0,0,0,0,0,0,1,0,0,9.311180686902254,5.472270673671475,5.081404364984463,9.962275194019217,9.268703615273097,6.497980899285874
7.0,100.0,237.0,11060.0,2068.0,17320.0,8659.0,541.2,2021.0,5.0,1,6.0,0,0,0,0,0,0,0,0,1,0,0,9.311180686902254,5.472270673671475,4.61512051684126,9.75967491717028,9.06647000155648,6.295634937064565
7.0,175.0,335.0,17200.0,1941.0,22580.0,11290.0,705.6,2021.0,6.0,1,6.0,0,0,0,0,0,0,0,0,1,0,0,9.75272280064639,5.817111159963204,5.170483995038151,10.024864123702642,9.331761227180522,6.560464734925045
7.0,65.0,335.0,17200.0,650.0,,,,2021.0,3.0,1,6.0,0,0,0,0,0,0,0,0,1,0,0,9.75272280064639,5.817111159963204,4.189654742026425,,,
7.0,230.0,335.0,17200.0,2321.0,26430.0,13210.0,825.9,2021.0,3.0,1,6.0,0,0,0,0,0,0,0,0,1,0,0,9.75272280064639,5.817111159963204,5.442417710521793,10.182292842675238,9.488805094878353,6.717683768728121
7.0,135.0,335.0,17200.0,1489.0,22120.0,11060.0,691.2,2021.0,5.0,1,6.0,0,0,0,0,0,0,0,0,1,0,0,9.75272280064639,5.817111159963204,4.912654885736052,10.004282662571022,9.311180686902254,6.539874931201244
7.0,145.0,335.0,17200.0,2116.0,24470.0,12240.0,764.8,2021.0,5.0,1,6.0,0,0,0,0,0,0,0,0,1,0,0,9.75272280064639,5.817111159963204,4.983606621708336,10.10524402196869,9.412546252075513,6.640921039043194
10.0,350.0,190.0,8000.0,900.0,22120.0,11060.0,2765.0,,,1,7.0,0,0,0,1,0,0,0,0,0,0,0,8.987321812850125,5.25227342804663,5.860786223465865,10.004282662571022,9.311180686902254,7.925157512224703
10.0,65.0,190.0,8000.0,650.0,,,,,,1,7.0,0,0,0,1,0,0,0,0,0,0,0,8.987321812850125,5.25227342804663,4.189654742026425,,,
10.0,500.0,190.0,8000.0,900.0,27650.0,13820.0,3456.0,,,1,7.0,0,0,0,1,0,0,0,0,0,0,0,8.987321812850125,5.25227342804663,6.2166061010848646,10.227417172661774,9.533944453604027,8.148156439921625
32.0,15.0,169.0,1170.0,300.0,460.8,230.4,,,,1,7.0,0,0,0,1,0,0,0,0,0,0,0,7.065613363597717,5.135798437050262,2.772588722239781,6.135131896920395,5.444147814759576,
32.0,65.0,169.0,1170.0,650.0,,,,,,1,7.0,0,0,0,1,0,0,0,0,0,0,0,7.065613363597717,5.135798437050262,4.189654742026425,,,
10.0,15.0,169.0,1170.0,350.0,742.4,371.2,92.8,,,1,7.0,0,0,0,1,0,0,0,0,0,0,0,7.065613363597717,5.135798437050262,2.772588722239781,6.611234257863152,5.91943134420815,4.541164856012179
10.0,65.0,169.0,1170.0,650.0,,,,,,1,7.0,0,0,0,1,0,0,0,0,0,0,0,7.065613363597717,5.135798437050262,4.189654742026425,,,
10.0,15.0,169.0,1170.0,350.0,1382.0,691.2,172.8,,,1,7.0,0,0,0,1,0,0,0,0,0,0,0,7.065613363597717,5.135798437050262,2.772588722239781,7.232010331664759,6.539874931201244,5.157905212831292
32.0,15.0,169.0,1170.0,300.0,998.4,499.2,,2021.0,3.0,1,7.0,0,0,0,1,0,0,0,0,0,0,0,7.065613363597717,5.135798437050262,2.772588722239781,6.9071550989101045,6.215008018443519,
32.0,15.0,169.0,1170.0,300.0,1331.0,665.6,,2021.0,3.0,1,7.0,0,0,0,1,0,0,0,0,0,0,0,7.065613363597717,5.135798437050262,2.772588722239781,7.194436851100335,6.502190165873639,
10.0,15.0,169.0,1170.0,300.0,1485.0,742.4,,2021.0,11.0,1,7.0,0,0,0,1,0,0,0,0,0,0,0,7.065613363597717,5.135798437050262,2.772588722239781,7.303843225277705,6.611234257863152,
10.0,65.0,169.0,1170.0,650.0,,,,2021.0,11.0,1,7.0,0,0,0,1,0,0,0,0,0,0,0,7.065613363597717,5.135798437050262,4.189654742026425,,,
32.0,15.0,169.0,1170.0,350.0,1331.0,665.6,166.4,,,1,7.0,0,0,0,1,0,0,0,0,0,0,0,7.065613363597717,5.135798437050262,2.772588722239781,7.194436851100335,6.502190165873639,5.120386158055375
8.0,150.0,628.0,28300.0,885.0,31240.0,31240.0,976.3,2021.0,4.0,1,8.0,0,0,0,0,0,0,1,0,0,0,0,10.250652418696085,6.444131256700441,5.017279836814924,10.349486613684583,10.349486613684583,6.88479366734479
7.0,300.0,826.0,54200.0,1065.0,77970.0,19490.0,9746.0,2021.0,6.0,1,8.0,0,0,0,0,0,0,0,0,1,0,0,10.900454637442037,6.717804695023691,5.707110264748875,11.264092241667084,9.877708099548641,9.18471482433721
7.0,300.0,826.0,54200.0,795.0,79630.0,19910.0,9953.0,2021.0,6.0,1,8.0,0,0,0,0,0,0,0,0,1,0,0,10.900454637442037,6.717804695023691,5.707110264748875,11.285158743253763,9.899027621814035,9.2057297594185
8.0,150.0,628.0,28300.0,1320.0,31520.0,31520.0,985.0,2021.0,4.0,1,8.0,0,0,0,0,0,0,1,0,0,0,0,10.250652418696085,6.444131256700441,5.017279836814924,10.358409269356885,10.358409269356885,6.893656354602635
8.0,250.0,200.0,8700.0,1312.0,4493.0,4493.0,140.4,2021.0,4.0,1,8.0,0,0,0,0,0,0,1,0,0,0,0,9.071193240566025,5.303304908059076,5.5254529391317835,8.410498452745275,8.410498452745275,4.951592753462473
8.0,65.0,200.0,8700.0,650.0,,,,2021.0,4.0,1,8.0,0,0,0,0,0,0,1,0,0,0,0,9.071193240566025,5.303304908059076,4.189654742026425,,,
8.0,60.0,200.0,8700.0,1440.0,4531.0,4531.0,70.8,2021.0,11.0,1,8.0,0,0,0,0,0,0,1,0,0,0,0,9.071193240566025,5.303304908059076,4.110873864173311,8.418918622147897,8.418918622147897,4.273884476054178
8.0,60.0,200.0,8700.0,1440.0,4531.0,4531.0,141.6,2021.0,11.0,1,8.0,0,0,0,0,0,0,1,0,0,0,0,9.071193240566025,5.303304908059076,4.110873864173311,8.418918622147897,8.418918622147897,4.960043507980195
7.0,165.0,826.0,54200.0,930.0,10320.0,10320.0,5161.0,2021.0,4.0,1,8.0,0,0,0,0,0,0,0,0,1,0,0,10.900454637442037,6.717804695023691,5.111987788356544,9.241935933565934,9.241935933565934,8.54907938027856
7.0,230.0,826.0,54200.0,1035.0,10320.0,10320.0,5161.0,2021.0,4.0,1,8.0,0,0,0,0,0,0,0,0,1,0,0,10.900454637442037,6.717804695023691,5.442417710521793,9.241935933565934,9.241935933565934,8.54907938027856
7.0,250.0,826.0,54200.0,1140.0,50530.0,12630.0,6317.0,2021.0,9.0,1,8.0,0,0,0,0,0,0,0,0,1,0,0,10.900454637442037,6.717804695023691,5.5254529391317835,10.83034228831376,9.443909388773974,8.75115798136203
7.0,250.0,826.0,54200.0,1140.0,50530.0,12630.0,6317.0,2021.0,9.0,1,8.0,0,0,0,0,0,0,0,0,1,0,0,10.900454637442037,6.717804695023691,5.5254529391317835,10.83034228831376,9.443909388773974,8.75115798136203
12.0,125.0,284.0,6600.0,1530.0,10050.0,5027.0,157.1,2021.0,2.0,1,8.0,0,0,0,0,0,0,0,0,1,0,0,8.79497643168877,5.652489180268651,4.836281906951478,9.21542741102474,8.522777569710138,5.0632277442154265
12.0,185.0,445.0,10800.0,1470.0,15210.0,7603.0,237.6,2021.0,2.0,1,8.0,0,0,0,0,0,0,0,0,1,0,0,9.287394001418473,6.100318952020064,5.225746673713202,9.629774129311743,8.93642970360832,5.474788509663815
12.0,250.0,754.0,18600.0,1350.0,22150.0,11070.0,346.1,2021.0,6.0,1,8.0,0,0,0,0,0,0,0,0,1,0,0,9.83097062169695,6.626717749249025,5.5254529391317835,10.00563792118106,9.312084355859467,5.849612922867741
8.0,65.0,392.0,17400.0,1365.0,17140.0,17140.0,267.8,,,1,8.0,0,0,0,0,0,0,1,0,0,0,0,9.76428295481558,5.973809611869261,4.189654742026425,9.749228533507058,9.749228533507058,5.5939676086489944
8.0,320.0,628.0,28300.0,1500.0,21890.0,21890.0,342.0,2021.0,7.0,1,8.0,0,0,0,0,0,0,1,0,0,0,0,10.250652418696085,6.444131256700441,5.771441123130016,9.99383087243373,9.99383087243373,5.8377304471659395
14.0,30.0,74.0,1800.0,1228.0,,751.6,31.32,2021.0,1.0,1,8.0,0,0,0,0,0,0,1,0,0,0,0,7.496097345175956,4.31748811353631,3.4339872044851463,,6.6235338781593365,3.4756862336528944
14.0,20.0,74.0,1800.0,1152.0,,706.6,29.44,2021.0,1.0,1,8.0,0,0,0,0,0,0,1,0,0,0,0,7.496097345175956,4.31748811353631,3.044522437723423,,6.56187896228563,3.415757532993485
12.0,25.0,200.0,4700.0,1065.0,2703.0,2703.0,42.24,2021.0,12.0,1,8.0,0,0,0,0,0,0,0,0,1,0,0,8.45553053102413,5.303304908059076,3.258096538021482,7.902487437162855,7.902487437162855,3.7667659927710075
12.0,65.0,200.0,4700.0,650.0,,,,2021.0,12.0,1,8.0,0,0,0,0,0,0,0,0,1,0,0,8.45553053102413,5.303304908059076,4.189654742026425,,,
8.0,15.0,200.0,8700.0,832.0,4731.0,4731.0,73.92,2021.0,12.0,1,8.0,0,0,0,0,0,0,1,0,0,0,0,9.071193240566025,5.303304908059076,2.772588722239781,8.462103225098277,8.462103225098277,4.316420877575887
8.0,65.0,200.0,8700.0,650.0,,,,2021.0,12.0,1,8.0,0,0,0,0,0,0,1,0,0,0,0,9.071193240566025,5.303304908059076,4.189654742026425,,,
8.0,25.0,200.0,8700.0,832.0,4731.0,4731.0,73.92,2021.0,12.0,1,8.0,0,0,0,0,0,0,1,0,0,0,0,9.071193240566025,5.303304908059076,3.258096538021482,8.462103225098277,8.462103225098277,4.316420877575887
8.0,65.0,200.0,8700.0,650.0,,,,2021.0,12.0,1,8.0,0,0,0,0,0,0,1,0,0,0,0,9.071193240566025,5.303304908059076,4.189654742026425,,,
8.0,30.0,200.0,8700.0,832.0,9462.0,4731.0,147.8,2021.0,12.0,1,8.0,0,0,0,0,0,0,1,0,0,0,0,9.071193240566025,5.303304908059076,3.4339872044851463,9.155144736508232,8.462103225098277,5.002603122398992
8.0,30.0,200.0,8700.0,735.0,10200.0,5100.0,159.4,2021.0,12.0,1,8.0,0,0,0,0,0,0,1,0,0,0,0,9.071193240566025,5.303304908059076,3.4339872044851463,9.23024103368252,8.537191877922927,5.077670695432414
12.0,184.0,445.0,10800.0,1470.0,14360.0,7181.0,224.4,2021.0,12.0,1,8.0,0,0,0,0,0,0,0,0,1,0,0,9.287394001418473,6.100318952020064,5.220355825078324,9.57227147806062,8.879333174786028,5.417876601605676
8.0,35.0,200.0,8700.0,712.0,4329.0,4329.0,67.65,2021.0,5.0,1,8.0,0,0,0,0,0,0,1,0,0,0,0,9.071193240566025,5.303304908059076,3.58351893845611,8.373322820996535,8.373322820996535,4.229021132213981
8.0,45.0,200.0,8700.0,1065.0,5501.0,5501.0,85.95,2021.0,5.0,1,8.0,0,0,0,0,0,0,1,0,0,0,0,9.071193240566025,5.303304908059076,3.828641396489095,8.61286694148452,8.61286694148452,4.465333240800292
8.0,75.0,200.0,8700.0,735.0,5299.0,5299.0,82.8,2021.0,5.0,1,8.0,0,0,0,0,0,0,1,0,0,0,0,9.071193240566025,5.303304908059076,4.330733340286331,8.575462099540212,8.575462099540212,4.428433007488037
8.0,75.0,276.0,12000.0,735.0,5299.0,5299.0,82.8,2021.0,5.0,1,8.0,0,0,0,0,0,0,1,0,0,0,0,9.392745258631441,5.6240175061873385,4.330733340286331,8.575462099540212,8.575462099540212,4.428433007488037
8.0,65.0,276.0,12000.0,650.0,,,,,,1,8.0,0,0,0,0,0,0,1,0,0,0,0,9.392745258631441,5.6240175061873385,4.189654742026425,,,
8.0,75.0,200.0,8700.0,735.0,5299.0,5299.0,82.8,2021.0,5.0,1,8.0,0,0,0,0,0,0,1,0,0,0,0,9.071193240566025,5.303304908059076,4.330733340286331,8.575462099540212,8.575462099540212,4.428433007488037
8.0,170.0,276.0,12000.0,1320.0,12740.0,12740.0,199.0,2021.0,1.0,1,8.0,0,0,0,0,0,0,1,0,0,0,0,9.392745258631441,5.6240175061873385,5.14166355650266,9.45258041898138,9.45258041898138,5.298317366548036
8.0,170.0,392.0,17400.0,1320.0,12740.0,12740.0,199.0,2021.0,9.0,1,8.0,0,0,0,0,0,0,1,0,0,0,0,9.76428295481558,5.973809611869261,5.14166355650266,9.45258041898138,9.45258041898138,5.298317366548036
8.0,60.0,276.0,12000.0,817.0,9846.0,9846.0,153.8,2021.0,1.0,1,8.0,0,0,0,0,0,0,1,0,0,0,0,9.392745258631441,5.6240175061873385,4.110873864173311,9.194922119247803,9.194922119247803,5.042133961155627
8.0,80.0,392.0,17400.0,780.0,13210.0,13210.0,206.4,2021.0,1.0,1,8.0,0,0,0,0,0,0,1,0,0,0,0,9.76428295481558,5.973809611869261,4.394449154672439,9.488805094878353,9.488805094878353,5.334649295795427
8.0,115.0,392.0,17400.0,1110.0,15970.0,15970.0,249.6,2021.0,1.0,1,8.0,0,0,0,0,0,0,1,0,0,0,0,9.76428295481558,5.973809611869261,4.7535901911063645,9.67852985665631,9.67852985665631,5.523858042461968
8.0,290.0,392.0,17400.0,1575.0,21750.0,21750.0,339.8,2021.0,5.0,1,8.0,0,0,0,0,0,0,1,0,0,0,0,9.76428295481558,5.973809611869261,5.673323267171493,9.987415012471414,9.987415012471414,5.83129579495516
8.0,80.0,392.0,17400.0,780.0,15300.0,15300.0,239.0,2021.0,1.0,1,8.0,0,0,0,0,0,0,1,0,0,0,0,9.76428295481558,5.973809611869261,4.394449154672439,9.635673464721814,9.635673464721814,5.480638923341991
8.0,115.0,392.0,17400.0,1110.0,18980.0,18980.0,296.6,2021.0,1.0,1,8.0,0,0,0,0,0,0,1,0,0,0,0,9.76428295481558,5.973809611869261,4.7535901911063645,9.851193757814993,9.851193757814993,5.6957503029589365
8.0,350.0,628.0,28300.0,1365.0,34100.0,34100.0,532.8,2021.0,5.0,1,8.0,0,0,0,0,0,0,1,0,0,0,0,10.250652418696085,6.444131256700441,5.860786223465865,10.43708198835482,10.43708198835482,6.280021236970423
7.0,165.0,826.0,54200.0,930.0,10320.0,10320.0,5161.0,2021.0,4.0,1,8.0,0,0,0,0,0,0,0,0,1,0,0,10.900454637442037,6.717804695023691,5.111987788356544,9.241935933565934,9.241935933565934,8.54907938027856
7.0,165.0,826.0,54200.0,930.0,10320.0,10320.0,5161.0,2021.0,4.0,1,8.0,0,0,0,0,0,0,0,0,1,0,0,10.900454637442037,6.717804695023691,5.111987788356544,9.241935933565934,9.241935933565934,8.54907938027856
7.0,165.0,826.0,54200.0,930.0,10320.0,10320.0,5161.0,2021.0,4.0,1,8.0,0,0,0,0,0,0,0,0,1,0,0,10.900454637442037,6.717804695023691,5.111987788356544,9.241935933565934,9.241935933565934,8.54907938027856
7.0,165.0,826.0,54200.0,930.0,10320.0,10320.0,5161.0,2021.0,4.0,1,8.0,0,0,0,0,0,0,0,0,1,0,0,10.900454637442037,6.717804695023691,5.111987788356544,9.241935933565934,9.241935933565934,8.54907938027856
12.0,18.0,200.0,4700.0,855.0,5837.0,2918.0,91.2,2021.0,4.0,1,8.0,0,0,0,0,0,0,0,0,1,0,0,8.45553053102413,5.303304908059076,2.9444389791664403,8.67214355141406,7.978996370854115,4.523960130562548
12.0,18.0,200.0,4700.0,1515.0,7311.0,3656.0,114.2,2021.0,4.0,1,8.0,0,0,0,0,0,0,0,0,1,0,0,8.45553053102413,5.303304908059076,2.9444389791664403,8.897272113133987,8.204398418149381,4.746669748261791
8.0,70.0,276.0,12000.0,562.0,7987.0,7987.0,124.8,2021.0,8.0,1,8.0,0,0,0,0,0,0,1,0,0,0,0,9.392745258631441,5.6240175061873385,4.2626798770413155,8.985695694535705,8.985695694535705,4.8346933442663405
8.0,70.0,276.0,12000.0,562.0,7987.0,7987.0,124.8,2021.0,11.0,1,8.0,0,0,0,0,0,0,1,0,0,0,0,9.392745258631441,5.6240175061873385,4.2626798770413155,8.985695694535705,8.985695694535705,4.8346933442663405
8.0,95.0,276.0,12000.0,682.0,6180.0,6180.0,96.56,2021.0,4.0,1,8.0,0,0,0,0,0,0,1,0,0,0,0,9.392745258631441,5.6240175061873385,4.564348191467836,8.729235349659273,8.729235349659273,4.580467573347719
8.0,95.0,276.0,12000.0,1215.0,8637.0,8637.0,135.0,2021.0,4.0,1,8.0,0,0,0,0,0,0,1,0,0,0,0,9.392745258631441,5.6240175061873385,4.564348191467836,9.063926353520646,9.063926353520646,4.912654885736052
8.0,70.0,392.0,17400.0,600.0,10080.0,10080.0,157.4,2021.0,4.0,1,8.0,0,0,0,0,0,0,1,0,0,0,0,9.76428295481558,5.973809611869261,4.2626798770413155,9.218407743053941,9.218407743053941,5.0651234793803255
8.0,70.0,392.0,17400.0,495.0,9585.0,9585.0,149.8,2021.0,4.0,1,8.0,0,0,0,0,0,0,1,0,0,0,0,9.76428295481558,5.973809611869261,4.2626798770413155,9.168058979719577,9.168058979719577,5.015954455573856
8.0,65.0,200.0,8700.0,1297.0,7250.0,7250.0,113.3,2021.0,4.0,1,8.0,0,0,0,0,0,0,1,0,0,0,0,9.071193240566025,5.303304908059076,4.189654742026425,8.888894669371593,8.888894669371593,4.738826570800765
8.0,140.0,392.0,17400.0,735.0,19170.0,19170.0,299.5,2021.0,4.0,1,8.0,0,0,0,0,0,0,1,0,0,0,0,9.76428295481558,5.973809611869261,4.948759890378168,9.861153999520049,9.861153999520049,5.705447753975262
8.0,80.0,392.0,17400.0,780.0,14280.0,14280.0,223.2,2021.0,4.0,1,8.0,0,0,0,0,0,0,1,0,0,0,0,9.76428295481558,5.973809611869261,4.394449154672439,9.566685261452934,9.566685261452934,5.4125385106380595
8.0,115.0,392.0,17400.0,1140.0,17200.0,17200.0,268.8,2021.0,4.0,1,8.0,0,0,0,0,0,0,1,0,0,0,0,9.76428295481558,5.973809611869261,4.7535901911063645,9.75272280064639,9.75272280064639,5.597680943773655
8.0,140.0,392.0,17400.0,735.0,19170.0,19170.0,299.5,2021.0,4.0,1,8.0,0,0,0,0,0,0,1,0,0,0,0,9.76428295481558,5.973809611869261,4.948759890378168,9.861153999520049,9.861153999520049,5.705447753975262
8.0,200.0,628.0,28300.0,1050.0,23650.0,23650.0,369.6,2021.0,11.0,1,8.0,0,0,0,0,0,0,1,0,0,0,0,10.250652418696085,6.444131256700441,5.303304908059076,10.071160676324263,10.071160676324263,5.915123313851259
8.0,60.0,200.0,8700.0,1440.0,7250.0,7250.0,113.3,2021.0,11.0,1,8.0,0,0,0,0,0,0,1,0,0,0,0,9.071193240566025,5.303304908059076,4.110873864173311,8.888894669371593,8.888894669371593,4.738826570800765
8.0,230.0,628.0,28300.0,1170.0,27770.0,27770.0,433.9,2021.0,4.0,1,8.0,0,0,0,0,0,0,1,0,0,0,0,10.250652418696085,6.444131256700441,5.442417710521793,10.23174758973532,10.23174758973532,6.075116119603592
8.0,80.0,392.0,17400.0,720.0,16590.0,16590.0,259.2,2021.0,4.0,1,8.0,0,0,0,0,0,0,1,0,0,0,0,9.76428295481558,5.973809611869261,4.394449154672439,9.716615658643356,9.716615658643356,5.561450566078405
8.0,150.0,392.0,17400.0,900.0,19350.0,19350.0,302.4,2021.0,4.0,1,8.0,0,0,0,0,0,0,1,0,0,0,0,9.76428295481558,5.973809611869261,5.017279836814924,9.870499376709148,9.870499376709148,5.715052066914432
8.0,230.0,628.0,28300.0,1170.0,27770.0,27770.0,433.9,2021.0,4.0,1,8.0,0,0,0,0,0,0,1,0,0,0,0,10.250652418696085,6.444131256700441,5.442417710521793,10.23174758973532,10.23174758973532,6.075116119603592
8.0,230.0,628.0,28300.0,1170.0,27770.0,27770.0,433.9,2021.0,4.0,1,8.0,0,0,0,0,0,0,1,0,0,0,0,10.250652418696085,6.444131256700441,5.442417710521793,10.23174758973532,10.23174758973532,6.075116119603592
12.0,50.0,200.0,4700.0,1065.0,5000.0,2500.0,78.12,2021.0,5.0,1,8.0,0,0,0,0,0,0,0,0,1,0,0,8.45553053102413,5.303304908059076,3.9318256327243257,8.517393171418904,7.824445930877619,4.370965687314457
12.0,50.0,200.0,4700.0,1065.0,5000.0,2500.0,78.12,2021.0,5.0,1,8.0,0,0,0,0,0,0,0,0,1,0,0,8.45553053102413,5.303304908059076,3.9318256327243257,8.517393171418904,7.824445930877619,4.370965687314457
12.0,30.0,200.0,4700.0,420.0,2189.0,1094.0,34.2,2021.0,5.0,1,8.0,0,0,0,0,0,0,0,0,1,0,0,8.45553053102413,5.303304908059076,3.4339872044851463,7.691656822810547,6.9985096422506015,3.5610460826040513
12.0,30.0,200.0,4700.0,420.0,2189.0,1094.0,34.2,2021.0,5.0,1,8.0,0,0,0,0,0,0,0,0,1,0,0,8.45553053102413,5.303304908059076,3.4339872044851463,7.691656822810547,6.9985096422506015,3.5610460826040513
12.0,40.0,200.0,4700.0,735.0,3418.0,1709.0,53.4,2021.0,4.0,1,8.0,0,0,0,0,0,0,0,0,1,0,0,8.45553053102413,5.303304908059076,3.713572066704308,8.137103389639302,7.444248649496705,3.996364153861897
12.0,40.0,200.0,4700.0,930.0,5000.0,2500.0,78.12,2021.0,4.0,1,8.0,0,0,0,0,0,0,0,0,1,0,0,8.45553053102413,5.303304908059076,3.713572066704308,8.517393171418904,7.824445930877619,4.370965687314457
12.0,40.0,200.0,4700.0,780.0,5053.0,2527.0,78.96,2021.0,4.0,1,8.0,0,0,0,0,0,0,0,0,1,0,0,8.45553053102413,5.303304908059076,3.713572066704308,8.52793528794814,7.8351837552667485,4.3815265096322
6.0,180.0,169.0,10600.0,2233.0,20580.0,10290.0,643.1,2022.0,9.0,1,6.0,0,0,0,0,0,0,0,0,1,0,0,9.268703615273097,5.135798437050262,5.198497031265826,9.93212359907246,9.239025005836092,6.467853993552845
6.0,65.0,169.0,10600.0,650.0,,,,2022.0,9.0,1,6.0,0,0,0,0,0,0,0,0,1,0,0,9.268703615273097,5.135798437050262,4.189654742026425,,,
6.0,15.0,100.0,1170.0,1500.0,972.8,486.4,30.4,2022.0,9.0,1,6.0,0,0,0,0,0,0,0,0,1,0,0,7.065613363597717,4.61512051684126,2.772588722239781,6.881205943748601,6.189085141191105,3.4468078929142076
6.0,65.0,100.0,1170.0,650.0,,,,2022.0,9.0,1,6.0,0,0,0,0,0,0,0,0,1,0,0,7.065613363597717,4.61512051684126,4.189654742026425,,,
6.0,40.0,208.0,13100.0,1500.0,2918.0,1459.0,91.2,2022.0,1.0,1,6.0,0,0,0,0,0,0,0,0,1,0,0,9.48044384215367,5.342334251964811,3.713572066704308,7.978996370854115,7.286191714702382,4.523960130562548
6.0,65.0,208.0,13100.0,650.0,,,,2022.0,1.0,1,6.0,0,0,0,0,0,0,0,0,1,0,0,9.48044384215367,5.342334251964811,4.189654742026425,,,
6.0,50.0,208.0,13100.0,2000.0,6758.0,3379.0,211.2,2022.0,1.0,1,6.0,0,0,0,0,0,0,0,0,1,0,0,9.48044384215367,5.342334251964811,3.9318256327243257,8.818630229100354,8.125630988477065,5.357529226179882
5.0,15.0,264.0,3400.0,400.0,1126.0,563.2,35.2,2022.0,9.0,1,6.0,0,0,0,0,0,0,0,0,1,0,0,8.131824785007195,5.579729825986222,2.772588722239781,7.027314514039777,6.335408798567896,3.5890591188317256
5.0,65.0,264.0,3400.0,650.0,,,,2022.0,9.0,1,6.0,0,0,0,0,0,0,0,0,1,0,0,8.131824785007195,5.579729825986222,4.189654742026425,,,
7.0,45.0,180.0,10700.0,300.0,3226.0,1613.0,100.8,2022.0,1.0,1,6.0,0,0,0,0,0,0,0,0,1,0,0,9.278092474027002,5.198497031265826,3.828641396489095,8.079308192051961,7.3864708488298945,4.623010104116422
7.0,65.0,180.0,10700.0,650.0,,,,2022.0,1.0,1,6.0,0,0,0,0,0,0,0,0,1,0,0,9.278092474027002,5.198497031265826,4.189654742026425,,,
7.0,45.0,180.0,10700.0,300.0,4096.0,2048.0,128.0,2022.0,1.0,1,6.0,0,0,0,0,0,0,0,0,1,0,0,9.278092474027002,5.198497031265826,3.828641396489095,8.318010277546872,7.6251071482389,4.859812404361672
6.0,25.0,107.0,5400.0,1512.0,6267.0,3133.0,195.8,2022.0,1.0,1,6.0,0,0,0,0,0,0,0,0,1,0,0,8.594339400592892,4.68213122712422,3.258096538021482,8.74321260347591,8.050065422915965,5.282187984618153
6.0,65.0,107.0,5400.0,650.0,,,,2022.0,1.0,1,6.0,0,0,0,0,0,0,0,0,1,0,0,8.594339400592892,4.68213122712422,4.189654742026425,,,
6.0,50.0,107.0,5400.0,2039.0,7130.0,3565.0,222.8,2022.0,1.0,1,6.0,0,0,0,0,0,0,0,0,1,0,0,8.594339400592892,4.68213122712422,3.9318256327243257,8.872206756028303,8.179199798423086,5.4107527958778245
6.0,25.0,107.0,5400.0,1512.0,6267.0,3133.0,195.8,2022.0,1.0,1,6.0,0,0,0,0,0,0,0,0,1,0,0,8.594339400592892,4.68213122712422,3.258096538021482,8.74321260347591,8.050065422915965,5.282187984618153
6.0,25.0,107.0,5400.0,1512.0,8356.0,4178.0,261.1,,,1,6.0,0,0,0,0,0,0,0,0,1,0,0,8.594339400592892,4.68213122712422,3.258096538021482,9.030854790001436,8.337827262447915,5.568726110329361
6.0,32.0,107.0,5400.0,1000.0,6267.0,3133.0,195.8,,,1,6.0,0,0,0,0,0,0,0,0,1,0,0,8.594339400592892,4.68213122712422,3.4965075614664802,8.74321260347591,8.050065422915965,5.282187984618153
6.0,35.0,107.0,5400.0,1000.0,6267.0,3133.0,195.8,,,1,6.0,0,0,0,0,0,0,0,0,1,0,0,8.594339400592892,4.68213122712422,3.58351893845611,8.74321260347591,8.050065422915965,5.282187984618153
6.0,53.0,107.0,5400.0,1923.0,7130.0,3565.0,222.8,2022.0,1.0,1,6.0,0,0,0,0,0,0,0,0,1,0,0,8.594339400592892,4.68213122712422,3.9889840465642745,8.872206756028303,8.179199798423086,5.4107527958778245
6.0,107.0,107.0,5400.0,2310.0,11530.0,5765.0,360.3,2022.0,1.0,1,6.0,0,0,0,0,0,0,0,0,1,0,0,8.594339400592892,4.68213122712422,4.68213122712422,9.352794339771116,8.659733878198347,5.889708638153595
6.0,50.0,107.0,5400.0,2000.0,9830.0,4915.0,307.2,2022.0,1.0,1,6.0,0,0,0,0,0,0,0,0,1,0,0,8.594339400592892,4.68213122712422,3.9318256327243257,9.193295937366925,8.500250470685925,5.730748922886015
7.0,80.0,237.0,11060.0,1700.0,14340.0,7168.0,448.0,2022.0,1.0,1,6.0,0,0,0,0,0,0,0,0,1,0,0,9.311180686902254,5.472270673671475,4.394449154672439,9.570877846729212,8.877521453852872,6.1070228877422545
7.0,176.0,237.0,11060.0,2055.0,21590.0,10790.0,674.6,2022.0,5.0,1,6.0,0,0,0,0,0,0,0,0,1,0,0,9.311180686902254,5.472270673671475,5.176149732573829,9.980031840175913,9.286467732363734,6.5156011849336455
7.0,120.0,237.0,11060.0,2068.0,17320.0,8659.0,541.2,2022.0,1.0,1,6.0,0,0,0,0,0,0,0,0,1,0,0,9.311180686902254,5.472270673671475,4.795790545596741,9.75967491717028,9.06647000155648,6.295634937064565
7.0,120.0,237.0,11060.0,2068.0,19790.0,9896.0,618.5,2022.0,1.0,1,6.0,0,0,0,0,0,0,0,0,1,0,0,9.311180686902254,5.472270673671475,4.795790545596741,9.89298256789098,9.199986959896691,6.428912701069197
7.0,80.0,237.0,11060.0,1700.0,14340.0,7168.0,448.0,2022.0,1.0,1,6.0,0,0,0,0,0,0,0,0,1,0,0,9.311180686902254,5.472270673671475,4.394449154672439,9.570877846729212,8.877521453852872,6.1070228877422545
7.0,250.0,335.0,17200.0,2150.0,26620.0,13310.0,832.0,2022.0,3.0,1,6.0,0,0,0,0,0,0,0,0,1,0,0,9.75272280064639,5.817111159963204,5.5254529391317835,10.189455656983572,9.496346040047019,6.725033642166843
7.0,100.0,237.0,11060.0,1800.0,17200.0,8602.0,537.6,2022.0,1.0,1,6.0,0,0,0,0,0,0,0,0,1,0,0,9.311180686902254,5.472270673671475,4.61512051684126,9.75272280064639,9.059866258621348,6.288973180377498
7.0,165.0,335.0,17200.0,2321.0,26430.0,13210.0,825.9,2022.0,1.0,1,6.0,0,0,0,0,0,0,0,0,1,0,0,9.75272280064639,5.817111159963204,5.111987788356544,10.182292842675238,9.488805094878353,6.717683768728121
7.0,335.0,520.0,26800.0,1860.0,47310.0,23650.0,1478.0,2022.0,5.0,1,6.0,0,0,0,0,0,0,0,0,1,0,0,10.196194479235656,6.255750041753367,5.817111159963204,10.764498105582106,10.071160676324263,7.2991214627108
5.0,300.0,529.0,57700.0,1500.0,103000.0,51480.0,1609.0,2022.0,11.0,1,6.0,0,0,0,0,0,0,0,0,1,0,0,10.96302978336854,6.272877006546167,5.707110264748875,11.542493975902508,10.848968086540825,7.383989457978509
5.0,65.0,529.0,57700.0,650.0,,,,2022.0,11.0,1,6.0,0,0,0,0,0,0,0,0,1,0,0,10.96302978336854,6.272877006546167,4.189654742026425,,,
5.0,355.0,529.0,57700.0,1855.0,122800.0,61420.0,1919.0,2022.0,11.0,1,6.0,0,0,0,0,0,0,0,0,1,0,0,10.96302978336854,6.272877006546167,5.87493073085203,11.718320437984499,11.025507075203857,7.560080465021827
5.0,300.0,529.0,57700.0,2000.0,129000.0,64510.0,2016.0,,,1,6.0,0,0,0,0,0,0,0,0,1,0,0,10.96302978336854,6.272877006546167,5.707110264748875,11.767575435251748,11.07459103087878,7.6093665379542115
5.0,355.0,529.0,57700.0,2200.0,162200.0,81100.0,2534.0,,,1,6.0,0,0,0,0,0,0,0,0,1,0,0,10.96302978336854,6.272877006546167,5.87493073085203,11.996591585872558,11.303450570483712,7.837948916025283
7.0,15.0,163.0,2400.0,1000.0,3277.0,1638.0,102.4,2022.0,2.0,1,6.0,0,0,0,0,0,0,0,0,1,0,0,7.783640596221253,5.099866427824199,2.772588722239781,8.094988759303774,7.40184157874383,4.638604962074329
7.0,65.0,163.0,2400.0,650.0,,,,2022.0,2.0,1,6.0,0,0,0,0,0,0,0,0,1,0,0,7.783640596221253,5.099866427824199,4.189654742026425,,,
6.0,30.0,157.0,7200.0,1750.0,5376.0,2688.0,672.0,2022.0,10.0,1,7.0,0,0,0,0,0,0,0,0,1,0,0,8.881975184248867,5.062595033026967,3.4339872044851463,8.589885876809678,7.896924656268864,6.511745329644728
6.0,65.0,157.0,7200.0,650.0,,,,2022.0,3.0,1,7.0,0,0,0,0,0,0,0,0,1,0,0,8.881975184248867,5.062595033026967,4.189654742026425,,,
6.0,25.0,157.0,7200.0,2000.0,6144.0,3072.0,768.0,,,1,7.0,0,0,0,0,0,0,0,0,1,0,0,8.881975184248867,5.062595033026967,3.258096538021482,8.723394022000136,8.030409562130485,6.645090969505644
6.0,25.0,157.0,7200.0,1150.0,6758.0,3379.0,844.8,2022.0,3.0,1,7.0,0,0,0,0,0,0,0,0,1,0,0,8.881975184248867,5.062595033026967,3.258096538021482,8.818630229100354,8.125630988477065,6.740282925038388
6.0,35.0,157.0,7200.0,1550.0,8397.0,4198.0,1050.0,2022.0,3.0,1,7.0,0,0,0,0,0,0,0,0,1,0,0,8.881975184248867,5.062595033026967,3.58351893845611,9.035748861244139,8.342601680684194,6.957497370876951
6.0,75.0,157.0,7200.0,2000.0,8397.0,4198.0,,2022.0,6.0,1,7.0,0,0,0,0,0,0,0,0,1,0,0,8.881975184248867,5.062595033026967,4.330733340286331,9.035748861244139,8.342601680684194,
6.0,60.0,406.0,21700.0,900.0,16790.0,8397.0,,,,1,7.0,0,0,0,0,0,0,0,0,1,0,0,9.985113621416073,6.008813185442595,4.110873864173311,9.72859830755947,9.035748861244139,
6.0,65.0,406.0,21700.0,650.0,,,,,,1,7.0,0,0,0,0,0,0,0,0,1,0,0,9.985113621416073,6.008813185442595,4.189654742026425,,,
6.0,80.0,406.0,21700.0,1100.0,25190.0,12600.0,,,,1,7.0,0,0,0,0,0,0,0,0,1,0,0,9.985113621416073,6.008813185442595,4.394449154672439,10.134242066851673,9.441531454869693,
6.0,225.0,406.0,21700.0,2050.0,34410.0,17200.0,,2022.0,10.0,1,7.0,0,0,0,0,0,0,0,0,1,0,0,9.985113621416073,6.008813185442595,5.420534999272286,10.446131559688638,9.75272280064639,
6.0,225.0,406.0,21700.0,2100.0,39320.0,19660.0,,2022.0,10.0,1,7.0,0,0,0,0,0,0,0,0,1,0,0,9.985113621416073,6.008813185442595,5.420534999272286,10.579514006287654,9.886392257107492,
6.0,120.0,406.0,21700.0,1650.0,33590.0,16790.0,,,,1,7.0,0,0,0,0,0,0,0,0,1,0,0,9.985113621416073,6.008813185442595,4.795790545596741,10.422013452928306,9.72859830755947,
6.0,200.0,406.0,21700.0,2200.0,36040.0,18020.0,,,,1,7.0,0,0,0,0,0,0,0,0,1,0,0,9.985113621416073,6.008813185442595,5.303304908059076,10.49241245828517,9.79929302351827,
6.0,50.0,157.0,7200.0,1500.0,8192.0,4096.0,1024.0,2022.0,8.0,1,7.0,0,0,0,0,0,0,0,0,1,0,0,8.881975184248867,5.062595033026967,3.9318256327243257,9.011035410141815,8.318010277546872,6.932447891572509
6.0,50.0,157.0,7200.0,1500.0,6963.0,3482.0,870.4,2022.0,8.0,1,7.0,0,0,0,0,0,0,0,0,1,0,0,8.881975184248867,5.062595033026967,3.9318256327243257,8.848509300888079,8.155649270366002,6.770101113683341
6.0,75.0,157.0,7200.0,2000.0,9626.0,4813.0,1203.0,2022.0,8.0,1,7.0,0,0,0,0,0,0,0,0,1,0,0,8.881975184248867,5.062595033026967,4.330733340286331,9.172326929777967,8.479283618343016,7.093404625868766
10.0,500.0,190.0,8000.0,900.0,29490.0,14750.0,3686.0,,,1,7.0,0,0,0,1,0,0,0,0,0,0,0,8.987321812850125,5.25227342804663,6.2166061010848646,10.29184041103433,9.599066156080049,8.212568398234145
6.0,75.0,157.0,7200.0,1600.0,7987.0,3994.0,,2022.0,8.0,1,7.0,0,0,0,0,0,0,0,0,1,0,0,8.881975184248867,5.062595033026967,4.330733340286331,8.985695694535705,8.292798858200374,
6.0,150.0,406.0,21700.0,1950.0,33590.0,16790.0,,2022.0,8.0,1,7.0,0,0,0,0,0,0,0,0,1,0,0,9.985113621416073,6.008813185442595,5.017279836814924,10.422013452928306,9.72859830755947,
10.0,45.0,169.0,1170.0,300.0,3072.0,1536.0,384.0,2022.0,1.0,1,7.0,0,0,0,1,0,0,0,0,0,0,0,7.065613363597717,5.135798437050262,3.828641396489095,8.030409562130485,7.337587743538596,5.953243334287785
10.0,45.0,169.0,1170.0,300.0,4301.0,2150.0,537.6,2022.0,1.0,1,7.0,0,0,0,1,0,0,0,0,0,0,0,7.065613363597717,5.135798437050262,3.828641396489095,8.366835309827675,7.67368812926773,6.288973180377498
10.0,15.0,169.0,1170.0,300.0,614.4,307.2,76.8,2022.0,1.0,1,7.0,0,0,0,1,0,0,0,0,0,0,0,7.065613363597717,5.135798437050262,2.772588722239781,6.422272462887942,5.730748922886015,4.354141431184346
10.0,45.0,169.0,1170.0,300.0,1766.0,883.2,220.8,2022.0,1.0,1,7.0,0,0,0,1,0,0,0,0,0,0,0,7.065613363597717,5.135798437050262,3.828641396489095,7.4770384723196965,6.784683281392143,5.401776074916267
10.0,45.0,169.0,1170.0,300.0,2867.0,1434.0,358.4,2022.0,1.0,1,7.0,0,0,0,1,0,0,0,0,0,0,0,7.065613363597717,5.135798437050262,3.828641396489095,7.961370201719511,7.268920128193722,5.884435974349459
10.0,15.0,169.0,1170.0,300.0,665.6,332.8,,2022.0,1.0,1,7.0,0,0,0,1,0,0,0,0,0,0,0,7.065613363597717,5.135798437050262,2.772588722239781,6.502190165873639,5.810542011227735,
10.0,15.0,169.0,1170.0,300.0,1075.0,537.6,,2022.0,1.0,1,7.0,0,0,0,1,0,0,0,0,0,0,0,7.065613363597717,5.135798437050262,2.772588722239781,6.98100574072173,6.288973180377498,
10.0,15.0,169.0,1170.0,300.0,1587.0,793.6,,2022.0,9.0,1,7.0,0,0,0,1,0,0,0,0,0,0,0,7.065613363597717,5.135798437050262,2.772588722239781,7.370230641807081,6.677838843380498,
10.0,65.0,169.0,1170.0,650.0,,,,2022.0,9.0,1,7.0,0,0,0,1,0,0,0,0,0,0,0,7.065613363597717,5.135798437050262,4.189654742026425,,,
7.0,250.0,826.0,54200.0,765.0,77970.0,19490.0,9746.0,2022.0,11.0,1,8.0,0,0,0,0,0,0,0,0,1,0,0,10.900454637442037,6.717804695023691,5.5254529391317835,11.264092241667084,9.877708099548641,9.18471482433721
7.0,250.0,826.0,54200.0,1065.0,77970.0,19490.0,9746.0,2022.0,11.0,1,8.0,0,0,0,0,0,0,0,0,1,0,0,10.900454637442037,6.717804695023691,5.5254529391317835,11.264092241667084,9.877708099548641,9.18471482433721
7.0,400.0,826.0,54200.0,1155.0,77970.0,19490.0,9746.0,2022.0,8.0,1,8.0,0,0,0,0,0,0,0,0,1,0,0,10.900454637442037,6.717804695023691,5.993961427306569,11.264092241667084,9.877708099548641,9.18471482433721
12.0,75.0,200.0,4700.0,1740.0,3656.0,1828.0,57.12,2022.0,6.0,1,8.0,0,0,0,0,0,0,0,0,1,0,0,8.45553053102413,5.303304908059076,4.330733340286331,8.204398418149381,7.511524648390866,4.062509838702082
8.0,90.0,200.0,8700.0,1545.0,8018.0,8018.0,125.3,,,1,8.0,0,0,0,0,0,0,1,0,0,0,0,9.071193240566025,5.303304908059076,4.51085950651685,8.989569004807029,8.989569004807029,4.838660029356445
8.0,130.0,276.0,12000.0,1552.0,9098.0,9098.0,142.2,2022.0,1.0,1,8.0,0,0,0,0,0,0,1,0,0,0,0,9.392745258631441,5.6240175061873385,4.875197323201151,9.11591979635669,9.11591979635669,4.964242254526545
8.0,115.0,200.0,8700.0,1552.0,9098.0,9098.0,142.2,2022.0,12.0,1,8.0,0,0,0,0,0,0,1,0,0,0,0,9.071193240566025,5.303304908059076,4.7535901911063645,9.11591979635669,9.11591979635669,4.964242254526545
8.0,35.0,200.0,8700.0,757.0,4608.0,4608.0,72.0,2022.0,7.0,1,8.0,0,0,0,0,0,0,1,0,0,0,0,9.071193240566025,5.303304908059076,3.58351893845611,8.435766192720509,8.435766192720509,4.290459441148391
8.0,35.0,200.0,8700.0,622.0,5069.0,5069.0,79.2,2022.0,7.0,1,8.0,0,0,0,0,0,0,1,0,0,0,0,9.071193240566025,5.303304908059076,3.58351893845611,8.531096096585228,8.531096096585228,4.384523514872469
8.0,45.0,200.0,8700.0,652.0,6180.0,6180.0,96.56,2022.0,7.0,1,8.0,0,0,0,0,0,0,1,0,0,0,0,9.071193240566025,5.303304908059076,3.828641396489095,8.729235349659273,8.729235349659273,4.580467573347719
8.0,75.0,200.0,8700.0,1237.0,7639.0,7639.0,119.4,2022.0,7.0,1,8.0,0,0,0,0,0,0,1,0,0,0,0,9.071193240566025,5.303304908059076,4.330733340286331,8.941152882160566,8.941152882160566,4.79081953287472
8.0,170.0,276.0,12000.0,1320.0,12740.0,12740.0,199.0,2022.0,10.0,1,8.0,0,0,0,0,0,0,1,0,0,0,0,9.392745258631441,5.6240175061873385,5.14166355650266,9.45258041898138,9.45258041898138,5.298317366548036
8.0,195.0,392.0,17400.0,1320.0,12740.0,12740.0,199.0,,,1,8.0,0,0,0,0,0,0,1,0,0,0,0,9.76428295481558,5.973809611869261,5.278114659230517,9.45258041898138,9.45258041898138,5.298317366548036
8.0,200.0,496.0,22000.0,1410.0,16200.0,16200.0,253.1,2022.0,2.0,1,8.0,0,0,0,0,0,0,1,0,0,0,0,9.99884318585288,6.208590026096629,5.303304908059076,9.692828247710418,9.692828247710418,5.537727890326118
8.0,65.0,496.0,22000.0,650.0,,,,2022.0,1.0,1,8.0,0,0,0,0,0,0,1,0,0,0,0,9.99884318585288,6.208590026096629,4.189654742026425,,,
8.0,225.0,392.0,17400.0,1410.0,16200.0,16200.0,253.1,2022.0,10.0,1,8.0,0,0,0,0,0,0,1,0,0,0,0,9.76428295481558,5.973809611869261,5.420534999272286,9.692828247710418,9.692828247710418,5.537727890326118
8.0,290.0,392.0,17400.0,1575.0,21750.0,21750.0,339.8,,,1,8.0,0,0,0,0,0,0,1,0,0,0,0,9.76428295481558,5.973809611869261,5.673323267171493,9.987415012471414,9.987415012471414,5.83129579495516
8.0,290.0,628.0,28300.0,1575.0,21750.0,21750.0,339.8,2022.0,10.0,1,8.0,0,0,0,0,0,0,1,0,0,0,0,10.250652418696085,6.444131256700441,5.673323267171493,9.987415012471414,9.987415012471414,5.83129579495516
8.0,115.0,392.0,17400.0,915.0,16600.0,16600.0,259.4,2022.0,1.0,1,8.0,0,0,0,0,0,0,1,0,0,0,0,9.76428295481558,5.973809611869261,4.7535901911063645,9.717218213494077,9.717218213494077,5.562218910334414
8.0,220.0,392.0,17400.0,915.0,16600.0,16600.0,259.4,,,1,8.0,0,0,0,0,0,0,1,0,0,0,0,9.76428295481558,5.973809611869261,5.3981627015177525,9.717218213494077,9.717218213494077,5.562218910334414
8.0,350.0,628.0,28300.0,1260.0,30640.0,30640.0,478.8,2022.0,1.0,1,8.0,0,0,0,0,0,0,1,0,0,0,0,10.250652418696085,6.444131256700441,5.860786223465865,10.330094260397669,10.330094260397669,6.173369350405594
8.0,80.0,496.0,22000.0,585.0,16700.0,16700.0,261.0,2022.0,1.0,1,8.0,0,0,0,0,0,0,1,0,0,0,0,9.99884318585288,6.208590026096629,4.394449154672439,9.723223876851618,9.723223876851618,5.568344503761097
8.0,115.0,496.0,22000.0,810.0,18710.0,18710.0,292.3,2022.0,1.0,1,8.0,0,0,0,0,0,0,1,0,0,0,0,9.99884318585288,6.208590026096629,4.7535901911063645,9.836866865194231,9.836866865194231,5.681195975983405
8.0,450.0,628.0,28300.0,1560.0,40000.0,40000.0,625.0,2022.0,1.0,1,8.0,0,0,0,0,0,0,1,0,0,0,0,10.250652418696085,6.444131256700441,6.111467339502679,10.596659732783579,10.596659732783579,6.439350371100098
5.0,320.0,379.0,45900.0,2205.0,48740.0,48740.0,761.5,2022.0,9.0,1,8.0,0,0,0,0,0,0,0,0,1,0,0,10.734242182303689,5.940171252720432,5.771441123130016,10.79427584399786,10.79427584399786,6.636602508481567
5.0,65.0,379.0,45900.0,650.0,,,,2022.0,9.0,1,8.0,0,0,0,0,0,0,0,0,1,0,0,10.734242182303689,5.940171252720432,4.189654742026425,,,
5.0,285.0,294.0,35800.0,2310.0,40090.0,40090.0,626.4,,,1,8.0,0,0,0,0,0,0,0,0,1,0,0,10.485731104959568,5.68697535633982,5.655991810819852,10.598907149201738,10.598907149201738,6.441584295756578
5.0,65.0,294.0,35800.0,650.0,,,,2023.0,1.0,1,8.0,0,0,0,0,0,0,0,0,1,0,0,10.485731104959568,5.68697535633982,4.189654742026425,,,
5.0,450.0,609.0,76300.0,2235.0,82580.0,82580.0,1290.0,2022.0,9.0,1,8.0,0,0,0,0,0,0,0,0,1,0,0,11.242441323346558,6.413458957167357,6.111467339502679,11.321534908836368,11.321534908836368,7.1631723908466425
5.0,65.0,609.0,76300.0,650.0,,,,2022.0,9.0,1,8.0,0,0,0,0,0,0,0,0,1,0,0,11.242441323346558,6.413458957167357,4.189654742026425,,,
5.0,300.0,609.0,76300.0,735.0,90520.0,90520.0,1414.0,2022.0,10.0,1,8.0,0,0,0,0,0,0,0,0,1,0,0,11.242441323346558,6.413458957167357,5.707110264748875,11.413337146968821,11.413337146968821,7.254884810077338
5.0,300.0,609.0,76300.0,1005.0,89970.0,89970.0,1406.0,2022.0,10.0,1,8.0,0,0,0,0,0,0,0,0,1,0,0,11.242441323346558,6.413458957167357,5.707110264748875,11.407242675165445,11.407242675165445,7.249215057114389
5.0,300.0,609.0,76300.0,1005.0,89970.0,89970.0,1406.0,2022.0,10.0,1,8.0,0,0,0,0,0,0,0,0,1,0,0,11.242441323346558,6.413458957167357,5.707110264748875,11.407242675165445,11.407242675165445,7.249215057114389
5.0,300.0,609.0,76300.0,1110.0,91610.0,91610.0,1431.0,2022.0,10.0,1,8.0,0,0,0,0,0,0,0,0,1,0,0,11.242441323346558,6.413458957167357,5.707110264748875,11.42530663078856,11.42530663078856,7.266827347520591
5.0,300.0,609.0,76300.0,915.0,91060.0,91060.0,1423.0,2022.0,12.0,1,8.0,0,0,0,0,0,0,0,0,1,0,0,11.242441323346558,6.413458957167357,5.707110264748875,11.419284890598735,11.419284890598735,7.261225091971921
8.0,35.0,200.0,8700.0,630.0,4669.0,4669.0,72.96,2022.0,3.0,1,8.0,0,0,0,0,0,0,1,0,0,0,0,9.071193240566025,5.303304908059076,3.58351893845611,8.448914350662942,8.448914350662942,4.303524406518924
8.0,60.0,200.0,8700.0,630.0,4669.0,4669.0,72.96,2022.0,3.0,1,8.0,0,0,0,0,0,0,1,0,0,0,0,9.071193240566025,5.303304908059076,4.110873864173311,8.448914350662942,8.448914350662942,4.303524406518924
8.0,60.0,200.0,8700.0,652.0,5837.0,5837.0,91.2,2022.0,3.0,1,8.0,0,0,0,0,0,0,1,0,0,0,0,9.071193240566025,5.303304908059076,4.110873864173311,8.67214355141406,8.67214355141406,4.523960130562548
8.0,35.0,200.0,8700.0,607.0,6026.0,6026.0,94.16,2022.0,3.0,1,8.0,0,0,0,0,0,0,1,0,0,0,0,9.071193240566025,5.303304908059076,3.58351893845611,8.704004653483045,8.704004653483045,4.555559685434757
8.0,115.0,392.0,17400.0,855.0,11800.0,11800.0,184.3,2022.0,3.0,1,8.0,0,0,0,0,0,0,1,0,0,0,0,9.76428295481558,5.973809611869261,4.7535901911063645,9.375939552625749,9.375939552625749,5.221976133291314
8.0,80.0,392.0,17400.0,510.0,14310.0,14310.0,223.6,2022.0,3.0,1,8.0,0,0,0,0,0,0,1,0,0,0,0,9.76428295481558,5.973809611869261,4.394449154672439,9.568783751310876,9.568783751310876,5.414321042304342
8.0,80.0,392.0,17400.0,510.0,14310.0,14310.0,223.6,2022.0,3.0,1,8.0,0,0,0,0,0,0,1,0,0,0,0,9.76428295481558,5.973809611869261,4.394449154672439,9.568783751310876,9.568783751310876,5.414321042304342
8.0,140.0,392.0,17400.0,930.0,17660.0,17660.0,276.0,2022.0,3.0,1,8.0,0,0,0,0,0,0,1,0,0,0,0,9.76428295481558,5.973809611869261,4.948759890378168,9.779114097696372,9.779114097696372,5.6240175061873385
8.0,20.0,200.0,8700.0,435.0,5468.0,5468.0,85.44,2022.0,3.0,1,8.0,0,0,0,0,0,0,1,0,0,0,0,9.071193240566025,5.303304908059076,3.044522437723423,8.606851063346772,8.606851063346772,4.459450531638685
8.0,65.0,200.0,8700.0,832.0,6296.0,6296.0,98.37,2022.0,3.0,1,8.0,0,0,0,0,0,0,1,0,0,0,0,9.071193240566025,5.303304908059076,4.189654742026425,8.747828608488742,8.747828608488742,4.598850257243272
8.0,230.0,628.0,28300.0,1080.0,34100.0,34100.0,532.8,2022.0,3.0,1,8.0,0,0,0,0,0,0,1,0,0,0,0,10.250652418696085,6.444131256700441,5.442417710521793,10.43708198835482,10.43708198835482,6.280021236970423
8.0,80.0,496.0,22000.0,585.0,18710.0,18710.0,292.3,2022.0,3.0,1,8.0,0,0,0,0,0,0,1,0,0,0,0,9.99884318585288,6.208590026096629,4.394449154672439,9.836866865194231,9.836866865194231,5.681195975983405
8.0,165.0,496.0,22000.0,975.0,22270.0,22270.0,348.0,2022.0,3.0,1,8.0,0,0,0,0,0,0,1,0,0,0,0,9.99884318585288,6.208590026096629,5.111987788356544,10.01104066270085,10.01104066270085,5.855071922202427
12.0,23.0,200.0,4700.0,1065.0,6820.0,3410.0,106.6,,,1,8.0,0,0,0,0,0,0,0,0,1,0,0,8.45553053102413,5.303304908059076,3.1780538303479458,8.82776136765472,8.134760782418645,4.678420647727684
12.0,260.0,754.0,18600.0,1305.0,28750.0,14380.0,449.3,,,1,8.0,0,0,0,0,0,0,0,0,1,0,0,9.83097062169695,6.626717749249025,5.564520407322694,10.266427828229292,9.57366316988638,6.109914027307526
4.0,30.0,178.0,25390.0,1500.0,16590.0,8294.0,518.4,2023.0,6.0,1,6.0,0,0,0,0,0,0,0,0,1,0,0,10.142150059508008,5.187385805840755,3.4339872044851463,9.716615658643356,9.023408202624545,6.252674299228648
4.0,65.0,178.0,25390.0,650.0,,,,2023.0,1.0,1,6.0,0,0,0,0,0,0,0,0,1,0,0,10.142150059508008,5.187385805840755,4.189654742026425,,,
4.0,30.0,178.0,25390.0,1500.0,5120.0,2560.0,160.0,,,1,6.0,0,0,0,0,0,0,0,0,1,0,0,10.142150059508008,5.187385805840755,3.4339872044851463,8.54110501146255,7.848153086199526,5.081404364984463
5.0,15.0,264.0,1170.0,400.0,1126.0,563.2,35.2,2023.0,1.0,1,6.0,0,0,0,0,0,0,0,0,1,0,0,7.065613363597717,5.579729825986222,2.772588722239781,7.027314514039777,6.335408798567896,3.5890591188317256
5.0,65.0,264.0,1170.0,650.0,,,,2023.0,1.0,1,6.0,0,0,0,0,0,0,0,0,1,0,0,7.065613363597717,5.579729825986222,4.189654742026425,,,
6.0,40.0,208.0,13100.0,1500.0,2918.0,1459.0,91.2,2023.0,1.0,1,6.0,0,0,0,0,0,0,0,0,1,0,0,9.48044384215367,5.342334251964811,3.713572066704308,7.978996370854115,7.286191714702382,4.523960130562548
6.0,65.0,208.0,13100.0,650.0,,,,2023.0,1.0,1,6.0,0,0,0,0,0,0,0,0,1,0,0,9.48044384215367,5.342334251964811,4.189654742026425,,,
6.0,50.0,208.0,13100.0,2000.0,6758.0,3379.0,211.2,2023.0,1.0,1,6.0,0,0,0,0,0,0,0,0,1,0,0,9.48044384215367,5.342334251964811,3.9318256327243257,8.818630229100354,8.125630988477065,5.357529226179882
4.0,15.0,178.0,25390.0,800.0,5120.0,2560.0,160.0,2023.0,1.0,1,6.0,0,0,0,0,0,0,0,0,1,0,0,10.142150059508008,5.187385805840755,2.772588722239781,8.54110501146255,7.848153086199526,5.081404364984463
4.0,15.0,178.0,25390.0,800.0,10650.0,5323.0,332.7,2023.0,1.0,1,6.0,0,0,0,0,0,0,0,0,1,0,0,10.142150059508008,5.187385805840755,2.772588722239781,9.273409063443166,8.579980179515003,5.810242385757328
4.0,15.0,178.0,25390.0,800.0,16590.0,8294.0,518.4,2023.0,1.0,1,6.0,0,0,0,0,0,0,0,0,1,0,0,10.142150059508008,5.187385805840755,2.772588722239781,9.716615658643356,9.023408202624545,6.252674299228648
5.0,600.0,1017.0,153000.0,1000.0,383000.0,47870.0,47870.0,2023.0,1.0,1,6.0,0,0,0,0,0,0,0,0,1,0,0,11.938199736300925,6.925595197110468,6.398594934535208,12.855792879125431,10.776265172078537,10.776265172078537
5.0,65.0,1017.0,153000.0,650.0,,,,2023.0,1.0,1,6.0,0,0,0,0,0,0,0,0,1,0,0,11.938199736300925,6.925595197110468,4.189654742026425,,,
5.0,750.0,1017.0,153000.0,1000.0,653700.0,81720.0,81720.0,2023.0,12.0,1,6.0,0,0,0,0,0,0,0,0,1,0,0,11.938199736300925,6.925595197110468,6.621405651764134,13.39040533935336,11.311066285763198,11.311066285763198
6.0,70.0,204.0,13300.0,1500.0,24370.0,12190.0,380.8,2023.0,8.0,1,6.0,0,0,0,0,0,0,0,0,1,0,0,9.495594499353297,5.3230099791384085,4.2626798770413155,10.101149179835646,9.408453253565146,5.944896911291647
6.0,65.0,204.0,13300.0,650.0,,,,2023.0,1.0,1,6.0,0,0,0,0,0,0,0,0,1,0,0,9.495594499353297,5.3230099791384085,4.189654742026425,,,
6.0,130.0,204.0,13300.0,1720.0,39980.0,19990.0,624.6,2023.0,8.0,1,6.0,0,0,0,0,0,0,0,0,1,0,0,9.495594499353297,5.3230099791384085,4.875197323201151,10.596159620247837,9.903037451255743,6.4387111892311015
5.0,190.0,346.0,28100.0,1900.0,63900.0,31950.0,998.4,2023.0,11.0,1,6.0,0,0,0,0,0,0,0,0,1,0,0,10.243560441877241,5.849324779946859,5.25227342804663,11.065090289695444,10.37195875822042,6.9071550989101045
5.0,65.0,346.0,28100.0,650.0,,,,2023.0,8.0,1,6.0,0,0,0,0,0,0,0,0,1,0,0,10.243560441877241,5.849324779946859,4.189654742026425,,,
5.0,260.0,529.0,57700.0,1855.0,89560.0,44780.0,1399.0,2023.0,4.0,1,6.0,0,0,0,0,0,0,0,0,1,0,0,10.96302978336854,6.272877006546167,5.564520407322694,11.402675236349328,10.70953922130135,7.24422751560335
5.0,295.0,529.0,57700.0,1855.0,122600.0,61320.0,1916.0,2023.0,4.0,1,6.0,0,0,0,0,0,0,0,0,1,0,0,10.96302978336854,6.272877006546167,5.69035945432406,11.716690459057835,11.023877640745798,7.558516743045645
6.0,50.0,107.0,5400.0,2000.0,7557.0,3779.0,236.2,2023.0,1.0,1,6.0,0,0,0,0,0,0,0,0,1,0,0,8.594339400592892,4.68213122712422,3.9318256327243257,8.930361883909434,8.237479288613633,5.468903667123571
6.0,80.0,107.0,5400.0,2000.0,11630.0,5816.0,363.5,2023.0,1.0,1,6.0,0,0,0,0,0,0,0,0,1,0,0,8.594339400592892,4.68213122712422,4.394449154672439,9.36142922633904,8.668539943910762,5.898526551448713
6.0,50.0,107.0,5400.0,2000.0,9830.0,4915.0,307.2,2023.0,1.0,1,6.0,0,0,0,0,0,0,0,0,1,0,0,8.594339400592892,4.68213122712422,3.9318256327243257,9.193295937366925,8.500250470685925,5.730748922886015
7.0,250.0,335.0,17200.0,2321.0,26430.0,13210.0,825.9,2023.0,10.0,1,6.0,0,0,0,0,0,0,0,0,1,0,0,9.75272280064639,5.817111159963204,5.5254529391317835,10.182292842675238,9.488805094878353,6.717683768728121
6.0,100.0,204.0,13300.0,1452.0,18840.0,9421.0,294.4,,,1,6.0,0,0,0,0,0,0,0,0,1,0,0,9.495594499353297,5.3230099791384085,4.61512051684126,9.843790625278,9.150802659259986,5.68833037009728
6.0,165.0,204.0,13300.0,1720.0,43500.0,21750.0,679.7,2023.0,5.0,1,6.0,0,0,0,0,0,0,0,0,1,0,0,9.495594499353297,5.3230099791384085,5.111987788356544,10.680539205318292,9.987415012471414,6.523121680453905
6.0,90.0,204.0,13300.0,1500.0,34550.0,17270.0,539.8,2023.0,1.0,1,6.0,0,0,0,0,0,0,0,0,1,0,0,9.495594499353297,5.3230099791384085,4.51085950651685,10.450191772337018,9.756784073343919,6.293049524728755
6.0,120.0,204.0,13300.0,1437.0,42730.0,21360.0,667.6,2023.0,1.0,1,6.0,0,0,0,0,0,0,0,0,1,0,0,9.495594499353297,5.3230099791384085,4.795790545596741,10.662679931125757,9.969322108457675,6.5051859739859985
6.0,75.0,204.0,13300.0,1500.0,31540.0,15770.0,492.8,2023.0,1.0,1,6.0,0,0,0,0,0,0,0,0,1,0,0,9.495594499353297,5.3230099791384085,4.330733340286331,10.359043565784862,9.665928089487558,6.202130576911079
5.0,200.0,346.0,28100.0,1900.0,63900.0,31950.0,998.4,,,1,6.0,0,0,0,0,0,0,0,0,1,0,0,10.243560441877241,5.849324779946859,5.303304908059076,11.065090289695444,10.37195875822042,6.9071550989101045
5.0,245.0,346.0,28100.0,1700.0,70340.0,35170.0,1099.0,2023.0,8.0,1,6.0,0,0,0,0,0,0,0,0,1,0,0,10.243560441877241,5.849324779946859,5.5053315359323625,11.161110122588845,10.467977158387665,7.003065458786462
6.0,100.0,204.0,13300.0,1500.0,40960.0,20480.0,640.0,2023.0,1.0,1,6.0,0,0,0,0,0,0,0,0,1,0,0,9.495594499353297,5.3230099791384085,4.61512051684126,10.620375673477872,9.92725290608639,6.46302945692067
5.0,263.0,346.0,28100.0,1295.0,74650.0,37320.0,1166.0,2023.0,8.0,1,6.0,0,0,0,0,0,0,0,0,1,0,0,10.243560441877241,5.849324779946859,5.575949103146316,11.2205791987249,10.527311449886323,7.062191632286556
5.0,260.0,529.0,57700.0,1287.0,91960.0,45980.0,1437.0,2023.0,7.0,1,6.0,0,0,0,0,0,0,0,0,1,0,0,10.96302978336854,6.272877006546167,5.564520407322694,11.429119853111164,10.735983546667017,7.271008538280992
5.0,180.0,529.0,57700.0,1825.0,77050.0,38520.0,1204.0,2023.0,10.0,1,6.0,0,0,0,0,0,0,0,0,1,0,0,10.96302978336854,6.272877006546167,5.198497031265826,11.252222819249376,10.558958826115072,7.094234845924755
5.0,405.0,529.0,57700.0,2500.0,176900.0,88450.0,2764.0,,,1,6.0,0,0,0,0,0,0,0,0,1,0,0,10.96302978336854,6.272877006546167,6.0063531596017325,12.083345533043149,11.39020400534652,7.9247959139564355
6.0,15.0,131.0,2400.0,1000.0,3277.0,1638.0,102.4,2023.0,11.0,1,6.0,0,0,0,0,0,0,0,0,1,0,0,7.783640596221253,4.882801922586371,2.772588722239781,8.094988759303774,7.40184157874383,4.638604962074329
6.0,65.0,131.0,2400.0,650.0,,,,2023.0,11.0,1,6.0,0,0,0,0,0,0,0,0,1,0,0,7.783640596221253,4.882801922586371,4.189654742026425,,,
6.0,35.0,157.0,7200.0,1550.0,8192.0,4096.0,1024.0,2023.0,1.0,1,7.0,0,0,0,0,0,0,0,0,1,0,0,8.881975184248867,5.062595033026967,3.58351893845611,9.011035410141815,8.318010277546872,6.932447891572509
6.0,65.0,269.0,11500.0,900.0,7987.0,3994.0,,2023.0,8.0,1,7.0,0,0,0,0,0,0,0,0,1,0,0,9.350189267092581,5.598421958998375,4.189654742026425,8.985695694535705,8.292798858200374,
6.0,65.0,269.0,11500.0,650.0,,,,2023.0,6.0,1,7.0,0,0,0,0,0,0,0,0,1,0,0,9.350189267092581,5.598421958998375,4.189654742026425,,,
6.0,75.0,269.0,11500.0,900.0,10650.0,5325.0,,2023.0,8.0,1,7.0,0,0,0,0,0,0,0,0,1,0,0,9.350189267092581,5.598421958998375,4.330733340286331,9.273409063443166,8.580355766373877,
6.0,175.0,406.0,21700.0,1700.0,24580.0,12290.0,,2023.0,10.0,1,7.0,0,0,0,0,0,0,0,0,1,0,0,9.985113621416073,6.008813185442595,5.170483995038151,10.109729065774982,9.416622566214981,
6.0,130.0,269.0,11500.0,900.0,16790.0,8397.0,,2023.0,6.0,1,7.0,0,0,0,0,0,0,0,0,1,0,0,9.350189267092581,5.598421958998375,4.875197323201151,9.72859830755947,9.035748861244139,
6.0,95.0,269.0,11500.0,900.0,10650.0,5325.0,,2023.0,6.0,1,7.0,0,0,0,0,0,0,0,0,1,0,0,9.350189267092581,5.598421958998375,4.564348191467836,9.273409063443166,8.580355766373877,
10.0,300.0,1280.0,100000.0,1000.0,22220.0,22220.0,22220.0,2023.0,1.0,1,7.0,0,0,0,1,0,0,0,0,0,0,0,11.51293546492023,7.155396301896734,5.707110264748875,10.008793066681399,10.008793066681399,10.008793066681399
10.0,65.0,1280.0,100000.0,650.0,,,,2023.0,1.0,1,7.0,0,0,0,1,0,0,0,0,0,0,0,11.51293546492023,7.155396301896734,4.189654742026425,,,
10.0,450.0,1280.0,100000.0,750.0,44440.0,44440.0,44440.0,2023.0,1.0,1,7.0,0,0,0,1,0,0,0,0,0,0,0,11.51293546492023,7.155396301896734,6.111467339502679,10.70191774575062,10.70191774575062,10.70191774575062
10.0,600.0,1280.0,100000.0,900.0,52430.0,52430.0,52430.0,2023.0,1.0,1,7.0,0,0,0,1,0,0,0,0,0,0,0,11.51293546492023,7.155396301896734,6.398594934535208,10.867253298434472,10.867253298434472,10.867253298434472
10.0,2400.0,1280.0,100000.0,900.0,52430.0,52430.0,52430.0,2023.0,1.0,1,7.0,0,0,0,1,0,0,0,0,0,0,0,11.51293546492023,7.155396301896734,7.783640596221253,10.867253298434472,10.867253298434472,10.867253298434472
10.0,15.0,169.0,1170.0,300.0,3712.0,1856.0,,2023.0,1.0,1,7.0,0,0,0,1,0,0,0,0,0,0,0,7.065613363597717,5.135798437050262,2.772588722239781,8.21959545417708,7.526717561352706,
10.0,15.0,169.0,1170.0,300.0,3994.0,1997.0,,2023.0,1.0,1,7.0,0,0,0,1,0,0,0,0,0,0,0,7.065613363597717,5.135798437050262,2.772588722239781,8.292798858200374,7.599901959208498,
10.0,15.0,169.0,1170.0,300.0,2560.0,1280.0,,2023.0,1.0,1,7.0,0,0,0,1,0,0,0,0,0,0,0,7.065613363597717,5.135798437050262,2.772588722239781,7.848153086199526,7.155396301896734,
10.0,15.0,169.0,1170.0,300.0,614.4,307.2,76.8,2023.0,1.0,1,7.0,0,0,0,1,0,0,0,0,0,0,0,7.065613363597717,5.135798437050262,2.772588722239781,6.422272462887942,5.730748922886015,4.354141431184346
10.0,15.0,169.0,1170.0,300.0,742.4,371.2,92.8,2023.0,1.0,1,7.0,0,0,0,1,0,0,0,0,0,0,0,7.065613363597717,5.135798437050262,2.772588722239781,6.611234257863152,5.91943134420815,4.541164856012179
10.0,15.0,169.0,1170.0,300.0,1190.0,595.2,,2023.0,1.0,1,7.0,0,0,0,1,0,0,0,0,0,0,0,7.065613363597717,5.135798437050262,2.772588722239781,7.0825485693553,6.390576181243971,
10.0,15.0,169.0,1170.0,300.0,1638.0,819.2,,2023.0,1.0,1,7.0,0,0,0,1,0,0,0,0,0,0,0,7.065613363597717,5.135798437050262,2.772588722239781,7.40184157874383,6.709548212957959,
5.0,150.0,159.0,18900.0,2505.0,13520.0,13520.0,211.2,,,1,8.0,0,0,0,0,0,0,0,0,1,0,0,9.846970109700957,5.075173815233827,5.017279836814924,9.511999311358759,9.511999311358759,5.357529226179882
5.0,65.0,159.0,18900.0,650.0,,,,2023.0,1.0,1,8.0,0,0,0,0,0,0,0,0,1,0,0,9.846970109700957,5.075173815233827,4.189654742026425,,,
5.0,35.0,159.0,18900.0,1140.0,8218.0,8218.0,128.4,2023.0,1.0,1,8.0,0,0,0,0,0,0,0,0,1,0,0,9.846970109700957,5.075173815233827,3.58351893845611,9.0142038261485,9.0142038261485,4.8629083820668
5.0,50.0,159.0,18900.0,1455.0,8986.0,8986.0,140.4,2023.0,1.0,1,8.0,0,0,0,0,0,0,0,0,1,0,0,9.846970109700957,5.075173815233827,3.9318256327243257,9.103534367658373,9.103534367658373,4.951592753462473
5.0,115.0,159.0,18900.0,1830.0,15110.0,15110.0,236.2,2023.0,5.0,1,8.0,0,0,0,0,0,0,0,0,1,0,0,9.846970109700957,5.075173815233827,4.7535901911063645,9.62317823441376,9.62317823441376,5.468903667123571
5.0,200.0,188.0,22900.0,1830.0,19470.0,19470.0,304.2,,,1,8.0,0,0,0,0,0,0,0,0,1,0,0,10.038935856711177,5.241747015059643,5.303304908059076,9.876681458115621,9.876681458115621,5.720967299410302
5.0,65.0,188.0,22900.0,650.0,,,,2023.0,1.0,1,8.0,0,0,0,0,0,0,0,0,1,0,0,10.038935856711177,5.241747015059643,4.189654742026425,,,
5.0,35.0,159.0,18900.0,1140.0,9032.0,9032.0,141.1,2023.0,1.0,1,8.0,0,0,0,0,0,0,0,0,1,0,0,9.846970109700957,5.075173815233827,3.58351893845611,9.108639817149843,9.108639817149843,4.956531035103055
5.0,115.0,159.0,18900.0,1545.0,11610.0,11610.0,181.4,2023.0,1.0,1,8.0,0,0,0,0,0,0,0,0,1,0,0,9.846970109700957,5.075173815233827,4.7535901911063645,9.359708203627006,9.359708203627006,5.206202077640231
5.0,165.0,188.0,22900.0,2310.0,22060.0,22060.0,344.8,2023.0,5.0,1,8.0,0,0,0,0,0,0,0,0,1,0,0,10.038935856711177,5.241747015059643,5.111987788356544,10.001566622695764,10.001566622695764,5.84586057324919
5.0,160.0,188.0,22900.0,2310.0,22060.0,22060.0,344.8,2023.0,5.0,1,8.0,0,0,0,0,0,0,0,0,1,0,0,10.038935856711177,5.241747015059643,5.081404364984463,10.001566622695764,10.001566622695764,5.84586057324919
5.0,200.0,294.0,35800.0,1920.0,29150.0,29150.0,455.4,2023.0,4.0,1,8.0,0,0,0,0,0,0,0,0,1,0,0,10.485731104959568,5.68697535633982,5.303304908059076,10.28024449650755,10.28024449650755,6.123369617987921
5.0,35.0,188.0,22900.0,735.0,11340.0,11340.0,177.1,2023.0,1.0,1,8.0,0,0,0,0,0,0,0,0,1,0,0,10.038935856711177,5.241747015059643,3.58351893845611,9.33617975681533,9.33617975681533,5.182345190295616
5.0,115.0,188.0,22900.0,1395.0,15620.0,15620.0,244.1,2023.0,1.0,1,8.0,0,0,0,0,0,0,0,0,1,0,0,10.038935856711177,5.241747015059643,4.7535901911063645,9.65637144183101,9.65637144183101,5.501666290534067
5.0,285.0,294.0,35800.0,2310.0,40090.0,40090.0,626.4,2023.0,1.0,1,8.0,0,0,0,0,0,0,0,0,1,0,0,10.485731104959568,5.68697535633982,5.655991810819852,10.598907149201738,10.598907149201738,6.441584295756578
5.0,60.0,294.0,35800.0,795.0,20040.0,20040.0,313.2,2023.0,1.0,1,8.0,0,0,0,0,0,0,0,0,1,0,0,10.485731104959568,5.68697535633982,4.110873864173311,9.905535454153428,9.905535454153428,5.750029725821521
5.0,110.0,294.0,35800.0,1290.0,24720.0,24720.0,386.3,2023.0,1.0,1,8.0,0,0,0,0,0,0,0,0,1,0,0,10.485731104959568,5.68697535633982,4.709530201312334,10.115408363827857,10.115408363827857,5.959199586520707
5.0,400.0,609.0,76300.0,2100.0,67580.0,67580.0,1056.0,,,1,8.0,0,0,0,0,0,0,0,0,1,0,0,11.242441323346558,6.413458957167357,5.993961427306569,11.121082157436103,11.121082157436103,6.963189985870238
5.0,425.0,609.0,76300.0,2280.0,73540.0,73540.0,1149.0,2023.0,12.0,1,8.0,0,0,0,0,0,0,0,0,1,0,0,11.242441323346558,6.413458957167357,6.054439346269371,11.205598352804692,11.205598352804692,7.047517221357296
5.0,80.0,379.0,45900.0,930.0,28310.0,28310.0,442.3,2023.0,1.0,1,8.0,0,0,0,0,0,0,0,0,1,0,0,10.734242182303689,5.940171252720432,4.394449154672439,10.251005700689444,10.251005700689444,6.094246741751008
5.0,120.0,379.0,45900.0,1335.0,32980.0,32980.0,515.3,2023.0,1.0,1,8.0,0,0,0,0,0,0,0,0,1,0,0,10.734242182303689,5.940171252720432,4.795790545596741,10.403686917060819,10.403686917060819,6.2466879918856035
5.0,600.0,609.0,76300.0,2325.0,93240.0,93240.0,1457.0,,,1,8.0,0,0,0,0,0,0,0,0,1,0,0,11.242441323346558,6.413458957167357,6.398594934535208,11.442942818102907,11.442942818102907,7.284820912568604
4.0,350.0,814.0,80000.0,690.0,215400.0,53840.0,26920.0,2023.0,3.0,1,8.0,0,0,0,0,0,0,0,0,1,0,0,11.289794413577894,6.703188113240863,5.860786223465865,12.280256686219182,10.893790537697386,10.200661930171254
4.0,65.0,814.0,80000.0,650.0,,,,2023.0,3.0,1,8.0,0,0,0,0,0,0,0,0,1,0,0,11.289794413577894,6.703188113240863,4.189654742026425,,,
4.0,350.0,814.0,80000.0,1095.0,204900.0,51220.0,25610.0,2023.0,3.0,1,8.0,0,0,0,0,0,0,0,0,1,0,0,11.289794413577894,6.703188113240863,5.860786223465865,12.230282214644559,10.843904883186518,10.150777225678416
4.0,700.0,814.0,80000.0,1665.0,248300.0,62080.0,31040.0,2023.0,3.0,1,8.0,0,0,0,0,0,0,0,0,1,0,0,11.289794413577894,6.703188113240863,6.55250788703459,12.422396998874374,11.036195262974786,10.34306419027306
4.0,700.0,814.0,80000.0,1665.0,267600.0,66910.0,33450.0,2023.0,3.0,1,8.0,0,0,0,0,0,0,0,0,1,0,0,11.289794413577894,6.703188113240863,6.55250788703459,12.497252344150006,11.111118657114291,10.417836960475736
4.0,700.0,814.0,80000.0,1590.0,267600.0,66910.0,33450.0,2023.0,3.0,1,8.0,0,0,0,0,0,0,0,0,1,0,0,11.289794413577894,6.703188113240863,6.55250788703459,12.497252344150006,11.111118657114291,10.417836960475736
4.0,700.0,814.0,80000.0,1665.0,248300.0,62080.0,31040.0,2023.0,3.0,1,8.0,0,0,0,0,0,0,0,0,1,0,0,11.289794413577894,6.703188113240863,6.55250788703459,12.422396998874374,11.036195262974786,10.34306419027306
4.0,350.0,814.0,80000.0,1095.0,204900.0,51220.0,25610.0,2023.0,3.0,1,8.0,0,0,0,0,0,0,0,0,1,0,0,11.289794413577894,6.703188113240863,5.860786223465865,12.230282214644559,10.843904883186518,10.150777225678416
4.0,700.0,814.0,80000.0,1095.0,237200.0,59300.0,29650.0,2023.0,3.0,1,8.0,0,0,0,0,0,0,0,0,1,0,0,11.289794413577894,6.703188113240863,6.55250788703459,12.376663161948423,10.990381448250039,10.297251130669952
8.0,40.0,169.0,1170.0,930.0,6666.0,3333.0,1667.0,,,1,8.0,0,0,0,0,0,0,1,0,0,0,0,7.065613363597717,5.135798437050262,3.713572066704308,8.80492526261806,8.111928063310739,7.419380582918692
8.0,65.0,169.0,1170.0,650.0,,,,,,1,8.0,0,0,0,0,0,0,1,0,0,0,0,7.065613363597717,5.135798437050262,4.189654742026425,,,
8.0,60.0,169.0,1170.0,1300.0,10650.0,5325.0,2662.0,,,1,8.0,0,0,0,0,0,0,1,0,0,0,0,7.065613363597717,5.135798437050262,4.110873864173311,9.273409063443166,8.580355766373877,7.887208585813932
8.0,25.0,169.0,1170.0,918.0,3760.0,1880.0,940.0,,,1,8.0,0,0,0,0,0,0,1,0,0,0,0,7.065613363597717,5.135798437050262,3.258096538021482,8.232440158470336,7.53955882930103,6.846943139585379
8.0,20.0,169.0,1170.0,765.0,3133.0,1567.0,783.4,,,1,8.0,0,0,0,0,0,0,1,0,0,0,0,7.065613363597717,5.135798437050262,3.044522437723423,8.050065422915965,7.357556200910353,6.664919094322191
8.0,10.0,169.0,1170.0,625.0,1280.0,640.0,320.0,,,1,8.0,0,0,0,0,0,0,1,0,0,0,0,7.065613363597717,5.135798437050262,2.3978952727983707,7.155396301896734,6.46302945692067,5.771441123130016
8.0,15.0,169.0,1170.0,625.0,2560.0,1280.0,640.0,,,1,8.0,0,0,0,0,0,0,1,0,0,0,0,7.065613363597717,5.135798437050262,2.772588722239781,7.848153086199526,7.155396301896734,6.46302945692067
5.0,72.0,294.0,35800.0,795.0,31330.0,31330.0,489.6,2023.0,3.0,1,8.0,0,0,0,0,0,0,0,0,1,0,0,10.485731104959568,5.68697535633982,4.290459441148391,10.35236330172604,10.35236330172604,6.195629131824389
5.0,50.0,159.0,18900.0,1635.0,12990.0,12990.0,203.0,2023.0,3.0,1,8.0,0,0,0,0,0,0,0,0,1,0,0,9.846970109700957,5.075173815233827,3.9318256327243257,9.472012088995733,9.472012088995733,5.318119993844216
5.0,35.0,159.0,18900.0,930.0,8940.0,8940.0,139.7,2023.0,3.0,1,8.0,0,0,0,0,0,0,0,0,1,0,0,9.846970109700957,5.075173815233827,3.58351893845611,9.098402718735318,9.098402718735318,4.946629964120343
5.0,50.0,159.0,18900.0,1635.0,12990.0,12990.0,203.0,2023.0,3.0,1,8.0,0,0,0,0,0,0,0,0,1,0,0,9.846970109700957,5.075173815233827,3.9318256327243257,9.472012088995733,9.472012088995733,5.318119993844216
5.0,115.0,188.0,22900.0,1395.0,15620.0,15620.0,244.1,2023.0,3.0,1,8.0,0,0,0,0,0,0,0,0,1,0,0,10.038935856711177,5.241747015059643,4.7535901911063645,9.65637144183101,9.65637144183101,5.501666290534067
5.0,100.0,294.0,35800.0,1110.0,15820.0,15820.0,247.2,2023.0,3.0,1,8.0,0,0,0,0,0,0,0,0,1,0,0,10.485731104959568,5.68697535633982,4.61512051684126,9.669093450449063,9.669093450449063,5.514234872770507
5.0,130.0,294.0,35800.0,1500.0,26730.0,26730.0,417.6,2023.0,8.0,1,8.0,0,0,0,0,0,0,0,0,1,0,0,10.485731104959568,5.68697535633982,4.875197323201151,10.193579219581707,10.193579219581707,6.0369158100119
5.0,110.0,294.0,35800.0,1290.0,24720.0,24720.0,386.3,2023.0,3.0,1,8.0,0,0,0,0,0,0,0,0,1,0,0,10.485731104959568,5.68697535633982,4.709530201312334,10.115408363827857,10.115408363827857,5.959199586520707
5.0,70.0,294.0,35800.0,720.0,19170.0,19170.0,299.5,2023.0,3.0,1,8.0,0,0,0,0,0,0,0,0,1,0,0,10.485731104959568,5.68697535633982,4.2626798770413155,9.861153999520049,9.861153999520049,5.705447753975262
5.0,130.0,294.0,35800.0,2070.0,39630.0,39630.0,619.2,2023.0,8.0,1,8.0,0,0,0,0,0,0,0,0,1,0,0,10.485731104959568,5.68697535633982,4.875197323201151,10.587366919275157,10.587366919275157,6.430042006666349
5.0,250.0,609.0,76300.0,1155.0,65280.0,65280.0,1020.0,2023.0,8.0,1,8.0,0,0,0,0,0,0,0,0,1,0,0,11.242441323346558,6.413458957167357,5.5254529391317835,11.08645630814811,11.08645630814811,6.928537818164665
5.0,120.0,379.0,45900.0,930.0,32690.0,32690.0,510.7,2023.0,3.0,1,8.0,0,0,0,0,0,0,0,0,1,0,0,10.734242182303689,5.940171252720432,4.795790545596741,10.394855089644995,10.394855089644995,6.237738515811046
5.0,120.0,379.0,45900.0,1425.0,41150.0,41150.0,643.0,2023.0,3.0,1,8.0,0,0,0,0,0,0,0,0,1,0,0,10.734242182303689,5.940171252720432,4.795790545596741,10.625003507146516,10.625003507146516,6.467698726104354
5.0,120.0,379.0,45900.0,1425.0,41150.0,41150.0,643.0,2023.0,3.0,1,8.0,0,0,0,0,0,0,0,0,1,0,0,10.734242182303689,5.940171252720432,4.795790545596741,10.625003507146516,10.625003507146516,6.467698726104354
5.0,800.0,609.0,76300.0,2235.0,92900.0,92900.0,1452.0,,,1,8.0,0,0,0,0,0,0,0,0,1,0,0,11.242441323346558,6.413458957167357,6.68586094706836,11.439289689006644,11.439289689006644,7.2813856635702825
6.0,190.0,204.0,13300.0,1720.0,45140.0,22570.0,705.3,2024.0,1.0,1,6.0,0,0,0,0,0,0,0,0,1,0,0,9.495594499353297,5.3230099791384085,5.25227342804663,10.717546203426988,10.024421175431756,6.560040076414876
7.0,800.0,1280.0,100000.0,900.0,65540.0,65540.0,65540.0,,,1,7.0,0,0,0,1,0,0,0,0,0,0,0,11.51293546492023,7.155396301896734,6.68586094706836,11.090431179994203,11.090431179994203,11.090431179994203
7.0,65.0,1280.0,100000.0,650.0,,,,,,1,7.0,0,0,0,1,0,0,0,0,0,0,0,11.51293546492023,7.155396301896734,4.189654742026425,,,
8.0,80.0,200.0,8700.0,1042.0,6021.0,6021.0,94.08,,,1,8.0,0,0,0,0,0,0,1,0,0,0,0,9.071193240566025,5.303304908059076,4.394449154672439,8.70317470904168,8.70317470904168,4.554718642491993
5.0,220.0,294.0,35800.0,1980.0,35480.0,35480.0,554.4,2024.0,1.0,1,8.0,0,0,0,0,0,0,0,0,1,0,0,10.485731104959568,5.68697535633982,5.3981627015177525,10.476752620919227,10.476752620919227,6.319688574872699
5.0,285.0,379.0,45900.0,2340.0,44100.0,44100.0,689.0,2024.0,1.0,1,8.0,0,0,0,0,0,0,0,0,1,0,0,10.734242182303689,5.940171252720432,5.655991810819852,10.694237736914808,10.694237736914808,6.536691597591305
5.0,320.0,379.0,45900.0,2295.0,52220.0,52220.0,816.0,2024.0,1.0,1,8.0,0,0,0,0,0,0,0,0,1,0,0,10.734242182303689,5.940171252720432,5.771441123130016,10.86323999182082,10.86323999182082,6.705639094860003
5.0,285.0,609.0,76300.0,1155.0,71810.0,71810.0,1122.0,2024.0,1.0,1,8.0,0,0,0,0,0,0,0,0,1,0,0,11.242441323346558,6.413458957167357,5.655991810819852,11.181792946644501,11.181792946644501,7.023758954738443
